# WaveFront *.obj file (generated by Autodesk ATF)

mtllib Feet_left.mtl

g Body1

v 5.622886 -31.443372 -0.645811
v 5.622412 -31.443374 -0.645811
v 5.621938 -31.443376 -0.645811
v 5.621463 -31.443378 -0.645811
v 5.543819 -31.447654 -0.645783
v 5.465175 -31.459775 -0.645822
v 5.387034 -31.479792 -0.646114
v 5.310899 -31.507756 -0.646848
v 5.238163 -31.543460 -0.648333
v 5.169901 -31.585924 -0.650925
v 5.107124 -31.634024 -0.654933
v 5.050801 -31.686681 -0.660667
v 4.999802 -31.744941 -0.668721
v 4.953931 -31.808856 -0.679557
v 4.914150 -31.877289 -0.693484
v 4.881421 -31.949106 -0.710809
v 4.856407 -32.023069 -0.731767
v 4.838933 -32.097736 -0.756058
v 4.828682 -32.171654 -0.783217
v 4.825335 -32.243368 -0.812777
v 4.825335 -32.243368 -0.245811
v 4.832152 -32.139150 -0.245811
v 4.852489 -32.036707 -0.245811
v 4.885997 -31.937787 -0.245811
v 4.932107 -31.844075 -0.245811
v 4.990032 -31.757169 -0.245811
v 5.058784 -31.678549 -0.245811
v 5.137193 -31.609556 -0.245811
v 5.223922 -31.551366 -0.245811
v 5.317492 -31.504969 -0.245811
v 5.416309 -31.471158 -0.245811
v 5.518689 -31.450509 -0.245811
v 5.622886 -31.443372 -0.245811
v 8.676335 -31.543378 -0.245811
v 8.672076 -31.575730 -0.245811
v 8.659588 -31.605878 -0.245811
v 8.639724 -31.631766 -0.245811
v 8.613835 -31.651631 -0.245811
v 8.583688 -31.664119 -0.245811
v 8.551335 -31.668378 -0.245811
v 8.518983 -31.664119 -0.245811
v 8.488835 -31.651631 -0.245811
v 8.462947 -31.631766 -0.245811
v 8.443082 -31.605878 -0.245811
v 8.430594 -31.575730 -0.245811
v 8.426335 -31.543378 -0.245811
v 8.430594 -31.511026 -0.245811
v 8.443082 -31.480878 -0.245811
v 8.462947 -31.454990 -0.245811
v 8.488835 -31.435125 -0.245811
v 8.518983 -31.422637 -0.245811
v 8.551335 -31.418378 -0.245811
v 8.583688 -31.422637 -0.245811
v 8.613835 -31.435125 -0.245811
v 8.639724 -31.454990 -0.245811
v 8.659588 -31.480878 -0.245811
v 8.672076 -31.511026 -0.245811
v 8.676335 -30.143378 -0.245811
v 8.672076 -30.175730 -0.245811
v 8.659588 -30.205878 -0.245811
v 8.639724 -30.231766 -0.245811
v 8.613835 -30.251631 -0.245811
v 8.583688 -30.264118 -0.245811
v 8.551335 -30.268378 -0.245811
v 8.518983 -30.264118 -0.245811
v 8.488835 -30.251631 -0.245811
v 8.462947 -30.231766 -0.245811
v 8.443082 -30.205878 -0.245811
v 8.430594 -30.175730 -0.245811
v 8.426335 -30.143378 -0.245811
v 8.430594 -30.111025 -0.245811
v 8.443082 -30.080878 -0.245811
v 8.462947 -30.054989 -0.245811
v 8.488835 -30.035124 -0.245811
v 8.518983 -30.022637 -0.245811
v 8.551335 -30.018378 -0.245811
v 8.583688 -30.022637 -0.245811
v 8.613835 -30.035124 -0.245811
v 8.639724 -30.054989 -0.245811
v 8.659588 -30.080878 -0.245811
v 8.672076 -30.111025 -0.245811
v 8.711335 -30.843378 -0.245811
v 8.705883 -30.884789 -0.245811
v 8.689899 -30.923378 -0.245811
v 8.664472 -30.956515 -0.245811
v 8.631335 -30.981942 -0.245811
v 8.592746 -30.997926 -0.245811
v 8.551335 -31.003378 -0.245811
v 8.509924 -30.997926 -0.245811
v 8.471335 -30.981942 -0.245811
v 8.438198 -30.956515 -0.245811
v 8.412771 -30.923378 -0.245811
v 8.396787 -30.884789 -0.245811
v 8.391335 -30.843378 -0.245811
v 8.396787 -30.801967 -0.245811
v 8.412771 -30.763378 -0.245811
v 8.438198 -30.730241 -0.245811
v 8.471335 -30.704814 -0.245811
v 8.509924 -30.688830 -0.245811
v 8.551335 -30.683378 -0.245811
v 8.592746 -30.688830 -0.245811
v 8.631335 -30.704814 -0.245811
v 8.664472 -30.730241 -0.245811
v 8.689899 -30.763378 -0.245811
v 8.705883 -30.801967 -0.245811
v 9.376335 -30.843378 -0.245811
v 9.372076 -30.875730 -0.245811
v 9.359589 -30.905878 -0.245811
v 9.339724 -30.931766 -0.245811
v 9.313835 -30.951631 -0.245811
v 9.283688 -30.964118 -0.245811
v 9.251335 -30.968378 -0.245811
v 9.218983 -30.964118 -0.245811
v 9.188835 -30.951631 -0.245811
v 9.162947 -30.931766 -0.245811
v 9.143082 -30.905878 -0.245811
v 9.130595 -30.875730 -0.245811
v 9.126335 -30.843378 -0.245811
v 9.130595 -30.811025 -0.245811
v 9.143082 -30.780878 -0.245811
v 9.162947 -30.754989 -0.245811
v 9.188835 -30.735125 -0.245811
v 9.218983 -30.722637 -0.245811
v 9.251335 -30.718378 -0.245811
v 9.283688 -30.722637 -0.245811
v 9.313835 -30.735125 -0.245811
v 9.339724 -30.754989 -0.245811
v 9.359589 -30.780878 -0.245811
v 9.372076 -30.811025 -0.245811
v 7.976335 -30.843378 -0.245811
v 7.972076 -30.875730 -0.245811
v 7.959588 -30.905878 -0.245811
v 7.939723 -30.931766 -0.245811
v 7.913835 -30.951631 -0.245811
v 7.883687 -30.964118 -0.245811
v 7.851335 -30.968378 -0.245811
v 7.818983 -30.964118 -0.245811
v 7.788835 -30.951631 -0.245811
v 7.762947 -30.931766 -0.245811
v 7.743082 -30.905878 -0.245811
v 7.730594 -30.875730 -0.245811
v 7.726335 -30.843378 -0.245811
v 7.730594 -30.811025 -0.245811
v 7.743082 -30.780878 -0.245811
v 7.762947 -30.754989 -0.245811
v 7.788835 -30.735125 -0.245811
v 7.818983 -30.722637 -0.245811
v 7.851335 -30.718378 -0.245811
v 7.883687 -30.722637 -0.245811
v 7.913835 -30.735125 -0.245811
v 7.939723 -30.754989 -0.245811
v 7.959588 -30.780878 -0.245811
v 7.972076 -30.811025 -0.245811
v 4.825335 -33.443378 -0.245811
v 9.945335 -33.443378 -0.245811
v 9.945335 -32.143378 -0.245811
v 10.345335 -32.143378 -0.245811
v 10.345335 -30.643378 -0.245811
v 10.338490 -30.538957 -0.245811
v 10.318075 -30.436322 -0.245811
v 10.284438 -30.337231 -0.245811
v 10.238155 -30.243378 -0.245811
v 10.180017 -30.156369 -0.245811
v 10.111020 -30.077692 -0.245811
v 10.032344 -30.008695 -0.245811
v 9.945335 -29.950557 -0.245811
v 9.851481 -29.904274 -0.245811
v 9.752390 -29.870637 -0.245811
v 9.649755 -29.850222 -0.245811
v 9.545335 -29.843378 -0.245811
v 7.578805 -29.843378 -0.245811
v 7.469592 -29.850867 -0.245811
v 7.362424 -29.873196 -0.245811
v 7.259308 -29.909946 -0.245811
v 7.162174 -29.960430 -0.245811
v 7.072841 -30.023700 -0.245811
v 6.992982 -30.098574 -0.245811
v 6.924092 -30.183649 -0.245811
v 6.867461 -30.277332 -0.245811
v 6.824149 -30.377869 -0.245811
v 6.794968 -30.483378 -0.245811
v 6.760086 -30.615412 -0.245811
v 6.710428 -30.742627 -0.245811
v 6.646638 -30.863377 -0.245811
v 6.569541 -30.976097 -0.245811
v 6.480136 -31.079327 -0.245811
v 6.379582 -31.171731 -0.245811
v 6.269179 -31.252112 -0.245811
v 6.150359 -31.319428 -0.245811
v 6.024660 -31.372808 -0.245811
v 5.893710 -31.411561 -0.245811
v 5.759205 -31.435184 -0.245811
v 6.794968 -30.483378 -0.645811
v 6.760086 -30.615412 -0.645811
v 6.710428 -30.742627 -0.645811
v 6.646638 -30.863377 -0.645811
v 6.569541 -30.976097 -0.645811
v 6.480136 -31.079327 -0.645811
v 6.379582 -31.171731 -0.645811
v 6.269179 -31.252112 -0.645811
v 6.150359 -31.319428 -0.645811
v 6.024660 -31.372808 -0.645811
v 5.893710 -31.411561 -0.645811
v 5.759205 -31.435184 -0.645811
v 6.824149 -30.377869 -0.645811
v 6.867461 -30.277332 -0.645811
v 6.924092 -30.183649 -0.645811
v 6.992982 -30.098574 -0.645811
v 7.072841 -30.023700 -0.645811
v 7.162174 -29.960430 -0.645811
v 7.259308 -29.909946 -0.645811
v 7.362424 -29.873196 -0.645811
v 7.469592 -29.850867 -0.645811
v 7.578805 -29.843378 -0.645811
v 9.545335 -29.843378 -0.645811
v 9.649755 -29.850222 -0.645811
v 9.752390 -29.870637 -0.645811
v 9.851481 -29.904274 -0.645811
v 9.945335 -29.950557 -0.645811
v 10.032344 -30.008695 -0.645811
v 10.111020 -30.077692 -0.645811
v 10.180017 -30.156369 -0.645811
v 10.238155 -30.243378 -0.645811
v 10.284438 -30.337231 -0.645811
v 10.318075 -30.436322 -0.645811
v 10.338490 -30.538957 -0.645811
v 10.345335 -30.643378 -0.645811
v 10.345335 -31.443378 -0.645811
v 8.626335 -31.443378 -0.645811
v 8.598407 -31.427580 -0.645811
v 8.567378 -31.419412 -0.645811
v 8.535292 -31.419412 -0.645811
v 8.504263 -31.427580 -0.645811
v 8.476335 -31.443378 -0.645811
v 8.676335 -30.143378 -0.645811
v 8.672076 -30.111025 -0.645811
v 8.659588 -30.080878 -0.645811
v 8.639724 -30.054989 -0.645811
v 8.613835 -30.035124 -0.645811
v 8.583688 -30.022637 -0.645811
v 8.551335 -30.018378 -0.645811
v 8.518983 -30.022637 -0.645811
v 8.488835 -30.035124 -0.645811
v 8.462947 -30.054989 -0.645811
v 8.443082 -30.080878 -0.645811
v 8.430594 -30.111025 -0.645811
v 8.426335 -30.143378 -0.645811
v 8.430594 -30.175730 -0.645811
v 8.443082 -30.205878 -0.645811
v 8.462947 -30.231766 -0.645811
v 8.488835 -30.251631 -0.645811
v 8.518983 -30.264118 -0.645811
v 8.551335 -30.268378 -0.645811
v 8.583688 -30.264118 -0.645811
v 8.613835 -30.251631 -0.645811
v 8.639724 -30.231766 -0.645811
v 8.659588 -30.205878 -0.645811
v 8.672076 -30.175730 -0.645811
v 7.976335 -30.843378 -0.645811
v 7.972076 -30.811025 -0.645811
v 7.959588 -30.780878 -0.645811
v 7.939723 -30.754989 -0.645811
v 7.913835 -30.735125 -0.645811
v 7.883687 -30.722637 -0.645811
v 7.851335 -30.718378 -0.645811
v 7.818983 -30.722637 -0.645811
v 7.788835 -30.735125 -0.645811
v 7.762947 -30.754989 -0.645811
v 7.743082 -30.780878 -0.645811
v 7.730594 -30.811025 -0.645811
v 7.726335 -30.843378 -0.645811
v 7.730594 -30.875730 -0.645811
v 7.743082 -30.905878 -0.645811
v 7.762947 -30.931766 -0.645811
v 7.788835 -30.951631 -0.645811
v 7.818983 -30.964118 -0.645811
v 7.851335 -30.968378 -0.645811
v 7.883687 -30.964118 -0.645811
v 7.913835 -30.951631 -0.645811
v 7.939723 -30.931766 -0.645811
v 7.959588 -30.905878 -0.645811
v 7.972076 -30.875730 -0.645811
v 8.711335 -30.843378 -0.645811
v 8.705883 -30.801967 -0.645811
v 8.689899 -30.763378 -0.645811
v 8.664472 -30.730241 -0.645811
v 8.631335 -30.704814 -0.645811
v 8.592746 -30.688830 -0.645811
v 8.551335 -30.683378 -0.645811
v 8.509924 -30.688830 -0.645811
v 8.471335 -30.704814 -0.645811
v 8.438198 -30.730241 -0.645811
v 8.412771 -30.763378 -0.645811
v 8.396787 -30.801967 -0.645811
v 8.391335 -30.843378 -0.645811
v 8.396787 -30.884789 -0.645811
v 8.412771 -30.923378 -0.645811
v 8.438198 -30.956515 -0.645811
v 8.471335 -30.981942 -0.645811
v 8.509924 -30.997926 -0.645811
v 8.551335 -31.003378 -0.645811
v 8.592746 -30.997926 -0.645811
v 8.631335 -30.981942 -0.645811
v 8.664472 -30.956515 -0.645811
v 8.689899 -30.923378 -0.645811
v 8.705883 -30.884789 -0.645811
v 9.126335 -30.843378 -0.645811
v 9.130595 -30.875730 -0.645811
v 9.143082 -30.905878 -0.645811
v 9.162947 -30.931766 -0.645811
v 9.188835 -30.951631 -0.645811
v 9.218983 -30.964118 -0.645811
v 9.251335 -30.968378 -0.645811
v 9.283688 -30.964118 -0.645811
v 9.313835 -30.951631 -0.645811
v 9.339724 -30.931766 -0.645811
v 9.359589 -30.905878 -0.645811
v 9.372076 -30.875730 -0.645811
v 9.376335 -30.843378 -0.645811
v 9.372076 -30.811025 -0.645811
v 9.359589 -30.780878 -0.645811
v 9.339724 -30.754989 -0.645811
v 9.313835 -30.735125 -0.645811
v 9.283688 -30.722637 -0.645811
v 9.251335 -30.718378 -0.645811
v 9.218983 -30.722637 -0.645811
v 9.188835 -30.735125 -0.645811
v 9.162947 -30.754989 -0.645811
v 9.143082 -30.780878 -0.645811
v 9.130595 -30.811025 -0.645811
v 4.825335 -32.403435 -0.891306
v 4.825335 -32.555872 -0.983778
v 4.825335 -32.699469 -1.089458
v 4.825335 -32.833083 -1.207507
v 4.825335 -32.955652 -1.336985
v 4.825335 -33.066204 -1.476866
v 4.825335 -33.163859 -1.626036
v 4.825335 -33.247842 -1.783310
v 4.825335 -33.317484 -1.947438
v 4.825335 -33.372233 -2.117116
v 4.825335 -33.411653 -2.290996
v 4.825335 -33.435431 -2.467696
v 4.825335 -33.443378 -2.645811
v 4.825335 -33.443378 -3.681811
v 4.825335 -34.043378 -3.681811
v 4.825335 -34.043378 2.779189
v 4.825335 -33.443378 2.779189
v 7.551335 -30.843378 3.879189
v 7.558857 -30.776621 3.879189
v 7.581045 -30.713213 3.879189
v 7.616786 -30.656331 3.879189
v 7.664288 -30.608828 3.879189
v 7.721170 -30.573087 3.879189
v 7.784579 -30.550899 3.879189
v 7.851335 -30.543378 3.879189
v 7.918092 -30.550899 3.879189
v 7.981501 -30.573087 3.879189
v 8.038382 -30.608828 3.879189
v 8.085885 -30.656331 3.879189
v 8.121626 -30.713213 3.879189
v 8.143814 -30.776621 3.879189
v 8.151335 -30.843378 3.879189
v 8.143814 -30.910134 3.879189
v 8.121626 -30.973543 3.879189
v 8.085885 -31.030425 3.879189
v 8.038382 -31.077927 3.879189
v 7.981501 -31.113668 3.879189
v 7.918092 -31.135856 3.879189
v 7.851335 -31.143378 3.879189
v 7.784579 -31.135856 3.879189
v 7.721170 -31.113668 3.879189
v 7.664288 -31.077927 3.879189
v 7.616786 -31.030425 3.879189
v 7.581045 -30.973543 3.879189
v 7.558857 -30.910134 3.879189
v 7.551335 -30.843378 4.079189
v 7.558857 -30.910134 4.079189
v 7.581045 -30.973543 4.079189
v 7.616786 -31.030425 4.079189
v 7.664288 -31.077927 4.079189
v 7.721170 -31.113668 4.079189
v 7.784579 -31.135856 4.079189
v 7.851335 -31.143378 4.079189
v 7.918092 -31.135856 4.079189
v 7.981501 -31.113668 4.079189
v 8.038382 -31.077927 4.079189
v 8.085885 -31.030425 4.079189
v 8.121626 -30.973543 4.079189
v 8.143814 -30.910134 4.079189
v 8.151335 -30.843378 4.079189
v 8.143814 -30.776621 4.079189
v 8.121626 -30.713213 4.079189
v 8.085885 -30.656331 4.079189
v 8.038382 -30.608828 4.079189
v 7.981501 -30.573087 4.079189
v 7.918092 -30.550899 4.079189
v 7.851335 -30.543378 4.079189
v 7.784579 -30.550899 4.079189
v 7.721170 -30.573087 4.079189
v 7.664288 -30.608828 4.079189
v 7.616786 -30.656331 4.079189
v 7.581045 -30.713213 4.079189
v 7.558857 -30.776621 4.079189
v 7.976335 -30.843378 3.879189
v 7.972076 -30.875730 3.879189
v 7.959589 -30.905878 3.879189
v 7.939724 -30.931766 3.879189
v 7.913835 -30.951631 3.879189
v 7.883688 -30.964118 3.879189
v 7.851335 -30.968378 3.879189
v 7.818983 -30.964118 3.879189
v 7.788835 -30.951631 3.879189
v 7.762947 -30.931766 3.879189
v 7.743082 -30.905878 3.879189
v 7.730595 -30.875730 3.879189
v 7.726335 -30.843378 3.879189
v 7.730595 -30.811025 3.879189
v 7.743082 -30.780878 3.879189
v 7.762947 -30.754989 3.879189
v 7.788835 -30.735125 3.879189
v 7.818983 -30.722637 3.879189
v 7.851335 -30.718378 3.879189
v 7.883688 -30.722637 3.879189
v 7.913835 -30.735125 3.879189
v 7.939724 -30.754989 3.879189
v 7.959589 -30.780878 3.879189
v 7.972076 -30.811025 3.879189
v 8.251335 -31.543378 3.879189
v 8.258857 -31.476621 3.879189
v 8.281045 -31.413212 3.879189
v 8.316786 -31.356331 3.879189
v 8.364288 -31.308828 3.879189
v 8.421170 -31.273087 3.879189
v 8.484579 -31.250899 3.879189
v 8.551335 -31.243378 3.879189
v 8.618091 -31.250899 3.879189
v 8.681500 -31.273087 3.879189
v 8.738382 -31.308828 3.879189
v 8.785885 -31.356331 3.879189
v 8.821626 -31.413212 3.879189
v 8.843814 -31.476621 3.879189
v 8.851335 -31.543378 3.879189
v 8.843814 -31.610134 3.879189
v 8.821626 -31.673543 3.879189
v 8.785885 -31.730424 3.879189
v 8.738382 -31.777927 3.879189
v 8.681500 -31.813668 3.879189
v 8.618091 -31.835856 3.879189
v 8.551335 -31.843378 3.879189
v 8.484579 -31.835856 3.879189
v 8.421170 -31.813668 3.879189
v 8.364288 -31.777927 3.879189
v 8.316786 -31.730424 3.879189
v 8.281045 -31.673543 3.879189
v 8.258857 -31.610134 3.879189
v 8.251335 -31.543378 4.079189
v 8.258857 -31.610134 4.079189
v 8.281045 -31.673543 4.079189
v 8.316786 -31.730424 4.079189
v 8.364288 -31.777927 4.079189
v 8.421170 -31.813668 4.079189
v 8.484579 -31.835856 4.079189
v 8.551335 -31.843378 4.079189
v 8.618091 -31.835856 4.079189
v 8.681500 -31.813668 4.079189
v 8.738382 -31.777927 4.079189
v 8.785885 -31.730424 4.079189
v 8.821626 -31.673543 4.079189
v 8.843814 -31.610134 4.079189
v 8.851335 -31.543378 4.079189
v 8.843814 -31.476621 4.079189
v 8.821626 -31.413212 4.079189
v 8.785885 -31.356331 4.079189
v 8.738382 -31.308828 4.079189
v 8.681500 -31.273087 4.079189
v 8.618091 -31.250899 4.079189
v 8.551335 -31.243378 4.079189
v 8.484579 -31.250899 4.079189
v 8.421170 -31.273087 4.079189
v 8.364288 -31.308828 4.079189
v 8.316786 -31.356331 4.079189
v 8.281045 -31.413212 4.079189
v 8.258857 -31.476621 4.079189
v 8.676335 -31.543378 3.879189
v 8.672076 -31.575730 3.879189
v 8.659588 -31.605878 3.879189
v 8.639724 -31.631766 3.879189
v 8.613835 -31.651631 3.879189
v 8.583688 -31.664118 3.879189
v 8.551335 -31.668378 3.879189
v 8.518983 -31.664118 3.879189
v 8.488835 -31.651631 3.879189
v 8.462947 -31.631766 3.879189
v 8.443082 -31.605878 3.879189
v 8.430594 -31.575730 3.879189
v 8.426335 -31.543378 3.879189
v 8.430594 -31.511025 3.879189
v 8.443082 -31.480878 3.879189
v 8.462947 -31.454989 3.879189
v 8.488835 -31.435124 3.879189
v 8.518983 -31.422637 3.879189
v 8.551335 -31.418378 3.879189
v 8.583688 -31.422637 3.879189
v 8.613835 -31.435124 3.879189
v 8.639724 -31.454989 3.879189
v 8.659588 -31.480878 3.879189
v 8.672076 -31.511025 3.879189
v 8.951335 -30.843378 3.879189
v 8.958857 -30.776621 3.879189
v 8.981044 -30.713213 3.879189
v 9.016786 -30.656331 3.879189
v 9.064288 -30.608828 3.879189
v 9.121170 -30.573087 3.879189
v 9.184579 -30.550899 3.879189
v 9.251335 -30.543378 3.879189
v 9.318091 -30.550899 3.879189
v 9.381500 -30.573087 3.879189
v 9.438382 -30.608828 3.879189
v 9.485884 -30.656331 3.879189
v 9.521626 -30.713213 3.879189
v 9.543813 -30.776621 3.879189
v 9.551335 -30.843378 3.879189
v 9.543813 -30.910134 3.879189
v 9.521626 -30.973543 3.879189
v 9.485884 -31.030425 3.879189
v 9.438382 -31.077927 3.879189
v 9.381500 -31.113668 3.879189
v 9.318091 -31.135856 3.879189
v 9.251335 -31.143378 3.879189
v 9.184579 -31.135856 3.879189
v 9.121170 -31.113668 3.879189
v 9.064288 -31.077927 3.879189
v 9.016786 -31.030425 3.879189
v 8.981044 -30.973543 3.879189
v 8.958857 -30.910134 3.879189
v 8.951335 -30.843378 4.079189
v 8.958857 -30.910134 4.079189
v 8.981044 -30.973543 4.079189
v 9.016786 -31.030425 4.079189
v 9.064288 -31.077927 4.079189
v 9.121170 -31.113668 4.079189
v 9.184579 -31.135856 4.079189
v 9.251335 -31.143378 4.079189
v 9.318091 -31.135856 4.079189
v 9.381500 -31.113668 4.079189
v 9.438382 -31.077927 4.079189
v 9.485884 -31.030425 4.079189
v 9.521626 -30.973543 4.079189
v 9.543813 -30.910134 4.079189
v 9.551335 -30.843378 4.079189
v 9.543813 -30.776621 4.079189
v 9.521626 -30.713213 4.079189
v 9.485884 -30.656331 4.079189
v 9.438382 -30.608828 4.079189
v 9.381500 -30.573087 4.079189
v 9.318091 -30.550899 4.079189
v 9.251335 -30.543378 4.079189
v 9.184579 -30.550899 4.079189
v 9.121170 -30.573087 4.079189
v 9.064288 -30.608828 4.079189
v 9.016786 -30.656331 4.079189
v 8.981044 -30.713213 4.079189
v 8.958857 -30.776621 4.079189
v 9.376335 -30.843378 3.879189
v 9.372076 -30.875730 3.879189
v 9.359588 -30.905878 3.879189
v 9.339723 -30.931766 3.879189
v 9.313835 -30.951631 3.879189
v 9.283687 -30.964118 3.879189
v 9.251335 -30.968378 3.879189
v 9.218983 -30.964118 3.879189
v 9.188835 -30.951631 3.879189
v 9.162947 -30.931766 3.879189
v 9.143082 -30.905878 3.879189
v 9.130594 -30.875730 3.879189
v 9.126335 -30.843378 3.879189
v 9.130594 -30.811025 3.879189
v 9.143082 -30.780878 3.879189
v 9.162947 -30.754989 3.879189
v 9.188835 -30.735125 3.879189
v 9.218983 -30.722637 3.879189
v 9.251335 -30.718378 3.879189
v 9.283687 -30.722637 3.879189
v 9.313835 -30.735125 3.879189
v 9.339723 -30.754989 3.879189
v 9.359588 -30.780878 3.879189
v 9.372076 -30.811025 3.879189
v 8.551335 -29.843378 4.079189
v 8.484579 -29.850900 4.079189
v 8.421170 -29.873087 4.079189
v 8.364288 -29.908828 4.079189
v 8.316786 -29.956331 4.079189
v 8.281045 -30.013213 4.079189
v 8.258857 -30.076622 4.079189
v 8.251335 -30.143378 4.079189
v 8.258857 -30.210134 4.079189
v 8.281045 -30.273543 4.079189
v 8.316786 -30.330425 4.079189
v 8.364288 -30.377927 4.079189
v 8.421170 -30.413669 4.079189
v 8.484579 -30.435856 4.079189
v 8.551335 -30.443378 4.079189
v 8.618091 -30.435856 4.079189
v 8.681500 -30.413669 4.079189
v 8.738382 -30.377927 4.079189
v 8.785885 -30.330425 4.079189
v 8.821626 -30.273543 4.079189
v 8.843814 -30.210134 4.079189
v 8.851335 -30.143378 4.079189
v 8.843814 -30.076622 4.079189
v 8.821626 -30.013213 4.079189
v 8.785885 -29.956331 4.079189
v 8.738382 -29.908828 4.079189
v 8.681500 -29.873087 4.079189
v 8.618091 -29.850900 4.079189
v 8.551335 -29.843378 3.879189
v 8.618091 -29.850900 3.879189
v 8.681500 -29.873087 3.879189
v 8.738382 -29.908828 3.879189
v 8.785885 -29.956331 3.879189
v 8.821626 -30.013213 3.879189
v 8.843814 -30.076622 3.879189
v 8.851335 -30.143378 3.879189
v 8.843814 -30.210134 3.879189
v 8.821626 -30.273543 3.879189
v 8.785885 -30.330425 3.879189
v 8.738382 -30.377927 3.879189
v 8.681500 -30.413669 3.879189
v 8.618091 -30.435856 3.879189
v 8.551335 -30.443378 3.879189
v 8.484579 -30.435856 3.879189
v 8.421170 -30.413669 3.879189
v 8.364288 -30.377927 3.879189
v 8.316786 -30.330425 3.879189
v 8.281045 -30.273543 3.879189
v 8.258857 -30.210134 3.879189
v 8.251335 -30.143378 3.879189
v 8.258857 -30.076622 3.879189
v 8.281045 -30.013213 3.879189
v 8.316786 -29.956331 3.879189
v 8.364288 -29.908828 3.879189
v 8.421170 -29.873087 3.879189
v 8.484579 -29.850900 3.879189
v 8.676335 -30.143378 3.879189
v 8.672076 -30.175730 3.879189
v 8.659588 -30.205878 3.879189
v 8.639724 -30.231766 3.879189
v 8.613835 -30.251631 3.879189
v 8.583688 -30.264119 3.879189
v 8.551335 -30.268378 3.879189
v 8.518983 -30.264119 3.879189
v 8.488835 -30.251631 3.879189
v 8.462947 -30.231766 3.879189
v 8.443082 -30.205878 3.879189
v 8.430594 -30.175730 3.879189
v 8.426335 -30.143378 3.879189
v 8.430594 -30.111026 3.879189
v 8.443082 -30.080878 3.879189
v 8.462947 -30.054990 3.879189
v 8.488835 -30.035125 3.879189
v 8.518983 -30.022637 3.879189
v 8.551335 -30.018378 3.879189
v 8.583688 -30.022637 3.879189
v 8.613835 -30.035125 3.879189
v 8.639724 -30.054990 3.879189
v 8.659588 -30.080878 3.879189
v 8.672076 -30.111026 3.879189
v 10.345327 -30.643378 4.079189
v 10.338482 -30.538957 4.079189
v 10.318067 -30.436322 4.079189
v 10.284430 -30.337231 4.079189
v 10.238147 -30.243378 4.079189
v 10.180009 -30.156369 4.079189
v 10.111012 -30.077692 4.079189
v 10.032336 -30.008695 4.079189
v 9.945327 -29.950557 4.079189
v 9.851473 -29.904274 4.079189
v 9.752382 -29.870637 4.079189
v 9.649748 -29.850222 4.079189
v 9.545327 -29.843378 4.079189
v 8.251335 -29.843378 4.079189
v 8.146914 -29.850222 4.079189
v 8.044280 -29.870637 4.079189
v 7.945189 -29.904274 4.079189
v 7.851335 -29.950557 4.079189
v 7.764326 -30.008695 4.079189
v 7.685650 -30.077692 4.079189
v 7.616653 -30.156369 4.079189
v 7.558515 -30.243378 4.079189
v 7.512232 -30.337231 4.079189
v 7.478595 -30.436322 4.079189
v 7.458180 -30.538957 4.079189
v 7.451335 -30.643378 4.079189
v 7.451335 -31.843378 4.079189
v 7.444385 -31.992356 4.079189
v 7.423592 -32.140040 4.079189
v 7.389139 -32.285146 4.079189
v 7.341325 -32.426414 4.079189
v 7.280564 -32.562617 4.079189
v 7.207386 -32.692570 4.079189
v 7.122425 -32.815144 4.079189
v 7.026421 -32.929276 4.079189
v 6.920206 -33.033972 4.079189
v 6.804705 -33.128324 4.079189
v 6.680920 -33.211511 4.079189
v 6.549927 -33.282812 4.079189
v 6.412864 -33.341605 4.079189
v 6.270922 -33.387381 4.079189
v 6.125335 -33.419742 4.079189
v 6.125335 -34.043378 4.079189
v 10.345335 -34.043378 4.079189
v 10.345335 -33.443378 4.079189
v 10.345327 -33.443378 4.079189
v 8.218835 -30.843378 4.079189
v 8.226609 -30.771900 4.079189
v 8.249566 -30.703765 4.079189
v 8.286634 -30.642157 4.079189
v 8.336079 -30.589959 4.079189
v 8.395589 -30.549610 4.079189
v 8.462382 -30.522997 4.079189
v 8.533334 -30.511365 4.079189
v 8.605128 -30.515258 4.079189
v 8.674406 -30.534493 4.079189
v 8.737930 -30.568171 4.079189
v 8.792729 -30.614718 4.079189
v 8.836240 -30.671956 4.079189
v 8.866430 -30.737210 4.079189
v 8.881886 -30.807428 4.079189
v 8.881886 -30.879327 4.079189
v 8.866430 -30.949545 4.079189
v 8.836240 -31.014799 4.079189
v 8.792729 -31.072038 4.079189
v 8.737930 -31.118584 4.079189
v 8.674406 -31.152262 4.079189
v 8.605128 -31.171498 4.079189
v 8.533334 -31.175390 4.079189
v 8.462382 -31.163758 4.079189
v 8.395589 -31.137145 4.079189
v 8.336079 -31.096797 4.079189
v 8.286634 -31.044598 4.079189
v 8.249566 -30.982991 4.079189
v 8.226609 -30.914855 4.079189
v 9.945335 -32.242998 -0.238686
v 9.945335 -32.340590 -0.217456
v 9.945335 -32.434168 -0.182554
v 9.945335 -32.521826 -0.134689
v 9.945335 -32.601780 -0.074836
v 9.945335 -32.672402 -0.004214
v 9.945335 -32.732255 0.075740
v 9.945335 -32.780120 0.163398
v 9.945335 -32.815023 0.256976
v 9.945335 -32.836253 0.354568
v 9.945335 -32.843378 0.454189
v 10.345335 -32.843378 0.454189
v 10.345335 -32.836253 0.354568
v 10.345335 -32.815023 0.256976
v 10.345335 -32.780120 0.163398
v 10.345335 -32.732255 0.075740
v 10.345335 -32.672402 -0.004214
v 10.345335 -32.601780 -0.074836
v 10.345335 -32.521826 -0.134689
v 10.345335 -32.434168 -0.182554
v 10.345335 -32.340590 -0.217456
v 10.345335 -32.242998 -0.238686
v 10.345327 -32.143378 3.645189
v 10.345327 -32.242998 3.638064
v 10.345327 -32.340590 3.616834
v 10.345327 -32.434168 3.581931
v 10.345327 -32.521826 3.534066
v 10.345327 -32.601780 3.474213
v 10.345327 -32.672402 3.403591
v 10.345327 -32.732255 3.323637
v 10.345327 -32.780120 3.235979
v 10.345327 -32.815023 3.142402
v 10.345327 -32.836253 3.044809
v 10.345327 -32.843378 2.945189
v 9.945335 -32.843378 2.945189
v 9.945335 -32.836253 3.044809
v 9.945335 -32.815023 3.142402
v 9.945335 -32.780120 3.235979
v 9.945335 -32.732255 3.323637
v 9.945335 -32.672402 3.403591
v 9.945335 -32.601780 3.474213
v 9.945335 -32.521826 3.534066
v 9.945335 -32.434168 3.581931
v 9.945335 -32.340590 3.616834
v 9.945335 -32.242998 3.638064
v 9.945335 -32.143378 3.645189
v 9.945335 -33.443378 3.645189
v 5.851335 -33.443378 3.645189
v 6.008163 -33.435673 3.645189
v 6.163480 -33.412634 3.645189
v 6.315791 -33.374482 3.645189
v 6.463629 -33.321585 3.645189
v 6.605570 -33.254452 3.645189
v 6.740248 -33.173729 3.645189
v 6.866365 -33.080194 3.645189
v 6.982706 -32.974749 3.645189
v 7.088152 -32.858407 3.645189
v 7.181687 -32.732290 3.645189
v 7.262409 -32.597612 3.645189
v 7.329543 -32.455671 3.645189
v 7.382440 -32.307833 3.645189
v 7.420592 -32.155522 3.645189
v 7.443631 -32.000205 3.645189
v 7.451335 -31.843378 3.645189
v 7.451335 -30.643378 3.645189
v 7.458180 -30.538957 3.645189
v 7.478595 -30.436322 3.645189
v 7.512232 -30.337231 3.645189
v 7.558515 -30.243378 3.645189
v 7.616653 -30.156369 3.645189
v 7.685650 -30.077692 3.645189
v 7.764326 -30.008695 3.645189
v 7.851335 -29.950557 3.645189
v 7.945189 -29.904274 3.645189
v 8.044280 -29.870637 3.645189
v 8.146914 -29.850222 3.645189
v 8.251335 -29.843378 3.645189
v 8.554431 -29.843378 3.645189
v 8.429097 -29.851263 3.645189
v 8.305741 -29.874795 3.645189
v 8.186306 -29.913601 3.645189
v 8.072677 -29.967071 3.645189
v 7.966645 -30.034361 3.645189
v 7.869883 -30.114409 3.645189
v 7.783917 -30.205954 3.645189
v 7.710103 -30.307551 3.645189
v 7.649603 -30.417598 3.645189
v 7.603374 -30.534361 3.645189
v 7.572143 -30.655996 3.645189
v 7.556404 -30.780587 3.645189
v 7.556404 -30.906168 3.645189
v 7.572143 -31.030759 3.645189
v 7.603374 -31.152395 3.645189
v 7.649603 -31.269157 3.645189
v 7.710103 -31.379204 3.645189
v 7.783917 -31.480802 3.645189
v 7.869883 -31.572346 3.645189
v 7.966645 -31.652395 3.645189
v 8.072677 -31.719684 3.645189
v 8.186306 -31.773154 3.645189
v 8.305741 -31.811961 3.645189
v 8.429097 -31.835492 3.645189
v 8.554431 -31.843378 3.645189
v 8.679764 -31.835492 3.645189
v 8.803120 -31.811961 3.645189
v 8.922555 -31.773154 3.645189
v 9.036184 -31.719684 3.645189
v 9.142216 -31.652395 3.645189
v 9.238978 -31.572346 3.645189
v 9.324944 -31.480802 3.645189
v 9.398758 -31.379204 3.645189
v 9.459258 -31.269157 3.645189
v 9.505487 -31.152395 3.645189
v 9.536718 -31.030759 3.645189
v 9.552457 -30.906168 3.645189
v 9.552457 -30.780587 3.645189
v 9.536718 -30.655996 3.645189
v 9.505487 -30.534361 3.645189
v 9.459258 -30.417598 3.645189
v 9.398758 -30.307551 3.645189
v 9.324944 -30.205954 3.645189
v 9.238978 -30.114409 3.645189
v 9.142216 -30.034361 3.645189
v 9.036184 -29.967071 3.645189
v 8.922555 -29.913601 3.645189
v 8.803120 -29.874795 3.645189
v 8.679764 -29.851263 3.645189
v 9.545327 -29.843378 3.645189
v 9.649748 -29.850222 3.645189
v 9.752382 -29.870637 3.645189
v 9.851473 -29.904274 3.645189
v 9.945327 -29.950557 3.645189
v 10.032336 -30.008695 3.645189
v 10.111012 -30.077692 3.645189
v 10.180009 -30.156369 3.645189
v 10.238147 -30.243378 3.645189
v 10.284430 -30.337231 3.645189
v 10.318067 -30.436322 3.645189
v 10.338482 -30.538957 3.645189
v 10.345327 -30.643378 3.645189
v 10.345327 -33.443378 3.645189
v 10.345327 -32.843378 3.645189
v 10.345335 -33.443378 3.645189
v 10.345335 -32.843378 3.645189
v 4.832426 -33.443378 2.914785
v 4.853622 -33.443378 3.048902
v 4.888691 -33.443378 3.180077
v 4.937251 -33.443378 3.306878
v 4.998772 -33.443378 3.427923
v 5.072583 -33.443378 3.541891
v 5.157879 -33.443378 3.647537
v 5.253729 -33.443378 3.743711
v 5.359088 -33.443378 3.829363
v 5.472806 -33.443378 3.903558
v 5.593643 -33.443378 3.965487
v 5.720280 -33.443378 4.014474
v 5.851335 -33.443378 4.049985
v 8.461963 -31.455985 -0.645851
v 8.449643 -31.470744 -0.646000
v 8.439452 -31.487660 -0.646302
v 8.432037 -31.506109 -0.646797
v 8.427677 -31.525316 -0.647494
v 8.426339 -31.544380 -0.648363
v 8.427996 -31.563488 -0.649425
v 8.432671 -31.582631 -0.650666
v 8.440383 -31.600917 -0.652026
v 8.450798 -31.617606 -0.653416
v 8.463268 -31.632086 -0.654734
v 8.477870 -31.644472 -0.655947
v 8.494666 -31.654779 -0.657016
v 8.513038 -31.662352 -0.657834
v 8.532228 -31.666877 -0.658337
v 8.551335 -31.668378 -0.658508
v 8.570442 -31.666877 -0.658337
v 8.589631 -31.662352 -0.657834
v 8.608003 -31.654781 -0.657016
v 8.624798 -31.644474 -0.655948
v 8.639403 -31.632086 -0.654734
v 8.651871 -31.617608 -0.653416
v 8.662287 -31.600920 -0.652026
v 8.669999 -31.582632 -0.650666
v 8.674675 -31.563488 -0.649425
v 8.676331 -31.544379 -0.648363
v 8.674993 -31.525316 -0.647494
v 8.670633 -31.506109 -0.646797
v 8.663218 -31.487660 -0.646302
v 8.653027 -31.470744 -0.646000
v 8.640707 -31.455985 -0.645851
v 10.345335 -31.617689 -0.653422
v 10.345335 -31.790674 -0.676196
v 10.345335 -31.961016 -0.713960
v 10.345335 -32.127418 -0.766426
v 10.345335 -32.288614 -0.833196
v 10.345335 -32.443378 -0.913760
v 10.345335 -32.590531 -1.007507
v 10.345335 -32.728953 -1.113722
v 10.345335 -32.857591 -1.231598
v 10.345335 -32.975467 -1.360236
v 10.345335 -33.081682 -1.498658
v 10.345335 -33.175429 -1.645811
v 10.345335 -33.255993 -1.800575
v 10.345335 -33.322763 -1.961771
v 10.345335 -33.375229 -2.128173
v 10.345335 -33.412993 -2.298515
v 10.345335 -33.435767 -2.471500
v 10.345335 -33.443378 -2.645811
v 7.585335 -32.288614 -0.833196
v 7.585335 -32.127418 -0.766426
v 7.585335 -31.961016 -0.713960
v 7.585335 -31.790674 -0.676196
v 7.585335 -31.617628 -0.653416
v 7.585335 -32.443378 -0.913760
v 7.585335 -32.590531 -1.007507
v 7.585335 -32.728953 -1.113722
v 7.585335 -32.857591 -1.231598
v 7.585335 -32.975467 -1.360236
v 7.585335 -33.081682 -1.498658
v 7.585335 -33.175429 -1.645811
v 7.585335 -33.255993 -1.800575
v 7.585335 -33.322763 -1.961771
v 7.585335 -33.375229 -2.128173
v 7.585335 -33.412993 -2.298515
v 7.585335 -33.435767 -2.471500
v 10.345335 -33.443378 -3.681811
v 10.337645 -33.443378 -3.887319
v 10.314619 -33.443378 -4.091677
v 10.276386 -33.443378 -4.293744
v 10.223160 -33.443378 -4.492388
v 10.155237 -33.443378 -4.686499
v 10.072999 -33.443378 -4.874991
v 9.976904 -33.443378 -5.056811
v 9.867491 -33.443378 -5.230941
v 9.745371 -33.443378 -5.396408
v 9.611227 -33.443378 -5.552286
v 9.465810 -33.443378 -5.697704
v 9.309931 -33.443378 -5.831848
v 9.144465 -33.443378 -5.953968
v 8.970335 -33.443378 -6.063381
v 8.788515 -33.443378 -6.159476
v 8.600022 -33.443378 -6.241714
v 8.405911 -33.443378 -6.309636
v 8.207267 -33.443378 -6.362863
v 8.005201 -33.443378 -6.401096
v 7.800842 -33.443378 -6.424122
v 7.595335 -33.443378 -6.431811
v 7.575335 -33.443378 -6.431811
v 7.369827 -33.443378 -6.424122
v 7.165469 -33.443378 -6.401096
v 6.963402 -33.443378 -6.362863
v 6.764758 -33.443378 -6.309636
v 6.570647 -33.443378 -6.241714
v 6.382155 -33.443378 -6.159476
v 6.200335 -33.443378 -6.063381
v 6.026205 -33.443378 -5.953968
v 5.860738 -33.443378 -5.831848
v 5.704860 -33.443378 -5.697704
v 5.559442 -33.443378 -5.552286
v 5.425298 -33.443378 -5.396408
v 5.303178 -33.443378 -5.230941
v 5.193765 -33.443378 -5.056811
v 5.097671 -33.443378 -4.874991
v 5.015432 -33.443378 -4.686499
v 4.947510 -33.443378 -4.492388
v 4.894283 -33.443378 -4.293744
v 4.856050 -33.443378 -4.091677
v 4.833025 -33.443378 -3.887319
v 10.345335 -34.043378 -0.379042
v 10.345335 -32.443378 -0.379042
v 10.345335 -32.443378 -0.379146
v 10.345335 -32.443378 -0.379900
v 10.345335 -32.443378 -0.381552
v 10.345335 -32.443378 -0.383945
v 10.345335 -33.043378 -0.383945
v 10.345335 -33.043378 -0.401053
v 10.345335 -32.443378 -0.401053
v 10.345335 -32.443378 -0.401459
v 10.345335 -32.443378 -0.404167
v 10.345335 -32.443378 -0.406560
v 10.345335 -32.443378 -0.406882
v 10.345335 -32.443378 -0.409161
v 10.345335 -32.443378 -0.411000
v 10.345335 -32.443378 -0.412251
v 10.345335 -32.443378 -0.412419
v 10.345335 -34.043378 -0.412419
v 10.345335 -34.043378 -3.681811
v 10.345335 -34.043378 2.342823
v 10.345335 -33.443378 2.342823
v 10.345335 -33.443378 2.342503
v 10.345335 -33.443378 2.341914
v 10.345335 -33.443378 2.341826
v 10.345335 -34.043378 2.341826
v 10.345335 -34.043378 2.340796
v 10.345335 -33.443378 2.340796
v 10.345335 -33.443378 2.340628
v 10.345335 -33.443378 2.339378
v 10.345335 -33.443378 2.337538
v 10.345335 -33.443378 2.335259
v 10.345335 -33.443378 2.334937
v 10.345335 -33.443378 2.332544
v 10.345335 -33.443378 2.329837
v 10.345335 -33.443378 2.329430
v 10.345335 -33.443378 2.326443
v 10.345335 -33.443378 2.325997
v 10.345335 -33.443378 2.322378
v 10.345335 -33.443378 2.318750
v 10.345335 -33.443378 2.315325
v 10.345335 -33.443378 2.312322
v 10.345335 -33.443378 2.309929
v 10.345335 -33.443378 2.308277
v 10.345335 -33.443378 2.307524
v 10.345335 -33.443378 2.307420
v 10.345335 -34.043378 2.307420
v 6.057750 -33.429990 4.077414
v 5.989265 -33.437395 4.072022
v 5.920315 -33.441881 4.062912
v 4.832457 -34.043378 2.915076
v 4.853743 -34.043378 3.049474
v 4.888962 -34.043378 3.180911
v 4.937726 -34.043378 3.307946
v 4.999502 -34.043378 3.429189
v 5.073613 -34.043378 3.543310
v 5.159247 -34.043378 3.649059
v 5.255465 -34.043378 3.745277
v 5.361214 -34.043378 3.830911
v 5.475335 -34.043378 3.905022
v 5.596577 -34.043378 3.966798
v 5.723613 -34.043378 4.015562
v 5.855050 -34.043378 4.050781
v 5.989448 -34.043378 4.072067
v 9.252883 -30.718387 3.645189
v 9.283072 -30.721703 3.645189
v 9.311570 -30.732202 3.645189
v 9.336695 -30.749263 3.645189
v 9.356964 -30.771881 3.645189
v 9.371180 -30.798718 3.645189
v 9.378505 -30.828192 3.645189
v 9.378505 -30.858563 3.645189
v 9.371180 -30.888037 3.645189
v 9.356964 -30.914875 3.645189
v 9.336695 -30.937492 3.645189
v 9.311570 -30.954554 3.645189
v 9.283072 -30.965052 3.645189
v 9.252883 -30.968368 3.645189
v 9.284931 -30.963778 3.645189
v 9.314726 -30.951111 3.645189
v 9.340269 -30.931217 3.645189
v 9.359845 -30.905430 3.645189
v 9.372142 -30.875481 3.645189
v 9.376335 -30.843378 3.645189
v 9.372142 -30.811275 3.645189
v 9.359845 -30.781325 3.645189
v 9.340269 -30.755538 3.645189
v 9.314726 -30.735644 3.645189
v 9.284931 -30.722977 3.645189
v 8.552883 -30.018387 3.645189
v 8.583072 -30.021703 3.645189
v 8.611570 -30.032202 3.645189
v 8.636695 -30.049263 3.645189
v 8.656964 -30.071881 3.645189
v 8.671180 -30.098719 3.645189
v 8.678505 -30.128193 3.645189
v 8.678505 -30.158563 3.645189
v 8.671180 -30.188037 3.645189
v 8.656964 -30.214875 3.645189
v 8.636695 -30.237492 3.645189
v 8.611570 -30.254554 3.645189
v 8.583072 -30.265052 3.645189
v 8.552883 -30.268368 3.645189
v 8.584932 -30.263778 3.645189
v 8.614727 -30.251111 3.645189
v 8.640269 -30.231217 3.645189
v 8.659845 -30.205431 3.645189
v 8.672142 -30.175481 3.645189
v 8.676335 -30.143378 3.645189
v 8.672142 -30.111275 3.645189
v 8.659845 -30.081325 3.645189
v 8.640269 -30.055538 3.645189
v 8.614727 -30.035644 3.645189
v 8.584932 -30.022977 3.645189
v 7.852883 -30.718387 3.645189
v 7.883072 -30.721703 3.645189
v 7.911570 -30.732202 3.645189
v 7.936695 -30.749263 3.645189
v 7.956964 -30.771881 3.645189
v 7.971181 -30.798718 3.645189
v 7.978505 -30.828192 3.645189
v 7.978505 -30.858563 3.645189
v 7.971181 -30.888037 3.645189
v 7.956964 -30.914875 3.645189
v 7.936695 -30.937492 3.645189
v 7.911570 -30.954554 3.645189
v 7.883072 -30.965052 3.645189
v 7.852883 -30.968368 3.645189
v 7.884932 -30.963778 3.645189
v 7.914727 -30.951111 3.645189
v 7.940269 -30.931217 3.645189
v 7.959846 -30.905430 3.645189
v 7.972143 -30.875481 3.645189
v 7.976335 -30.843378 3.645189
v 7.972143 -30.811275 3.645189
v 7.959846 -30.781325 3.645189
v 7.940269 -30.755538 3.645189
v 7.914727 -30.735644 3.645189
v 7.884932 -30.722977 3.645189
v 8.552883 -30.510881 3.645189
v 8.622249 -30.517867 3.645189
v 8.688633 -30.539164 3.645189
v 8.749117 -30.573835 3.645189
v 8.801042 -30.620356 3.645189
v 8.842126 -30.676681 3.645189
v 8.870561 -30.740335 3.645189
v 8.885098 -30.808519 3.645189
v 8.885098 -30.878236 3.645189
v 8.870561 -30.946420 3.645189
v 8.842126 -31.010074 3.645189
v 8.801042 -31.066400 3.645189
v 8.749117 -31.112921 3.645189
v 8.688633 -31.147591 3.645189
v 8.622249 -31.168888 3.645189
v 8.552883 -31.175874 3.645189
v 8.621777 -31.168330 3.645189
v 8.687611 -31.146668 3.645189
v 8.747524 -31.111829 3.645189
v 8.798914 -31.065326 3.645189
v 8.839546 -31.009181 3.645189
v 8.867657 -30.945831 3.645189
v 8.882025 -30.878031 3.645189
v 8.882025 -30.808725 3.645189
v 8.867657 -30.740924 3.645189
v 8.839546 -30.677575 3.645189
v 8.798914 -30.621429 3.645189
v 8.747524 -30.574926 3.645189
v 8.687611 -30.540087 3.645189
v 8.621777 -30.518425 3.645189
v 8.552883 -31.418387 3.645189
v 8.583072 -31.421703 3.645189
v 8.611570 -31.432202 3.645189
v 8.636695 -31.449263 3.645189
v 8.656964 -31.471880 3.645189
v 8.671180 -31.498718 3.645189
v 8.678505 -31.528192 3.645189
v 8.678505 -31.558563 3.645189
v 8.671180 -31.588037 3.645189
v 8.656964 -31.614875 3.645189
v 8.636695 -31.637492 3.645189
v 8.611570 -31.654553 3.645189
v 8.583072 -31.665052 3.645189
v 8.552883 -31.668368 3.645189
v 8.584932 -31.663778 3.645189
v 8.614727 -31.651111 3.645189
v 8.640269 -31.631217 3.645189
v 8.659845 -31.605430 3.645189
v 8.672142 -31.575481 3.645189
v 8.676335 -31.543378 3.645189
v 8.672142 -31.511274 3.645189
v 8.659845 -31.481325 3.645189
v 8.640269 -31.455538 3.645189
v 8.614727 -31.435644 3.645189
v 8.584932 -31.422977 3.645189
v 10.345335 -34.043378 2.334937
v 10.345335 -34.043378 2.332544
v 10.345335 -34.043378 2.329837
v 10.345335 -34.043378 2.329430
v 10.345335 -34.043378 2.326443
v 10.345335 -34.043378 2.325997
v 10.345335 -34.043378 2.322378
v 10.345335 -34.043378 2.318750
v 10.345335 -34.043378 2.315325
v 10.345335 -34.043378 2.312322
v 10.345335 -34.043378 2.309929
v 10.345335 -34.043378 2.308277
v 10.345335 -34.043378 2.307524
v 10.345335 -34.043378 -0.383945
v 10.345335 -34.043378 -0.401053
v 4.833025 -34.043378 -3.887319
v 4.856050 -34.043378 -4.091677
v 4.894283 -34.043378 -4.293744
v 4.947510 -34.043378 -4.492388
v 5.015432 -34.043378 -4.686499
v 5.097671 -34.043378 -4.874991
v 5.193765 -34.043378 -5.056811
v 5.303178 -34.043378 -5.230941
v 5.425298 -34.043378 -5.396408
v 5.559442 -34.043378 -5.552286
v 5.704860 -34.043378 -5.697704
v 5.860738 -34.043378 -5.831848
v 6.026205 -34.043378 -5.953968
v 6.200335 -34.043378 -6.063381
v 6.382155 -34.043378 -6.159476
v 6.570647 -34.043378 -6.241714
v 6.764758 -34.043378 -6.309636
v 6.963402 -34.043378 -6.362863
v 7.165469 -34.043378 -6.401096
v 7.369827 -34.043378 -6.424122
v 7.575335 -34.043378 -6.431811
v 7.595335 -34.043378 -6.431811
v 7.800842 -34.043378 -6.424122
v 8.005201 -34.043378 -6.401096
v 8.207267 -34.043378 -6.362863
v 8.405911 -34.043378 -6.309636
v 8.600022 -34.043378 -6.241714
v 8.788515 -34.043378 -6.159476
v 8.970335 -34.043378 -6.063381
v 9.144465 -34.043378 -5.953968
v 9.309931 -34.043378 -5.831848
v 9.465810 -34.043378 -5.697704
v 9.611227 -34.043378 -5.552286
v 9.745371 -34.043378 -5.396408
v 9.867491 -34.043378 -5.230941
v 9.976904 -34.043378 -5.056811
v 10.072999 -34.043378 -4.874991
v 10.155237 -34.043378 -4.686499
v 10.223160 -34.043378 -4.492388
v 10.276386 -34.043378 -4.293744
v 10.314619 -34.043378 -4.091677
v 10.337645 -34.043378 -3.887319
v 10.345335 -34.043378 -0.412251
v 10.345335 -34.043378 -0.411000
v 10.345335 -34.043378 -0.409161
v 10.345335 -34.043378 -0.406882
v 10.345335 -34.043378 -0.406560
v 10.345335 -34.043378 -0.404167
v 10.345335 -34.043378 -0.401459
v 10.345335 -34.043378 -0.381552
v 10.345335 -34.043378 -0.379900
v 10.345335 -34.043378 -0.379146
v 10.345335 -34.043378 2.335259
v 10.345335 -34.043378 2.337538
v 10.345335 -34.043378 2.339378
v 10.345335 -34.043378 2.340628
v 10.345335 -34.043378 2.341914
v 10.345335 -34.043378 2.342503
v 8.552883 -30.268368 3.797808
v 8.522694 -30.265052 3.797808
v 8.494196 -30.254554 3.797808
v 8.469071 -30.237492 3.797808
v 8.448802 -30.214875 3.797808
v 8.434585 -30.188037 3.797808
v 8.427261 -30.158563 3.797808
v 8.427261 -30.128193 3.797808
v 8.434585 -30.098719 3.797808
v 8.448802 -30.071881 3.797808
v 8.469071 -30.049263 3.797808
v 8.494196 -30.032202 3.797808
v 8.522694 -30.021703 3.797808
v 8.552883 -30.018387 3.797808
v 7.852883 -30.968368 3.797808
v 7.822694 -30.965052 3.797808
v 7.794196 -30.954554 3.797808
v 7.769071 -30.937492 3.797808
v 7.748802 -30.914875 3.797808
v 7.734585 -30.888037 3.797808
v 7.727261 -30.858563 3.797808
v 7.727261 -30.828192 3.797808
v 7.734585 -30.798718 3.797808
v 7.748802 -30.771881 3.797808
v 7.769071 -30.749263 3.797808
v 7.794196 -30.732202 3.797808
v 7.822694 -30.721703 3.797808
v 7.852883 -30.718387 3.797808
v 8.552883 -31.668368 3.797808
v 8.522694 -31.665052 3.797808
v 8.494196 -31.654553 3.797808
v 8.469071 -31.637492 3.797808
v 8.448802 -31.614875 3.797808
v 8.434585 -31.588037 3.797808
v 8.427261 -31.558563 3.797808
v 8.427261 -31.528192 3.797808
v 8.434585 -31.498718 3.797808
v 8.448802 -31.471880 3.797808
v 8.469071 -31.449263 3.797808
v 8.494196 -31.432202 3.797808
v 8.522694 -31.421703 3.797808
v 8.552883 -31.418387 3.797808
v 8.552883 -31.175874 3.797808
v 8.483517 -31.168888 3.797808
v 8.417133 -31.147591 3.797808
v 8.356649 -31.112921 3.797808
v 8.304723 -31.066400 3.797808
v 8.263640 -31.010074 3.797808
v 8.235205 -30.946420 3.797808
v 8.220667 -30.878236 3.797808
v 8.220667 -30.808519 3.797808
v 8.235205 -30.740335 3.797808
v 8.263640 -30.676681 3.797808
v 8.304723 -30.620356 3.797808
v 8.356649 -30.573835 3.797808
v 8.417133 -30.539164 3.797808
v 8.483517 -30.517867 3.797808
v 8.552883 -30.510881 3.797808
v 9.252883 -30.968368 3.797808
v 9.222694 -30.965052 3.797808
v 9.194195 -30.954554 3.797808
v 9.169070 -30.937492 3.797808
v 9.148801 -30.914875 3.797808
v 9.134585 -30.888037 3.797808
v 9.127261 -30.858563 3.797808
v 9.127261 -30.828192 3.797808
v 9.134585 -30.798718 3.797808
v 9.148801 -30.771881 3.797808
v 9.169070 -30.749263 3.797808
v 9.194195 -30.732202 3.797808
v 9.222694 -30.721703 3.797808
v 9.252883 -30.718387 3.797808
v 9.220834 -30.963778 3.797808
v 9.191039 -30.951111 3.797808
v 9.165496 -30.931217 3.797808
v 9.145920 -30.905430 3.797808
v 9.133623 -30.875481 3.797808
v 9.129430 -30.843378 3.797808
v 9.133623 -30.811275 3.797808
v 9.145920 -30.781325 3.797808
v 9.165496 -30.755538 3.797808
v 9.191039 -30.735644 3.797808
v 9.220834 -30.722977 3.797808
v 8.520834 -30.263778 3.797808
v 8.491039 -30.251111 3.797808
v 8.465497 -30.231217 3.797808
v 8.445920 -30.205431 3.797808
v 8.433623 -30.175481 3.797808
v 8.429431 -30.143378 3.797808
v 8.433623 -30.111275 3.797808
v 8.445920 -30.081325 3.797808
v 8.465497 -30.055538 3.797808
v 8.491039 -30.035644 3.797808
v 8.520834 -30.022977 3.797808
v 7.820834 -30.963778 3.797808
v 7.791039 -30.951111 3.797808
v 7.765497 -30.931217 3.797808
v 7.745920 -30.905430 3.797808
v 7.733623 -30.875481 3.797808
v 7.729431 -30.843378 3.797808
v 7.733623 -30.811275 3.797808
v 7.745920 -30.781325 3.797808
v 7.765497 -30.755538 3.797808
v 7.791039 -30.735644 3.797808
v 7.820834 -30.722977 3.797808
v 8.483988 -31.168330 3.797808
v 8.418155 -31.146668 3.797808
v 8.358241 -31.111829 3.797808
v 8.306852 -31.065326 3.797808
v 8.266219 -31.009181 3.797808
v 8.238109 -30.945831 3.797808
v 8.223741 -30.878031 3.797808
v 8.223741 -30.808725 3.797808
v 8.238109 -30.740924 3.797808
v 8.266219 -30.677575 3.797808
v 8.306852 -30.621429 3.797808
v 8.358241 -30.574926 3.797808
v 8.418155 -30.540087 3.797808
v 8.483988 -30.518425 3.797808
v 8.520834 -31.663778 3.797808
v 8.491039 -31.651111 3.797808
v 8.465497 -31.631217 3.797808
v 8.445920 -31.605430 3.797808
v 8.433623 -31.575481 3.797808
v 8.429431 -31.543378 3.797808
v 8.433623 -31.511274 3.797808
v 8.445920 -31.481325 3.797808
v 8.465497 -31.455538 3.797808
v 8.491039 -31.435644 3.797808
v 8.520834 -31.422977 3.797808
v 9.129430 -30.843378 3.537808
v 9.133690 -30.875730 3.537808
v 9.146177 -30.905878 3.537808
v 9.166042 -30.931766 3.537808
v 9.191930 -30.951631 3.537808
v 9.222078 -30.964118 3.537808
v 9.254430 -30.968378 3.537808
v 9.286783 -30.964118 3.537808
v 9.316930 -30.951631 3.537808
v 9.342819 -30.931766 3.537808
v 9.362683 -30.905878 3.537808
v 9.375171 -30.875730 3.537808
v 9.379430 -30.843378 3.537808
v 9.375171 -30.811025 3.537808
v 9.362683 -30.780878 3.537808
v 9.342819 -30.754989 3.537808
v 9.316930 -30.735125 3.537808
v 9.286783 -30.722637 3.537808
v 9.254430 -30.718378 3.537808
v 9.222078 -30.722637 3.537808
v 9.191930 -30.735125 3.537808
v 9.166042 -30.754989 3.537808
v 9.146177 -30.780878 3.537808
v 9.133690 -30.811025 3.537808
v 8.429431 -30.143378 3.537808
v 8.433690 -30.175730 3.537808
v 8.446177 -30.205878 3.537808
v 8.466042 -30.231766 3.537808
v 8.491931 -30.251631 3.537808
v 8.522078 -30.264119 3.537808
v 8.554431 -30.268378 3.537808
v 8.586783 -30.264119 3.537808
v 8.616931 -30.251631 3.537808
v 8.642819 -30.231766 3.537808
v 8.662684 -30.205878 3.537808
v 8.675171 -30.175730 3.537808
v 8.679431 -30.143378 3.537808
v 8.675171 -30.111026 3.537808
v 8.662684 -30.080878 3.537808
v 8.642819 -30.054990 3.537808
v 8.616931 -30.035125 3.537808
v 8.586783 -30.022637 3.537808
v 8.554431 -30.018378 3.537808
v 8.522078 -30.022637 3.537808
v 8.491931 -30.035125 3.537808
v 8.466042 -30.054990 3.537808
v 8.446177 -30.080878 3.537808
v 8.433690 -30.111026 3.537808
v 7.729431 -30.843378 3.537808
v 7.733690 -30.875730 3.537808
v 7.746178 -30.905878 3.537808
v 7.766042 -30.931766 3.537808
v 7.791931 -30.951631 3.537808
v 7.822078 -30.964118 3.537808
v 7.854431 -30.968378 3.537808
v 7.886783 -30.964118 3.537808
v 7.916931 -30.951631 3.537808
v 7.942819 -30.931766 3.537808
v 7.962684 -30.905878 3.537808
v 7.975171 -30.875730 3.537808
v 7.979431 -30.843378 3.537808
v 7.975171 -30.811025 3.537808
v 7.962684 -30.780878 3.537808
v 7.942819 -30.754989 3.537808
v 7.916931 -30.735125 3.537808
v 7.886783 -30.722637 3.537808
v 7.854431 -30.718378 3.537808
v 7.822078 -30.722637 3.537808
v 7.791931 -30.735125 3.537808
v 7.766042 -30.754989 3.537808
v 7.746178 -30.780878 3.537808
v 7.733690 -30.811025 3.537808
v 8.221931 -30.843378 3.537808
v 8.229704 -30.914855 3.537808
v 8.252662 -30.982991 3.537808
v 8.289730 -31.044598 3.537808
v 8.339175 -31.096797 3.537808
v 8.398685 -31.137145 3.537808
v 8.465477 -31.163758 3.537808
v 8.536429 -31.175390 3.537808
v 8.608223 -31.171498 3.537808
v 8.677501 -31.152262 3.537808
v 8.741025 -31.118584 3.537808
v 8.795824 -31.072038 3.537808
v 8.839336 -31.014799 3.537808
v 8.869525 -30.949545 3.537808
v 8.884981 -30.879327 3.537808
v 8.884981 -30.807428 3.537808
v 8.869525 -30.737210 3.537808
v 8.839336 -30.671956 3.537808
v 8.795824 -30.614718 3.537808
v 8.741025 -30.568171 3.537808
v 8.677501 -30.534493 3.537808
v 8.608223 -30.515258 3.537808
v 8.536429 -30.511365 3.537808
v 8.465477 -30.522997 3.537808
v 8.398685 -30.549610 3.537808
v 8.339175 -30.589959 3.537808
v 8.289730 -30.642157 3.537808
v 8.252662 -30.703765 3.537808
v 8.229704 -30.771900 3.537808
v 8.429431 -31.543378 3.537808
v 8.433690 -31.575730 3.537808
v 8.446177 -31.605878 3.537808
v 8.466042 -31.631766 3.537808
v 8.491931 -31.651631 3.537808
v 8.522078 -31.664118 3.537808
v 8.554431 -31.668378 3.537808
v 8.586783 -31.664118 3.537808
v 8.616931 -31.651631 3.537808
v 8.642819 -31.631766 3.537808
v 8.662684 -31.605878 3.537808
v 8.675171 -31.575730 3.537808
v 8.679431 -31.543378 3.537808
v 8.675171 -31.511025 3.537808
v 8.662684 -31.480878 3.537808
v 8.642819 -31.454989 3.537808
v 8.616931 -31.435124 3.537808
v 8.586783 -31.422637 3.537808
v 8.554431 -31.418378 3.537808
v 8.522078 -31.422637 3.537808
v 8.491931 -31.435124 3.537808
v 8.466042 -31.454989 3.537808
v 8.446177 -31.480878 3.537808
v 8.433690 -31.511025 3.537808
v 7.554431 -30.843378 3.537808
v 7.562316 -30.718044 3.537808
v 7.585847 -30.594688 3.537808
v 7.624654 -30.475253 3.537808
v 7.678124 -30.361624 3.537808
v 7.745414 -30.255592 3.537808
v 7.825462 -30.158831 3.537808
v 7.917007 -30.072864 3.537808
v 8.018604 -29.999050 3.537808
v 8.128651 -29.938551 3.537808
v 8.245414 -29.892321 3.537808
v 8.367049 -29.861090 3.537808
v 8.491640 -29.845351 3.537808
v 8.617221 -29.845351 3.537808
v 8.741812 -29.861090 3.537808
v 8.863448 -29.892321 3.537808
v 8.980210 -29.938551 3.537808
v 9.090257 -29.999050 3.537808
v 9.191854 -30.072864 3.537808
v 9.283399 -30.158831 3.537808
v 9.363448 -30.255592 3.537808
v 9.430737 -30.361624 3.537808
v 9.484207 -30.475253 3.537808
v 9.523014 -30.594688 3.537808
v 9.546545 -30.718044 3.537808
v 9.554431 -30.843378 3.537808
v 9.546545 -30.968711 3.537808
v 9.523014 -31.092068 3.537808
v 9.484207 -31.211502 3.537808
v 9.430737 -31.325131 3.537808
v 9.363448 -31.431163 3.537808
v 9.283399 -31.527925 3.537808
v 9.191854 -31.613891 3.537808
v 9.090257 -31.687706 3.537808
v 8.980210 -31.748205 3.537808
v 8.863448 -31.794434 3.537808
v 8.741812 -31.825665 3.537808
v 8.617221 -31.841404 3.537808
v 8.491640 -31.841404 3.537808
v 8.367049 -31.825665 3.537808
v 8.245414 -31.794434 3.537808
v 8.128651 -31.748205 3.537808
v 8.018604 -31.687706 3.537808
v 7.917007 -31.613891 3.537808
v 7.825462 -31.527925 3.537808
v 7.745414 -31.431163 3.537808
v 7.678124 -31.325131 3.537808
v 7.624654 -31.211502 3.537808
v 7.585847 -31.092068 3.537808
v 7.562316 -30.968711 3.537808
vt 0.000000 -1.259086 0.000000
vt -0.000000 -1.259560 0.000000
vt 0.400000 -1.259086 0.000000
vt -0.000000 -1.260034 0.000000
vt 0.000000 -1.260509 0.000000
vt 0.000028 -1.338307 0.000000
vt 0.400000 -1.363601 0.000000
vt -0.000010 -1.417929 0.000000
vt 0.400000 -1.468117 0.000000
vt -0.000303 -1.498643 0.000000
vt 0.400000 -1.572633 0.000000
vt -0.001037 -1.579791 0.000000
vt -0.002521 -1.660859 0.000000
vt 0.400000 -1.677149 0.000000
vt -0.005114 -1.741304 0.000000
vt 0.400000 -1.781664 0.000000
vt -0.009121 -1.820437 0.000000
vt 0.400000 -1.886180 0.000000
vt -0.014856 -1.897576 0.000000
vt -0.022909 -1.975043 0.000000
vt 0.400000 -1.990696 0.000000
vt -0.033746 -2.053768 0.000000
vt 0.400000 -2.095211 0.000000
vt -0.047672 -2.132975 0.000000
vt 0.400000 -2.199727 0.000000
vt -0.064998 -2.211936 0.000000
vt -0.085956 -2.290052 0.000000
vt 0.400000 -2.304243 0.000000
vt -0.110247 -2.366783 0.000000
vt 0.400000 -2.408758 0.000000
vt -0.137406 -2.441452 0.000000
vt 0.400000 -2.513274 0.000000
vt -0.166966 -2.513274 0.000000
vt 1.825928 3.846741 0.000000
vt 2.393575 5.120000 0.000000
vt 1.793575 3.851000 0.000000
vt 1.214316 4.458353 0.000000
vt 1.761223 3.846741 0.000000
vt 1.218575 4.426000 0.000000
vt 1.731075 3.834253 0.000000
vt 1.705187 3.814389 0.000000
vt 1.214316 4.393648 0.000000
vt 1.685322 3.788500 0.000000
vt 1.201828 4.363500 0.000000
vt 1.232139 3.806000 0.000000
vt 1.206712 3.839137 0.000000
vt 1.181963 4.337612 0.000000
vt 1.173575 3.864564 0.000000
vt 1.156075 4.317747 0.000000
vt 1.134986 3.880548 0.000000
vt 1.125928 4.305260 0.000000
vt 1.093575 3.886000 0.000000
vt 1.093575 4.301000 0.000000
vt 1.061223 4.305260 0.000000
vt 1.856075 3.834253 0.000000
vt 1.881964 3.814389 0.000000
vt 1.901828 3.788500 0.000000
vt 1.914316 3.758353 0.000000
vt 1.918575 3.726000 0.000000
vt 3.693575 5.120000 0.000000
vt 1.914316 3.693648 0.000000
vt 3.693575 0.000000 0.000000
vt 1.901828 3.663500 0.000000
vt 2.493566 0.000000 0.000000
vt 1.623006 1.199325 0.000000
vt 1.661758 1.068375 0.000000
vt 1.881964 3.637612 0.000000
vt 1.569625 1.325024 0.000000
vt 1.856075 3.617747 0.000000
vt 1.502309 1.443844 0.000000
vt 1.825928 3.605259 0.000000
vt 1.421929 1.554247 0.000000
vt 1.214316 2.993648 0.000000
vt 1.201828 2.963500 0.000000
vt 1.793575 3.601000 0.000000
vt 1.761223 3.605259 0.000000
vt 1.218575 3.026000 0.000000
vt 1.731075 3.617747 0.000000
vt 1.705187 3.637612 0.000000
vt 1.214316 3.058352 0.000000
vt 1.685322 3.663500 0.000000
vt 1.201828 3.088500 0.000000
vt 1.232139 3.646000 0.000000
vt 1.206712 3.612863 0.000000
vt 1.248123 3.684589 0.000000
vt 1.672835 3.693648 0.000000
vt 1.253575 3.726000 0.000000
vt 1.668575 3.726000 0.000000
vt 1.672835 3.758353 0.000000
vt 1.248123 3.767411 0.000000
vt 0.361223 3.846741 0.000000
vt 0.393575 3.851000 0.000000
vt 0.093575 4.720000 0.000000
vt 0.425927 3.846741 0.000000
vt 0.968575 4.426000 0.000000
vt 0.456075 3.834253 0.000000
vt 0.481963 3.814389 0.000000
vt 0.972834 4.393648 0.000000
vt 0.501828 3.788500 0.000000
vt 0.985322 4.363500 0.000000
vt 0.955011 3.806000 0.000000
vt 0.980438 3.839137 0.000000
vt 0.939027 3.767411 0.000000
vt 0.514316 3.758353 0.000000
vt 0.933575 3.726000 0.000000
vt 0.518575 3.726000 0.000000
vt 0.514316 3.693648 0.000000
vt 0.939027 3.684589 0.000000
vt 0.501828 3.663500 0.000000
vt 0.955011 3.646000 0.000000
vt 0.985322 3.088500 0.000000
vt 0.980438 3.612863 0.000000
vt 1.005187 3.114388 0.000000
vt 1.013575 3.587436 0.000000
vt 1.031075 3.134253 0.000000
vt 1.052164 3.571452 0.000000
vt 1.061223 3.146741 0.000000
vt 1.093575 3.566000 0.000000
vt 1.093575 3.151000 0.000000
vt 1.125928 3.146741 0.000000
vt 0.972834 3.058352 0.000000
vt 0.481963 3.637612 0.000000
vt 0.968575 3.026000 0.000000
vt 0.456075 3.617747 0.000000
vt 0.425927 3.605259 0.000000
vt 0.093575 2.753470 0.000000
vt 0.393575 3.601000 0.000000
vt 0.361223 3.605259 0.000000
vt 0.331075 3.617747 0.000000
vt 0.305187 3.637612 0.000000
vt 0.285322 3.663500 0.000000
vt 0.272834 3.693648 0.000000
vt 0.268575 3.726000 0.000000
vt 0.272834 3.758353 0.000000
vt 0.285322 3.788500 0.000000
vt 0.305187 3.814389 0.000000
vt 0.331075 3.834253 0.000000
vt 1.181963 3.114388 0.000000
vt 1.173575 3.587436 0.000000
vt 1.156075 3.134253 0.000000
vt 1.134986 3.571452 0.000000
vt 1.005187 4.337612 0.000000
vt 1.013575 3.864564 0.000000
vt 1.031075 4.317747 0.000000
vt 1.052164 3.880548 0.000000
vt 1.061223 4.546741 0.000000
vt 1.093575 4.551000 0.000000
vt 0.893575 5.520000 0.000000
vt 1.125928 4.546741 0.000000
vt 1.156075 4.534254 0.000000
vt 1.181963 4.514389 0.000000
vt 2.393575 5.520000 0.000000
vt 1.201828 4.488500 0.000000
vt 0.972834 4.458353 0.000000
vt 0.100419 4.824420 0.000000
vt 0.120834 4.927055 0.000000
vt 0.154472 5.026146 0.000000
vt 0.200755 5.120000 0.000000
vt 0.258892 5.207009 0.000000
vt 0.327890 5.285685 0.000000
vt 0.406566 5.354682 0.000000
vt 0.493575 5.412820 0.000000
vt 0.985322 4.488500 0.000000
vt 0.587428 5.459103 0.000000
vt 0.686520 5.492740 0.000000
vt 1.005187 4.514389 0.000000
vt 0.789154 5.513155 0.000000
vt 1.031075 4.534254 0.000000
vt 1.181963 2.937612 0.000000
vt 1.226294 1.744206 0.000000
vt 1.329525 1.654801 0.000000
vt 1.156075 2.917747 0.000000
vt 1.113574 1.821303 0.000000
vt 1.125928 2.905259 0.000000
vt 0.992825 1.885093 0.000000
vt 1.093575 2.901000 0.000000
vt 1.061223 2.905259 0.000000
vt 0.865609 1.934751 0.000000
vt 1.031075 2.917747 0.000000
vt 1.005187 2.937612 0.000000
vt 0.733575 1.969633 0.000000
vt 0.985322 2.963500 0.000000
vt 0.628067 1.998814 0.000000
vt 0.527530 2.042126 0.000000
vt 0.972834 2.993648 0.000000
vt 0.433847 2.098757 0.000000
vt 0.348772 2.167647 0.000000
vt 0.273898 2.247506 0.000000
vt 0.210627 2.336839 0.000000
vt 0.160144 2.433973 0.000000
vt 0.123394 2.537089 0.000000
vt 0.101065 2.644257 0.000000
vt 1.700706 0.693354 0.000000
vt 1.721356 0.590974 0.000000
vt 1.693570 0.797551 0.000000
vt 1.755167 0.492157 0.000000
vt 1.801563 0.398587 0.000000
vt 1.859754 0.311858 0.000000
vt 1.928747 0.233449 0.000000
vt 2.007366 0.164697 0.000000
vt 1.685382 0.933870 0.000000
vt 2.094273 0.106772 0.000000
vt 2.187985 0.060662 0.000000
vt 2.286905 0.027154 0.000000
vt 2.389347 0.006818 0.000000
vt -0.000000 0.945978 0.000000
vt -0.400000 0.945978 0.000000
vt -0.000000 0.809341 0.000000
vt -0.400000 0.809341 0.000000
vt -0.000000 0.672703 0.000000
vt -0.400000 0.672703 0.000000
vt -0.000000 0.536065 0.000000
vt -0.400000 0.536065 0.000000
vt -0.000000 0.399427 0.000000
vt -0.400000 0.399427 0.000000
vt -0.000000 0.262790 0.000000
vt -0.400000 0.262790 0.000000
vt -0.000000 0.126152 0.000000
vt -0.400000 0.126152 0.000000
vt -0.000000 -0.010486 0.000000
vt -0.400000 -0.010486 0.000000
vt -0.000000 -0.147124 0.000000
vt -0.400000 -0.147124 0.000000
vt -0.000000 -0.283762 0.000000
vt -0.400000 -0.283762 0.000000
vt -0.000000 -0.420399 0.000000
vt -0.400000 -0.420399 0.000000
vt 0.000000 -0.557037 0.000000
vt -0.400000 -0.557037 0.000000
vt -0.000000 -0.693675 0.000000
vt -0.400000 -0.693675 0.000000
vt -0.075000 0.600000 0.000000
vt -2.929872 0.600000 0.000000
vt -2.928449 0.599994 0.000000
vt -2.929398 0.599998 0.000000
vt -2.928923 0.599996 0.000000
vt -2.792131 0.591806 0.000000
vt -2.657625 0.568183 0.000000
vt -2.526675 0.529430 0.000000
vt -2.400976 0.476050 0.000000
vt -2.282156 0.408734 0.000000
vt -2.171754 0.328353 0.000000
vt -0.732353 0.120741 0.000000
vt -2.071199 0.235950 0.000000
vt -0.762500 0.108253 0.000000
vt -1.981794 0.132719 0.000000
vt -0.788389 0.088388 0.000000
vt -0.808253 0.062500 0.000000
vt -1.904697 0.019999 0.000000
vt -0.820741 0.032352 0.000000
vt -0.825000 0.000000 0.000000
vt -1.840907 -0.100751 0.000000
vt -0.820741 -0.032352 0.000000
vt -0.808253 -0.062500 0.000000
vt -0.788389 -0.088388 0.000000
vt -1.791249 -0.227966 0.000000
vt -0.762500 -0.108253 0.000000
vt -0.732353 -0.120741 0.000000
vt -1.756367 -0.360000 0.000000
vt -0.700000 -0.125000 0.000000
vt -1.727186 -0.465508 0.000000
vt -0.062500 -0.591747 0.000000
vt -1.683874 -0.566045 0.000000
vt -0.088388 -0.611612 0.000000
vt -0.108253 -0.637500 0.000000
vt -1.627244 -0.659729 0.000000
vt -0.120741 -0.667648 0.000000
vt -1.558354 -0.744803 0.000000
vt -0.125000 -0.700000 0.000000
vt -1.478495 -0.819677 0.000000
vt -0.120741 -0.732353 0.000000
vt -1.389162 -0.882948 0.000000
vt -0.108253 -0.762500 0.000000
vt -1.292028 -0.933431 0.000000
vt -0.972530 -1.000000 0.000000
vt -1.188911 -0.970181 0.000000
vt -1.081743 -0.992510 0.000000
vt 0.993999 -1.000000 0.000000
vt 0.000000 -0.825000 0.000000
vt -0.032352 -0.820741 0.000000
vt -0.062500 -0.808253 0.000000
vt 1.098420 -0.993156 0.000000
vt 1.201055 -0.972741 0.000000
vt 1.300146 -0.939104 0.000000
vt 1.393999 -0.892820 0.000000
vt 0.120741 -0.732353 0.000000
vt 1.481008 -0.834683 0.000000
vt 0.125000 -0.700000 0.000000
vt 1.559685 -0.765685 0.000000
vt 0.120741 -0.667648 0.000000
vt 1.628682 -0.687009 0.000000
vt 0.108253 -0.637500 0.000000
vt 1.686820 -0.600000 0.000000
vt 0.088388 -0.611612 0.000000
vt 1.733103 -0.506147 0.000000
vt 0.062500 -0.591747 0.000000
vt 0.700000 -0.125000 0.000000
vt 0.032352 -0.579259 0.000000
vt 0.041411 -0.154548 0.000000
vt -0.000000 -0.160000 0.000000
vt 1.766740 -0.407055 0.000000
vt 0.732353 -0.120741 0.000000
vt 1.787155 -0.304421 0.000000
vt 1.793999 -0.200000 0.000000
vt 1.793999 0.600000 0.000000
vt 0.788389 0.088388 0.000000
vt 0.808253 0.062500 0.000000
vt 0.820741 0.032352 0.000000
vt 0.075000 0.600000 0.000000
vt 0.700000 0.125000 0.000000
vt 0.732353 0.120741 0.000000
vt 0.762500 0.108253 0.000000
vt 0.047072 0.584202 0.000000
vt 0.016043 0.576034 0.000000
vt 0.041411 0.154548 0.000000
vt 0.000000 0.160000 0.000000
vt -0.016043 0.576034 0.000000
vt -0.041411 0.154548 0.000000
vt -0.700000 0.125000 0.000000
vt -0.667648 0.120741 0.000000
vt -0.047072 0.584202 0.000000
vt 0.108253 -0.762500 0.000000
vt 0.088388 -0.788389 0.000000
vt 0.062500 -0.808253 0.000000
vt 0.032352 -0.820741 0.000000
vt -0.088388 -0.788389 0.000000
vt -0.032352 -0.579259 0.000000
vt -0.041411 -0.154548 0.000000
vt -0.667648 -0.120741 0.000000
vt -0.080000 -0.138564 0.000000
vt -0.637500 -0.108253 0.000000
vt -0.113137 -0.113137 0.000000
vt -0.611612 -0.088388 0.000000
vt -0.138564 -0.080000 0.000000
vt -0.591747 -0.062500 0.000000
vt -0.154548 -0.041411 0.000000
vt -0.579259 -0.032352 0.000000
vt -0.160000 -0.000000 0.000000
vt -0.575000 0.000000 0.000000
vt -0.579259 0.032352 0.000000
vt -0.154548 0.041411 0.000000
vt -0.591747 0.062500 0.000000
vt -0.138564 0.080000 0.000000
vt -0.611612 0.088388 0.000000
vt -0.113137 0.113137 0.000000
vt -0.637500 0.108253 0.000000
vt -0.080000 0.138564 0.000000
vt 0.000000 -0.575000 0.000000
vt 0.154548 -0.041411 0.000000
vt 0.579259 -0.032352 0.000000
vt 0.160000 0.000000 0.000000
vt 0.575000 -0.000000 0.000000
vt 0.579259 0.032352 0.000000
vt 0.591747 -0.062500 0.000000
vt 0.138564 -0.080000 0.000000
vt 0.611612 -0.088388 0.000000
vt 0.113137 -0.113137 0.000000
vt 0.637500 -0.108253 0.000000
vt 0.080000 -0.138564 0.000000
vt 0.667648 -0.120741 0.000000
vt 0.667648 0.120741 0.000000
vt 0.080000 0.138564 0.000000
vt 0.637500 0.108253 0.000000
vt 0.113137 0.113137 0.000000
vt 0.611612 0.088388 0.000000
vt 0.138564 0.080000 0.000000
vt 0.591747 0.062500 0.000000
vt 0.154548 0.041411 0.000000
vt 0.825000 0.000000 0.000000
vt 0.820741 -0.032352 0.000000
vt 0.808253 -0.062500 0.000000
vt 0.788389 -0.088388 0.000000
vt 0.762500 -0.108253 0.000000
vt -0.000000 -1.417723 0.000000
vt -0.400000 -1.417723 0.000000
vt -0.000000 -1.527278 0.000000
vt -0.400000 -1.527278 0.000000
vt -0.000000 -1.636834 0.000000
vt -0.400000 -1.636834 0.000000
vt -0.000000 -1.746389 0.000000
vt -0.400000 -1.746389 0.000000
vt -0.000000 -1.855944 0.000000
vt -0.400000 -1.855944 0.000000
vt -0.000000 -1.965499 0.000000
vt -0.400000 -1.965499 0.000000
vt -0.000000 -2.075054 0.000000
vt -0.400000 -2.075054 0.000000
vt -0.000000 -2.184609 0.000000
vt -0.400000 -2.184609 0.000000
vt -0.000000 -2.294164 0.000000
vt -0.400000 -2.294164 0.000000
vt -0.000000 -2.403719 0.000000
vt -0.400000 -2.403719 0.000000
vt -0.000000 -2.513274 0.000000
vt -0.400000 -2.513274 0.000000
vt 3.019034 0.200009 0.000000
vt 2.940505 0.039943 0.000000
vt 3.586000 0.200009 0.000000
vt 2.848033 -0.112495 0.000000
vt 2.742353 -0.256091 0.000000
vt 3.586000 -1.000000 0.000000
vt 2.624305 -0.389705 0.000000
vt 2.494826 -0.512275 0.000000
vt 2.354945 -0.622827 0.000000
vt 2.205776 -0.720482 0.000000
vt 2.048502 -0.804464 0.000000
vt 1.884373 -0.874106 0.000000
vt 1.714695 -0.928855 0.000000
vt 1.540815 -0.968275 0.000000
vt 1.364115 -0.992053 0.000000
vt 0.150000 -1.600000 0.000000
vt 6.611000 -1.600000 0.000000
vt 1.186000 -1.000000 0.000000
vt 0.150000 -1.000000 0.000000
vt 6.611000 -1.000000 0.000000
vt 0.972530 0.350000 0.000000
vt -0.993999 0.350000 0.000000
vt 0.972530 -0.050000 0.000000
vt -0.993999 -0.050000 0.000000
vt -0.200000 0.875158 0.000000
vt 0.000000 0.875158 0.000000
vt -0.200000 0.942478 0.000000
vt 0.000000 0.942478 0.000000
vt -0.200000 -0.942478 0.000000
vt 0.000000 -0.942478 0.000000
vt -0.200000 -0.875158 0.000000
vt 0.000000 -0.875158 0.000000
vt -0.200000 -0.807838 0.000000
vt 0.000000 -0.807838 0.000000
vt -0.200000 -0.740518 0.000000
vt 0.000000 -0.740518 0.000000
vt -0.200000 -0.673198 0.000000
vt 0.000000 -0.673198 0.000000
vt -0.200000 -0.605879 0.000000
vt 0.000000 -0.605879 0.000000
vt -0.200000 -0.538559 0.000000
vt 0.000000 -0.538559 0.000000
vt -0.200000 -0.471239 0.000000
vt 0.000000 -0.471239 0.000000
vt -0.200000 -0.403919 0.000000
vt 0.000000 -0.403919 0.000000
vt -0.200000 -0.336599 0.000000
vt 0.000000 -0.336599 0.000000
vt -0.200000 -0.269279 0.000000
vt 0.000000 -0.269279 0.000000
vt -0.200000 -0.201960 0.000000
vt 0.000000 -0.201960 0.000000
vt -0.200000 -0.134640 0.000000
vt 0.000000 -0.134640 0.000000
vt -0.200000 -0.067320 0.000000
vt 0.000000 -0.067320 0.000000
vt -0.200000 0.000000 0.000000
vt 0.000000 0.000000 0.000000
vt -0.200000 0.067320 0.000000
vt 0.000000 0.067320 0.000000
vt -0.200000 0.134640 0.000000
vt -0.000000 0.134640 0.000000
vt -0.200000 0.201960 0.000000
vt -0.000000 0.201960 0.000000
vt -0.200000 0.269279 0.000000
vt -0.000000 0.269279 0.000000
vt -0.200000 0.336599 0.000000
vt -0.000000 0.336599 0.000000
vt -0.200000 0.403919 0.000000
vt -0.000000 0.403919 0.000000
vt -0.200000 0.471239 0.000000
vt -0.000000 0.471239 0.000000
vt -0.200000 0.538559 0.000000
vt -0.000000 0.538559 0.000000
vt -0.200000 0.605879 0.000000
vt -0.000000 0.605879 0.000000
vt -0.200000 0.673198 0.000000
vt -0.000000 0.673198 0.000000
vt -0.200000 0.740518 0.000000
vt -0.000000 0.740518 0.000000
vt -0.200000 0.807838 0.000000
vt -0.000000 0.807838 0.000000
vt 0.676478 -1.166756 0.000000
vt 0.683999 -1.100000 0.000000
vt 0.508999 -1.100000 0.000000
vt 0.676478 -1.033244 0.000000
vt 0.504740 -1.067648 0.000000
vt 0.654290 -0.969835 0.000000
vt 0.492253 -1.037500 0.000000
vt 0.618549 -0.912953 0.000000
vt 0.472388 -1.011612 0.000000
vt 0.571046 -0.865451 0.000000
vt 0.446499 -0.991747 0.000000
vt 0.514164 -0.829709 0.000000
vt 0.416352 -0.979259 0.000000
vt 0.450756 -0.807522 0.000000
vt 0.383999 -0.975000 0.000000
vt 0.383999 -0.800000 0.000000
vt 0.317243 -0.807522 0.000000
vt 0.351647 -0.979259 0.000000
vt 0.253834 -0.829709 0.000000
vt 0.321499 -0.991747 0.000000
vt 0.196952 -0.865451 0.000000
vt 0.295611 -1.011612 0.000000
vt 0.149450 -0.912953 0.000000
vt 0.275746 -1.037500 0.000000
vt 0.113709 -0.969835 0.000000
vt 0.263259 -1.067648 0.000000
vt 0.091521 -1.033244 0.000000
vt 0.258999 -1.100000 0.000000
vt 0.083999 -1.100000 0.000000
vt 0.091521 -1.166756 0.000000
vt 0.263259 -1.132352 0.000000
vt 0.113709 -1.230165 0.000000
vt 0.275746 -1.162500 0.000000
vt 0.149450 -1.287047 0.000000
vt 0.295611 -1.188388 0.000000
vt 0.196952 -1.334549 0.000000
vt 0.321499 -1.208253 0.000000
vt 0.253834 -1.370291 0.000000
vt 0.351647 -1.220741 0.000000
vt 0.317243 -1.392478 0.000000
vt 0.383999 -1.225000 0.000000
vt 0.383999 -1.400000 0.000000
vt 0.450756 -1.392478 0.000000
vt 0.416352 -1.220741 0.000000
vt 0.514164 -1.370291 0.000000
vt 0.446499 -1.208253 0.000000
vt 0.571046 -1.334549 0.000000
vt 0.472388 -1.188388 0.000000
vt 0.618549 -1.287047 0.000000
vt 0.492253 -1.162500 0.000000
vt 0.654290 -1.230165 0.000000
vt 0.504740 -1.132352 0.000000
vt -0.200000 0.875158 0.000000
vt -0.000000 0.875158 0.000000
vt -0.200000 0.942478 0.000000
vt 0.000000 0.942478 0.000000
vt -0.200000 -0.942478 0.000000
vt 0.000000 -0.942478 0.000000
vt -0.200000 -0.875158 0.000000
vt -0.000000 -0.875158 0.000000
vt -0.200000 -0.807838 0.000000
vt -0.000000 -0.807838 0.000000
vt -0.200000 -0.740518 0.000000
vt -0.000000 -0.740518 0.000000
vt -0.200000 -0.673198 0.000000
vt -0.000000 -0.673198 0.000000
vt -0.200000 -0.605879 0.000000
vt -0.000000 -0.605879 0.000000
vt -0.200000 -0.538559 0.000000
vt -0.000000 -0.538559 0.000000
vt -0.200000 -0.471239 0.000000
vt -0.000000 -0.471239 0.000000
vt -0.200000 -0.403919 0.000000
vt -0.000000 -0.403919 0.000000
vt -0.200000 -0.336599 0.000000
vt -0.000000 -0.336599 0.000000
vt -0.200000 -0.269279 0.000000
vt -0.000000 -0.269279 0.000000
vt -0.200000 -0.201960 0.000000
vt -0.000000 -0.201960 0.000000
vt -0.200000 -0.134640 0.000000
vt -0.000000 -0.134640 0.000000
vt -0.200000 -0.067320 0.000000
vt -0.000000 -0.067320 0.000000
vt -0.200000 0.000000 0.000000
vt -0.000000 0.000000 0.000000
vt -0.200000 0.067320 0.000000
vt -0.000000 0.067320 0.000000
vt -0.200000 0.134640 0.000000
vt -0.000000 0.134640 0.000000
vt -0.200000 0.201960 0.000000
vt -0.000000 0.201960 0.000000
vt -0.200000 0.269279 0.000000
vt -0.000000 0.269279 0.000000
vt -0.200000 0.336599 0.000000
vt -0.000000 0.336599 0.000000
vt -0.200000 0.403919 0.000000
vt -0.000000 0.403919 0.000000
vt -0.200000 0.471239 0.000000
vt -0.000000 0.471239 0.000000
vt -0.200000 0.538559 0.000000
vt -0.000000 0.538559 0.000000
vt -0.200000 0.605879 0.000000
vt -0.000000 0.605879 0.000000
vt -0.200000 0.673198 0.000000
vt -0.000000 0.673198 0.000000
vt -0.200000 0.740518 0.000000
vt -0.000000 0.740518 0.000000
vt -0.200000 0.807838 0.000000
vt -0.000000 0.807838 0.000000
vt -0.023522 -0.466756 0.000000
vt -0.016000 -0.400000 0.000000
vt -0.191000 -0.400000 0.000000
vt -0.023522 -0.333244 0.000000
vt -0.195260 -0.367648 0.000000
vt -0.045710 -0.269835 0.000000
vt -0.207747 -0.337500 0.000000
vt -0.081451 -0.212953 0.000000
vt -0.227612 -0.311612 0.000000
vt -0.128954 -0.165451 0.000000
vt -0.253500 -0.291747 0.000000
vt -0.185835 -0.129710 0.000000
vt -0.283648 -0.279259 0.000000
vt -0.249244 -0.107522 0.000000
vt -0.316000 -0.275000 0.000000
vt -0.316000 -0.100000 0.000000
vt -0.382757 -0.107522 0.000000
vt -0.348353 -0.279259 0.000000
vt -0.446166 -0.129710 0.000000
vt -0.378500 -0.291747 0.000000
vt -0.503047 -0.165451 0.000000
vt -0.404389 -0.311612 0.000000
vt -0.550550 -0.212953 0.000000
vt -0.424254 -0.337500 0.000000
vt -0.586291 -0.269835 0.000000
vt -0.436741 -0.367648 0.000000
vt -0.608479 -0.333244 0.000000
vt -0.441000 -0.400000 0.000000
vt -0.616000 -0.400000 0.000000
vt -0.608479 -0.466756 0.000000
vt -0.436741 -0.432353 0.000000
vt -0.586291 -0.530165 0.000000
vt -0.424254 -0.462500 0.000000
vt -0.550550 -0.587047 0.000000
vt -0.404389 -0.488389 0.000000
vt -0.503047 -0.634550 0.000000
vt -0.378500 -0.508253 0.000000
vt -0.446166 -0.670291 0.000000
vt -0.348353 -0.520741 0.000000
vt -0.382757 -0.692479 0.000000
vt -0.316000 -0.525000 0.000000
vt -0.316000 -0.700000 0.000000
vt -0.249244 -0.692479 0.000000
vt -0.283648 -0.520741 0.000000
vt -0.185835 -0.670291 0.000000
vt -0.253500 -0.508253 0.000000
vt -0.128954 -0.634550 0.000000
vt -0.227612 -0.488389 0.000000
vt -0.081451 -0.587047 0.000000
vt -0.207747 -0.462500 0.000000
vt -0.045710 -0.530165 0.000000
vt -0.195260 -0.432353 0.000000
vt -0.200000 0.875158 0.000000
vt -0.000000 0.875158 0.000000
vt -0.200000 0.942478 0.000000
vt 0.000000 0.942478 0.000000
vt -0.200000 -0.942478 0.000000
vt 0.000000 -0.942478 0.000000
vt -0.200000 -0.875158 0.000000
vt -0.000000 -0.875158 0.000000
vt -0.200000 -0.807838 0.000000
vt 0.000000 -0.807838 0.000000
vt -0.200000 -0.740518 0.000000
vt 0.000000 -0.740518 0.000000
vt -0.200000 -0.673198 0.000000
vt 0.000000 -0.673198 0.000000
vt -0.200000 -0.605879 0.000000
vt 0.000000 -0.605879 0.000000
vt -0.200000 -0.538559 0.000000
vt 0.000000 -0.538559 0.000000
vt -0.200000 -0.471239 0.000000
vt 0.000000 -0.471239 0.000000
vt -0.200000 -0.403919 0.000000
vt 0.000000 -0.403919 0.000000
vt -0.200000 -0.336599 0.000000
vt 0.000000 -0.336599 0.000000
vt -0.200000 -0.269279 0.000000
vt 0.000000 -0.269279 0.000000
vt -0.200000 -0.201960 0.000000
vt 0.000000 -0.201960 0.000000
vt -0.200000 -0.134640 0.000000
vt 0.000000 -0.134640 0.000000
vt -0.200000 -0.067320 0.000000
vt -0.000000 -0.067320 0.000000
vt -0.200000 0.000000 0.000000
vt -0.000000 0.000000 0.000000
vt -0.200000 0.067320 0.000000
vt -0.000000 0.067320 0.000000
vt -0.200000 0.134640 0.000000
vt -0.000000 0.134640 0.000000
vt -0.200000 0.201960 0.000000
vt -0.000000 0.201960 0.000000
vt -0.200000 0.269279 0.000000
vt -0.000000 0.269279 0.000000
vt -0.200000 0.336599 0.000000
vt -0.000000 0.336599 0.000000
vt -0.200000 0.403919 0.000000
vt -0.000000 0.403919 0.000000
vt -0.200000 0.471239 0.000000
vt -0.000000 0.471239 0.000000
vt -0.200000 0.538559 0.000000
vt -0.000000 0.538559 0.000000
vt -0.200000 0.605879 0.000000
vt -0.000000 0.605879 0.000000
vt -0.200000 0.673198 0.000000
vt -0.000000 0.673198 0.000000
vt -0.200000 0.740518 0.000000
vt -0.000000 0.740518 0.000000
vt -0.200000 0.807838 0.000000
vt -0.000000 0.807838 0.000000
vt -0.723522 -1.166756 0.000000
vt -0.716000 -1.100000 0.000000
vt -0.891000 -1.100000 0.000000
vt -0.723522 -1.033244 0.000000
vt -0.895260 -1.067648 0.000000
vt -0.745710 -0.969835 0.000000
vt -0.907747 -1.037500 0.000000
vt -0.781451 -0.912953 0.000000
vt -0.927612 -1.011612 0.000000
vt -0.828953 -0.865451 0.000000
vt -0.953500 -0.991747 0.000000
vt -0.885835 -0.829709 0.000000
vt -0.983648 -0.979259 0.000000
vt -0.949244 -0.807522 0.000000
vt -1.016000 -0.975000 0.000000
vt -1.016000 -0.800000 0.000000
vt -1.082757 -0.807522 0.000000
vt -1.048353 -0.979259 0.000000
vt -1.146165 -0.829709 0.000000
vt -1.078500 -0.991747 0.000000
vt -1.203047 -0.865451 0.000000
vt -1.104389 -1.011612 0.000000
vt -1.250550 -0.912953 0.000000
vt -1.124253 -1.037500 0.000000
vt -1.286291 -0.969835 0.000000
vt -1.136741 -1.067648 0.000000
vt -1.308479 -1.033244 0.000000
vt -1.141000 -1.100000 0.000000
vt -1.316000 -1.100000 0.000000
vt -1.308479 -1.166756 0.000000
vt -1.136741 -1.132352 0.000000
vt -1.286291 -1.230165 0.000000
vt -1.124253 -1.162500 0.000000
vt -1.250550 -1.287047 0.000000
vt -1.104389 -1.188388 0.000000
vt -1.203047 -1.334549 0.000000
vt -1.078500 -1.208253 0.000000
vt -1.146165 -1.370291 0.000000
vt -1.048353 -1.220741 0.000000
vt -1.082757 -1.392478 0.000000
vt -1.016000 -1.225000 0.000000
vt -1.016000 -1.400000 0.000000
vt -0.949244 -1.392478 0.000000
vt -0.983648 -1.220741 0.000000
vt -0.885835 -1.370291 0.000000
vt -0.953500 -1.208253 0.000000
vt -0.828953 -1.334549 0.000000
vt -0.927612 -1.188388 0.000000
vt -0.781451 -1.287047 0.000000
vt -0.907747 -1.162500 0.000000
vt -0.745710 -1.230165 0.000000
vt -0.895260 -1.132352 0.000000
vt -0.200000 0.471239 0.000000
vt -0.000000 0.471239 0.000000
vt -0.200000 0.538559 0.000000
vt 0.000000 0.538559 0.000000
vt -0.200000 0.605879 0.000000
vt 0.000000 0.605879 0.000000
vt -0.200000 0.673198 0.000000
vt 0.000000 0.673198 0.000000
vt -0.200000 0.740518 0.000000
vt 0.000000 0.740518 0.000000
vt -0.200000 0.807838 0.000000
vt 0.000000 0.807838 0.000000
vt -0.200000 0.875158 0.000000
vt 0.000000 0.875158 0.000000
vt -0.200000 0.942478 0.000000
vt 0.000000 0.942478 0.000000
vt -0.200000 -0.942478 0.000000
vt 0.000000 -0.942478 0.000000
vt -0.200000 -0.875158 0.000000
vt 0.000000 -0.875158 0.000000
vt -0.200000 -0.807838 0.000000
vt 0.000000 -0.807838 0.000000
vt -0.200000 -0.740518 0.000000
vt 0.000000 -0.740518 0.000000
vt -0.200000 -0.673198 0.000000
vt 0.000000 -0.673198 0.000000
vt -0.200000 -0.605879 0.000000
vt 0.000000 -0.605879 0.000000
vt -0.200000 -0.538559 0.000000
vt 0.000000 -0.538559 0.000000
vt -0.200000 -0.471239 0.000000
vt 0.000000 -0.471239 0.000000
vt -0.200000 -0.403919 0.000000
vt 0.000000 -0.403919 0.000000
vt -0.200000 -0.336599 0.000000
vt 0.000000 -0.336599 0.000000
vt -0.200000 -0.269279 0.000000
vt 0.000000 -0.269279 0.000000
vt -0.200000 -0.201960 0.000000
vt 0.000000 -0.201960 0.000000
vt -0.200000 -0.134640 0.000000
vt 0.000000 -0.134640 0.000000
vt -0.200000 -0.067320 0.000000
vt 0.000000 -0.067320 0.000000
vt -0.200000 0.000000 0.000000
vt 0.000000 0.000000 0.000000
vt -0.200000 0.067320 0.000000
vt 0.000000 0.067320 0.000000
vt -0.200000 0.134640 0.000000
vt 0.000000 0.134640 0.000000
vt -0.200000 0.201960 0.000000
vt 0.000000 0.201960 0.000000
vt -0.200000 0.269279 0.000000
vt 0.000000 0.269279 0.000000
vt -0.200000 0.336599 0.000000
vt 0.000000 0.336599 0.000000
vt -0.200000 0.403919 0.000000
vt 0.000000 0.403919 0.000000
vt -0.382757 -2.092478 0.000000
vt -0.316000 -2.100000 0.000000
vt -0.316000 -1.925000 0.000000
vt -0.249244 -2.092478 0.000000
vt -0.283648 -1.920741 0.000000
vt -0.185835 -2.070290 0.000000
vt -0.253500 -1.908253 0.000000
vt -0.128954 -2.034549 0.000000
vt -0.227612 -1.888388 0.000000
vt -0.081451 -1.987047 0.000000
vt -0.207747 -1.862500 0.000000
vt -0.045710 -1.930165 0.000000
vt -0.195260 -1.832352 0.000000
vt -0.023522 -1.866756 0.000000
vt -0.191000 -1.800000 0.000000
vt -0.016000 -1.800000 0.000000
vt -0.023522 -1.733244 0.000000
vt -0.195260 -1.767647 0.000000
vt -0.045710 -1.669835 0.000000
vt -0.207747 -1.737500 0.000000
vt -0.081451 -1.612953 0.000000
vt -0.227612 -1.711611 0.000000
vt -0.128954 -1.565450 0.000000
vt -0.253500 -1.691747 0.000000
vt -0.185835 -1.529709 0.000000
vt -0.283648 -1.679259 0.000000
vt -0.249244 -1.507521 0.000000
vt -0.316000 -1.675000 0.000000
vt -0.316000 -1.500000 0.000000
vt -0.382757 -1.507521 0.000000
vt -0.348353 -1.679259 0.000000
vt -0.446166 -1.529709 0.000000
vt -0.378500 -1.691747 0.000000
vt -0.503047 -1.565450 0.000000
vt -0.404389 -1.711611 0.000000
vt -0.550550 -1.612953 0.000000
vt -0.424254 -1.737500 0.000000
vt -0.586291 -1.669835 0.000000
vt -0.436741 -1.767647 0.000000
vt -0.608479 -1.733244 0.000000
vt -0.441000 -1.800000 0.000000
vt -0.616000 -1.800000 0.000000
vt -0.608479 -1.866756 0.000000
vt -0.436741 -1.832352 0.000000
vt -0.586291 -1.930165 0.000000
vt -0.424254 -1.862500 0.000000
vt -0.550550 -1.987047 0.000000
vt -0.404389 -1.888388 0.000000
vt -0.503047 -2.034549 0.000000
vt -0.378500 -1.908253 0.000000
vt -0.446166 -2.070290 0.000000
vt -0.348353 -1.920741 0.000000
vt -1.787147 -0.304421 0.000000
vt -0.992478 -0.066756 0.000000
vt -1.793991 -0.200000 0.000000
vt -1.000000 -0.000000 0.000000
vt -0.992478 0.066756 0.000000
vt -0.970290 -0.130165 0.000000
vt -1.766732 -0.407055 0.000000
vt -1.733095 -0.506147 0.000000
vt -1.686812 -0.600000 0.000000
vt -0.934549 -0.187047 0.000000
vt -1.628674 -0.687009 0.000000
vt -1.559677 -0.765685 0.000000
vt -1.481001 -0.834683 0.000000
vt -0.887047 -0.234549 0.000000
vt -1.393991 -0.892820 0.000000
vt -1.300138 -0.939104 0.000000
vt -1.201047 -0.972741 0.000000
vt -0.830165 -0.270291 0.000000
vt -1.098412 -0.993156 0.000000
vt -0.993991 -1.000000 0.000000
vt -0.000000 -1.000000 0.000000
vt -0.066756 -0.992478 0.000000
vt -0.130165 -0.970290 0.000000
vt -0.187047 -0.934549 0.000000
vt -0.234549 -0.887047 0.000000
vt -0.270291 -0.830165 0.000000
vt -0.292478 -0.766756 0.000000
vt -0.300000 -0.700000 0.000000
vt -0.700000 -0.300000 0.000000
vt -0.766756 -0.292478 0.000000
vt -0.292478 -0.633244 0.000000
vt -0.633244 -0.292478 0.000000
vt -0.270291 -0.569835 0.000000
vt -0.569835 -0.270291 0.000000
vt -0.234549 -0.512953 0.000000
vt -0.512953 -0.234549 0.000000
vt -0.241394 -0.228660 0.000000
vt -0.465450 -0.187047 0.000000
vt -0.284905 -0.171422 0.000000
vt -0.429709 -0.130165 0.000000
vt -0.315095 -0.106168 0.000000
vt -0.407521 -0.066756 0.000000
vt -0.330551 -0.035950 0.000000
vt -0.400000 0.000000 0.000000
vt -0.330551 0.035950 0.000000
vt -0.407521 0.066756 0.000000
vt -0.315095 0.106168 0.000000
vt -0.429709 0.130165 0.000000
vt -0.284905 0.171422 0.000000
vt -0.465450 0.187047 0.000000
vt -0.241394 0.228660 0.000000
vt -0.512953 0.234549 0.000000
vt -0.234549 0.512953 0.000000
vt -0.569835 0.270291 0.000000
vt -0.270291 0.569835 0.000000
vt -0.633244 0.292478 0.000000
vt -0.292478 0.633244 0.000000
vt -0.700000 0.300000 0.000000
vt -0.300000 0.700000 0.000000
vt -0.766756 0.292478 0.000000
vt -0.292478 0.766756 0.000000
vt -0.830165 0.270291 0.000000
vt -0.270291 0.830165 0.000000
vt -1.793991 2.600000 0.000000
vt -0.234549 0.887047 0.000000
vt -0.187047 0.934549 0.000000
vt -0.187047 -0.465450 0.000000
vt -0.186595 -0.275207 0.000000
vt -0.130165 -0.429709 0.000000
vt -0.123071 -0.308885 0.000000
vt -0.066756 -0.407521 0.000000
vt -0.053793 -0.328120 0.000000
vt -0.000000 -0.400000 0.000000
vt 0.018001 -0.332012 0.000000
vt 0.066756 -0.407521 0.000000
vt 0.088953 -0.320380 0.000000
vt 0.130165 -0.429709 0.000000
vt 0.155746 -0.293768 0.000000
vt 0.187047 -0.465450 0.000000
vt 0.215256 -0.253419 0.000000
vt 0.234549 -0.512953 0.000000
vt 0.512953 -0.234549 0.000000
vt 0.569835 -0.270291 0.000000
vt 0.270291 -0.569835 0.000000
vt 0.633244 -0.292478 0.000000
vt 0.292478 -0.633244 0.000000
vt 0.787009 -0.834683 0.000000
vt 0.700000 -0.892820 0.000000
vt 0.300000 -0.700000 0.000000
vt 0.606147 -0.939104 0.000000
vt 0.292478 -0.766756 0.000000
vt 0.507055 -0.972741 0.000000
vt 0.270291 -0.830165 0.000000
vt 0.404421 -0.993156 0.000000
vt 0.234549 -0.887047 0.000000
vt 0.300000 -1.000000 0.000000
vt 0.187047 -0.934549 0.000000
vt 0.130165 -0.970290 0.000000
vt 0.066756 -0.992478 0.000000
vt 0.700000 -0.300000 0.000000
vt 0.865685 -0.765685 0.000000
vt 0.934682 -0.687009 0.000000
vt 0.766756 -0.292478 0.000000
vt 0.992820 -0.600000 0.000000
vt 1.039103 -0.506147 0.000000
vt 0.830165 -0.270291 0.000000
vt 1.072740 -0.407055 0.000000
vt 0.887047 -0.234549 0.000000
vt 1.093156 -0.304421 0.000000
vt 0.934549 -0.187047 0.000000
vt 1.100000 -0.200000 0.000000
vt 0.970290 -0.130165 0.000000
vt 0.992478 -0.066756 0.000000
vt 1.000000 0.000000 0.000000
vt 0.992478 0.066756 0.000000
vt 1.100000 1.000000 0.000000
vt 0.970290 0.130165 0.000000
vt 0.934549 0.187047 0.000000
vt 0.887047 0.234549 0.000000
vt 0.830165 0.270291 0.000000
vt 0.766756 0.292478 0.000000
vt 0.700000 0.300000 0.000000
vt 0.300000 0.700000 0.000000
vt 0.292478 0.633244 0.000000
vt 1.106951 1.148978 0.000000
vt 0.270291 0.830165 0.000000
vt 0.292478 0.766756 0.000000
vt 1.127743 1.296662 0.000000
vt 0.187047 0.934549 0.000000
vt 0.234549 0.887047 0.000000
vt 0.130165 0.970290 0.000000
vt 1.162196 1.441769 0.000000
vt 1.210010 1.583037 0.000000
vt 0.066756 0.992478 0.000000
vt 1.270771 1.719239 0.000000
vt -0.000000 1.000000 0.000000
vt 1.343949 1.849192 0.000000
vt -1.793999 3.200000 0.000000
vt -1.793999 2.600000 0.000000
vt 1.428910 1.971767 0.000000
vt 1.524915 2.085898 0.000000
vt 1.631129 2.190595 0.000000
vt 1.746631 2.284946 0.000000
vt 2.426000 3.200000 0.000000
vt 1.870416 2.368134 0.000000
vt 2.001409 2.439434 0.000000
vt 2.138471 2.498228 0.000000
vt 2.280413 2.544004 0.000000
vt 2.426000 2.576364 0.000000
vt -0.934549 0.187047 0.000000
vt -0.887047 0.234549 0.000000
vt 0.324726 0.071478 0.000000
vt 0.332500 0.000000 0.000000
vt 0.400000 0.000000 0.000000
vt 0.324726 -0.071478 0.000000
vt 0.407521 -0.066756 0.000000
vt 0.429709 -0.130165 0.000000
vt 0.301769 -0.139613 0.000000
vt 0.465450 -0.187047 0.000000
vt 0.264701 -0.201220 0.000000
vt -0.187047 0.465450 0.000000
vt -0.186595 0.275207 0.000000
vt -0.130165 0.429709 0.000000
vt -0.123071 0.308885 0.000000
vt -0.066756 0.407521 0.000000
vt -0.053793 0.328120 0.000000
vt 0.000000 0.400000 0.000000
vt 0.018001 0.332012 0.000000
vt 0.066756 0.407521 0.000000
vt 0.088953 0.320380 0.000000
vt 0.130165 0.429709 0.000000
vt 0.155746 0.293768 0.000000
vt 0.187047 0.465450 0.000000
vt 0.215256 0.253419 0.000000
vt 0.234549 0.512953 0.000000
vt 0.512953 0.234549 0.000000
vt 0.569835 0.270291 0.000000
vt 0.264701 0.201220 0.000000
vt 0.465450 0.187047 0.000000
vt 0.301769 0.139613 0.000000
vt 0.429709 0.130165 0.000000
vt 0.407521 0.066756 0.000000
vt -0.970290 0.130165 0.000000
vt 0.633244 0.292478 0.000000
vt 0.270291 0.569835 0.000000
vt -0.130165 0.970290 0.000000
vt -0.066756 0.992478 0.000000
vt 2.860000 0.549779 0.000000
vt 2.460000 0.549779 0.000000
vt 2.860000 0.449819 0.000000
vt 2.460000 0.449819 0.000000
vt 2.860000 0.349859 0.000000
vt 2.460000 0.349859 0.000000
vt 2.860000 0.249899 0.000000
vt 2.460000 0.249899 0.000000
vt 2.860000 0.149940 0.000000
vt 2.460000 0.149940 0.000000
vt 2.860000 0.049980 0.000000
vt 2.460000 0.049980 0.000000
vt 2.860000 -0.049980 0.000000
vt 2.460000 -0.049980 0.000000
vt 2.860000 -0.149940 0.000000
vt 2.460000 -0.149940 0.000000
vt 2.860000 -0.249899 0.000000
vt 2.460000 -0.249899 0.000000
vt 2.860000 -0.349859 0.000000
vt 2.460000 -0.349859 0.000000
vt 2.860000 -0.449819 0.000000
vt 2.460000 -0.449819 0.000000
vt 2.860000 -0.549779 0.000000
vt 2.460000 -0.549779 0.000000
vt 2.460000 -0.549779 0.000000
vt 2.859992 -0.549779 0.000000
vt 2.460000 -0.449819 0.000000
vt 2.859992 -0.449819 0.000000
vt 2.460000 -0.349859 0.000000
vt 2.859992 -0.349859 0.000000
vt 2.460000 -0.249899 0.000000
vt 2.859992 -0.249899 0.000000
vt 2.460000 -0.149940 0.000000
vt 2.859992 -0.149940 0.000000
vt 2.460000 -0.049980 0.000000
vt 2.859992 -0.049980 0.000000
vt 2.460000 0.049980 0.000000
vt 2.859992 0.049980 0.000000
vt 2.460000 0.149940 0.000000
vt 2.859992 0.149940 0.000000
vt 2.460000 0.249899 0.000000
vt 2.859992 0.249899 0.000000
vt 2.460000 0.349859 0.000000
vt 2.859992 0.349859 0.000000
vt 2.460000 0.449819 0.000000
vt 2.859992 0.449819 0.000000
vt 2.460000 0.549779 0.000000
vt 2.859992 0.549779 0.000000
vt -1.000000 5.120000 0.000000
vt 0.607885 3.854429 0.000000
vt 0.300000 5.120000 0.000000
vt 0.631417 3.977785 0.000000
vt 0.670224 4.097220 0.000000
vt -1.000000 1.026000 0.000000
vt -0.992296 1.182828 0.000000
vt -0.969256 1.338145 0.000000
vt -0.931105 1.490456 0.000000
vt -0.878207 1.638294 0.000000
vt -0.811074 1.780235 0.000000
vt -0.730351 1.914913 0.000000
vt -0.636817 2.041030 0.000000
vt -0.531371 2.157371 0.000000
vt -0.415029 2.262817 0.000000
vt -0.288912 2.356352 0.000000
vt -0.154235 2.437074 0.000000
vt 0.600000 3.729096 0.000000
vt -0.012293 2.504208 0.000000
vt 0.607885 3.603762 0.000000
vt 0.135545 2.557105 0.000000
vt 0.631417 3.480406 0.000000
vt 0.287855 2.595257 0.000000
vt 0.670224 3.360971 0.000000
vt 0.443173 2.618296 0.000000
vt 0.723693 3.247342 0.000000
vt 0.600000 2.626000 0.000000
vt 0.790983 3.141310 0.000000
vt 0.871031 3.044548 0.000000
vt 0.962576 2.958582 0.000000
vt 1.064173 2.884768 0.000000
vt 1.174221 2.824268 0.000000
vt 1.290983 2.778039 0.000000
vt 1.412619 2.746808 0.000000
vt 1.800000 2.626000 0.000000
vt 1.537209 2.731069 0.000000
vt 1.662791 2.731069 0.000000
vt 1.787381 2.746808 0.000000
vt 1.904421 2.632845 0.000000
vt 1.909017 2.778039 0.000000
vt 2.007055 2.653260 0.000000
vt 2.025779 2.824268 0.000000
vt 2.106147 2.686897 0.000000
vt 2.135827 2.884768 0.000000
vt 2.200000 2.733180 0.000000
vt 2.287009 2.791318 0.000000
vt 2.237424 2.958582 0.000000
vt 2.365685 2.860315 0.000000
vt 2.328969 3.044548 0.000000
vt 2.434683 2.938991 0.000000
vt 2.492820 3.026000 0.000000
vt 2.409017 3.141310 0.000000
vt 2.539104 3.119854 0.000000
vt 2.476307 3.247342 0.000000
vt 2.572741 3.218945 0.000000
vt 2.593156 3.321579 0.000000
vt 2.529776 3.360971 0.000000
vt 2.600000 3.426000 0.000000
vt 2.568583 3.480406 0.000000
vt 2.592115 3.603762 0.000000
vt 2.600000 3.729096 0.000000
vt 0.723693 4.210849 0.000000
vt 0.790983 4.316881 0.000000
vt 0.871031 4.413643 0.000000
vt 0.962576 4.499609 0.000000
vt 1.064173 4.573423 0.000000
vt 1.174221 4.633923 0.000000
vt 0.300000 5.519992 0.000000
vt 1.290983 4.680152 0.000000
vt 1.800000 5.519992 0.000000
vt 1.412619 4.711383 0.000000
vt 1.537209 4.727122 0.000000
vt 1.662791 4.727122 0.000000
vt 1.787381 4.711383 0.000000
vt 1.904421 5.513147 0.000000
vt 2.007055 5.492732 0.000000
vt 1.909017 4.680152 0.000000
vt 2.106147 5.459095 0.000000
vt 2.200000 5.412812 0.000000
vt 2.025779 4.633923 0.000000
vt 2.287009 5.354674 0.000000
vt 2.365685 5.285677 0.000000
vt 2.434683 5.207001 0.000000
vt 2.135827 4.573423 0.000000
vt 2.492820 5.119992 0.000000
vt 2.539104 5.026138 0.000000
vt 2.572741 4.927047 0.000000
vt 2.237424 4.499609 0.000000
vt 2.593156 4.824413 0.000000
vt 2.600000 4.719992 0.000000
vt 2.328969 4.413643 0.000000
vt 2.409017 4.316881 0.000000
vt 2.476307 4.210849 0.000000
vt 2.529776 4.097220 0.000000
vt 2.568583 3.977785 0.000000
vt 2.592115 3.854429 0.000000
vt -0.150000 -0.628319 0.000000
vt 0.284000 -0.628319 0.000000
vt -0.150000 -0.523599 0.000000
vt 0.284000 -0.523599 0.000000
vt -0.150000 -0.418879 0.000000
vt 0.284000 -0.418879 0.000000
vt -0.150000 -0.314159 0.000000
vt 0.284000 -0.314159 0.000000
vt -0.150000 -0.209440 0.000000
vt 0.284000 -0.209440 0.000000
vt -0.150000 -0.104720 0.000000
vt 0.284000 -0.104720 0.000000
vt -0.150000 0.000000 0.000000
vt 0.284000 0.000000 0.000000
vt -0.150000 0.104720 0.000000
vt 0.284000 0.104720 0.000000
vt -0.150000 0.209440 0.000000
vt 0.284000 0.209440 0.000000
vt -0.150000 0.314159 0.000000
vt 0.284000 0.314159 0.000000
vt -0.150000 0.418879 0.000000
vt 0.284000 0.418879 0.000000
vt -0.150000 0.523599 0.000000
vt 0.284000 0.523599 0.000000
vt -0.150000 0.628319 0.000000
vt 0.284000 0.628319 0.000000
vt 0.284000 1.800000 0.000000
vt -0.150000 1.800000 0.000000
vt 0.284000 0.300000 0.000000
vt -0.150000 -1.000000 0.000000
vt 0.291125 0.200380 0.000000
vt 0.284000 -0.400000 0.000000
vt 0.312355 0.102787 0.000000
vt 0.347258 0.009209 0.000000
vt 0.395123 -0.078449 0.000000
vt 0.454975 -0.158403 0.000000
vt 0.525597 -0.229025 0.000000
vt 0.605551 -0.288877 0.000000
vt 0.693209 -0.336742 0.000000
vt 0.786787 -0.371645 0.000000
vt 0.884380 -0.392875 0.000000
vt 0.984000 -0.400000 0.000000
vt 0.284000 -1.000000 0.000000
vt 4.396500 1.759992 0.000000
vt 4.830500 1.759992 0.000000
vt 4.396500 1.760000 0.000000
vt 4.830500 1.760000 0.000000
vt -0.000008 -0.000000 0.000000
vt -0.000000 0.000000 0.000000
vt -0.000008 0.600000 0.000000
vt -0.000000 0.600000 0.000000
vt -1.765891 -0.150000 0.000000
vt -0.771900 -0.150000 0.000000
vt -1.765891 0.050000 0.000000
vt -0.771900 0.284000 0.000000
vt -1.762796 0.284000 0.000000
vt -2.065891 0.284000 0.000000
vt -2.065891 -0.150000 0.000000
vt -0.000000 0.000000 0.000000
vt -3.191000 0.600000 0.000000
vt -3.891000 0.000000 0.000000
vt -3.290620 0.607125 0.000000
vt -3.388213 0.628355 0.000000
vt -0.000000 1.300000 0.000000
vt -0.007125 1.200380 0.000000
vt -0.028355 1.102787 0.000000
vt -0.063258 1.009209 0.000000
vt -0.111123 0.921551 0.000000
vt -0.170975 0.841597 0.000000
vt -0.241597 0.770975 0.000000
vt -0.321551 0.711123 0.000000
vt -0.409209 0.663258 0.000000
vt -0.502787 0.628355 0.000000
vt -0.600380 0.607125 0.000000
vt -0.700000 0.600000 0.000000
vt -3.481791 0.663258 0.000000
vt -3.569449 0.711123 0.000000
vt -3.649403 0.770975 0.000000
vt -3.720025 0.841597 0.000000
vt -3.779877 0.921551 0.000000
vt -3.827742 1.009209 0.000000
vt -3.862645 1.102787 0.000000
vt -3.883875 1.200380 0.000000
vt -3.891000 1.300000 0.000000
vt 1.945500 0.200000 0.000000
vt -1.245500 0.200000 0.000000
vt 1.245500 0.199992 0.000000
vt -1.245500 -0.200000 0.000000
vt 1.245500 -0.200000 0.000000
vt 1.945500 0.199992 0.000000
vt 4.396500 1.360000 0.000000
vt 0.505500 1.360000 0.000000
vt 4.396500 -2.733999 0.000000
vt 3.530500 -3.760000 0.000000
vt 3.666096 -3.752909 0.000000
vt 0.505500 -3.760000 0.000000
vt 3.800214 -3.731713 0.000000
vt 3.931388 -3.696644 0.000000
vt 4.058190 -3.648084 0.000000
vt 4.179234 -3.586563 0.000000
vt 4.293202 -3.512751 0.000000
vt 4.398849 -3.427455 0.000000
vt 4.495023 -3.331605 0.000000
vt 4.580674 -3.226247 0.000000
vt 4.654869 -3.112529 0.000000
vt 4.716798 -2.991692 0.000000
vt 4.765785 -2.865055 0.000000
vt 4.801297 -2.733999 0.000000
vt -3.739653 -0.825347 0.000000
vt -0.983000 -0.872665 0.000000
vt -3.743000 -0.747773 0.000000
vt -0.983000 -0.698132 0.000000
vt -3.743000 -0.569421 0.000000
vt -0.983000 -0.523599 0.000000
vt -3.743000 -0.391070 0.000000
vt -0.983000 -0.349066 0.000000
vt -3.743000 -0.212718 0.000000
vt -0.983000 -0.174533 0.000000
vt -3.743000 -0.034367 0.000000
vt -0.983000 0.000000 0.000000
vt -3.743000 0.143985 0.000000
vt -0.983000 0.174533 0.000000
vt -3.743000 0.322336 0.000000
vt -0.983000 0.349066 0.000000
vt -3.743000 0.500687 0.000000
vt -0.983000 0.523599 0.000000
vt -3.743000 0.679039 0.000000
vt -0.983000 0.698132 0.000000
vt -3.743000 0.857390 0.000000
vt -0.983000 0.872665 0.000000
vt -3.743000 1.035742 0.000000
vt -0.983000 1.047198 0.000000
vt -3.743000 1.214093 0.000000
vt -0.983000 1.221730 0.000000
vt -3.743000 1.392445 0.000000
vt -0.983000 1.396263 0.000000
vt -3.743000 1.570796 0.000000
vt 1.777000 1.570796 0.000000
vt 1.777000 1.396263 0.000000
vt 1.777000 1.221730 0.000000
vt 1.777000 1.047198 0.000000
vt 1.777000 0.872665 0.000000
vt 1.777000 0.698132 0.000000
vt 1.777000 0.523599 0.000000
vt 1.777000 0.349066 0.000000
vt 1.777000 0.174533 0.000000
vt 1.777000 0.000000 0.000000
vt 1.777000 -0.174533 0.000000
vt 1.777000 -0.349066 0.000000
vt 1.777000 -0.523599 0.000000
vt 1.777000 -0.698132 0.000000
vt 1.777000 -0.872665 0.000000
vt 1.777000 -1.047198 0.000000
vt -0.983000 -1.047198 0.000000
vt 1.777000 -1.221730 0.000000
vt -0.983000 -1.221730 0.000000
vt -0.017000 -1.345319 0.000000
vt -0.983000 -1.396325 0.000000
vt -0.036107 -1.346829 0.000000
vt -0.055297 -1.351382 0.000000
vt -0.073669 -1.358999 0.000000
vt -0.090465 -1.369361 0.000000
vt -0.105067 -1.381807 0.000000
vt -0.117537 -1.396347 0.000000
vt -0.127952 -1.413093 0.000000
vt -3.398434 -1.428127 0.000000
vt -0.135664 -1.431431 0.000000
vt -3.330172 -1.470671 0.000000
vt -0.140339 -1.450614 0.000000
vt -0.141996 -1.469751 0.000000
vt -3.257436 -1.506407 0.000000
vt -0.140658 -1.488835 0.000000
vt -0.136298 -1.508054 0.000000
vt -3.181301 -1.534381 0.000000
vt -2.946872 -1.570796 0.000000
vt -3.103160 -1.554400 0.000000
vt -3.024516 -1.566520 0.000000
vt -3.729402 -0.904106 0.000000
vt -3.711928 -0.982636 0.000000
vt -3.686914 -1.059517 0.000000
vt -3.654185 -1.133399 0.000000
vt -3.614404 -1.203241 0.000000
vt -3.568533 -1.268072 0.000000
vt -3.517534 -1.326888 0.000000
vt -3.461211 -1.379859 0.000000
vt -0.092000 -1.570796 0.000000
vt -0.106372 -1.558189 0.000000
vt -0.118692 -1.543429 0.000000
vt -0.128883 -1.526510 0.000000
vt 1.777000 -1.396263 0.000000
vt 0.002107 -1.346829 0.000000
vt 0.021296 -1.351382 0.000000
vt 0.039668 -1.358998 0.000000
vt 0.056463 -1.369360 0.000000
vt 0.071068 -1.381807 0.000000
vt 0.083536 -1.396345 0.000000
vt 0.093952 -1.413091 0.000000
vt 0.101664 -1.431429 0.000000
vt 0.106340 -1.450613 0.000000
vt 0.107996 -1.469752 0.000000
vt 0.106658 -1.488835 0.000000
vt 1.777000 -1.570796 0.000000
vt 0.102298 -1.508055 0.000000
vt 0.094883 -1.526510 0.000000
vt 0.084692 -1.543429 0.000000
vt 0.072372 -1.558189 0.000000
vt 0.058000 -1.570796 0.000000
vt -3.760000 1.894500 0.000000
vt 1.760000 1.894500 0.000000
vt -3.760000 2.930500 0.000000
vt 1.760000 2.930500 0.000000
vt -3.752310 3.136008 0.000000
vt 1.752310 3.136008 0.000000
vt -3.729285 3.340366 0.000000
vt 1.729284 3.340366 0.000000
vt -3.691052 3.542433 0.000000
vt 1.691051 3.542433 0.000000
vt -3.637825 3.741077 0.000000
vt 1.637825 3.741077 0.000000
vt -3.569903 3.935188 0.000000
vt 1.569903 3.935188 0.000000
vt -3.487664 4.123680 0.000000
vt 1.487664 4.123680 0.000000
vt -3.391570 4.305500 0.000000
vt 1.391570 4.305500 0.000000
vt -3.282156 4.479630 0.000000
vt 1.282156 4.479630 0.000000
vt -3.160036 4.645097 0.000000
vt 1.160036 4.645097 0.000000
vt -3.025892 4.800975 0.000000
vt 1.025892 4.800975 0.000000
vt -2.880475 4.946393 0.000000
vt 0.880475 4.946393 0.000000
vt -2.724597 5.080537 0.000000
vt 0.724597 5.080537 0.000000
vt -2.559130 5.202657 0.000000
vt 0.559130 5.202657 0.000000
vt -2.385000 5.312070 0.000000
vt 0.385000 5.312070 0.000000
vt -2.203180 5.408164 0.000000
vt 0.203180 5.408164 0.000000
vt -2.014688 5.490403 0.000000
vt 0.014688 5.490403 0.000000
vt -1.820577 5.558325 0.000000
vt -0.179424 5.558325 0.000000
vt -1.621932 5.611552 0.000000
vt -1.419866 5.649785 0.000000
vt -1.215508 5.672810 0.000000
vt -1.010000 5.680500 0.000000
vt -0.378068 5.611552 0.000000
vt -0.990000 5.680500 0.000000
vt -0.580134 5.649785 0.000000
vt -0.784493 5.672810 0.000000
vt 0.033377 -0.000000 0.000000
vt 0.408205 0.229025 0.000000
vt 0.033377 1.600000 0.000000
vt 0.488159 0.288877 0.000000
vt 0.575817 0.336742 0.000000
vt 0.033272 -0.000000 0.000000
vt 0.194962 -0.102787 0.000000
vt 0.229865 -0.009209 0.000000
vt 0.277730 0.078449 0.000000
vt 0.032519 -0.000000 0.000000
vt 0.030867 -0.000000 0.000000
vt 0.028474 -0.000000 0.000000
vt 0.028474 0.600000 0.000000
vt 0.011366 0.600000 0.000000
vt 0.011366 -0.000000 0.000000
vt 0.010960 -0.000000 0.000000
vt 0.008252 -0.000000 0.000000
vt 0.005859 -0.000000 0.000000
vt 0.005537 -0.000000 0.000000
vt 0.003258 -0.000000 0.000000
vt 0.001419 -0.000000 0.000000
vt 0.000168 -0.000000 0.000000
vt -0.000000 -0.000000 0.000000
vt -0.000000 1.600000 0.000000
vt -0.819179 0.414214 0.000000
vt -0.701304 0.285575 0.000000
vt -0.595088 0.147153 0.000000
vt -3.269392 1.600000 0.000000
vt -2.059081 0.992389 0.000000
vt -1.886096 0.969616 0.000000
vt -1.715754 0.931852 0.000000
vt -3.269392 1.000000 0.000000
vt -2.233392 1.000000 0.000000
vt -1.549352 0.879385 0.000000
vt -1.388156 0.812616 0.000000
vt -1.233392 0.732051 0.000000
vt -1.086240 0.638304 0.000000
vt -0.947817 0.532089 0.000000
vt -0.501342 -0.000000 0.000000
vt -0.420777 -0.154763 0.000000
vt 0.173733 -0.200380 0.000000
vt -0.354007 -0.315960 0.000000
vt 0.166608 -0.300000 0.000000
vt -0.301541 -0.482362 0.000000
vt -0.263777 -0.652704 0.000000
vt -0.241003 -0.825689 0.000000
vt -0.233392 -1.000000 0.000000
vt 0.166608 -1.800000 0.000000
vt -0.233392 -1.800000 0.000000
vt 0.337583 0.158403 0.000000
vt 0.669395 0.371645 0.000000
vt 0.766987 0.392875 0.000000
vt 0.866608 0.400000 0.000000
vt 2.719839 1.000000 0.000000
vt 4.057608 0.400000 0.000000
vt 2.719943 1.000000 0.000000
vt 2.720696 1.000000 0.000000
vt 2.722348 1.000000 0.000000
vt 2.724741 1.000000 0.000000
vt 2.727744 1.000000 0.000000
vt 2.731168 1.000000 0.000000
vt 2.734796 1.000000 0.000000
vt 2.738416 1.000000 0.000000
vt 2.738862 1.000000 0.000000
vt 2.741849 1.000000 0.000000
vt 2.742256 1.000000 0.000000
vt 2.744963 1.000000 0.000000
vt 2.747356 1.000000 0.000000
vt 2.747678 1.000000 0.000000
vt 2.749957 1.000000 0.000000
vt 2.751797 1.000000 0.000000
vt 2.753047 1.000000 0.000000
vt 2.753215 1.000000 0.000000
vt 2.754245 1.000000 0.000000
vt 2.753215 1.600000 0.000000
vt 2.754245 1.600000 0.000000
vt 4.057608 1.000000 0.000000
vt 2.755242 1.000000 0.000000
vt 2.754922 1.000000 0.000000
vt 2.754333 1.000000 0.000000
vt 4.491608 1.000000 0.000000
vt 4.491608 1.600000 0.000000
vt 2.755242 1.600000 0.000000
vt 2.719839 1.600000 0.000000
vt -1.776364 -1.021018 0.000000
vt -1.786612 -0.953402 0.000000
vt -2.400000 -1.021018 0.000000
vt -2.400000 -0.884882 0.000000
vt -1.794017 -0.884695 0.000000
vt -1.798503 -0.815137 0.000000
vt -2.400000 -0.748746 0.000000
vt -1.800000 -0.744948 0.000000
vt -2.400000 -0.612611 0.000000
vt -1.800000 -0.609104 0.000000
vt -2.400000 -0.476475 0.000000
vt -1.800000 -0.473261 0.000000
vt -2.400000 -0.340339 0.000000
vt -1.800000 -0.337417 0.000000
vt -2.400000 -0.204204 0.000000
vt -1.800000 -0.201574 0.000000
vt -2.400000 -0.068068 0.000000
vt -1.800000 -0.065730 0.000000
vt -2.400000 0.068068 0.000000
vt -1.800000 0.070113 0.000000
vt -2.400000 0.204204 0.000000
vt -1.800000 0.205957 0.000000
vt -2.400000 0.340339 0.000000
vt -1.800000 0.341800 0.000000
vt -2.400000 0.476475 0.000000
vt -1.800000 0.477644 0.000000
vt -2.400000 0.612611 0.000000
vt -1.800000 0.613487 0.000000
vt -2.400000 0.748746 0.000000
vt -1.800000 0.749331 0.000000
vt -2.400000 0.884882 0.000000
vt -1.800000 0.885174 0.000000
vt -2.400000 1.021018 0.000000
vt -1.800000 1.021018 0.000000
vt 2.461047 -1.256637 0.000000
vt 2.473973 -1.187636 0.000000
vt 2.056250 -1.256637 0.000000
vt 2.056250 -1.099557 0.000000
vt 2.483084 -1.118534 0.000000
vt 2.488475 -1.049643 0.000000
vt 2.056250 -0.942478 0.000000
vt 2.490250 -0.981280 0.000000
vt 2.490250 -0.832086 0.000000
vt 2.056250 -0.785398 0.000000
vt 2.490250 -0.682891 0.000000
vt 2.056250 -0.628319 0.000000
vt 2.490250 -0.533697 0.000000
vt 2.056250 -0.471239 0.000000
vt 2.490250 -0.384502 0.000000
vt 2.056250 -0.314159 0.000000
vt 2.490250 -0.235308 0.000000
vt 2.056250 -0.157080 0.000000
vt 2.490250 -0.086113 0.000000
vt 2.056250 0.000000 0.000000
vt 2.490250 0.063081 0.000000
vt 2.056250 0.157080 0.000000
vt 2.490250 0.212276 0.000000
vt 2.056250 0.314159 0.000000
vt 2.490250 0.361470 0.000000
vt 2.056250 0.471239 0.000000
vt 2.490250 0.510665 0.000000
vt 2.056250 0.628319 0.000000
vt 2.490250 0.659859 0.000000
vt 2.056250 0.785398 0.000000
vt 2.490250 0.809054 0.000000
vt 2.056250 0.942478 0.000000
vt 2.490250 0.958248 0.000000
vt 2.056250 1.099557 0.000000
vt 2.490250 1.107443 0.000000
vt 2.056250 1.256637 0.000000
vt 2.490250 1.256637 0.000000
vt 1.724990 4.427548 0.000000
vt 1.721674 4.457737 0.000000
vt 1.720400 4.459596 0.000000
vt 1.711176 4.486235 0.000000
vt 1.707734 4.489391 0.000000
vt 1.694114 4.511360 0.000000
vt 1.687839 4.514934 0.000000
vt 1.671497 4.531629 0.000000
vt 1.662053 4.534510 0.000000
vt 1.644659 4.545845 0.000000
vt 1.632103 4.546807 0.000000
vt 1.615185 4.553170 0.000000
vt 1.600000 4.551000 0.000000
vt 1.584815 4.553170 0.000000
vt 1.567897 4.546807 0.000000
vt 1.555341 4.545845 0.000000
vt 1.537947 4.534510 0.000000
vt 1.528503 4.531629 0.000000
vt 1.512161 4.514934 0.000000
vt 1.505886 4.511360 0.000000
vt 1.492266 4.489391 0.000000
vt 1.488824 4.486235 0.000000
vt 1.479600 4.459596 0.000000
vt 1.478326 4.457737 0.000000
vt 1.475010 4.427548 0.000000
vt 2.424990 3.727548 0.000000
vt 2.421674 3.757737 0.000000
vt 2.420400 3.759597 0.000000
vt 2.411176 3.786235 0.000000
vt 2.407733 3.789392 0.000000
vt 2.394114 3.811360 0.000000
vt 2.387839 3.814934 0.000000
vt 2.371497 3.831629 0.000000
vt 2.362053 3.834510 0.000000
vt 2.344659 3.845845 0.000000
vt 2.332103 3.846807 0.000000
vt 2.315185 3.853170 0.000000
vt 2.300000 3.851000 0.000000
vt 2.284815 3.853170 0.000000
vt 2.267897 3.846807 0.000000
vt 2.255340 3.845845 0.000000
vt 2.237947 3.834510 0.000000
vt 2.228503 3.831629 0.000000
vt 2.212160 3.814934 0.000000
vt 2.205885 3.811360 0.000000
vt 2.192266 3.789392 0.000000
vt 2.188824 3.786235 0.000000
vt 2.179599 3.759597 0.000000
vt 2.178325 3.757737 0.000000
vt 2.175009 3.727548 0.000000
vt 1.724990 3.027548 0.000000
vt 1.721674 3.057737 0.000000
vt 1.720400 3.059597 0.000000
vt 1.711176 3.086235 0.000000
vt 1.707734 3.089392 0.000000
vt 1.694114 3.111360 0.000000
vt 1.687839 3.114934 0.000000
vt 1.671497 3.131629 0.000000
vt 1.662053 3.134511 0.000000
vt 1.644659 3.145846 0.000000
vt 1.632103 3.146808 0.000000
vt 1.615185 3.153170 0.000000
vt 1.600000 3.151000 0.000000
vt 1.584815 3.153170 0.000000
vt 1.567897 3.146808 0.000000
vt 1.555341 3.145846 0.000000
vt 1.537947 3.134511 0.000000
vt 1.528503 3.131629 0.000000
vt 1.512161 3.114934 0.000000
vt 1.505886 3.111360 0.000000
vt 1.492266 3.089392 0.000000
vt 1.488824 3.086235 0.000000
vt 1.479600 3.059597 0.000000
vt 1.478326 3.057737 0.000000
vt 1.475010 3.027548 0.000000
vt 1.932496 3.727548 0.000000
vt 1.925510 3.796914 0.000000
vt 1.924953 3.796442 0.000000
vt 1.903290 3.862276 0.000000
vt 1.904214 3.863298 0.000000
vt 1.868451 3.922189 0.000000
vt 1.869543 3.923782 0.000000
vt 1.821949 3.973579 0.000000
vt 1.823022 3.975707 0.000000
vt 1.765803 4.014211 0.000000
vt 1.766697 4.016791 0.000000
vt 1.702454 4.042322 0.000000
vt 1.703042 4.045226 0.000000
vt 1.634653 4.056690 0.000000
vt 1.634858 4.059763 0.000000
vt 1.565142 4.059763 0.000000
vt 1.565347 4.056690 0.000000
vt 1.496958 4.045226 0.000000
vt 1.497546 4.042322 0.000000
vt 1.433303 4.016791 0.000000
vt 1.434197 4.014211 0.000000
vt 1.376978 3.975707 0.000000
vt 1.378051 3.973579 0.000000
vt 1.330457 3.923782 0.000000
vt 1.331549 3.922189 0.000000
vt 1.295786 3.863298 0.000000
vt 1.296710 3.862276 0.000000
vt 1.274490 3.796914 0.000000
vt 1.275047 3.796442 0.000000
vt 1.267504 3.727548 0.000000
vt 1.024991 3.727548 0.000000
vt 1.021675 3.757737 0.000000
vt 1.020401 3.759597 0.000000
vt 1.011176 3.786235 0.000000
vt 1.007734 3.789392 0.000000
vt 0.994115 3.811360 0.000000
vt 0.987840 3.814934 0.000000
vt 0.971497 3.831629 0.000000
vt 0.962053 3.834510 0.000000
vt 0.944660 3.845845 0.000000
vt 0.932103 3.846807 0.000000
vt 0.915185 3.853170 0.000000
vt 0.900000 3.851000 0.000000
vt 0.884815 3.853170 0.000000
vt 0.867897 3.846807 0.000000
vt 0.855341 3.845845 0.000000
vt 0.837947 3.834510 0.000000
vt 0.828503 3.831629 0.000000
vt 0.812161 3.814934 0.000000
vt 0.805886 3.811360 0.000000
vt 0.792267 3.789392 0.000000
vt 0.788824 3.786235 0.000000
vt 0.779600 3.759597 0.000000
vt 0.778326 3.757737 0.000000
vt 0.775010 3.727548 0.000000
vt 1.800000 0.284000 0.000000
vt 0.600000 0.284000 0.000000
vt 1.800000 -0.150000 0.000000
vt 0.600000 -0.150000 0.000000
vt -0.002393 1.000000 0.000000
vt 0.000000 1.000000 0.000000
vt -0.002393 1.600000 0.000000
vt 0.000000 1.600000 0.000000
vt -0.002708 1.000000 0.000000
vt 0.000000 1.000000 0.000000
vt -0.002708 1.600000 0.000000
vt 0.000000 1.600000 0.000000
vt -0.000407 1.000000 0.000000
vt 0.000000 1.000000 0.000000
vt -0.000407 1.600000 0.000000
vt 0.000000 1.600000 0.000000
vt -0.002987 1.000000 0.000000
vt 0.000000 1.000000 0.000000
vt -0.002987 1.600000 0.000000
vt 0.000000 1.600000 0.000000
vt -0.000446 1.000000 0.000000
vt 0.000000 1.000000 0.000000
vt -0.000446 1.600000 0.000000
vt 0.000000 1.600000 0.000000
vt -0.003620 1.000000 0.000000
vt 0.000000 1.000000 0.000000
vt -0.003620 1.600000 0.000000
vt 0.000000 1.600000 0.000000
vt -0.003628 1.000000 0.000000
vt 0.000000 1.000000 0.000000
vt -0.003628 1.600000 0.000000
vt 0.000000 1.600000 0.000000
vt -0.003424 1.000000 0.000000
vt 0.000000 1.000000 0.000000
vt -0.003424 1.600000 0.000000
vt 0.000000 1.600000 0.000000
vt -0.003003 1.000000 0.000000
vt 0.000000 1.000000 0.000000
vt -0.003003 1.600000 0.000000
vt 0.000000 1.600000 0.000000
vt -0.002393 1.000000 0.000000
vt 0.000000 1.000000 0.000000
vt -0.002393 1.600000 0.000000
vt 0.000000 1.600000 0.000000
vt -0.001652 1.000000 0.000000
vt 0.000000 1.000000 0.000000
vt -0.001652 1.600000 0.000000
vt 0.000000 1.600000 0.000000
vt -0.000753 1.000000 0.000000
vt 0.000000 1.000000 0.000000
vt -0.000753 1.600000 0.000000
vt 0.000000 1.600000 0.000000
vt -0.000104 1.000000 0.000000
vt 0.000000 1.000000 0.000000
vt -0.000104 1.600000 0.000000
vt 0.000000 1.600000 0.000000
vt -0.017108 0.000000 0.000000
vt 0.000000 -0.000000 0.000000
vt -0.017108 1.000000 0.000000
vt 0.000000 1.000000 0.000000
vt 2.460000 -4.830500 0.000000
vt 2.595887 -4.823378 0.000000
vt -1.760000 -4.830500 0.000000
vt 2.730285 -4.802092 0.000000
vt 2.861722 -4.766873 0.000000
vt 2.988757 -4.718109 0.000000
vt 3.110000 -4.656333 0.000000
vt 3.224121 -4.582222 0.000000
vt 3.329870 -4.496588 0.000000
vt 3.426088 -4.400370 0.000000
vt 3.511722 -4.294621 0.000000
vt 3.585833 -4.180500 0.000000
vt 3.647609 -4.059258 0.000000
vt 3.696373 -3.932222 0.000000
vt 3.731592 -3.800785 0.000000
vt 3.752878 -3.666387 0.000000
vt 3.760000 -3.530500 0.000000
vt 3.760000 2.930500 0.000000
vt -1.760000 2.930500 0.000000
vt -1.760000 -0.338892 0.000000
vt -1.760000 -0.339061 0.000000
vt -1.752310 3.136008 0.000000
vt 3.752310 3.136008 0.000000
vt -1.729284 3.340366 0.000000
vt 0.990000 5.680500 0.000000
vt 0.784493 5.672810 0.000000
vt 3.729285 3.340366 0.000000
vt 3.691052 3.542433 0.000000
vt 3.637825 3.741077 0.000000
vt 3.569903 3.935188 0.000000
vt 3.487664 4.123680 0.000000
vt 3.391570 4.305500 0.000000
vt 3.282156 4.479630 0.000000
vt 3.160036 4.645097 0.000000
vt 3.025892 4.800975 0.000000
vt 2.880475 4.946393 0.000000
vt 2.724597 5.080537 0.000000
vt 2.559130 5.202657 0.000000
vt 2.385000 5.312070 0.000000
vt 2.203180 5.408164 0.000000
vt 2.014688 5.490403 0.000000
vt 1.820577 5.558325 0.000000
vt 1.621932 5.611552 0.000000
vt 1.419866 5.649785 0.000000
vt 1.215508 5.672810 0.000000
vt 1.010000 5.680500 0.000000
vt 0.580134 5.649785 0.000000
vt 0.378068 5.611552 0.000000
vt 0.179424 5.558325 0.000000
vt -0.014688 5.490403 0.000000
vt -0.203180 5.408164 0.000000
vt -0.385000 5.312070 0.000000
vt -0.559130 5.202657 0.000000
vt -0.724597 5.080537 0.000000
vt -0.880475 4.946393 0.000000
vt -1.025892 4.800975 0.000000
vt -1.160036 4.645097 0.000000
vt -1.282156 4.479630 0.000000
vt -1.391570 4.305500 0.000000
vt -1.487664 4.123680 0.000000
vt -1.569903 3.935188 0.000000
vt -1.637825 3.741077 0.000000
vt -1.691051 3.542433 0.000000
vt -1.760000 -0.340311 0.000000
vt -1.760000 -0.342150 0.000000
vt -1.760000 -0.344429 0.000000
vt -1.760000 -0.344751 0.000000
vt -1.760000 -0.347144 0.000000
vt -1.760000 -0.349852 0.000000
vt -1.760000 -0.350259 0.000000
vt -1.760000 -0.367367 0.000000
vt -1.760000 -0.369759 0.000000
vt -1.760000 -0.371411 0.000000
vt -1.760000 -0.372165 0.000000
vt -1.760000 -0.372269 0.000000
vt -1.760000 -3.058731 0.000000
vt -1.760000 -3.058835 0.000000
vt -1.760000 -3.059588 0.000000
vt -1.760000 -3.061241 0.000000
vt -1.760000 -3.063633 0.000000
vt -1.760000 -3.066636 0.000000
vt -1.760000 -3.070061 0.000000
vt -1.760000 -3.073689 0.000000
vt -1.760000 -3.077309 0.000000
vt -1.760000 -3.077755 0.000000
vt -1.760000 -3.080741 0.000000
vt -1.760000 -3.081148 0.000000
vt -1.760000 -3.083856 0.000000
vt -1.760000 -3.086249 0.000000
vt -1.760000 -3.086571 0.000000
vt -1.760000 -3.088850 0.000000
vt -1.760000 -3.090689 0.000000
vt -1.760000 -3.091939 0.000000
vt -1.760000 -3.092108 0.000000
vt -1.760000 -3.093137 0.000000
vt -1.760000 -3.093225 0.000000
vt -1.760000 -3.093814 0.000000
vt -1.760000 -3.094134 0.000000
vt -0.150000 -0.628319 0.000000
vt 0.284000 -0.628319 0.000000
vt -0.150000 -0.523599 0.000000
vt 0.284000 -0.523599 0.000000
vt -0.150000 -0.418879 0.000000
vt 0.284000 -0.418879 0.000000
vt -0.150000 -0.314159 0.000000
vt 0.284000 -0.314159 0.000000
vt -0.150000 -0.209440 0.000000
vt 0.284000 -0.209440 0.000000
vt -0.150000 -0.104720 0.000000
vt 0.284000 -0.104720 0.000000
vt -0.150000 -0.000000 0.000000
vt 0.284000 -0.000000 0.000000
vt -0.150000 0.104720 0.000000
vt 0.284000 0.104720 0.000000
vt -0.150000 0.209440 0.000000
vt 0.284000 0.209440 0.000000
vt -0.150000 0.314159 0.000000
vt 0.284000 0.314159 0.000000
vt -0.150000 0.418879 0.000000
vt 0.284000 0.418879 0.000000
vt -0.150000 0.523599 0.000000
vt 0.284000 0.523599 0.000000
vt -0.150000 0.628319 0.000000
vt 0.284000 0.628319 0.000000
vt -0.141696 -0.628319 0.000000
vt 0.258304 -0.628319 0.000000
vt -0.141696 -0.523599 0.000000
vt 0.258304 -0.523599 0.000000
vt -0.141696 -0.418879 0.000000
vt 0.258304 -0.418879 0.000000
vt -0.141696 -0.314159 0.000000
vt 0.258304 -0.314159 0.000000
vt -0.141696 -0.209440 0.000000
vt 0.258304 -0.209440 0.000000
vt -0.141696 -0.104720 0.000000
vt 0.258304 -0.104720 0.000000
vt -0.141696 -0.000000 0.000000
vt 0.258304 -0.000000 0.000000
vt -0.141696 0.104720 0.000000
vt 0.258304 0.104720 0.000000
vt -0.141696 0.209440 0.000000
vt 0.258304 0.209440 0.000000
vt -0.141696 0.314159 0.000000
vt 0.258304 0.314159 0.000000
vt -0.141696 0.418879 0.000000
vt 0.258304 0.418879 0.000000
vt -0.141696 0.523599 0.000000
vt 0.258304 0.523599 0.000000
vt -0.141696 0.628319 0.000000
vt 0.258304 0.628319 0.000000
vt 1.600000 2.159845 0.000000
vt 1.000000 2.159845 0.000000
vt 1.600000 1.954145 0.000000
vt 1.000000 1.954145 0.000000
vt 1.600000 1.748446 0.000000
vt 1.000000 1.748446 0.000000
vt 1.600000 1.542746 0.000000
vt 1.000000 1.542746 0.000000
vt 1.600000 1.337047 0.000000
vt 1.000000 1.337047 0.000000
vt 1.600000 1.131347 0.000000
vt 1.000000 1.131347 0.000000
vt 1.600000 0.925648 0.000000
vt 1.000000 0.925648 0.000000
vt 1.600000 0.719948 0.000000
vt 1.000000 0.719948 0.000000
vt 1.600000 0.514249 0.000000
vt 1.000000 0.514249 0.000000
vt 1.600000 0.308549 0.000000
vt 1.000000 0.308549 0.000000
vt 1.600000 0.102850 0.000000
vt 1.000000 0.102850 0.000000
vt 1.600000 -0.102850 0.000000
vt 1.000000 -0.102850 0.000000
vt 1.600000 -0.308549 0.000000
vt 1.000000 -0.308549 0.000000
vt 1.600000 -0.514249 0.000000
vt 1.000000 -0.514249 0.000000
vt 1.600000 -0.719948 0.000000
vt 1.000000 -0.719948 0.000000
vt 1.600000 -0.925648 0.000000
vt 1.000000 -0.925648 0.000000
vt 1.600000 -1.131347 0.000000
vt 1.000000 -1.131347 0.000000
vt 1.600000 -1.337047 0.000000
vt 1.000000 -1.337047 0.000000
vt 1.600000 -1.542746 0.000000
vt 1.000000 -1.542746 0.000000
vt 1.600000 -1.748446 0.000000
vt 1.000000 -1.748446 0.000000
vt 1.600000 -1.954145 0.000000
vt 1.000000 -1.954145 0.000000
vt 1.600000 -2.159845 0.000000
vt 1.000000 -2.159845 0.000000
vt 1.170000 -1.000000 0.000000
vt 1.150000 -1.000000 0.000000
vt 1.170000 -1.600000 0.000000
vt 1.150000 -1.600000 0.000000
vt -1.600000 -2.159845 0.000000
vt -1.000000 -2.159845 0.000000
vt -1.600000 -1.954145 0.000000
vt -1.000000 -1.954145 0.000000
vt -1.600000 -1.748446 0.000000
vt -1.000000 -1.748446 0.000000
vt -1.600000 -1.542746 0.000000
vt -1.000000 -1.542746 0.000000
vt -1.600000 -1.337047 0.000000
vt -1.000000 -1.337047 0.000000
vt -1.600000 -1.131347 0.000000
vt -1.000000 -1.131347 0.000000
vt -1.600000 -0.925648 0.000000
vt -1.000000 -0.925648 0.000000
vt -1.600000 -0.719948 0.000000
vt -1.000000 -0.719948 0.000000
vt -1.600000 -0.514249 0.000000
vt -1.000000 -0.514249 0.000000
vt -1.600000 -0.308549 0.000000
vt -1.000000 -0.308549 0.000000
vt -1.600000 -0.102850 0.000000
vt -1.000000 -0.102850 0.000000
vt -1.600000 0.102850 0.000000
vt -1.000000 0.102850 0.000000
vt -1.600000 0.308549 0.000000
vt -1.000000 0.308549 0.000000
vt -1.600000 0.514249 0.000000
vt -1.000000 0.514249 0.000000
vt -1.600000 0.719948 0.000000
vt -1.000000 0.719948 0.000000
vt -1.600000 0.925648 0.000000
vt -1.000000 0.925648 0.000000
vt -1.600000 1.131347 0.000000
vt -1.000000 1.131347 0.000000
vt -1.600000 1.337047 0.000000
vt -1.000000 1.337047 0.000000
vt -1.600000 1.542746 0.000000
vt -1.000000 1.542746 0.000000
vt -1.600000 1.748446 0.000000
vt -1.000000 1.748446 0.000000
vt -1.600000 1.954145 0.000000
vt -1.000000 1.954145 0.000000
vt -1.600000 2.159845 0.000000
vt -1.000000 2.159845 0.000000
vt -0.000168 0.000000 0.000000
vt -0.000000 -0.000000 0.000000
vt -0.000168 1.600000 0.000000
vt -0.000000 1.600000 0.000000
vt -0.001250 0.000000 0.000000
vt -0.000000 -0.000000 0.000000
vt -0.001250 1.600000 0.000000
vt 0.000000 1.600000 0.000000
vt -0.001839 0.000000 0.000000
vt -0.000000 -0.000000 0.000000
vt -0.001839 1.600000 0.000000
vt 0.000000 1.600000 0.000000
vt -0.002279 0.000000 0.000000
vt -0.000000 -0.000000 0.000000
vt -0.002279 1.600000 0.000000
vt 0.000000 1.600000 0.000000
vt -0.000322 0.000000 0.000000
vt -0.000000 -0.000000 0.000000
vt -0.000322 1.600000 0.000000
vt -0.000000 1.600000 0.000000
vt -0.002393 0.000000 0.000000
vt -0.000000 -0.000000 0.000000
vt -0.002393 1.600000 0.000000
vt 0.000000 1.600000 0.000000
vt -0.002708 0.000000 0.000000
vt -0.000000 -0.000000 0.000000
vt -0.002708 1.600000 0.000000
vt -0.000000 1.600000 0.000000
vt -0.000000 -0.000000 0.000000
vt 0.000000 0.600000 0.000000
vt -0.000407 0.000000 0.000000
vt -0.000407 1.600000 0.000000
vt -0.000000 1.600000 0.000000
vt -0.002393 0.000000 0.000000
vt -0.000000 -0.000000 0.000000
vt -0.002393 0.600000 0.000000
vt -0.000000 1.600000 0.000000
vt -0.002393 1.600000 0.000000
vt -0.001652 0.000000 0.000000
vt -0.000000 -0.000000 0.000000
vt -0.001652 1.600000 0.000000
vt -0.000000 1.600000 0.000000
vt -0.000753 0.000000 0.000000
vt -0.000000 -0.000000 0.000000
vt -0.000753 1.600000 0.000000
vt 0.000000 1.600000 0.000000
vt -0.000104 0.000000 0.000000
vt -0.000000 -0.000000 0.000000
vt -0.000104 1.600000 0.000000
vt -0.000000 1.600000 0.000000
vt -0.000322 1.000000 0.000000
vt 0.000000 1.000000 0.000000
vt -0.000322 1.600000 0.000000
vt 0.000000 1.600000 0.000000
vt -0.002279 1.000000 0.000000
vt 0.000000 1.000000 0.000000
vt -0.002279 1.600000 0.000000
vt 0.000000 1.600000 0.000000
vt -0.001839 1.000000 0.000000
vt 0.000000 1.000000 0.000000
vt -0.001839 1.600000 0.000000
vt 0.000000 1.600000 0.000000
vt -0.001250 1.000000 0.000000
vt 0.000000 1.000000 0.000000
vt -0.001250 1.600000 0.000000
vt 0.000000 1.600000 0.000000
vt -0.000168 1.000000 0.000000
vt 0.000000 1.000000 0.000000
vt -0.000168 1.600000 0.000000
vt 0.000000 1.600000 0.000000
vt -0.000088 1.000000 0.000000
vt 0.000000 1.000000 0.000000
vt -0.000088 1.600000 0.000000
vt 0.000000 1.600000 0.000000
vt -0.000589 1.000000 0.000000
vt 0.000000 1.000000 0.000000
vt -0.000589 1.600000 0.000000
vt 0.000000 1.600000 0.000000
vt -0.000320 1.000000 0.000000
vt 0.000000 1.000000 0.000000
vt -0.000320 1.600000 0.000000
vt 0.000000 1.600000 0.000000
vt -0.350000 -0.032725 0.000000
vt -0.116000 -0.032467 0.000000
vt -0.350000 -0.000000 0.000000
vt -0.116000 0.000000 0.000000
vt -0.116000 0.032467 0.000000
vt -0.116000 -0.064934 0.000000
vt -0.350000 -0.065450 0.000000
vt -0.116000 -0.097401 0.000000
vt -0.350000 -0.098175 0.000000
vt -0.116000 -0.129868 0.000000
vt -0.350000 -0.130900 0.000000
vt -0.116000 -0.162335 0.000000
vt -0.350000 -0.163625 0.000000
vt -0.116000 -0.194802 0.000000
vt -0.268619 -0.194802 0.000000
vt -0.350000 -0.196350 0.000000
vt -0.268619 -0.225248 0.000000
vt -0.350000 -0.229074 0.000000
vt -0.268619 -0.255693 0.000000
vt -0.350000 -0.261799 0.000000
vt -0.268619 -0.286139 0.000000
vt -0.350000 -0.294524 0.000000
vt -0.268619 -0.316585 0.000000
vt -0.350000 -0.327249 0.000000
vt -0.268619 -0.347030 0.000000
vt -0.350000 -0.359974 0.000000
vt -0.268619 -0.377476 0.000000
vt -0.350000 -0.392699 0.000000
vt -0.268619 -0.407922 0.000000
vt -0.268619 0.377476 0.000000
vt -0.350000 0.392699 0.000000
vt -0.350000 0.359974 0.000000
vt -0.268619 0.347030 0.000000
vt -0.350000 0.327249 0.000000
vt -0.268619 0.316585 0.000000
vt -0.350000 0.294524 0.000000
vt -0.268619 0.286139 0.000000
vt -0.350000 0.261799 0.000000
vt -0.268619 0.255693 0.000000
vt -0.350000 0.229074 0.000000
vt -0.268619 0.225248 0.000000
vt -0.350000 0.196350 0.000000
vt -0.268619 0.194802 0.000000
vt -0.350000 0.163625 0.000000
vt -0.116000 0.194802 0.000000
vt -0.116000 0.162335 0.000000
vt -0.350000 0.130900 0.000000
vt -0.116000 0.129868 0.000000
vt -0.350000 0.098175 0.000000
vt -0.116000 0.097401 0.000000
vt -0.350000 0.065450 0.000000
vt -0.116000 0.064934 0.000000
vt -0.350000 0.032725 0.000000
vt -0.350000 -0.032725 0.000000
vt -0.116000 -0.032467 0.000000
vt -0.350000 -0.000000 0.000000
vt -0.116000 0.000000 0.000000
vt -0.116000 0.032467 0.000000
vt -0.116000 -0.064934 0.000000
vt -0.350000 -0.065450 0.000000
vt -0.116000 -0.097401 0.000000
vt -0.350000 -0.098175 0.000000
vt -0.116000 -0.129868 0.000000
vt -0.350000 -0.130900 0.000000
vt -0.116000 -0.162335 0.000000
vt -0.350000 -0.163625 0.000000
vt -0.116000 -0.194802 0.000000
vt -0.268619 -0.194802 0.000000
vt -0.350000 -0.196350 0.000000
vt -0.268619 -0.225248 0.000000
vt -0.350000 -0.229074 0.000000
vt -0.268619 -0.255693 0.000000
vt -0.350000 -0.261799 0.000000
vt -0.268619 -0.286139 0.000000
vt -0.350000 -0.294524 0.000000
vt -0.268619 -0.316585 0.000000
vt -0.350000 -0.327249 0.000000
vt -0.268619 -0.347030 0.000000
vt -0.350000 -0.359974 0.000000
vt -0.268619 -0.377476 0.000000
vt -0.350000 -0.392699 0.000000
vt -0.268619 -0.407922 0.000000
vt -0.268619 0.377476 0.000000
vt -0.350000 0.392699 0.000000
vt -0.350000 0.359974 0.000000
vt -0.268619 0.347030 0.000000
vt -0.350000 0.327249 0.000000
vt -0.268619 0.316585 0.000000
vt -0.350000 0.294524 0.000000
vt -0.268619 0.286139 0.000000
vt -0.350000 0.261799 0.000000
vt -0.268619 0.255693 0.000000
vt -0.350000 0.229074 0.000000
vt -0.268619 0.225248 0.000000
vt -0.350000 0.196350 0.000000
vt -0.268619 0.194802 0.000000
vt -0.350000 0.163625 0.000000
vt -0.116000 0.194802 0.000000
vt -0.116000 0.162335 0.000000
vt -0.350000 0.130900 0.000000
vt -0.116000 0.129868 0.000000
vt -0.350000 0.098175 0.000000
vt -0.116000 0.097401 0.000000
vt -0.350000 0.065450 0.000000
vt -0.116000 0.064934 0.000000
vt -0.350000 0.032725 0.000000
vt -0.350000 -0.032725 0.000000
vt -0.116000 -0.032467 0.000000
vt -0.350000 -0.000000 0.000000
vt -0.116000 0.000000 0.000000
vt -0.116000 0.032467 0.000000
vt -0.116000 -0.064934 0.000000
vt -0.350000 -0.065450 0.000000
vt -0.116000 -0.097401 0.000000
vt -0.350000 -0.098175 0.000000
vt -0.116000 -0.129868 0.000000
vt -0.350000 -0.130900 0.000000
vt -0.116000 -0.162335 0.000000
vt -0.350000 -0.163625 0.000000
vt -0.116000 -0.194802 0.000000
vt -0.268619 -0.194802 0.000000
vt -0.350000 -0.196350 0.000000
vt -0.268619 -0.225248 0.000000
vt -0.350000 -0.229074 0.000000
vt -0.268619 -0.255693 0.000000
vt -0.350000 -0.261799 0.000000
vt -0.268619 -0.286139 0.000000
vt -0.350000 -0.294524 0.000000
vt -0.268619 -0.316585 0.000000
vt -0.350000 -0.327249 0.000000
vt -0.268619 -0.347030 0.000000
vt -0.350000 -0.359974 0.000000
vt -0.268619 -0.377476 0.000000
vt -0.350000 -0.392699 0.000000
vt -0.268619 -0.407922 0.000000
vt -0.268619 0.377476 0.000000
vt -0.350000 0.392699 0.000000
vt -0.350000 0.359974 0.000000
vt -0.268619 0.347030 0.000000
vt -0.350000 0.327249 0.000000
vt -0.268619 0.316585 0.000000
vt -0.350000 0.294524 0.000000
vt -0.268619 0.286139 0.000000
vt -0.350000 0.261799 0.000000
vt -0.268619 0.255693 0.000000
vt -0.350000 0.229074 0.000000
vt -0.268619 0.225248 0.000000
vt -0.350000 0.196350 0.000000
vt -0.268619 0.194802 0.000000
vt -0.350000 0.163625 0.000000
vt -0.116000 0.194802 0.000000
vt -0.116000 0.162335 0.000000
vt -0.350000 0.130900 0.000000
vt -0.116000 0.129868 0.000000
vt -0.350000 0.098175 0.000000
vt -0.116000 0.097401 0.000000
vt -0.350000 0.065450 0.000000
vt -0.116000 0.064934 0.000000
vt -0.350000 0.032725 0.000000
vt -0.550000 0.972540 0.000000
vt -0.268619 1.009657 0.000000
vt -0.550000 1.044580 0.000000
vt -0.550000 -1.044580 0.000000
vt -0.268619 -1.079502 0.000000
vt -0.268619 -1.009657 0.000000
vt -0.550000 -0.972540 0.000000
vt -0.268619 -0.939812 0.000000
vt -0.550000 -0.900500 0.000000
vt -0.268619 -0.869967 0.000000
vt -0.550000 -0.828460 0.000000
vt -0.268619 -0.800122 0.000000
vt -0.550000 -0.756420 0.000000
vt -0.268619 -0.730277 0.000000
vt -0.550000 -0.684380 0.000000
vt -0.268619 -0.660432 0.000000
vt -0.550000 -0.612340 0.000000
vt -0.268619 -0.590587 0.000000
vt -0.550000 -0.540300 0.000000
vt -0.268619 -0.520742 0.000000
vt -0.550000 -0.468260 0.000000
vt -0.116000 -0.520742 0.000000
vt -0.116000 -0.451310 0.000000
vt -0.268619 0.939812 0.000000
vt -0.550000 0.900500 0.000000
vt -0.268619 0.869967 0.000000
vt -0.550000 0.828460 0.000000
vt -0.268619 0.800122 0.000000
vt -0.550000 0.756420 0.000000
vt -0.268619 0.730277 0.000000
vt -0.550000 0.684380 0.000000
vt -0.268619 0.660432 0.000000
vt -0.550000 0.612340 0.000000
vt -0.268619 0.590587 0.000000
vt -0.550000 0.540300 0.000000
vt -0.268619 0.520742 0.000000
vt -0.550000 0.468260 0.000000
vt -0.116000 0.520742 0.000000
vt -0.116000 0.451310 0.000000
vt -0.550000 0.396220 0.000000
vt -0.116000 0.381878 0.000000
vt -0.550000 0.324180 0.000000
vt -0.116000 0.312445 0.000000
vt -0.550000 0.252140 0.000000
vt -0.116000 0.243013 0.000000
vt -0.550000 0.180100 0.000000
vt -0.116000 0.173581 0.000000
vt -0.550000 0.108060 0.000000
vt -0.116000 0.104148 0.000000
vt -0.550000 0.036020 0.000000
vt -0.116000 0.034716 0.000000
vt -0.550000 -0.036020 0.000000
vt -0.116000 -0.034716 0.000000
vt -0.116000 -0.104148 0.000000
vt -0.550000 -0.108060 0.000000
vt -0.116000 -0.173581 0.000000
vt -0.550000 -0.180100 0.000000
vt -0.116000 -0.243013 0.000000
vt -0.550000 -0.252140 0.000000
vt -0.116000 -0.312445 0.000000
vt -0.550000 -0.324180 0.000000
vt -0.116000 -0.381878 0.000000
vt -0.550000 -0.396220 0.000000
vt -0.350000 -0.032725 0.000000
vt -0.116000 -0.032467 0.000000
vt -0.350000 -0.000000 0.000000
vt -0.116000 0.000000 0.000000
vt -0.116000 0.032467 0.000000
vt -0.116000 -0.064934 0.000000
vt -0.350000 -0.065450 0.000000
vt -0.116000 -0.097401 0.000000
vt -0.350000 -0.098175 0.000000
vt -0.116000 -0.129868 0.000000
vt -0.350000 -0.130900 0.000000
vt -0.116000 -0.162335 0.000000
vt -0.350000 -0.163625 0.000000
vt -0.116000 -0.194802 0.000000
vt -0.268619 -0.194802 0.000000
vt -0.350000 -0.196350 0.000000
vt -0.268619 -0.225248 0.000000
vt -0.350000 -0.229074 0.000000
vt -0.268619 -0.255693 0.000000
vt -0.350000 -0.261799 0.000000
vt -0.268619 -0.286139 0.000000
vt -0.350000 -0.294524 0.000000
vt -0.268619 -0.316585 0.000000
vt -0.350000 -0.327249 0.000000
vt -0.268619 -0.347030 0.000000
vt -0.350000 -0.359974 0.000000
vt -0.268619 -0.377476 0.000000
vt -0.350000 -0.392699 0.000000
vt -0.268619 -0.407922 0.000000
vt -0.268619 0.377476 0.000000
vt -0.350000 0.392699 0.000000
vt -0.350000 0.359974 0.000000
vt -0.268619 0.347030 0.000000
vt -0.350000 0.327249 0.000000
vt -0.268619 0.316585 0.000000
vt -0.350000 0.294524 0.000000
vt -0.268619 0.286139 0.000000
vt -0.350000 0.261799 0.000000
vt -0.268619 0.255693 0.000000
vt -0.350000 0.229074 0.000000
vt -0.268619 0.225248 0.000000
vt -0.350000 0.196350 0.000000
vt -0.268619 0.194802 0.000000
vt -0.350000 0.163625 0.000000
vt -0.116000 0.194802 0.000000
vt -0.116000 0.162335 0.000000
vt -0.350000 0.130900 0.000000
vt -0.116000 0.129868 0.000000
vt -0.350000 0.098175 0.000000
vt -0.116000 0.097401 0.000000
vt -0.350000 0.065450 0.000000
vt -0.116000 0.064934 0.000000
vt -0.350000 0.032725 0.000000
vt -0.450000 -0.148087 0.000000
vt -0.050000 -0.130900 0.000000
vt -0.450000 -0.115912 0.000000
vt -0.050000 -0.098175 0.000000
vt -0.450040 -0.096775 0.000000
vt -0.450189 -0.077528 0.000000
vt -0.050000 -0.065450 0.000000
vt -0.450491 -0.057756 0.000000
vt -0.050000 -0.032725 0.000000
vt -0.450986 -0.037849 0.000000
vt -0.451682 -0.018130 0.000000
vt -0.050000 -0.000000 0.000000
vt -0.452552 0.001002 0.000000
vt -0.453613 0.020203 0.000000
vt -0.050000 0.032725 0.000000
vt -0.454855 0.039932 0.000000
vt -0.050000 0.065450 0.000000
vt -0.456215 0.059802 0.000000
vt -0.457605 0.079498 0.000000
vt -0.050000 0.098175 0.000000
vt -0.458923 0.098627 0.000000
vt -0.460136 0.117797 0.000000
vt -0.050000 0.130900 0.000000
vt -0.461204 0.137527 0.000000
vt -0.050000 0.163625 0.000000
vt -0.462023 0.157422 0.000000
vt -0.462526 0.177162 0.000000
vt -0.050000 0.196350 0.000000
vt -0.462697 0.196350 0.000000
vt -0.462526 0.215536 0.000000
vt -0.050000 0.229074 0.000000
vt -0.462023 0.235276 0.000000
vt -0.461204 0.255170 0.000000
vt -0.050000 0.261799 0.000000
vt -0.460136 0.274900 0.000000
vt -0.050000 0.294524 0.000000
vt -0.458923 0.294071 0.000000
vt -0.457605 0.313199 0.000000
vt -0.050000 0.327249 0.000000
vt -0.456215 0.332895 0.000000
vt -0.454855 0.352765 0.000000
vt -0.050000 0.359974 0.000000
vt -0.453613 0.372496 0.000000
vt -0.050000 0.392699 0.000000
vt -0.452552 0.391697 0.000000
vt -0.451682 0.410829 0.000000
vt -0.451682 -0.374569 0.000000
vt -0.050000 -0.392699 0.000000
vt -0.050000 -0.359974 0.000000
vt -0.450986 -0.354850 0.000000
vt -0.450491 -0.334943 0.000000
vt -0.050000 -0.327249 0.000000
vt -0.450189 -0.315171 0.000000
vt -0.050000 -0.294524 0.000000
vt -0.450040 -0.295924 0.000000
vt -0.450000 -0.276787 0.000000
vt -0.050000 -0.261799 0.000000
vt -0.450000 -0.244612 0.000000
vt -0.050000 -0.229074 0.000000
vt -0.450000 -0.212437 0.000000
vt -0.050000 -0.196350 0.000000
vt -0.450000 -0.180262 0.000000
vt -0.050000 -0.163625 0.000000
vt -0.450000 0.359974 0.000000
vt -0.050000 0.359974 0.000000
vt -0.450000 0.392699 0.000000
vt -0.050000 0.392699 0.000000
vt -0.450000 -0.392699 0.000000
vt -0.050000 -0.392699 0.000000
vt -0.450000 -0.359974 0.000000
vt -0.050000 -0.359974 0.000000
vt -0.450000 -0.327249 0.000000
vt -0.050000 -0.327249 0.000000
vt -0.450000 -0.294524 0.000000
vt -0.050000 -0.294524 0.000000
vt -0.450000 -0.261799 0.000000
vt -0.050000 -0.261799 0.000000
vt -0.450000 -0.229074 0.000000
vt -0.050000 -0.229074 0.000000
vt -0.450000 -0.196350 0.000000
vt -0.050000 -0.196350 0.000000
vt -0.450000 -0.163625 0.000000
vt -0.050000 -0.163625 0.000000
vt -0.450000 -0.130900 0.000000
vt -0.050000 -0.130900 0.000000
vt -0.450000 -0.098175 0.000000
vt -0.050000 -0.098175 0.000000
vt -0.450000 -0.065450 0.000000
vt -0.050000 -0.065450 0.000000
vt -0.450000 -0.032725 0.000000
vt -0.050000 -0.032725 0.000000
vt -0.450000 -0.000000 0.000000
vt -0.050000 -0.000000 0.000000
vt -0.450000 0.032725 0.000000
vt -0.050000 0.032725 0.000000
vt -0.450000 0.065450 0.000000
vt -0.050000 0.065450 0.000000
vt -0.450000 0.098175 0.000000
vt -0.050000 0.098175 0.000000
vt -0.450000 0.130900 0.000000
vt -0.050000 0.130900 0.000000
vt -0.450000 0.163625 0.000000
vt -0.050000 0.163625 0.000000
vt -0.450000 0.196350 0.000000
vt -0.050000 0.196350 0.000000
vt -0.450000 0.229074 0.000000
vt -0.050000 0.229074 0.000000
vt -0.450000 0.261799 0.000000
vt -0.050000 0.261799 0.000000
vt -0.450000 0.294524 0.000000
vt -0.050000 0.294524 0.000000
vt -0.450000 0.327249 0.000000
vt -0.050000 0.327249 0.000000
vt -0.450000 0.460767 0.000000
vt -0.050000 0.460767 0.000000
vt -0.450000 0.502655 0.000000
vt -0.050000 0.502655 0.000000
vt -0.450000 -0.502655 0.000000
vt -0.050000 -0.502655 0.000000
vt -0.450000 -0.460767 0.000000
vt -0.050000 -0.460767 0.000000
vt -0.450000 -0.418879 0.000000
vt -0.050000 -0.418879 0.000000
vt -0.450000 -0.376991 0.000000
vt -0.050000 -0.376991 0.000000
vt -0.450000 -0.335103 0.000000
vt -0.050000 -0.335103 0.000000
vt -0.450000 -0.293215 0.000000
vt -0.050000 -0.293215 0.000000
vt -0.450000 -0.251327 0.000000
vt -0.050000 -0.251327 0.000000
vt -0.450000 -0.209440 0.000000
vt -0.050000 -0.209440 0.000000
vt -0.450000 -0.167552 0.000000
vt -0.050000 -0.167552 0.000000
vt -0.450000 -0.125664 0.000000
vt -0.050000 -0.125664 0.000000
vt -0.450000 -0.083776 0.000000
vt -0.050000 -0.083776 0.000000
vt -0.450000 -0.041888 0.000000
vt -0.050000 -0.041888 0.000000
vt -0.450000 -0.000000 0.000000
vt -0.050000 -0.000000 0.000000
vt -0.450000 0.041888 0.000000
vt -0.050000 0.041888 0.000000
vt -0.450000 0.083776 0.000000
vt -0.050000 0.083776 0.000000
vt -0.450000 0.125664 0.000000
vt -0.050000 0.125664 0.000000
vt -0.450000 0.167552 0.000000
vt -0.050000 0.167552 0.000000
vt -0.450000 0.209440 0.000000
vt -0.050000 0.209440 0.000000
vt -0.450000 0.251327 0.000000
vt -0.050000 0.251327 0.000000
vt -0.450000 0.293215 0.000000
vt -0.050000 0.293215 0.000000
vt -0.450000 0.335103 0.000000
vt -0.050000 0.335103 0.000000
vt -0.450000 0.376991 0.000000
vt -0.050000 0.376991 0.000000
vt -0.450000 0.418879 0.000000
vt -0.050000 0.418879 0.000000
vt -0.450000 -0.032725 0.000000
vt -0.050000 -0.032725 0.000000
vt -0.450000 -0.000000 0.000000
vt -0.050000 -0.000000 0.000000
vt -0.450000 0.032725 0.000000
vt -0.050000 0.032725 0.000000
vt -0.450000 0.065450 0.000000
vt -0.050000 0.065450 0.000000
vt -0.450000 0.098175 0.000000
vt -0.050000 0.098175 0.000000
vt -0.450000 0.130900 0.000000
vt -0.050000 0.130900 0.000000
vt -0.450000 0.163625 0.000000
vt -0.050000 0.163625 0.000000
vt -0.450000 0.196350 0.000000
vt -0.050000 0.196350 0.000000
vt -0.450000 0.229074 0.000000
vt -0.050000 0.229074 0.000000
vt -0.450000 0.261799 0.000000
vt -0.050000 0.261799 0.000000
vt -0.450000 0.294524 0.000000
vt -0.050000 0.294524 0.000000
vt -0.450000 0.327249 0.000000
vt -0.050000 0.327249 0.000000
vt -0.450000 0.359974 0.000000
vt -0.050000 0.359974 0.000000
vt -0.450000 0.392699 0.000000
vt -0.050000 0.392699 0.000000
vt -0.450000 -0.392699 0.000000
vt -0.050000 -0.392699 0.000000
vt -0.450000 -0.359974 0.000000
vt -0.050000 -0.359974 0.000000
vt -0.450000 -0.327249 0.000000
vt -0.050000 -0.327249 0.000000
vt -0.450000 -0.294524 0.000000
vt -0.050000 -0.294524 0.000000
vt -0.450000 -0.261799 0.000000
vt -0.050000 -0.261799 0.000000
vt -0.450000 -0.229074 0.000000
vt -0.050000 -0.229074 0.000000
vt -0.450000 -0.196350 0.000000
vt -0.050000 -0.196350 0.000000
vt -0.450000 -0.163625 0.000000
vt -0.050000 -0.163625 0.000000
vt -0.450000 -0.130900 0.000000
vt -0.050000 -0.130900 0.000000
vt -0.450000 -0.098175 0.000000
vt -0.050000 -0.098175 0.000000
vt -0.450000 -0.065450 0.000000
vt -0.050000 -0.065450 0.000000
vt -0.450000 0.359974 0.000000
vt -0.050000 0.359974 0.000000
vt -0.450000 0.392699 0.000000
vt -0.050000 0.392699 0.000000
vt -0.450000 -0.392699 0.000000
vt -0.050000 -0.392699 0.000000
vt -0.450000 -0.359974 0.000000
vt -0.050000 -0.359974 0.000000
vt -0.450000 -0.327249 0.000000
vt -0.050000 -0.327249 0.000000
vt -0.450000 -0.294524 0.000000
vt -0.050000 -0.294524 0.000000
vt -0.450000 -0.261799 0.000000
vt -0.050000 -0.261799 0.000000
vt -0.450000 -0.229074 0.000000
vt -0.050000 -0.229074 0.000000
vt -0.450000 -0.196350 0.000000
vt -0.050000 -0.196350 0.000000
vt -0.450000 -0.163625 0.000000
vt -0.050000 -0.163625 0.000000
vt -0.450000 -0.130900 0.000000
vt -0.050000 -0.130900 0.000000
vt -0.450000 -0.098175 0.000000
vt -0.050000 -0.098175 0.000000
vt -0.450000 -0.065450 0.000000
vt -0.050000 -0.065450 0.000000
vt -0.450000 -0.032725 0.000000
vt -0.050000 -0.032725 0.000000
vt -0.450000 -0.000000 0.000000
vt -0.050000 -0.000000 0.000000
vt -0.450000 0.032725 0.000000
vt -0.050000 0.032725 0.000000
vt -0.450000 0.065450 0.000000
vt -0.050000 0.065450 0.000000
vt -0.450000 0.098175 0.000000
vt -0.050000 0.098175 0.000000
vt -0.450000 0.130900 0.000000
vt -0.050000 0.130900 0.000000
vt -0.450000 0.163625 0.000000
vt -0.050000 0.163625 0.000000
vt -0.450000 0.196350 0.000000
vt -0.050000 0.196350 0.000000
vt -0.450000 0.229074 0.000000
vt -0.050000 0.229074 0.000000
vt -0.450000 0.261799 0.000000
vt -0.050000 0.261799 0.000000
vt -0.450000 0.294524 0.000000
vt -0.050000 0.294524 0.000000
vt -0.450000 0.327249 0.000000
vt -0.050000 0.327249 0.000000
vt -0.698452 -0.124990 0.000000
vt -0.668263 -0.121674 0.000000
vt -0.666403 -0.120400 0.000000
vt -0.639765 -0.111176 0.000000
vt -0.636608 -0.107734 0.000000
vt -0.614640 -0.094114 0.000000
vt -0.611066 -0.087839 0.000000
vt -0.594371 -0.071497 0.000000
vt -0.591490 -0.062053 0.000000
vt -0.580155 -0.044659 0.000000
vt -0.579193 -0.032103 0.000000
vt -0.572830 -0.015185 0.000000
vt -0.575000 -0.000000 0.000000
vt -0.572830 0.015185 0.000000
vt -0.579193 0.032103 0.000000
vt -0.580155 0.044659 0.000000
vt -0.591490 0.062053 0.000000
vt -0.594371 0.071497 0.000000
vt -0.611066 0.087839 0.000000
vt -0.614640 0.094114 0.000000
vt -0.636608 0.107734 0.000000
vt -0.639765 0.111176 0.000000
vt -0.666403 0.120400 0.000000
vt -0.668263 0.121674 0.000000
vt -0.698452 0.124990 0.000000
vt 0.001548 -0.824990 0.000000
vt 0.031737 -0.821674 0.000000
vt 0.033596 -0.820400 0.000000
vt 0.060235 -0.811176 0.000000
vt 0.063391 -0.807733 0.000000
vt 0.085360 -0.794114 0.000000
vt 0.088934 -0.787839 0.000000
vt 0.105629 -0.771497 0.000000
vt 0.108510 -0.762053 0.000000
vt 0.119845 -0.744659 0.000000
vt 0.120807 -0.732103 0.000000
vt 0.127170 -0.715185 0.000000
vt 0.125000 -0.700000 0.000000
vt 0.127170 -0.684815 0.000000
vt 0.120807 -0.667897 0.000000
vt 0.119845 -0.655340 0.000000
vt 0.108510 -0.637947 0.000000
vt 0.105629 -0.628503 0.000000
vt 0.088934 -0.612160 0.000000
vt 0.085360 -0.605885 0.000000
vt 0.063391 -0.592266 0.000000
vt 0.060235 -0.588824 0.000000
vt 0.033596 -0.579599 0.000000
vt 0.031737 -0.578325 0.000000
vt 0.001548 -0.575009 0.000000
vt 0.701547 -0.124990 0.000000
vt 0.731736 -0.121674 0.000000
vt 0.733596 -0.120400 0.000000
vt 0.760235 -0.111176 0.000000
vt 0.763391 -0.107734 0.000000
vt 0.785360 -0.094114 0.000000
vt 0.788934 -0.087839 0.000000
vt 0.805629 -0.071497 0.000000
vt 0.808510 -0.062053 0.000000
vt 0.819845 -0.044659 0.000000
vt 0.820807 -0.032103 0.000000
vt 0.827169 -0.015185 0.000000
vt 0.825000 -0.000000 0.000000
vt 0.827169 0.015185 0.000000
vt 0.820807 0.032103 0.000000
vt 0.819845 0.044659 0.000000
vt 0.808510 0.062053 0.000000
vt 0.805629 0.071497 0.000000
vt 0.788934 0.087839 0.000000
vt 0.785360 0.094114 0.000000
vt 0.763391 0.107734 0.000000
vt 0.760235 0.111176 0.000000
vt 0.733596 0.120400 0.000000
vt 0.731736 0.121674 0.000000
vt 0.701547 0.124990 0.000000
vt 0.001548 -0.332496 0.000000
vt 0.070913 -0.325510 0.000000
vt 0.070442 -0.324953 0.000000
vt 0.136276 -0.303290 0.000000
vt 0.137298 -0.304214 0.000000
vt 0.196189 -0.268451 0.000000
vt 0.197782 -0.269543 0.000000
vt 0.247578 -0.221949 0.000000
vt 0.249707 -0.223022 0.000000
vt 0.288211 -0.165803 0.000000
vt 0.290790 -0.166697 0.000000
vt 0.316322 -0.102454 0.000000
vt 0.319226 -0.103042 0.000000
vt 0.330689 -0.034653 0.000000
vt 0.333763 -0.034858 0.000000
vt 0.330689 0.034653 0.000000
vt 0.333763 0.034858 0.000000
vt 0.319226 0.103042 0.000000
vt 0.316322 0.102454 0.000000
vt 0.290790 0.166697 0.000000
vt 0.288211 0.165803 0.000000
vt 0.249707 0.223022 0.000000
vt 0.247578 0.221949 0.000000
vt 0.197782 0.269543 0.000000
vt 0.196189 0.268451 0.000000
vt 0.137298 0.304214 0.000000
vt 0.136276 0.303290 0.000000
vt 0.070913 0.325510 0.000000
vt 0.070442 0.324953 0.000000
vt 0.001548 0.332496 0.000000
vt 0.001548 0.575009 0.000000
vt 0.031737 0.578325 0.000000
vt 0.033596 0.579599 0.000000
vt 0.060235 0.588824 0.000000
vt 0.063391 0.592266 0.000000
vt 0.085360 0.605885 0.000000
vt 0.088934 0.612160 0.000000
vt 0.105629 0.628503 0.000000
vt 0.108510 0.637947 0.000000
vt 0.119845 0.655340 0.000000
vt 0.120807 0.667897 0.000000
vt 0.127170 0.684815 0.000000
vt 0.125000 0.700000 0.000000
vt 0.127170 0.715185 0.000000
vt 0.120807 0.732103 0.000000
vt 0.119845 0.744659 0.000000
vt 0.108510 0.762053 0.000000
vt 0.105629 0.771497 0.000000
vt 0.088934 0.787839 0.000000
vt 0.085360 0.794114 0.000000
vt 0.063391 0.807733 0.000000
vt 0.060235 0.811176 0.000000
vt 0.033596 0.820400 0.000000
vt 0.031737 0.821674 0.000000
vt 0.001548 0.824990 0.000000
vt 0.579259 0.032352 0.000000
vt 0.330551 0.035950 0.000000
vt 0.575000 0.000000 0.000000
vt 0.330551 -0.035950 0.000000
vt 0.579259 -0.032352 0.000000
vt 0.315095 -0.106168 0.000000
vt 0.591747 -0.062500 0.000000
vt 0.611611 -0.088388 0.000000
vt 0.284905 -0.171422 0.000000
vt 0.637500 -0.108253 0.000000
vt 0.241394 -0.228660 0.000000
vt 0.809017 -0.587785 0.000000
vt 0.728969 -0.684547 0.000000
vt 0.637424 -0.770513 0.000000
vt 0.186595 -0.275207 0.000000
vt 0.108253 -0.637500 0.000000
vt 0.088388 -0.611611 0.000000
vt 0.123071 -0.308885 0.000000
vt 0.062500 -0.591747 0.000000
vt 0.053793 -0.328120 0.000000
vt 0.032352 -0.579259 0.000000
vt 0.000000 -0.575000 0.000000
vt -0.018001 -0.332012 0.000000
vt -0.032352 -0.579259 0.000000
vt -0.088953 -0.320380 0.000000
vt -0.062500 -0.591747 0.000000
vt -0.088388 -0.611611 0.000000
vt -0.155746 -0.293768 0.000000
vt -0.108253 -0.637500 0.000000
vt -0.215256 -0.253419 0.000000
vt -0.637424 -0.770513 0.000000
vt -0.728969 -0.684547 0.000000
vt -0.264701 -0.201220 0.000000
vt -0.809017 -0.587785 0.000000
vt -0.637500 -0.108253 0.000000
vt -0.667647 -0.120741 0.000000
vt 0.315095 0.106168 0.000000
vt 0.591747 0.062500 0.000000
vt 0.611611 0.088388 0.000000
vt 0.284905 0.171422 0.000000
vt 0.637500 0.108253 0.000000
vt 0.241394 0.228660 0.000000
vt 0.809017 0.587785 0.000000
vt 0.728969 0.684547 0.000000
vt 0.667647 0.120741 0.000000
vt 0.876307 0.481754 0.000000
vt 0.700000 0.125000 0.000000
vt 0.929776 0.368125 0.000000
vt 0.732352 0.120741 0.000000
vt 0.762500 0.108253 0.000000
vt 0.968583 0.248690 0.000000
vt 0.788388 0.088388 0.000000
vt 0.992115 0.125333 0.000000
vt 0.808253 0.062500 0.000000
vt 0.820741 0.032352 0.000000
vt 1.000000 0.000000 0.000000
vt 0.825000 0.000000 0.000000
vt 0.820741 -0.032352 0.000000
vt 0.992115 -0.125333 0.000000
vt 0.808253 -0.062500 0.000000
vt 0.788388 -0.088388 0.000000
vt 0.968583 -0.248690 0.000000
vt 0.762500 -0.108253 0.000000
vt 0.929776 -0.368125 0.000000
vt 0.732352 -0.120741 0.000000
vt 0.700000 -0.125000 0.000000
vt 0.876307 -0.481754 0.000000
vt 0.667647 -0.120741 0.000000
vt -0.120741 -0.667647 0.000000
vt -0.535827 -0.844328 0.000000
vt -0.125000 -0.700000 0.000000
vt -0.425779 -0.904827 0.000000
vt -0.120741 -0.732352 0.000000
vt -0.309017 -0.951057 0.000000
vt -0.108253 -0.762500 0.000000
vt -0.187381 -0.982287 0.000000
vt -0.088388 -0.788388 0.000000
vt -0.062500 -0.808253 0.000000
vt -0.062791 -0.998027 0.000000
vt -0.032352 -0.820741 0.000000
vt 0.000000 -0.825000 0.000000
vt 0.062791 -0.998027 0.000000
vt 0.032352 -0.820741 0.000000
vt 0.062500 -0.808253 0.000000
vt 0.187381 -0.982287 0.000000
vt 0.088388 -0.788388 0.000000
vt 0.108253 -0.762500 0.000000
vt 0.309017 -0.951057 0.000000
vt 0.120741 -0.732352 0.000000
vt 0.425779 -0.904827 0.000000
vt 0.125000 -0.700000 0.000000
vt 0.535827 -0.844328 0.000000
vt 0.120741 -0.667647 0.000000
vt -0.820741 -0.032352 0.000000
vt -0.825000 -0.000000 0.000000
vt -1.000000 -0.000000 0.000000
vt -0.820741 0.032352 0.000000
vt -0.992115 0.125333 0.000000
vt -0.808253 0.062500 0.000000
vt -0.788388 0.088388 0.000000
vt -0.968583 0.248690 0.000000
vt -0.762500 0.108253 0.000000
vt -0.929776 0.368125 0.000000
vt -0.732352 0.120741 0.000000
vt -0.700000 0.125000 0.000000
vt -0.876307 0.481754 0.000000
vt -0.667647 0.120741 0.000000
vt -0.809017 0.587785 0.000000
vt -0.637500 0.108253 0.000000
vt -0.264701 0.201220 0.000000
vt -0.301769 0.139613 0.000000
vt -0.611611 0.088388 0.000000
vt -0.591747 0.062500 0.000000
vt -0.324726 0.071478 0.000000
vt -0.579259 0.032352 0.000000
vt -0.332500 -0.000000 0.000000
vt -0.575000 -0.000000 0.000000
vt -0.579259 -0.032352 0.000000
vt -0.324726 -0.071478 0.000000
vt -0.591747 -0.062500 0.000000
vt -0.301769 -0.139613 0.000000
vt -0.611611 -0.088388 0.000000
vt -0.876307 -0.481754 0.000000
vt -0.700000 -0.125000 0.000000
vt -0.929776 -0.368125 0.000000
vt -0.732352 -0.120741 0.000000
vt -0.762500 -0.108253 0.000000
vt -0.968583 -0.248690 0.000000
vt -0.788388 -0.088388 0.000000
vt -0.992115 -0.125333 0.000000
vt -0.808253 -0.062500 0.000000
vt -0.728969 0.684547 0.000000
vt -0.215256 0.253419 0.000000
vt -0.637424 0.770513 0.000000
vt -0.108253 0.637500 0.000000
vt -0.120741 0.667647 0.000000
vt -0.155746 0.293768 0.000000
vt -0.088388 0.611611 0.000000
vt -0.088953 0.320380 0.000000
vt -0.062500 0.591747 0.000000
vt -0.032352 0.579259 0.000000
vt -0.018001 0.332012 0.000000
vt -0.000000 0.575000 0.000000
vt 0.053793 0.328120 0.000000
vt 0.032352 0.579259 0.000000
vt 0.062500 0.591747 0.000000
vt 0.123071 0.308885 0.000000
vt 0.088388 0.611611 0.000000
vt 0.186595 0.275207 0.000000
vt 0.108253 0.637500 0.000000
vt 0.637424 0.770513 0.000000
vt 0.120741 0.667647 0.000000
vt 0.535827 0.844328 0.000000
vt 0.125000 0.700000 0.000000
vt 0.425779 0.904827 0.000000
vt 0.120741 0.732352 0.000000
vt 0.309017 0.951057 0.000000
vt 0.108253 0.762500 0.000000
vt 0.187381 0.982287 0.000000
vt 0.088388 0.788388 0.000000
vt 0.062500 0.808253 0.000000
vt 0.062791 0.998027 0.000000
vt 0.032352 0.820741 0.000000
vt -0.000000 0.825000 0.000000
vt -0.062791 0.998027 0.000000
vt -0.032352 0.820741 0.000000
vt -0.062500 0.808253 0.000000
vt -0.187381 0.982287 0.000000
vt -0.088388 0.788388 0.000000
vt -0.108253 0.762500 0.000000
vt -0.309017 0.951057 0.000000
vt -0.120741 0.732352 0.000000
vt -0.425779 0.904827 0.000000
vt -0.125000 0.700000 0.000000
vt -0.535827 0.844328 0.000000
vt -0.300000 0.230364 0.000000
vt -0.300000 0.197897 0.000000
vt -0.040000 0.229074 0.000000
vt -0.147381 0.197897 0.000000
vt -0.040000 0.196350 0.000000
vt -0.147381 0.167452 0.000000
vt -0.040000 0.163625 0.000000
vt -0.147381 0.137006 0.000000
vt -0.040000 0.130900 0.000000
vt -0.147381 0.106560 0.000000
vt -0.040000 0.098175 0.000000
vt -0.147381 0.076114 0.000000
vt -0.040000 0.065450 0.000000
vt -0.147381 0.045669 0.000000
vt -0.040000 0.032725 0.000000
vt -0.147381 0.015223 0.000000
vt -0.040000 0.000000 0.000000
vt -0.147381 -0.015223 0.000000
vt -0.040000 -0.032725 0.000000
vt -0.147381 -0.045669 0.000000
vt -0.040000 -0.065450 0.000000
vt -0.147381 -0.076114 0.000000
vt -0.040000 -0.098175 0.000000
vt -0.147381 -0.106560 0.000000
vt -0.040000 -0.130900 0.000000
vt -0.147381 -0.137006 0.000000
vt -0.040000 -0.163625 0.000000
vt -0.147381 -0.167452 0.000000
vt -0.040000 -0.196350 0.000000
vt -0.147381 -0.197897 0.000000
vt -0.040000 -0.229074 0.000000
vt -0.300000 -0.197897 0.000000
vt -0.300000 -0.230364 0.000000
vt -0.040000 -0.261799 0.000000
vt -0.300000 -0.262831 0.000000
vt -0.040000 -0.294524 0.000000
vt -0.300000 -0.295298 0.000000
vt -0.040000 -0.327249 0.000000
vt -0.300000 -0.327765 0.000000
vt -0.040000 -0.359974 0.000000
vt -0.300000 -0.360232 0.000000
vt -0.040000 -0.392699 0.000000
vt -0.300000 -0.392699 0.000000
vt -0.040000 0.392699 0.000000
vt -0.300000 0.392699 0.000000
vt -0.300000 0.360232 0.000000
vt -0.040000 0.359974 0.000000
vt -0.300000 0.327765 0.000000
vt -0.040000 0.327249 0.000000
vt -0.300000 0.295298 0.000000
vt -0.040000 0.294524 0.000000
vt -0.300000 0.262831 0.000000
vt -0.040000 0.261799 0.000000
vt -0.300000 0.593270 0.000000
vt -0.300000 0.523837 0.000000
vt -0.040000 0.540300 0.000000
vt -0.147381 0.523837 0.000000
vt -0.040000 0.468260 0.000000
vt -0.147381 0.453992 0.000000
vt -0.040000 0.396220 0.000000
vt -0.147381 0.384147 0.000000
vt -0.040000 0.324180 0.000000
vt -0.147381 0.314302 0.000000
vt -0.040000 0.252140 0.000000
vt -0.147381 0.244457 0.000000
vt -0.040000 0.180100 0.000000
vt -0.147381 0.174612 0.000000
vt -0.040000 0.108060 0.000000
vt -0.147381 0.104767 0.000000
vt -0.040000 0.036020 0.000000
vt -0.147381 0.034922 0.000000
vt -0.040000 -0.036020 0.000000
vt -0.147381 -0.034922 0.000000
vt -0.147381 -0.104767 0.000000
vt -0.040000 -0.108060 0.000000
vt -0.147381 -0.174612 0.000000
vt -0.040000 -0.180100 0.000000
vt -0.147381 -0.244457 0.000000
vt -0.040000 -0.252140 0.000000
vt -0.147381 -0.314302 0.000000
vt -0.040000 -0.324180 0.000000
vt -0.147381 -0.384147 0.000000
vt -0.040000 -0.396220 0.000000
vt -0.147381 -0.453992 0.000000
vt -0.040000 -0.468260 0.000000
vt -0.147381 -0.523837 0.000000
vt -0.040000 -0.540300 0.000000
vt -0.300000 -0.523837 0.000000
vt -0.300000 -0.593270 0.000000
vt -0.040000 -0.612340 0.000000
vt -0.300000 -0.662702 0.000000
vt -0.040000 -0.684380 0.000000
vt -0.300000 -0.732134 0.000000
vt -0.040000 -0.756420 0.000000
vt -0.300000 -0.801567 0.000000
vt -0.040000 -0.828460 0.000000
vt -0.300000 -0.870999 0.000000
vt -0.040000 -0.900500 0.000000
vt -0.300000 -0.940431 0.000000
vt -0.040000 -0.972540 0.000000
vt -0.300000 -1.009863 0.000000
vt -0.040000 -1.044580 0.000000
vt -0.040000 1.044580 0.000000
vt -0.300000 1.079296 0.000000
vt -0.300000 1.009863 0.000000
vt -0.040000 0.972540 0.000000
vt -0.300000 0.940431 0.000000
vt -0.040000 0.900500 0.000000
vt -0.300000 0.870999 0.000000
vt -0.040000 0.828460 0.000000
vt -0.300000 0.801567 0.000000
vt -0.040000 0.756420 0.000000
vt -0.300000 0.732134 0.000000
vt -0.040000 0.684380 0.000000
vt -0.300000 0.662702 0.000000
vt -0.040000 0.612340 0.000000
vt -0.300000 0.230364 0.000000
vt -0.300000 0.197897 0.000000
vt -0.040000 0.229074 0.000000
vt -0.147381 0.197897 0.000000
vt -0.040000 0.196350 0.000000
vt -0.147381 0.167452 0.000000
vt -0.040000 0.163625 0.000000
vt -0.147381 0.137006 0.000000
vt -0.040000 0.130900 0.000000
vt -0.147381 0.106560 0.000000
vt -0.040000 0.098175 0.000000
vt -0.147381 0.076114 0.000000
vt -0.040000 0.065450 0.000000
vt -0.147381 0.045669 0.000000
vt -0.040000 0.032725 0.000000
vt -0.147381 0.015223 0.000000
vt -0.040000 0.000000 0.000000
vt -0.147381 -0.015223 0.000000
vt -0.040000 -0.032725 0.000000
vt -0.147381 -0.045669 0.000000
vt -0.040000 -0.065450 0.000000
vt -0.147381 -0.076114 0.000000
vt -0.040000 -0.098175 0.000000
vt -0.147381 -0.106560 0.000000
vt -0.040000 -0.130900 0.000000
vt -0.147381 -0.137006 0.000000
vt -0.040000 -0.163625 0.000000
vt -0.147381 -0.167452 0.000000
vt -0.040000 -0.196350 0.000000
vt -0.147381 -0.197897 0.000000
vt -0.040000 -0.229074 0.000000
vt -0.300000 -0.197897 0.000000
vt -0.300000 -0.230364 0.000000
vt -0.040000 -0.261799 0.000000
vt -0.300000 -0.262831 0.000000
vt -0.040000 -0.294524 0.000000
vt -0.300000 -0.295298 0.000000
vt -0.040000 -0.327249 0.000000
vt -0.300000 -0.327765 0.000000
vt -0.040000 -0.359974 0.000000
vt -0.300000 -0.360232 0.000000
vt -0.040000 -0.392699 0.000000
vt -0.300000 -0.392699 0.000000
vt -0.040000 0.392699 0.000000
vt -0.300000 0.392699 0.000000
vt -0.300000 0.360232 0.000000
vt -0.040000 0.359974 0.000000
vt -0.300000 0.327765 0.000000
vt -0.040000 0.327249 0.000000
vt -0.300000 0.295298 0.000000
vt -0.040000 0.294524 0.000000
vt -0.300000 0.262831 0.000000
vt -0.040000 0.261799 0.000000
vt -0.300000 0.230364 0.000000
vt -0.300000 0.197897 0.000000
vt -0.040000 0.229074 0.000000
vt -0.147381 0.197897 0.000000
vt -0.040000 0.196350 0.000000
vt -0.147381 0.167452 0.000000
vt -0.040000 0.163625 0.000000
vt -0.147381 0.137006 0.000000
vt -0.040000 0.130900 0.000000
vt -0.147381 0.106560 0.000000
vt -0.040000 0.098175 0.000000
vt -0.147381 0.076114 0.000000
vt -0.040000 0.065450 0.000000
vt -0.147381 0.045669 0.000000
vt -0.040000 0.032725 0.000000
vt -0.147381 0.015223 0.000000
vt -0.040000 0.000000 0.000000
vt -0.147381 -0.015223 0.000000
vt -0.040000 -0.032725 0.000000
vt -0.147381 -0.045669 0.000000
vt -0.040000 -0.065450 0.000000
vt -0.147381 -0.076114 0.000000
vt -0.040000 -0.098175 0.000000
vt -0.147381 -0.106560 0.000000
vt -0.040000 -0.130900 0.000000
vt -0.147381 -0.137006 0.000000
vt -0.040000 -0.163625 0.000000
vt -0.147381 -0.167452 0.000000
vt -0.040000 -0.196350 0.000000
vt -0.147381 -0.197897 0.000000
vt -0.040000 -0.229074 0.000000
vt -0.300000 -0.197897 0.000000
vt -0.300000 -0.230364 0.000000
vt -0.040000 -0.261799 0.000000
vt -0.300000 -0.262831 0.000000
vt -0.040000 -0.294524 0.000000
vt -0.300000 -0.295298 0.000000
vt -0.040000 -0.327249 0.000000
vt -0.300000 -0.327765 0.000000
vt -0.040000 -0.359974 0.000000
vt -0.300000 -0.360232 0.000000
vt -0.040000 -0.392699 0.000000
vt -0.300000 -0.392699 0.000000
vt -0.040000 0.392699 0.000000
vt -0.300000 0.392699 0.000000
vt -0.300000 0.360232 0.000000
vt -0.040000 0.359974 0.000000
vt -0.300000 0.327765 0.000000
vt -0.040000 0.327249 0.000000
vt -0.300000 0.295298 0.000000
vt -0.040000 0.294524 0.000000
vt -0.300000 0.262831 0.000000
vt -0.040000 0.261799 0.000000
vt -0.300000 0.230364 0.000000
vt -0.300000 0.197897 0.000000
vt -0.040000 0.229074 0.000000
vt -0.147381 0.197897 0.000000
vt -0.040000 0.196350 0.000000
vt -0.147381 0.167452 0.000000
vt -0.040000 0.163625 0.000000
vt -0.147381 0.137006 0.000000
vt -0.040000 0.130900 0.000000
vt -0.147381 0.106560 0.000000
vt -0.040000 0.098175 0.000000
vt -0.147381 0.076114 0.000000
vt -0.040000 0.065450 0.000000
vt -0.147381 0.045669 0.000000
vt -0.040000 0.032725 0.000000
vt -0.147381 0.015223 0.000000
vt -0.040000 0.000000 0.000000
vt -0.147381 -0.015223 0.000000
vt -0.040000 -0.032725 0.000000
vt -0.147381 -0.045669 0.000000
vt -0.040000 -0.065450 0.000000
vt -0.147381 -0.076114 0.000000
vt -0.040000 -0.098175 0.000000
vt -0.147381 -0.106560 0.000000
vt -0.040000 -0.130900 0.000000
vt -0.147381 -0.137006 0.000000
vt -0.040000 -0.163625 0.000000
vt -0.147381 -0.167452 0.000000
vt -0.040000 -0.196350 0.000000
vt -0.147381 -0.197897 0.000000
vt -0.040000 -0.229074 0.000000
vt -0.300000 -0.197897 0.000000
vt -0.300000 -0.230364 0.000000
vt -0.040000 -0.261799 0.000000
vt -0.300000 -0.262831 0.000000
vt -0.040000 -0.294524 0.000000
vt -0.300000 -0.295298 0.000000
vt -0.040000 -0.327249 0.000000
vt -0.300000 -0.327765 0.000000
vt -0.040000 -0.359974 0.000000
vt -0.300000 -0.360232 0.000000
vt -0.040000 -0.392699 0.000000
vt -0.300000 -0.392699 0.000000
vt -0.040000 0.392699 0.000000
vt -0.300000 0.392699 0.000000
vt -0.300000 0.360232 0.000000
vt -0.040000 0.359974 0.000000
vt -0.300000 0.327765 0.000000
vt -0.040000 0.327249 0.000000
vt -0.300000 0.295298 0.000000
vt -0.040000 0.294524 0.000000
vt -0.300000 0.262831 0.000000
vt -0.040000 0.261799 0.000000
vt 0.147381 -1.445133 0.000000
vt 0.040000 -1.507964 0.000000
vt 0.147381 -1.570796 0.000000
vt 0.040000 -1.633628 0.000000
vt 0.147381 -1.696460 0.000000
vt 0.040000 -1.759292 0.000000
vt 0.147381 -1.822124 0.000000
vt 0.040000 -1.884956 0.000000
vt 0.147381 -1.947787 0.000000
vt 0.040000 -2.010619 0.000000
vt 0.147381 -2.073451 0.000000
vt 0.040000 -2.136283 0.000000
vt 0.147381 -2.199115 0.000000
vt 0.040000 -2.261947 0.000000
vt 0.147381 -2.324779 0.000000
vt 0.040000 -2.387610 0.000000
vt 0.147381 -2.450442 0.000000
vt 0.040000 -2.513274 0.000000
vt 0.147381 -2.576106 0.000000
vt 0.040000 -2.638938 0.000000
vt 0.147381 -2.701770 0.000000
vt 0.040000 -2.764602 0.000000
vt 0.147381 -2.827433 0.000000
vt 0.040000 -2.890265 0.000000
vt 0.147381 -2.953097 0.000000
vt 0.040000 -3.015929 0.000000
vt 0.147381 -3.078761 0.000000
vt 0.040000 -3.141593 0.000000
vt 0.147381 -3.204425 0.000000
vt 0.147381 3.078761 0.000000
vt 0.040000 3.141593 0.000000
vt 0.040000 3.015929 0.000000
vt 0.147381 2.953097 0.000000
vt 0.040000 2.890265 0.000000
vt 0.147381 2.827433 0.000000
vt 0.040000 2.764602 0.000000
vt 0.147381 2.701770 0.000000
vt 0.040000 2.638938 0.000000
vt 0.147381 2.576106 0.000000
vt 0.040000 2.513274 0.000000
vt 0.147381 2.450442 0.000000
vt 0.040000 2.387610 0.000000
vt 0.147381 2.324779 0.000000
vt 0.040000 2.261947 0.000000
vt 0.147381 2.199115 0.000000
vt 0.040000 2.136283 0.000000
vt 0.147381 2.073451 0.000000
vt 0.040000 2.010619 0.000000
vt 0.147381 1.947787 0.000000
vt 0.040000 1.884956 0.000000
vt 0.147381 1.822124 0.000000
vt 0.040000 1.759292 0.000000
vt 0.147381 1.696460 0.000000
vt 0.040000 1.633628 0.000000
vt 0.147381 1.570796 0.000000
vt 0.040000 1.507964 0.000000
vt 0.147381 1.445133 0.000000
vt 0.040000 1.382301 0.000000
vt 0.147381 1.319469 0.000000
vt 0.040000 1.256637 0.000000
vt 0.147381 1.193805 0.000000
vt 0.040000 1.130973 0.000000
vt 0.147381 1.068142 0.000000
vt 0.040000 1.005310 0.000000
vt 0.147381 0.942478 0.000000
vt 0.040000 0.879646 0.000000
vt 0.147381 0.816814 0.000000
vt 0.040000 0.753982 0.000000
vt 0.147381 0.691150 0.000000
vt 0.040000 0.628319 0.000000
vt 0.147381 0.565487 0.000000
vt 0.040000 0.502655 0.000000
vt 0.147381 0.439823 0.000000
vt 0.040000 0.376991 0.000000
vt 0.147381 0.314159 0.000000
vt 0.040000 0.251327 0.000000
vt 0.147381 0.188496 0.000000
vt 0.040000 0.125664 0.000000
vt 0.147381 0.062832 0.000000
vt 0.040000 0.000000 0.000000
vt 0.147381 -0.062832 0.000000
vt 0.040000 -0.125664 0.000000
vt 0.147381 -0.188496 0.000000
vt 0.040000 -0.251327 0.000000
vt 0.147381 -0.314159 0.000000
vt 0.040000 -0.376991 0.000000
vt 0.147381 -0.439823 0.000000
vt 0.040000 -0.502655 0.000000
vt 0.147381 -0.565487 0.000000
vt 0.040000 -0.628319 0.000000
vt 0.147381 -0.691150 0.000000
vt 0.040000 -0.753982 0.000000
vt 0.147381 -0.816814 0.000000
vt 0.040000 -0.879646 0.000000
vt 0.147381 -0.942478 0.000000
vt 0.040000 -1.005310 0.000000
vt 0.147381 -1.068142 0.000000
vt 0.040000 -1.130973 0.000000
vt 0.147381 -1.193805 0.000000
vt 0.040000 -1.256637 0.000000
vt 0.147381 -1.319469 0.000000
vt 0.040000 -1.382301 0.000000
vn -0.003061 0.999995 -0.000000
vn -0.003654 0.999993 -0.000000
vn -0.003061 0.999995 0.000000
vn -0.004247 0.999991 -0.000000
vn -0.004840 0.999988 -0.000000
vn -0.101910 0.994794 -0.000000
vn -0.133307 0.991075 -0.000000
vn -0.200252 0.979745 -0.000000
vn -0.261282 0.965263 -0.000000
vn -0.297914 0.954593 -0.000000
vn -0.384803 0.922999 -0.000000
vn -0.393047 0.919519 -0.000000
vn -0.484050 0.875040 -0.000000
vn -0.501766 0.865003 -0.000000
vn -0.569447 0.822028 -0.000000
vn -0.610177 0.792265 -0.000000
vn -0.647843 0.761773 -0.000000
vn -0.708188 0.706024 -0.000000
vn -0.718174 0.695864 -0.000000
vn -0.782087 0.623170 -0.000000
vn -0.794129 0.607749 -0.000000
vn -0.839528 0.543317 -0.000000
vn -0.866535 0.499116 -0.000000
vn -0.889122 0.457671 -0.000000
vn -0.924172 0.381976 -0.000000
vn -0.929894 0.367828 -0.000000
vn -0.961324 0.275422 -0.000000
vn -0.966058 0.258326 -0.000000
vn -0.983282 0.182092 -0.000000
vn -0.991478 0.130273 -0.000000
vn -0.995973 0.089657 -0.000000
vn -1.000000 0.000000 -0.000000
vn -1.000000 0.000000 -0.000000
vn -0.000000 -0.000000 1.000000
vn -0.000000 -0.000000 1.000000
vn -0.000000 -0.000000 1.000000
vn -0.000000 -0.000000 1.000000
vn -0.000000 -0.000000 1.000000
vn -0.000000 -0.000000 1.000000
vn -0.000000 -0.000000 1.000000
vn -0.000000 -0.000000 1.000000
vn -0.000000 -0.000000 1.000000
vn -0.000000 -0.000000 1.000000
vn -0.000000 -0.000000 1.000000
vn -0.000000 -0.000000 1.000000
vn -0.000000 -0.000000 1.000000
vn -0.000000 -0.000000 1.000000
vn -0.000000 -0.000000 1.000000
vn -0.000000 -0.000000 1.000000
vn -0.000000 -0.000000 1.000000
vn -0.000000 -0.000000 1.000000
vn -0.000000 -0.000000 1.000000
vn -0.000000 -0.000000 1.000000
vn -0.000000 -0.000000 1.000000
vn -0.000000 -0.000000 1.000000
vn -0.000000 -0.000000 1.000000
vn -0.000000 -0.000000 1.000000
vn -0.000000 -0.000000 1.000000
vn -0.000000 -0.000000 1.000000
vn -0.000000 -0.000000 1.000000
vn -0.000000 -0.000000 1.000000
vn -0.000000 -0.000000 1.000000
vn -0.000000 -0.000000 1.000000
vn -0.000000 -0.000000 1.000000
vn -0.000000 -0.000000 1.000000
vn -0.000000 -0.000000 1.000000
vn -0.000000 -0.000000 1.000000
vn -0.000000 -0.000000 1.000000
vn -0.000000 -0.000000 1.000000
vn -0.000000 -0.000000 1.000000
vn -0.000000 -0.000000 1.000000
vn -0.000000 -0.000000 1.000000
vn -0.000000 -0.000000 1.000000
vn -0.000000 -0.000000 1.000000
vn -0.000000 -0.000000 1.000000
vn -0.000000 -0.000000 1.000000
vn -0.000000 -0.000000 1.000000
vn -0.000000 -0.000000 1.000000
vn -0.000000 -0.000000 1.000000
vn -0.000000 -0.000000 1.000000
vn -0.000000 -0.000000 1.000000
vn -0.000000 -0.000000 1.000000
vn -0.000000 -0.000000 1.000000
vn -0.000000 -0.000000 1.000000
vn -0.000000 -0.000000 1.000000
vn -0.000000 -0.000000 1.000000
vn -0.000000 -0.000000 1.000000
vn -0.000000 -0.000000 1.000000
vn -0.000000 -0.000000 1.000000
vn -0.000000 -0.000000 1.000000
vn -0.000000 -0.000000 1.000000
vn -0.000000 -0.000000 1.000000
vn -0.000000 -0.000000 1.000000
vn -0.000000 -0.000000 1.000000
vn -0.000000 -0.000000 1.000000
vn -0.000000 -0.000000 1.000000
vn -0.000000 -0.000000 1.000000
vn -0.000000 -0.000000 1.000000
vn -0.000000 -0.000000 1.000000
vn -0.000000 -0.000000 1.000000
vn -0.000000 -0.000000 1.000000
vn -0.000000 -0.000000 1.000000
vn -0.000000 -0.000000 1.000000
vn -0.000000 -0.000000 1.000000
vn -0.000000 -0.000000 1.000000
vn -0.000000 -0.000000 1.000000
vn -0.000000 -0.000000 1.000000
vn -0.000000 -0.000000 1.000000
vn -0.000000 -0.000000 1.000000
vn -0.000000 -0.000000 1.000000
vn -0.000000 -0.000000 1.000000
vn -0.000000 -0.000000 1.000000
vn -0.000000 -0.000000 1.000000
vn -0.000000 -0.000000 1.000000
vn -0.000000 -0.000000 1.000000
vn -0.000000 -0.000000 1.000000
vn -0.000000 -0.000000 1.000000
vn -0.000000 -0.000000 1.000000
vn -0.000000 -0.000000 1.000000
vn -0.000000 -0.000000 1.000000
vn -0.000000 -0.000000 1.000000
vn -0.000000 -0.000000 1.000000
vn -0.000000 -0.000000 1.000000
vn -0.000000 -0.000000 1.000000
vn -0.000000 -0.000000 1.000000
vn -0.000000 -0.000000 1.000000
vn -0.000000 -0.000000 1.000000
vn -0.000000 -0.000000 1.000000
vn -0.000000 -0.000000 1.000000
vn -0.000000 -0.000000 1.000000
vn -0.000000 -0.000000 1.000000
vn -0.000000 -0.000000 1.000000
vn -0.000000 -0.000000 1.000000
vn -0.000000 -0.000000 1.000000
vn -0.000000 -0.000000 1.000000
vn -0.000000 -0.000000 1.000000
vn -0.000000 -0.000000 1.000000
vn -0.000000 -0.000000 1.000000
vn -0.000000 -0.000000 1.000000
vn -0.000000 -0.000000 1.000000
vn -0.000000 -0.000000 1.000000
vn -0.000000 -0.000000 1.000000
vn -0.000000 -0.000000 1.000000
vn -0.000000 -0.000000 1.000000
vn -0.000000 -0.000000 1.000000
vn -0.000000 -0.000000 1.000000
vn -0.000000 -0.000000 1.000000
vn -0.000000 -0.000000 1.000000
vn -0.000000 -0.000000 1.000000
vn -0.000000 -0.000000 1.000000
vn -0.000000 -0.000000 1.000000
vn -0.000000 -0.000000 1.000000
vn -0.000000 -0.000000 1.000000
vn -0.000000 -0.000000 1.000000
vn -0.000000 -0.000000 1.000000
vn -0.000000 -0.000000 1.000000
vn -0.000000 -0.000000 1.000000
vn -0.000000 -0.000000 1.000000
vn -0.000000 -0.000000 1.000000
vn -0.000000 -0.000000 1.000000
vn -0.000000 -0.000000 1.000000
vn -0.000000 -0.000000 1.000000
vn -0.000000 -0.000000 1.000000
vn -0.000000 -0.000000 1.000000
vn -0.000000 -0.000000 1.000000
vn -0.000000 -0.000000 1.000000
vn -0.000000 -0.000000 1.000000
vn -0.000000 -0.000000 1.000000
vn -0.000000 -0.000000 1.000000
vn -0.000000 -0.000000 1.000000
vn -0.000000 -0.000000 1.000000
vn -0.000000 -0.000000 1.000000
vn -0.000000 -0.000000 1.000000
vn -0.000000 -0.000000 1.000000
vn -0.000000 -0.000000 1.000000
vn -0.000000 -0.000000 1.000000
vn -0.000000 -0.000000 1.000000
vn -0.000000 -0.000000 1.000000
vn -0.000000 -0.000000 1.000000
vn -0.000000 -0.000000 1.000000
vn -0.000000 -0.000000 1.000000
vn -0.000000 -0.000000 1.000000
vn -0.000000 -0.000000 1.000000
vn -0.000000 -0.000000 1.000000
vn -0.000000 -0.000000 1.000000
vn -0.000000 -0.000000 1.000000
vn -0.000000 -0.000000 1.000000
vn -0.000000 -0.000000 1.000000
vn -0.000000 -0.000000 1.000000
vn -0.000000 -0.000000 1.000000
vn -0.000000 -0.000000 1.000000
vn -0.000000 -0.000000 1.000000
vn -0.000000 -0.000000 1.000000
vn -0.000000 -0.000000 1.000000
vn -0.000000 -0.000000 1.000000
vn -0.000000 -0.000000 1.000000
vn -0.000000 -0.000000 1.000000
vn -0.000000 -0.000000 1.000000
vn -0.000000 -0.000000 1.000000
vn -0.000000 -0.000000 1.000000
vn -0.000000 -0.000000 1.000000
vn -0.000000 -0.000000 1.000000
vn -0.000000 -0.000000 1.000000
vn -0.000000 -0.000000 1.000000
vn -0.000000 -0.000000 1.000000
vn -0.116659 0.993172 -0.000000
vn -0.116659 0.993172 -0.000000
vn -0.228747 0.973486 -0.000000
vn -0.228747 0.973486 -0.000000
vn -0.337872 0.941192 -0.000000
vn -0.337872 0.941192 -0.000000
vn -0.442622 0.896709 -0.000000
vn -0.442622 0.896709 -0.000000
vn -0.541638 0.840612 -0.000000
vn -0.541638 0.840612 -0.000000
vn -0.633640 0.773628 -0.000000
vn -0.633640 0.773628 -0.000000
vn -0.717436 0.696625 -0.000000
vn -0.717436 0.696625 -0.000000
vn -0.791940 0.610599 -0.000000
vn -0.791940 0.610599 -0.000000
vn -0.856187 0.516666 -0.000000
vn -0.856187 0.516666 -0.000000
vn -0.909346 0.416041 -0.000000
vn -0.909346 0.416041 -0.000000
vn -0.950727 0.310028 -0.000000
vn -0.950727 0.310028 -0.000000
vn -0.979796 0.200000 -0.000000
vn -0.979796 0.200000 -0.000000
vn 0.000000 -0.000000 -1.000000
vn 0.000000 -0.000000 -1.000000
vn 0.000000 -0.000000 -1.000000
vn 0.000000 -0.000000 -1.000000
vn 0.000000 -0.000000 -1.000000
vn 0.000000 -0.000000 -1.000000
vn 0.000000 -0.000000 -1.000000
vn 0.000000 -0.000000 -1.000000
vn 0.000000 -0.000000 -1.000000
vn 0.000000 -0.000000 -1.000000
vn 0.000000 -0.000000 -1.000000
vn 0.000000 -0.000000 -1.000000
vn 0.000000 -0.000000 -1.000000
vn 0.000000 -0.000000 -1.000000
vn 0.000000 -0.000000 -1.000000
vn 0.000000 -0.000000 -1.000000
vn 0.000000 -0.000000 -1.000000
vn 0.000000 -0.000000 -1.000000
vn 0.000000 -0.000000 -1.000000
vn 0.000000 -0.000000 -1.000000
vn 0.000000 -0.000000 -1.000000
vn 0.000000 -0.000000 -1.000000
vn 0.000000 -0.000000 -1.000000
vn 0.000000 -0.000000 -1.000000
vn 0.000000 -0.000000 -1.000000
vn 0.000000 -0.000000 -1.000000
vn 0.000000 -0.000000 -1.000000
vn 0.000000 -0.000000 -1.000000
vn 0.000000 -0.000000 -1.000000
vn 0.000000 -0.000000 -1.000000
vn 0.000000 -0.000000 -1.000000
vn 0.000000 -0.000000 -1.000000
vn 0.000000 -0.000000 -1.000000
vn 0.000000 -0.000000 -1.000000
vn 0.000000 -0.000000 -1.000000
vn 0.000000 -0.000000 -1.000000
vn 0.000000 -0.000000 -1.000000
vn 0.000000 -0.000000 -1.000000
vn 0.000000 -0.000000 -1.000000
vn 0.000000 -0.000000 -1.000000
vn 0.000000 -0.000000 -1.000000
vn 0.000000 -0.000000 -1.000000
vn 0.000000 -0.000000 -1.000000
vn 0.000000 -0.000000 -1.000000
vn 0.000000 -0.000000 -1.000000
vn 0.000000 -0.000000 -1.000000
vn 0.000000 -0.000000 -1.000000
vn 0.000000 -0.000000 -1.000000
vn 0.000000 -0.000000 -1.000000
vn 0.000000 -0.000000 -1.000000
vn 0.000000 -0.000000 -1.000000
vn 0.000000 -0.000000 -1.000000
vn 0.000000 -0.000000 -1.000000
vn 0.000000 -0.000000 -1.000000
vn 0.000000 -0.000000 -1.000000
vn 0.000000 -0.000000 -1.000000
vn 0.000000 -0.000000 -1.000000
vn 0.000000 -0.000000 -1.000000
vn 0.000000 -0.000000 -1.000000
vn 0.000000 -0.000000 -1.000000
vn 0.000000 -0.000000 -1.000000
vn 0.000000 -0.000000 -1.000000
vn 0.000000 -0.000000 -1.000000
vn 0.000000 -0.000000 -1.000000
vn 0.000000 -0.000000 -1.000000
vn 0.000000 -0.000000 -1.000000
vn 0.000000 -0.000000 -1.000000
vn 0.000000 -0.000000 -1.000000
vn 0.000000 -0.000000 -1.000000
vn 0.000000 -0.000000 -1.000000
vn 0.000000 -0.000000 -1.000000
vn 0.000000 -0.000000 -1.000000
vn 0.000000 -0.000000 -1.000000
vn 0.000000 -0.000000 -1.000000
vn 0.000000 -0.000000 -1.000000
vn 0.000000 -0.000000 -1.000000
vn 0.000000 -0.000000 -1.000000
vn 0.000000 -0.000000 -1.000000
vn 0.000000 -0.000000 -1.000000
vn 0.000000 -0.000000 -1.000000
vn 0.000000 -0.000000 -1.000000
vn 0.000000 -0.000000 -1.000000
vn 0.000000 -0.000000 -1.000000
vn 0.000000 -0.000000 -1.000000
vn 0.000000 -0.000000 -1.000000
vn 0.000000 -0.000000 -1.000000
vn 0.000000 -0.000000 -1.000000
vn 0.000000 -0.000000 -1.000000
vn 0.000000 -0.000000 -1.000000
vn 0.000000 -0.000000 -1.000000
vn 0.000000 -0.000000 -1.000000
vn 0.000000 -0.000000 -1.000000
vn 0.000000 -0.000000 -1.000000
vn 0.000000 -0.000000 -1.000000
vn 0.000000 -0.000000 -1.000000
vn 0.000000 -0.000000 -1.000000
vn 0.000000 -0.000000 -1.000000
vn 0.000000 -0.000000 -1.000000
vn 0.000000 -0.000000 -1.000000
vn 0.000000 -0.000000 -1.000000
vn 0.000000 -0.000000 -1.000000
vn 0.000000 -0.000000 -1.000000
vn 0.000000 -0.000000 -1.000000
vn 0.000000 -0.000000 -1.000000
vn 0.000000 -0.000000 -1.000000
vn 0.000000 -0.000000 -1.000000
vn 0.000000 -0.000000 -1.000000
vn 0.000000 -0.000000 -1.000000
vn 0.000000 -0.000000 -1.000000
vn 0.000000 -0.000000 -1.000000
vn 0.000000 -0.000000 -1.000000
vn 0.000000 -0.000000 -1.000000
vn 0.000000 -0.000000 -1.000000
vn 0.000000 -0.000000 -1.000000
vn 0.000000 -0.000000 -1.000000
vn 0.000000 -0.000000 -1.000000
vn 0.000000 -0.000000 -1.000000
vn 0.000000 -0.000000 -1.000000
vn 0.000000 -0.000000 -1.000000
vn 0.000000 -0.000000 -1.000000
vn 0.000000 -0.000000 -1.000000
vn 0.000000 -0.000000 -1.000000
vn 0.000000 -0.000000 -1.000000
vn 0.000000 -0.000000 -1.000000
vn 0.000000 -0.000000 -1.000000
vn 0.000000 -0.000000 -1.000000
vn 0.000000 -0.000000 -1.000000
vn 0.000000 -0.000000 -1.000000
vn 0.000000 -0.000000 -1.000000
vn 0.000000 -0.000000 -1.000000
vn 0.000000 -0.000000 -1.000000
vn 0.000000 -0.000000 -1.000000
vn 0.000000 -0.000000 -1.000000
vn 0.000000 -0.000000 -1.000000
vn 0.000000 -0.000000 -1.000000
vn 0.000000 -0.000000 -1.000000
vn 0.000000 -0.000000 -1.000000
vn 0.000000 -0.000000 -1.000000
vn 0.000000 -0.000000 -1.000000
vn 0.000000 -0.000000 -1.000000
vn 0.000000 -0.000000 -1.000000
vn 0.000000 -0.000000 -1.000000
vn -0.943320 0.331886 0.000000
vn -0.943320 0.331886 0.000000
vn -0.889180 0.457557 0.000000
vn -0.889180 0.457557 0.000000
vn -0.818392 0.574661 0.000000
vn -0.818392 0.574661 0.000000
vn -0.732279 0.681004 0.000000
vn -0.732279 0.681004 0.000000
vn -0.632456 0.774597 0.000000
vn -0.632456 0.774597 0.000000
vn -0.520789 0.853685 0.000000
vn -0.520789 0.853685 0.000000
vn -0.399372 0.916789 0.000000
vn -0.399372 0.916789 0.000000
vn -0.270476 0.962727 0.000000
vn -0.270476 0.962727 0.000000
vn -0.136516 0.990638 0.000000
vn -0.136516 0.990638 0.000000
vn -0.000000 1.000000 0.000000
vn -0.000000 1.000000 0.000000
vn -1.000000 0.000000 -0.000000
vn -1.000000 0.000000 -0.000000
vn -1.000000 0.000000 -0.000000
vn -1.000000 0.000000 -0.000000
vn -1.000000 0.000000 -0.000000
vn -1.000000 0.000000 -0.000000
vn -1.000000 0.000000 -0.000000
vn -1.000000 0.000000 -0.000000
vn -1.000000 0.000000 -0.000000
vn -1.000000 0.000000 -0.000000
vn -1.000000 0.000000 -0.000000
vn -1.000000 0.000000 -0.000000
vn -1.000000 0.000000 -0.000000
vn -1.000000 0.000000 -0.000000
vn -1.000000 0.000000 -0.000000
vn -1.000000 0.000000 -0.000000
vn -1.000000 0.000000 -0.000000
vn -1.000000 0.000000 -0.000000
vn 0.000000 1.000000 0.000000
vn 0.000000 1.000000 0.000000
vn 0.974928 -0.222521 -0.000000
vn 0.974928 -0.222521 -0.000000
vn 1.000000 -0.000000 -0.000000
vn 1.000000 -0.000000 -0.000000
vn 0.974928 0.222521 0.000000
vn 0.974928 0.222521 0.000000
vn 0.900969 0.433884 0.000000
vn 0.900969 0.433884 0.000000
vn 0.781831 0.623490 0.000000
vn 0.781831 0.623490 0.000000
vn 0.623490 0.781831 0.000000
vn 0.623490 0.781831 0.000000
vn 0.433884 0.900969 0.000000
vn 0.433884 0.900969 0.000000
vn 0.222521 0.974928 0.000000
vn 0.222521 0.974928 0.000000
vn -0.000000 1.000000 -0.000000
vn -0.000000 1.000000 -0.000000
vn -0.222521 0.974928 -0.000000
vn -0.222521 0.974928 -0.000000
vn -0.433884 0.900969 -0.000000
vn -0.433884 0.900969 -0.000000
vn -0.623490 0.781831 -0.000000
vn -0.623490 0.781831 -0.000000
vn -0.781831 0.623490 -0.000000
vn -0.781831 0.623490 -0.000000
vn -0.900969 0.433884 -0.000000
vn -0.900969 0.433884 -0.000000
vn -0.974928 0.222521 -0.000000
vn -0.974928 0.222521 -0.000000
vn -1.000000 0.000000 -0.000000
vn -1.000000 0.000000 -0.000000
vn -0.974928 -0.222521 -0.000000
vn -0.974928 -0.222521 -0.000000
vn -0.900969 -0.433884 -0.000000
vn -0.900969 -0.433884 -0.000000
vn -0.781831 -0.623490 -0.000000
vn -0.781831 -0.623490 -0.000000
vn -0.623490 -0.781831 -0.000000
vn -0.623490 -0.781831 -0.000000
vn -0.433884 -0.900969 -0.000000
vn -0.433884 -0.900969 -0.000000
vn -0.222521 -0.974928 -0.000000
vn -0.222521 -0.974928 -0.000000
vn -0.000000 -1.000000 -0.000000
vn -0.000000 -1.000000 -0.000000
vn 0.222521 -0.974928 -0.000000
vn 0.222521 -0.974928 -0.000000
vn 0.433884 -0.900969 -0.000000
vn 0.433884 -0.900969 -0.000000
vn 0.623490 -0.781831 -0.000000
vn 0.623490 -0.781831 -0.000000
vn 0.781831 -0.623490 -0.000000
vn 0.781831 -0.623490 -0.000000
vn 0.900969 -0.433884 -0.000000
vn 0.900969 -0.433884 -0.000000
vn 0.000000 0.000000 1.000000
vn 0.000000 0.000000 1.000000
vn 0.000000 0.000000 1.000000
vn 0.000000 0.000000 1.000000
vn 0.000000 0.000000 1.000000
vn 0.000000 0.000000 1.000000
vn 0.000000 0.000000 1.000000
vn 0.000000 0.000000 1.000000
vn 0.000000 0.000000 1.000000
vn 0.000000 0.000000 1.000000
vn 0.000000 0.000000 1.000000
vn 0.000000 0.000000 1.000000
vn 0.000000 0.000000 1.000000
vn 0.000000 0.000000 1.000000
vn 0.000000 0.000000 1.000000
vn 0.000000 0.000000 1.000000
vn 0.000000 0.000000 1.000000
vn 0.000000 0.000000 1.000000
vn 0.000000 0.000000 1.000000
vn 0.000000 0.000000 1.000000
vn 0.000000 0.000000 1.000000
vn 0.000000 0.000000 1.000000
vn 0.000000 0.000000 1.000000
vn 0.000000 0.000000 1.000000
vn 0.000000 0.000000 1.000000
vn 0.000000 0.000000 1.000000
vn 0.000000 0.000000 1.000000
vn 0.000000 0.000000 1.000000
vn 0.000000 0.000000 1.000000
vn 0.000000 0.000000 1.000000
vn 0.000000 0.000000 1.000000
vn 0.000000 0.000000 1.000000
vn 0.000000 0.000000 1.000000
vn 0.000000 0.000000 1.000000
vn 0.000000 0.000000 1.000000
vn 0.000000 0.000000 1.000000
vn 0.000000 0.000000 1.000000
vn 0.000000 0.000000 1.000000
vn 0.000000 0.000000 1.000000
vn 0.000000 0.000000 1.000000
vn 0.000000 0.000000 1.000000
vn 0.000000 0.000000 1.000000
vn 0.000000 0.000000 1.000000
vn 0.000000 0.000000 1.000000
vn 0.000000 0.000000 1.000000
vn 0.000000 0.000000 1.000000
vn 0.000000 0.000000 1.000000
vn 0.000000 0.000000 1.000000
vn 0.000000 0.000000 1.000000
vn 0.000000 0.000000 1.000000
vn 0.000000 0.000000 1.000000
vn 0.000000 0.000000 1.000000
vn 0.974928 -0.222521 -0.000000
vn 0.974928 -0.222521 -0.000000
vn 1.000000 -0.000000 -0.000000
vn 1.000000 -0.000000 -0.000000
vn 0.974928 0.222521 0.000000
vn 0.974928 0.222521 0.000000
vn 0.900969 0.433884 0.000000
vn 0.900969 0.433884 0.000000
vn 0.781831 0.623490 0.000000
vn 0.781831 0.623490 0.000000
vn 0.623490 0.781831 0.000000
vn 0.623490 0.781831 0.000000
vn 0.433884 0.900969 0.000000
vn 0.433884 0.900969 0.000000
vn 0.222521 0.974928 0.000000
vn 0.222521 0.974928 0.000000
vn -0.000000 1.000000 -0.000000
vn -0.000000 1.000000 -0.000000
vn -0.222521 0.974928 -0.000000
vn -0.222521 0.974928 -0.000000
vn -0.433884 0.900969 -0.000000
vn -0.433884 0.900969 -0.000000
vn -0.623490 0.781831 -0.000000
vn -0.623490 0.781831 -0.000000
vn -0.781831 0.623490 -0.000000
vn -0.781831 0.623490 -0.000000
vn -0.900969 0.433884 -0.000000
vn -0.900969 0.433884 -0.000000
vn -0.974928 0.222521 -0.000000
vn -0.974928 0.222521 -0.000000
vn -1.000000 0.000000 -0.000000
vn -1.000000 0.000000 -0.000000
vn -0.974928 -0.222521 -0.000000
vn -0.974928 -0.222521 -0.000000
vn -0.900969 -0.433884 -0.000000
vn -0.900969 -0.433884 -0.000000
vn -0.781831 -0.623490 -0.000000
vn -0.781831 -0.623490 -0.000000
vn -0.623490 -0.781831 -0.000000
vn -0.623490 -0.781831 -0.000000
vn -0.433884 -0.900969 -0.000000
vn -0.433884 -0.900969 -0.000000
vn -0.222521 -0.974928 -0.000000
vn -0.222521 -0.974928 -0.000000
vn -0.000000 -1.000000 -0.000000
vn -0.000000 -1.000000 -0.000000
vn 0.222521 -0.974928 -0.000000
vn 0.222521 -0.974928 -0.000000
vn 0.433884 -0.900969 -0.000000
vn 0.433884 -0.900969 -0.000000
vn 0.623490 -0.781831 -0.000000
vn 0.623490 -0.781831 -0.000000
vn 0.781831 -0.623490 -0.000000
vn 0.781831 -0.623490 -0.000000
vn 0.900969 -0.433884 -0.000000
vn 0.900969 -0.433884 -0.000000
vn 0.000000 0.000000 1.000000
vn 0.000000 0.000000 1.000000
vn 0.000000 0.000000 1.000000
vn 0.000000 0.000000 1.000000
vn 0.000000 0.000000 1.000000
vn 0.000000 0.000000 1.000000
vn 0.000000 0.000000 1.000000
vn 0.000000 0.000000 1.000000
vn 0.000000 0.000000 1.000000
vn 0.000000 0.000000 1.000000
vn 0.000000 0.000000 1.000000
vn 0.000000 0.000000 1.000000
vn 0.000000 0.000000 1.000000
vn 0.000000 0.000000 1.000000
vn 0.000000 0.000000 1.000000
vn 0.000000 0.000000 1.000000
vn 0.000000 0.000000 1.000000
vn 0.000000 0.000000 1.000000
vn 0.000000 0.000000 1.000000
vn 0.000000 0.000000 1.000000
vn 0.000000 0.000000 1.000000
vn 0.000000 0.000000 1.000000
vn 0.000000 0.000000 1.000000
vn 0.000000 0.000000 1.000000
vn 0.000000 0.000000 1.000000
vn 0.000000 0.000000 1.000000
vn 0.000000 0.000000 1.000000
vn 0.000000 0.000000 1.000000
vn 0.000000 0.000000 1.000000
vn 0.000000 0.000000 1.000000
vn 0.000000 0.000000 1.000000
vn 0.000000 0.000000 1.000000
vn 0.000000 0.000000 1.000000
vn 0.000000 0.000000 1.000000
vn 0.000000 0.000000 1.000000
vn 0.000000 0.000000 1.000000
vn 0.000000 0.000000 1.000000
vn 0.000000 0.000000 1.000000
vn 0.000000 0.000000 1.000000
vn 0.000000 0.000000 1.000000
vn 0.000000 0.000000 1.000000
vn 0.000000 0.000000 1.000000
vn 0.000000 0.000000 1.000000
vn 0.000000 0.000000 1.000000
vn 0.000000 0.000000 1.000000
vn 0.000000 0.000000 1.000000
vn 0.000000 0.000000 1.000000
vn 0.000000 0.000000 1.000000
vn 0.000000 0.000000 1.000000
vn 0.000000 0.000000 1.000000
vn 0.000000 0.000000 1.000000
vn 0.000000 0.000000 1.000000
vn 0.974928 -0.222521 -0.000000
vn 0.974928 -0.222521 -0.000000
vn 1.000000 -0.000000 -0.000000
vn 1.000000 -0.000000 -0.000000
vn 0.974928 0.222521 0.000000
vn 0.974928 0.222521 0.000000
vn 0.900969 0.433884 0.000000
vn 0.900969 0.433884 0.000000
vn 0.781831 0.623490 0.000000
vn 0.781831 0.623490 0.000000
vn 0.623490 0.781831 0.000000
vn 0.623490 0.781831 0.000000
vn 0.433884 0.900969 0.000000
vn 0.433884 0.900969 0.000000
vn 0.222521 0.974928 0.000000
vn 0.222521 0.974928 0.000000
vn -0.000000 1.000000 -0.000000
vn -0.000000 1.000000 -0.000000
vn -0.222521 0.974928 -0.000000
vn -0.222521 0.974928 -0.000000
vn -0.433884 0.900969 -0.000000
vn -0.433884 0.900969 -0.000000
vn -0.623490 0.781831 -0.000000
vn -0.623490 0.781831 -0.000000
vn -0.781831 0.623490 -0.000000
vn -0.781831 0.623490 -0.000000
vn -0.900969 0.433884 -0.000000
vn -0.900969 0.433884 -0.000000
vn -0.974928 0.222521 -0.000000
vn -0.974928 0.222521 -0.000000
vn -1.000000 0.000000 -0.000000
vn -1.000000 0.000000 -0.000000
vn -0.974928 -0.222521 -0.000000
vn -0.974928 -0.222521 -0.000000
vn -0.900969 -0.433884 -0.000000
vn -0.900969 -0.433884 -0.000000
vn -0.781831 -0.623490 -0.000000
vn -0.781831 -0.623490 -0.000000
vn -0.623490 -0.781831 -0.000000
vn -0.623490 -0.781831 -0.000000
vn -0.433884 -0.900969 -0.000000
vn -0.433884 -0.900969 -0.000000
vn -0.222521 -0.974928 -0.000000
vn -0.222521 -0.974928 -0.000000
vn -0.000000 -1.000000 -0.000000
vn -0.000000 -1.000000 -0.000000
vn 0.222521 -0.974928 -0.000000
vn 0.222521 -0.974928 -0.000000
vn 0.433884 -0.900969 -0.000000
vn 0.433884 -0.900969 -0.000000
vn 0.623490 -0.781831 -0.000000
vn 0.623490 -0.781831 -0.000000
vn 0.781831 -0.623490 -0.000000
vn 0.781831 -0.623490 -0.000000
vn 0.900969 -0.433884 -0.000000
vn 0.900969 -0.433884 -0.000000
vn 0.000000 0.000000 1.000000
vn 0.000000 0.000000 1.000000
vn 0.000000 0.000000 1.000000
vn 0.000000 0.000000 1.000000
vn 0.000000 0.000000 1.000000
vn 0.000000 0.000000 1.000000
vn 0.000000 0.000000 1.000000
vn 0.000000 0.000000 1.000000
vn 0.000000 0.000000 1.000000
vn 0.000000 0.000000 1.000000
vn 0.000000 0.000000 1.000000
vn 0.000000 0.000000 1.000000
vn 0.000000 0.000000 1.000000
vn 0.000000 0.000000 1.000000
vn 0.000000 0.000000 1.000000
vn 0.000000 0.000000 1.000000
vn 0.000000 0.000000 1.000000
vn 0.000000 0.000000 1.000000
vn 0.000000 0.000000 1.000000
vn 0.000000 0.000000 1.000000
vn 0.000000 0.000000 1.000000
vn 0.000000 0.000000 1.000000
vn 0.000000 0.000000 1.000000
vn 0.000000 0.000000 1.000000
vn 0.000000 0.000000 1.000000
vn 0.000000 0.000000 1.000000
vn 0.000000 0.000000 1.000000
vn 0.000000 0.000000 1.000000
vn 0.000000 0.000000 1.000000
vn 0.000000 0.000000 1.000000
vn 0.000000 0.000000 1.000000
vn 0.000000 0.000000 1.000000
vn 0.000000 0.000000 1.000000
vn 0.000000 0.000000 1.000000
vn 0.000000 0.000000 1.000000
vn 0.000000 0.000000 1.000000
vn 0.000000 0.000000 1.000000
vn 0.000000 0.000000 1.000000
vn 0.000000 0.000000 1.000000
vn 0.000000 0.000000 1.000000
vn 0.000000 0.000000 1.000000
vn 0.000000 0.000000 1.000000
vn 0.000000 0.000000 1.000000
vn 0.000000 0.000000 1.000000
vn 0.000000 0.000000 1.000000
vn 0.000000 0.000000 1.000000
vn 0.000000 0.000000 1.000000
vn 0.000000 0.000000 1.000000
vn 0.000000 0.000000 1.000000
vn 0.000000 0.000000 1.000000
vn 0.000000 0.000000 1.000000
vn 0.000000 0.000000 1.000000
vn -0.000000 -1.000000 -0.000000
vn -0.000000 -1.000000 -0.000000
vn 0.222521 -0.974928 -0.000000
vn 0.222521 -0.974928 -0.000000
vn 0.433884 -0.900969 -0.000000
vn 0.433884 -0.900969 -0.000000
vn 0.623490 -0.781831 -0.000000
vn 0.623490 -0.781831 -0.000000
vn 0.781831 -0.623490 -0.000000
vn 0.781831 -0.623490 -0.000000
vn 0.900969 -0.433884 -0.000000
vn 0.900969 -0.433884 -0.000000
vn 0.974928 -0.222521 -0.000000
vn 0.974928 -0.222521 -0.000000
vn 1.000000 -0.000000 -0.000000
vn 1.000000 -0.000000 -0.000000
vn 0.974928 0.222521 0.000000
vn 0.974928 0.222521 0.000000
vn 0.900969 0.433884 0.000000
vn 0.900969 0.433884 0.000000
vn 0.781831 0.623490 0.000000
vn 0.781831 0.623490 0.000000
vn 0.623490 0.781831 0.000000
vn 0.623490 0.781831 0.000000
vn 0.433884 0.900969 0.000000
vn 0.433884 0.900969 0.000000
vn 0.222521 0.974928 0.000000
vn 0.222521 0.974928 0.000000
vn -0.000000 1.000000 -0.000000
vn -0.000000 1.000000 -0.000000
vn -0.222521 0.974928 -0.000000
vn -0.222521 0.974928 -0.000000
vn -0.433884 0.900969 -0.000000
vn -0.433884 0.900969 -0.000000
vn -0.623490 0.781831 -0.000000
vn -0.623490 0.781831 -0.000000
vn -0.781831 0.623490 -0.000000
vn -0.781831 0.623490 -0.000000
vn -0.900969 0.433884 -0.000000
vn -0.900969 0.433884 -0.000000
vn -0.974928 0.222521 -0.000000
vn -0.974928 0.222521 -0.000000
vn -1.000000 0.000000 -0.000000
vn -1.000000 0.000000 -0.000000
vn -0.974928 -0.222521 -0.000000
vn -0.974928 -0.222521 -0.000000
vn -0.900969 -0.433884 -0.000000
vn -0.900969 -0.433884 -0.000000
vn -0.781831 -0.623490 -0.000000
vn -0.781831 -0.623490 -0.000000
vn -0.623490 -0.781831 -0.000000
vn -0.623490 -0.781831 -0.000000
vn -0.433884 -0.900969 -0.000000
vn -0.433884 -0.900969 -0.000000
vn -0.222521 -0.974928 -0.000000
vn -0.222521 -0.974928 -0.000000
vn 0.000000 0.000000 1.000000
vn 0.000000 0.000000 1.000000
vn 0.000000 0.000000 1.000000
vn 0.000000 0.000000 1.000000
vn 0.000000 0.000000 1.000000
vn 0.000000 0.000000 1.000000
vn 0.000000 0.000000 1.000000
vn 0.000000 0.000000 1.000000
vn 0.000000 0.000000 1.000000
vn 0.000000 0.000000 1.000000
vn 0.000000 0.000000 1.000000
vn 0.000000 0.000000 1.000000
vn 0.000000 0.000000 1.000000
vn 0.000000 0.000000 1.000000
vn 0.000000 0.000000 1.000000
vn 0.000000 0.000000 1.000000
vn 0.000000 0.000000 1.000000
vn 0.000000 0.000000 1.000000
vn 0.000000 0.000000 1.000000
vn 0.000000 0.000000 1.000000
vn 0.000000 0.000000 1.000000
vn 0.000000 0.000000 1.000000
vn 0.000000 0.000000 1.000000
vn 0.000000 0.000000 1.000000
vn 0.000000 0.000000 1.000000
vn 0.000000 0.000000 1.000000
vn 0.000000 0.000000 1.000000
vn 0.000000 0.000000 1.000000
vn 0.000000 0.000000 1.000000
vn 0.000000 0.000000 1.000000
vn 0.000000 0.000000 1.000000
vn 0.000000 0.000000 1.000000
vn 0.000000 0.000000 1.000000
vn 0.000000 0.000000 1.000000
vn 0.000000 0.000000 1.000000
vn 0.000000 0.000000 1.000000
vn 0.000000 0.000000 1.000000
vn 0.000000 0.000000 1.000000
vn 0.000000 0.000000 1.000000
vn 0.000000 0.000000 1.000000
vn 0.000000 0.000000 1.000000
vn 0.000000 0.000000 1.000000
vn 0.000000 0.000000 1.000000
vn 0.000000 0.000000 1.000000
vn 0.000000 0.000000 1.000000
vn 0.000000 0.000000 1.000000
vn 0.000000 0.000000 1.000000
vn 0.000000 0.000000 1.000000
vn 0.000000 0.000000 1.000000
vn 0.000000 0.000000 1.000000
vn 0.000000 0.000000 1.000000
vn 0.000000 0.000000 1.000000
vn -0.000000 0.000000 1.000000
vn -0.000000 0.000000 1.000000
vn -0.000000 0.000000 1.000000
vn -0.000000 0.000000 1.000000
vn -0.000000 0.000000 1.000000
vn -0.000000 0.000000 1.000000
vn -0.000000 0.000000 1.000000
vn -0.000000 0.000000 1.000000
vn -0.000000 0.000000 1.000000
vn -0.000000 0.000000 1.000000
vn -0.000000 0.000000 1.000000
vn -0.000000 0.000000 1.000000
vn -0.000000 0.000000 1.000000
vn -0.000000 0.000000 1.000000
vn -0.000000 0.000000 1.000000
vn -0.000000 0.000000 1.000000
vn -0.000000 0.000000 1.000000
vn -0.000000 0.000000 1.000000
vn -0.000000 0.000000 1.000000
vn -0.000000 0.000000 1.000000
vn -0.000000 0.000000 1.000000
vn -0.000000 0.000000 1.000000
vn -0.000000 0.000000 1.000000
vn -0.000000 0.000000 1.000000
vn -0.000000 0.000000 1.000000
vn -0.000000 0.000000 1.000000
vn -0.000000 0.000000 1.000000
vn -0.000000 0.000000 1.000000
vn -0.000000 0.000000 1.000000
vn -0.000000 0.000000 1.000000
vn -0.000000 0.000000 1.000000
vn -0.000000 0.000000 1.000000
vn -0.000000 0.000000 1.000000
vn -0.000000 0.000000 1.000000
vn -0.000000 0.000000 1.000000
vn -0.000000 0.000000 1.000000
vn -0.000000 0.000000 1.000000
vn -0.000000 0.000000 1.000000
vn -0.000000 0.000000 1.000000
vn -0.000000 0.000000 1.000000
vn -0.000000 0.000000 1.000000
vn -0.000000 0.000000 1.000000
vn -0.000000 0.000000 1.000000
vn -0.000000 0.000000 1.000000
vn -0.000000 0.000000 1.000000
vn -0.000000 0.000000 1.000000
vn -0.000000 0.000000 1.000000
vn -0.000000 0.000000 1.000000
vn -0.000000 0.000000 1.000000
vn -0.000000 0.000000 1.000000
vn -0.000000 0.000000 1.000000
vn -0.000000 0.000000 1.000000
vn -0.000000 0.000000 1.000000
vn -0.000000 0.000000 1.000000
vn -0.000000 0.000000 1.000000
vn -0.000000 0.000000 1.000000
vn -0.000000 0.000000 1.000000
vn -0.000000 0.000000 1.000000
vn -0.000000 0.000000 1.000000
vn -0.000000 0.000000 1.000000
vn -0.000000 0.000000 1.000000
vn -0.000000 0.000000 1.000000
vn -0.000000 0.000000 1.000000
vn -0.000000 0.000000 1.000000
vn -0.000000 0.000000 1.000000
vn -0.000000 0.000000 1.000000
vn -0.000000 0.000000 1.000000
vn -0.000000 0.000000 1.000000
vn -0.000000 0.000000 1.000000
vn -0.000000 0.000000 1.000000
vn -0.000000 0.000000 1.000000
vn -0.000000 0.000000 1.000000
vn -0.000000 0.000000 1.000000
vn -0.000000 0.000000 1.000000
vn -0.000000 0.000000 1.000000
vn -0.000000 0.000000 1.000000
vn -0.000000 0.000000 1.000000
vn -0.000000 0.000000 1.000000
vn -0.000000 0.000000 1.000000
vn -0.000000 0.000000 1.000000
vn -0.000000 0.000000 1.000000
vn -0.000000 0.000000 1.000000
vn -0.000000 0.000000 1.000000
vn -0.000000 0.000000 1.000000
vn -0.000000 0.000000 1.000000
vn -0.000000 0.000000 1.000000
vn -0.000000 0.000000 1.000000
vn -0.000000 0.000000 1.000000
vn -0.000000 0.000000 1.000000
vn -0.000000 0.000000 1.000000
vn -0.000000 0.000000 1.000000
vn -0.000000 0.000000 1.000000
vn -0.000000 0.000000 1.000000
vn -0.000000 0.000000 1.000000
vn -0.000000 0.000000 1.000000
vn -0.000000 0.000000 1.000000
vn -0.000000 0.000000 1.000000
vn -0.000000 0.000000 1.000000
vn -0.000000 0.000000 1.000000
vn -0.000000 0.000000 1.000000
vn -0.000000 0.000000 1.000000
vn -0.000000 0.000000 1.000000
vn -0.000000 0.000000 1.000000
vn -0.000000 0.000000 1.000000
vn -0.000000 0.000000 1.000000
vn -0.000000 0.000000 1.000000
vn -0.000000 0.000000 1.000000
vn -0.000000 0.000000 1.000000
vn -0.000000 0.000000 1.000000
vn -0.000000 0.000000 1.000000
vn -0.000000 0.000000 1.000000
vn -0.000000 0.000000 1.000000
vn -0.000000 0.000000 1.000000
vn -0.000000 0.000000 1.000000
vn -0.000000 0.000000 1.000000
vn -0.000000 0.000000 1.000000
vn -0.000000 0.000000 1.000000
vn -0.000000 0.000000 1.000000
vn -0.000000 0.000000 1.000000
vn -0.000000 0.000000 1.000000
vn -0.000000 0.000000 1.000000
vn -0.000000 0.000000 1.000000
vn -0.000000 0.000000 1.000000
vn -0.000000 0.000000 1.000000
vn -0.000000 0.000000 1.000000
vn -0.000000 0.000000 1.000000
vn -0.000000 0.000000 1.000000
vn -0.000000 0.000000 1.000000
vn -0.000000 0.000000 1.000000
vn -0.000000 0.000000 1.000000
vn -0.000000 0.000000 1.000000
vn -0.000000 0.000000 1.000000
vn -0.000000 0.000000 1.000000
vn -0.000000 0.000000 1.000000
vn -0.000000 0.000000 1.000000
vn -0.000000 0.000000 1.000000
vn -0.000000 0.000000 1.000000
vn -0.000000 0.000000 1.000000
vn -0.000000 0.000000 1.000000
vn -0.000000 0.000000 1.000000
vn -0.000000 0.000000 1.000000
vn -0.000000 0.000000 1.000000
vn -0.000000 0.000000 1.000000
vn -0.000000 0.000000 1.000000
vn -0.000000 0.000000 1.000000
vn -0.000000 0.000000 1.000000
vn -0.000000 0.000000 1.000000
vn -0.000000 0.000000 1.000000
vn -0.000000 0.000000 1.000000
vn -0.000000 0.000000 1.000000
vn -0.000000 0.000000 1.000000
vn -0.000000 0.000000 1.000000
vn -0.000000 0.000000 1.000000
vn -0.000000 0.000000 1.000000
vn -0.000000 0.000000 1.000000
vn -0.000000 0.000000 1.000000
vn -0.000000 0.000000 1.000000
vn -0.000000 0.000000 1.000000
vn -0.000000 0.000000 1.000000
vn -0.000000 0.000000 1.000000
vn -0.000000 0.000000 1.000000
vn -0.000000 0.000000 1.000000
vn -0.000000 0.000000 1.000000
vn -0.000000 0.000000 1.000000
vn -0.000000 0.000000 1.000000
vn -0.000000 0.000000 1.000000
vn -0.000000 0.000000 1.000000
vn -0.000000 0.000000 1.000000
vn -0.000000 0.000000 1.000000
vn -0.000000 0.000000 1.000000
vn -0.000000 0.000000 1.000000
vn -0.000000 0.000000 1.000000
vn -0.000000 0.000000 1.000000
vn -0.000000 0.000000 1.000000
vn -0.000000 0.000000 1.000000
vn -0.000000 0.000000 1.000000
vn -0.000000 0.000000 1.000000
vn -0.000000 0.000000 1.000000
vn -0.000000 0.000000 1.000000
vn -0.000000 0.000000 1.000000
vn -0.000000 0.000000 1.000000
vn -0.000000 0.000000 1.000000
vn -0.000000 0.000000 1.000000
vn -0.000000 0.000000 1.000000
vn -0.000000 0.000000 1.000000
vn -0.000000 0.000000 1.000000
vn -0.000000 0.000000 1.000000
vn -0.000000 0.142315 0.989821
vn -0.000000 0.142315 0.989821
vn -0.000000 0.281733 0.959493
vn -0.000000 0.281733 0.959493
vn -0.000000 0.415415 0.909632
vn -0.000000 0.415415 0.909632
vn -0.000000 0.540641 0.841254
vn -0.000000 0.540641 0.841254
vn -0.000000 0.654861 0.755750
vn -0.000000 0.654861 0.755750
vn -0.000000 0.755750 0.654861
vn -0.000000 0.755750 0.654861
vn -0.000000 0.841254 0.540641
vn -0.000000 0.841254 0.540641
vn -0.000000 0.909632 0.415415
vn -0.000000 0.909632 0.415415
vn -0.000000 0.959493 0.281733
vn -0.000000 0.959493 0.281733
vn -0.000000 0.989821 0.142315
vn -0.000000 0.989821 0.142315
vn -0.000000 1.000000 0.000000
vn -0.000000 1.000000 0.000000
vn 0.000000 0.000000 -1.000000
vn 0.000000 0.000000 -1.000000
vn 0.000000 0.142315 -0.989821
vn 0.000000 0.142315 -0.989821
vn 0.000000 0.281733 -0.959493
vn 0.000000 0.281733 -0.959493
vn 0.000000 0.415415 -0.909632
vn 0.000000 0.415415 -0.909632
vn 0.000000 0.540641 -0.841254
vn 0.000000 0.540641 -0.841254
vn 0.000000 0.654861 -0.755750
vn 0.000000 0.654861 -0.755750
vn 0.000000 0.755750 -0.654861
vn 0.000000 0.755750 -0.654861
vn 0.000000 0.841254 -0.540641
vn 0.000000 0.841254 -0.540641
vn 0.000000 0.909632 -0.415415
vn 0.000000 0.909632 -0.415415
vn 0.000000 0.959493 -0.281733
vn 0.000000 0.959493 -0.281733
vn 0.000000 0.989821 -0.142315
vn 0.000000 0.989821 -0.142315
vn -0.000000 1.000000 0.000000
vn -0.000000 1.000000 0.000000
vn 0.000000 0.000000 -1.000000
vn 0.000000 0.000000 -1.000000
vn 0.000000 0.000000 -1.000000
vn 0.000000 0.000000 -1.000000
vn 0.000000 0.000000 -1.000000
vn 0.000000 0.000000 -1.000000
vn 0.000000 0.000000 -1.000000
vn 0.000000 0.000000 -1.000000
vn 0.000000 0.000000 -1.000000
vn 0.000000 0.000000 -1.000000
vn 0.000000 0.000000 -1.000000
vn 0.000000 0.000000 -1.000000
vn 0.000000 0.000000 -1.000000
vn 0.000000 0.000000 -1.000000
vn 0.000000 0.000000 -1.000000
vn 0.000000 0.000000 -1.000000
vn 0.000000 0.000000 -1.000000
vn 0.000000 0.000000 -1.000000
vn 0.000000 0.000000 -1.000000
vn 0.000000 0.000000 -1.000000
vn 0.000000 0.000000 -1.000000
vn 0.000000 0.000000 -1.000000
vn 0.000000 0.000000 -1.000000
vn 0.000000 0.000000 -1.000000
vn 0.000000 0.000000 -1.000000
vn 0.000000 0.000000 -1.000000
vn 0.000000 0.000000 -1.000000
vn 0.000000 0.000000 -1.000000
vn 0.000000 0.000000 -1.000000
vn 0.000000 0.000000 -1.000000
vn 0.000000 0.000000 -1.000000
vn 0.000000 0.000000 -1.000000
vn 0.000000 0.000000 -1.000000
vn 0.000000 0.000000 -1.000000
vn 0.000000 0.000000 -1.000000
vn 0.000000 0.000000 -1.000000
vn 0.000000 0.000000 -1.000000
vn 0.000000 0.000000 -1.000000
vn 0.000000 0.000000 -1.000000
vn 0.000000 0.000000 -1.000000
vn 0.000000 0.000000 -1.000000
vn 0.000000 0.000000 -1.000000
vn 0.000000 0.000000 -1.000000
vn 0.000000 0.000000 -1.000000
vn 0.000000 0.000000 -1.000000
vn 0.000000 0.000000 -1.000000
vn 0.000000 0.000000 -1.000000
vn 0.000000 0.000000 -1.000000
vn 0.000000 0.000000 -1.000000
vn 0.000000 0.000000 -1.000000
vn 0.000000 0.000000 -1.000000
vn 0.000000 0.000000 -1.000000
vn 0.000000 0.000000 -1.000000
vn 0.000000 0.000000 -1.000000
vn 0.000000 0.000000 -1.000000
vn 0.000000 0.000000 -1.000000
vn 0.000000 0.000000 -1.000000
vn 0.000000 0.000000 -1.000000
vn 0.000000 0.000000 -1.000000
vn 0.000000 0.000000 -1.000000
vn 0.000000 0.000000 -1.000000
vn 0.000000 0.000000 -1.000000
vn 0.000000 0.000000 -1.000000
vn 0.000000 0.000000 -1.000000
vn 0.000000 0.000000 -1.000000
vn 0.000000 0.000000 -1.000000
vn 0.000000 0.000000 -1.000000
vn 0.000000 0.000000 -1.000000
vn 0.000000 0.000000 -1.000000
vn 0.000000 0.000000 -1.000000
vn 0.000000 0.000000 -1.000000
vn 0.000000 0.000000 -1.000000
vn 0.000000 0.000000 -1.000000
vn 0.000000 0.000000 -1.000000
vn 0.000000 0.000000 -1.000000
vn 0.000000 0.000000 -1.000000
vn 0.000000 0.000000 -1.000000
vn 0.000000 0.000000 -1.000000
vn 0.000000 0.000000 -1.000000
vn 0.000000 0.000000 -1.000000
vn 0.000000 0.000000 -1.000000
vn 0.000000 0.000000 -1.000000
vn 0.000000 0.000000 -1.000000
vn 0.000000 0.000000 -1.000000
vn 0.000000 0.000000 -1.000000
vn 0.000000 0.000000 -1.000000
vn 0.000000 0.000000 -1.000000
vn 0.000000 0.000000 -1.000000
vn 0.000000 0.000000 -1.000000
vn 0.000000 0.000000 -1.000000
vn 0.000000 0.000000 -1.000000
vn 0.000000 0.000000 -1.000000
vn 0.000000 0.000000 -1.000000
vn 0.000000 0.000000 -1.000000
vn 1.000000 -0.000000 0.000000
vn 1.000000 -0.000000 0.000000
vn 0.991445 0.130526 0.000000
vn 0.991445 0.130526 0.000000
vn 0.965926 0.258819 0.000000
vn 0.965926 0.258819 0.000000
vn 0.923880 0.382683 0.000000
vn 0.923880 0.382683 0.000000
vn 0.866025 0.500000 0.000000
vn 0.866025 0.500000 0.000000
vn 0.793353 0.608761 0.000000
vn 0.793353 0.608761 0.000000
vn 0.707107 0.707107 0.000000
vn 0.707107 0.707107 0.000000
vn 0.608761 0.793353 0.000000
vn 0.608761 0.793353 0.000000
vn 0.500000 0.866025 0.000000
vn 0.500000 0.866025 0.000000
vn 0.382683 0.923880 0.000000
vn 0.382683 0.923880 0.000000
vn 0.258819 0.965926 0.000000
vn 0.258819 0.965926 0.000000
vn 0.130526 0.991445 0.000000
vn 0.130526 0.991445 0.000000
vn 0.000000 1.000000 0.000000
vn 0.000000 1.000000 0.000000
vn 1.000000 0.000000 -0.000000
vn 1.000000 0.000000 -0.000000
vn 1.000000 0.000000 -0.000000
vn 1.000000 0.000000 -0.000000
vn 1.000000 0.000000 -0.000000
vn 1.000000 0.000000 -0.000000
vn 1.000000 0.000000 -0.000000
vn 1.000000 0.000000 -0.000000
vn 1.000000 0.000000 -0.000000
vn 1.000000 0.000000 -0.000000
vn 1.000000 0.000000 -0.000000
vn 1.000000 0.000000 -0.000000
vn 1.000000 0.000000 -0.000000
vn 1.000000 0.000000 -0.000000
vn 1.000000 0.000000 -0.000000
vn 0.000000 1.000000 0.000000
vn 0.000000 1.000000 0.000000
vn 0.000000 1.000000 0.000000
vn 0.000000 1.000000 0.000000
vn 0.000000 0.000000 1.000000
vn 0.000000 0.000000 1.000000
vn 0.000000 0.000000 1.000000
vn 0.000000 0.000000 1.000000
vn 0.000000 1.000000 0.000000
vn 0.000000 1.000000 0.000000
vn 0.000000 1.000000 0.000000
vn 0.000000 1.000000 0.000000
vn 0.000000 1.000000 0.000000
vn -1.000000 0.000000 0.000000
vn -1.000000 0.000000 0.000000
vn -1.000000 0.000000 0.000000
vn -1.000000 0.000000 0.000000
vn -1.000000 0.000000 0.000000
vn -1.000000 0.000000 0.000000
vn -1.000000 0.000000 0.000000
vn -1.000000 0.000000 0.000000
vn -1.000000 0.000000 0.000000
vn -1.000000 0.000000 0.000000
vn -1.000000 0.000000 0.000000
vn -1.000000 0.000000 0.000000
vn -1.000000 0.000000 0.000000
vn -1.000000 0.000000 0.000000
vn -1.000000 0.000000 0.000000
vn -1.000000 0.000000 0.000000
vn -1.000000 0.000000 0.000000
vn -1.000000 0.000000 0.000000
vn -1.000000 0.000000 0.000000
vn -1.000000 0.000000 0.000000
vn -1.000000 0.000000 0.000000
vn -1.000000 0.000000 0.000000
vn -1.000000 0.000000 0.000000
vn -1.000000 0.000000 0.000000
vn -1.000000 0.000000 0.000000
vn -1.000000 0.000000 0.000000
vn 0.000000 1.000000 -0.000000
vn 0.000000 1.000000 -0.000000
vn 0.000000 1.000000 0.000000
vn 0.000000 1.000000 0.000000
vn 0.000000 1.000000 0.000000
vn 0.000000 1.000000 0.000000
vn 0.000000 1.000000 0.000000
vn 0.000000 1.000000 0.000000
vn 0.000000 1.000000 0.000000
vn 0.000000 1.000000 0.000000
vn 0.000000 1.000000 0.000000
vn 0.000000 1.000000 0.000000
vn 0.000000 1.000000 0.000000
vn 0.000000 1.000000 0.000000
vn 0.000000 1.000000 0.000000
vn 0.000000 1.000000 0.000000
vn 0.000000 1.000000 0.000000
vn 0.000000 1.000000 0.000000
vn 0.000000 1.000000 0.000000
vn 0.000000 1.000000 0.000000
vn 0.000000 0.364154 -0.931339
vn 0.000000 0.342020 -0.939693
vn 0.000000 0.399995 -0.916517
vn 0.000000 0.422618 -0.906308
vn 0.000000 0.480029 -0.877253
vn 0.000000 0.500000 -0.866025
vn 0.000000 0.556247 -0.831017
vn 0.000000 0.573576 -0.819152
vn 0.000000 0.628045 -0.778177
vn 0.000000 0.642788 -0.766044
vn 0.000000 0.694852 -0.719152
vn 0.000000 0.707107 -0.707107
vn 0.000000 0.756137 -0.654413
vn 0.000000 0.766044 -0.642788
vn 0.000000 0.811413 -0.584473
vn 0.000000 0.819152 -0.573576
vn 0.000000 0.860241 -0.509888
vn 0.000000 0.866025 -0.500000
vn 0.000000 0.902232 -0.431251
vn 0.000000 0.906308 -0.422618
vn 0.000000 0.937053 -0.349187
vn 0.000000 0.939693 -0.342020
vn 0.000000 0.964428 -0.264347
vn 0.000000 0.965926 -0.258819
vn 0.000000 0.984137 -0.177407
vn 0.000000 0.984808 -0.173648
vn 0.000000 0.996026 -0.089058
vn 0.000000 0.996195 -0.087156
vn 0.000000 1.000000 0.000000
vn 0.000000 1.000000 0.000000
vn 0.000000 0.996195 -0.087156
vn 0.000000 0.984808 -0.173648
vn 0.000000 0.965926 -0.258819
vn 0.000000 0.939693 -0.342020
vn 0.000000 0.906308 -0.422618
vn 0.000000 0.866025 -0.500000
vn 0.000000 0.819152 -0.573576
vn 0.000000 0.766044 -0.642788
vn 0.000000 0.707107 -0.707107
vn 0.000000 0.642788 -0.766044
vn 0.000000 0.573576 -0.819152
vn 0.000000 0.500000 -0.866025
vn 0.000000 0.422618 -0.906308
vn 0.000000 0.342020 -0.939693
vn 0.000000 0.258819 -0.965926
vn 0.000000 0.258819 -0.965926
vn 0.000000 0.173648 -0.984808
vn 0.000000 0.173648 -0.984808
vn 0.000000 0.112500 -0.993652
vn 0.000000 0.087125 -0.996197
vn 0.000000 0.111750 -0.993736
vn 0.000000 0.109487 -0.993988
vn 0.000000 0.105701 -0.994398
vn 0.000000 0.100547 -0.994932
vn 0.000000 0.094354 -0.995539
vn 0.000000 0.087114 -0.996198
vn 0.000000 0.078770 -0.996893
vn 0.000000 0.071274 -0.997457
vn 0.000000 0.069626 -0.997573
vn 0.000000 0.050042 -0.998747
vn 0.000000 0.060055 -0.998195
vn 0.000000 0.050501 -0.998724
vn 0.000000 0.032189 -0.999482
vn 0.000000 0.040969 -0.999160
vn 0.000000 0.031366 -0.999508
vn 0.000000 0.018207 -0.999834
vn 0.000000 0.008198 -0.999966
vn 0.000000 0.002138 -0.999998
vn 0.000000 0.327206 -0.944953
vn 0.000000 0.289860 -0.957069
vn 0.000000 0.252865 -0.967502
vn 0.000000 0.216960 -0.976181
vn 0.000000 0.182745 -0.983160
vn 0.000000 0.150785 -0.988567
vn 0.000000 0.121652 -0.992573
vn 0.000000 0.095324 -0.995446
vn 0.000000 0.006304 -0.999980
vn 0.000000 0.013683 -0.999906
vn 0.000000 0.022141 -0.999755
vn 0.000000 0.087156 -0.996195
vn 0.000000 0.111750 -0.993736
vn 0.000000 0.109487 -0.993988
vn 0.000000 0.105701 -0.994398
vn 0.000000 0.100548 -0.994932
vn 0.000000 0.094354 -0.995539
vn 0.000000 0.087115 -0.996198
vn 0.000000 0.078771 -0.996893
vn 0.000000 0.069627 -0.997573
vn 0.000000 0.060055 -0.998195
vn 0.000000 0.050501 -0.998724
vn 0.000000 0.040969 -0.999160
vn 0.000000 0.031366 -0.999508
vn 0.000000 0.022141 -0.999755
vn 0.000000 0.013683 -0.999906
vn 0.000000 0.006304 -0.999980
vn 0.000000 1.000000 0.000000
vn 0.000000 1.000000 0.000000
vn 0.000000 1.000000 0.000000
vn 0.000000 1.000000 0.000000
vn 0.000000 1.000000 0.000000
vn 0.000000 1.000000 0.000000
vn 0.000000 1.000000 0.000000
vn 0.000000 1.000000 0.000000
vn 0.000000 1.000000 0.000000
vn 0.000000 1.000000 0.000000
vn 0.000000 1.000000 0.000000
vn 0.000000 1.000000 0.000000
vn 0.000000 1.000000 0.000000
vn 0.000000 1.000000 0.000000
vn 0.000000 1.000000 0.000000
vn 0.000000 1.000000 0.000000
vn 0.000000 1.000000 0.000000
vn 0.000000 1.000000 0.000000
vn 0.000000 1.000000 0.000000
vn 0.000000 1.000000 0.000000
vn 0.000000 1.000000 0.000000
vn 0.000000 1.000000 0.000000
vn 0.000000 1.000000 0.000000
vn 0.000000 1.000000 0.000000
vn 0.000000 1.000000 0.000000
vn 0.000000 1.000000 0.000000
vn 0.000000 1.000000 0.000000
vn 0.000000 1.000000 0.000000
vn 0.000000 1.000000 0.000000
vn 0.000000 1.000000 0.000000
vn 0.000000 1.000000 0.000000
vn 0.000000 1.000000 0.000000
vn 0.000000 1.000000 0.000000
vn 0.000000 1.000000 0.000000
vn 0.000000 1.000000 0.000000
vn 0.000000 1.000000 0.000000
vn 0.000000 1.000000 0.000000
vn 0.000000 1.000000 0.000000
vn 0.000000 1.000000 0.000000
vn 0.000000 1.000000 0.000000
vn 0.000000 1.000000 0.000000
vn 0.000000 1.000000 0.000000
vn 0.000000 1.000000 0.000000
vn 0.000000 1.000000 0.000000
vn 1.000000 -0.000000 -0.000000
vn 1.000000 -0.000000 -0.000000
vn 1.000000 -0.000000 -0.000000
vn 1.000000 -0.000000 -0.000000
vn 1.000000 -0.000000 -0.000000
vn 1.000000 -0.000000 -0.000000
vn 1.000000 -0.000000 -0.000000
vn 1.000000 -0.000000 -0.000000
vn 1.000000 -0.000000 -0.000000
vn 1.000000 -0.000000 -0.000000
vn 1.000000 -0.000000 -0.000000
vn 1.000000 -0.000000 -0.000000
vn 1.000000 -0.000000 -0.000000
vn 1.000000 -0.000000 -0.000000
vn 1.000000 -0.000000 -0.000000
vn 1.000000 -0.000000 -0.000000
vn 1.000000 -0.000000 -0.000000
vn 1.000000 -0.000000 -0.000000
vn 1.000000 -0.000000 -0.000000
vn 1.000000 -0.000000 -0.000000
vn 1.000000 -0.000000 -0.000000
vn 1.000000 -0.000000 -0.000000
vn 1.000000 -0.000000 -0.000000
vn 1.000000 -0.000000 -0.000000
vn 1.000000 -0.000000 -0.000000
vn 1.000000 -0.000000 -0.000000
vn 1.000000 -0.000000 -0.000000
vn 1.000000 -0.000000 -0.000000
vn 1.000000 -0.000000 -0.000000
vn 1.000000 -0.000000 -0.000000
vn 1.000000 -0.000000 -0.000000
vn 1.000000 -0.000000 -0.000000
vn 1.000000 -0.000000 -0.000000
vn 1.000000 -0.000000 -0.000000
vn 1.000000 -0.000000 -0.000000
vn 1.000000 -0.000000 -0.000000
vn 1.000000 -0.000000 -0.000000
vn 1.000000 -0.000000 -0.000000
vn 1.000000 -0.000000 -0.000000
vn 1.000000 -0.000000 -0.000000
vn 1.000000 -0.000000 -0.000000
vn 1.000000 -0.000000 -0.000000
vn 1.000000 -0.000000 -0.000000
vn 1.000000 -0.000000 -0.000000
vn 1.000000 -0.000000 -0.000000
vn 1.000000 -0.000000 -0.000000
vn 1.000000 -0.000000 -0.000000
vn 1.000000 -0.000000 -0.000000
vn 1.000000 -0.000000 -0.000000
vn 1.000000 -0.000000 -0.000000
vn 1.000000 -0.000000 -0.000000
vn 1.000000 -0.000000 -0.000000
vn 1.000000 -0.000000 -0.000000
vn 1.000000 -0.000000 -0.000000
vn 1.000000 -0.000000 -0.000000
vn 1.000000 -0.000000 -0.000000
vn 1.000000 -0.000000 -0.000000
vn 1.000000 -0.000000 -0.000000
vn 1.000000 -0.000000 -0.000000
vn 1.000000 -0.000000 -0.000000
vn 1.000000 -0.000000 -0.000000
vn 1.000000 -0.000000 -0.000000
vn 1.000000 -0.000000 -0.000000
vn 1.000000 -0.000000 -0.000000
vn 1.000000 -0.000000 -0.000000
vn 1.000000 -0.000000 -0.000000
vn 1.000000 -0.000000 -0.000000
vn 1.000000 -0.000000 -0.000000
vn 1.000000 -0.000000 -0.000000
vn 1.000000 -0.000000 -0.000000
vn 1.000000 -0.000000 -0.000000
vn 1.000000 -0.000000 -0.000000
vn 1.000000 -0.000000 -0.000000
vn 1.000000 -0.000000 -0.000000
vn 1.000000 -0.000000 -0.000000
vn 1.000000 -0.000000 -0.000000
vn 1.000000 -0.000000 -0.000000
vn 1.000000 -0.000000 -0.000000
vn 1.000000 -0.000000 -0.000000
vn 1.000000 -0.000000 -0.000000
vn 1.000000 -0.000000 -0.000000
vn 1.000000 -0.000000 -0.000000
vn 1.000000 -0.000000 -0.000000
vn 1.000000 -0.000000 -0.000000
vn -0.051989 0.000000 0.998648
vn -0.104528 0.000000 0.994522
vn -0.104671 0.000000 0.994507
vn -0.157709 0.000000 0.987486
vn -0.207912 0.000000 0.978148
vn -0.210769 0.000000 0.977536
vn -0.309017 0.000000 0.951057
vn -0.311581 0.000000 0.950220
vn -0.406737 0.000000 0.913545
vn -0.408994 0.000000 0.912537
vn -0.500000 0.000000 0.866025
vn -0.501945 0.000000 0.864899
vn -0.587785 0.000000 0.809017
vn -0.589421 0.000000 0.807826
vn -0.669131 0.000000 0.743145
vn -0.670466 0.000000 0.741940
vn -0.743145 0.000000 0.669131
vn -0.744197 0.000000 0.667961
vn -0.809017 0.000000 0.587785
vn -0.809809 0.000000 0.586694
vn -0.866025 0.000000 0.500000
vn -0.866587 0.000000 0.499026
vn -0.913545 0.000000 0.406737
vn -0.913911 0.000000 0.405915
vn -0.951057 0.000000 0.309017
vn -0.951265 0.000000 0.308376
vn -0.978148 0.000000 0.207912
vn -0.978241 0.000000 0.207472
vn -0.994522 0.000000 0.104528
vn -0.994545 0.000000 0.104305
vn -0.043113 0.999070 0.000000
vn -0.098017 0.995185 0.000000
vn -0.086207 0.996277 0.000000
vn -0.129011 0.991643 0.000000
vn -0.195090 0.980785 0.000000
vn -0.171250 0.985228 0.000000
vn -0.262242 0.965002 0.000000
vn -0.290285 0.956940 0.000000
vn -0.350955 0.936392 0.000000
vn -0.382683 0.923880 0.000000
vn -0.436620 0.899646 0.000000
vn -0.471397 0.881921 0.000000
vn -0.518490 0.855084 0.000000
vn -0.555570 0.831470 0.000000
vn -0.595856 0.803091 0.000000
vn -0.634393 0.773010 0.000000
vn -0.668044 0.744122 0.000000
vn -0.707107 0.707107 0.000000
vn -0.734428 0.678686 0.000000
vn -0.773010 0.634393 0.000000
vn -0.794431 0.607354 0.000000
vn -0.831470 0.555570 0.000000
vn -0.847532 0.530745 0.000000
vn -0.881921 0.471397 0.000000
vn -0.893268 0.449524 0.000000
vn -0.923880 0.382683 0.000000
vn -0.931243 0.364398 0.000000
vn -0.956940 0.290285 0.000000
vn -0.961127 0.276105 0.000000
vn -0.980785 0.195090 0.000000
vn -0.982661 0.185414 0.000000
vn -0.995185 0.098017 0.000000
vn -0.995656 0.093111 0.000000
vn -1.000000 0.000000 -0.000000
vn -1.000000 -0.000000 -0.000000
vn 0.000000 0.000000 -1.000000
vn 0.000000 0.000000 -1.000000
vn 0.000000 0.000000 -1.000000
vn 0.000000 0.000000 -1.000000
vn 0.000000 0.000000 -1.000000
vn 0.000000 0.000000 -1.000000
vn 0.000000 0.000000 -1.000000
vn 0.000000 0.000000 -1.000000
vn 0.000000 0.000000 -1.000000
vn 0.000000 0.000000 -1.000000
vn 0.000000 0.000000 -1.000000
vn 0.000000 0.000000 -1.000000
vn 0.000000 0.000000 -1.000000
vn 0.000000 0.000000 -1.000000
vn 0.000000 0.000000 -1.000000
vn 0.000000 0.000000 -1.000000
vn 0.000000 0.000000 -1.000000
vn 0.000000 0.000000 -1.000000
vn 0.000000 0.000000 -1.000000
vn 0.000000 0.000000 -1.000000
vn 0.000000 0.000000 -1.000000
vn 0.000000 0.000000 -1.000000
vn 0.000000 0.000000 -1.000000
vn 0.000000 0.000000 -1.000000
vn 0.000000 0.000000 -1.000000
vn 0.000000 0.000000 -1.000000
vn 0.000000 0.000000 -1.000000
vn 0.000000 0.000000 -1.000000
vn 0.000000 0.000000 -1.000000
vn 0.000000 0.000000 -1.000000
vn 0.000000 0.000000 -1.000000
vn 0.000000 0.000000 -1.000000
vn 0.000000 0.000000 -1.000000
vn 0.000000 0.000000 -1.000000
vn 0.000000 0.000000 -1.000000
vn 0.000000 0.000000 -1.000000
vn 0.000000 0.000000 -1.000000
vn 0.000000 0.000000 -1.000000
vn 0.000000 0.000000 -1.000000
vn 0.000000 0.000000 -1.000000
vn 0.000000 0.000000 -1.000000
vn 0.000000 0.000000 -1.000000
vn 0.000000 0.000000 -1.000000
vn 0.000000 0.000000 -1.000000
vn 0.000000 0.000000 -1.000000
vn 0.000000 0.000000 -1.000000
vn 0.000000 0.000000 -1.000000
vn 0.000000 0.000000 -1.000000
vn 0.000000 0.000000 -1.000000
vn 0.000000 0.000000 -1.000000
vn 0.000000 0.000000 -1.000000
vn 0.000000 0.000000 -1.000000
vn 0.000000 0.000000 -1.000000
vn 0.000000 0.000000 -1.000000
vn 0.000000 0.000000 -1.000000
vn 0.000000 0.000000 -1.000000
vn 0.000000 0.000000 -1.000000
vn 0.000000 0.000000 -1.000000
vn 0.000000 0.000000 -1.000000
vn 0.000000 0.000000 -1.000000
vn 0.000000 0.000000 -1.000000
vn 0.000000 0.000000 -1.000000
vn 0.000000 0.000000 -1.000000
vn 0.000000 0.000000 -1.000000
vn 0.000000 0.000000 -1.000000
vn 0.000000 0.000000 -1.000000
vn 0.000000 0.000000 -1.000000
vn 0.000000 0.000000 -1.000000
vn 0.000000 0.000000 -1.000000
vn 0.000000 0.000000 -1.000000
vn 0.000000 0.000000 -1.000000
vn 0.000000 0.000000 -1.000000
vn 0.000000 0.000000 -1.000000
vn 0.000000 0.000000 -1.000000
vn 0.000000 0.000000 -1.000000
vn 0.000000 0.000000 -1.000000
vn 0.000000 0.000000 -1.000000
vn 0.000000 0.000000 -1.000000
vn 0.000000 0.000000 -1.000000
vn 0.000000 0.000000 -1.000000
vn 0.000000 0.000000 -1.000000
vn 0.000000 0.000000 -1.000000
vn 0.000000 0.000000 -1.000000
vn 0.000000 0.000000 -1.000000
vn 0.000000 0.000000 -1.000000
vn 0.000000 0.000000 -1.000000
vn 0.000000 0.000000 -1.000000
vn 0.000000 0.000000 -1.000000
vn 0.000000 0.000000 -1.000000
vn 0.000000 0.000000 -1.000000
vn 0.000000 0.000000 -1.000000
vn 0.000000 0.000000 -1.000000
vn 0.000000 0.000000 -1.000000
vn 0.000000 0.000000 -1.000000
vn 0.000000 0.000000 -1.000000
vn 0.000000 0.000000 -1.000000
vn 0.000000 0.000000 -1.000000
vn 0.000000 0.000000 -1.000000
vn 0.000000 0.000000 -1.000000
vn 0.000000 0.000000 -1.000000
vn 0.000000 0.000000 -1.000000
vn 0.000000 0.000000 -1.000000
vn 0.000000 0.000000 -1.000000
vn 0.000000 0.000000 -1.000000
vn 0.000000 0.000000 -1.000000
vn 0.000000 0.000000 -1.000000
vn 0.000000 0.000000 -1.000000
vn 0.000000 0.000000 -1.000000
vn 0.000000 0.000000 -1.000000
vn 0.000000 0.000000 -1.000000
vn 0.000000 0.000000 -1.000000
vn 0.000000 0.000000 -1.000000
vn 0.000000 0.000000 -1.000000
vn 0.000000 0.000000 -1.000000
vn 0.000000 0.000000 -1.000000
vn 0.000000 0.000000 -1.000000
vn 0.000000 0.000000 -1.000000
vn 0.000000 0.000000 -1.000000
vn 0.000000 0.000000 -1.000000
vn 0.000000 0.000000 -1.000000
vn 0.000000 0.000000 -1.000000
vn 0.000000 0.000000 -1.000000
vn 0.000000 0.000000 -1.000000
vn 0.000000 0.000000 -1.000000
vn 0.000000 0.000000 -1.000000
vn 0.000000 0.000000 -1.000000
vn 0.000000 0.000000 -1.000000
vn 0.000000 0.000000 -1.000000
vn 0.000000 0.000000 -1.000000
vn 0.000000 0.000000 -1.000000
vn -1.000000 0.000000 0.000000
vn -1.000000 0.000000 0.000000
vn 1.000000 0.000000 -0.000020
vn 1.000000 0.000000 -0.000020
vn 1.000000 0.000000 -0.000020
vn 1.000000 0.000000 -0.000020
vn 1.000000 -0.000000 0.000020
vn 1.000000 -0.000000 0.000020
vn 1.000000 -0.000000 0.000020
vn 1.000000 -0.000000 0.000020
vn 1.000000 0.000000 -0.000130
vn 1.000000 0.000000 -0.000130
vn 1.000000 0.000000 -0.000130
vn 1.000000 0.000000 -0.000130
vn 1.000000 -0.000000 0.000019
vn 1.000000 -0.000000 0.000019
vn 1.000000 -0.000000 0.000019
vn 1.000000 -0.000000 0.000019
vn 1.000000 -0.000000 0.000001
vn 1.000000 -0.000000 0.000001
vn 1.000000 -0.000000 0.000001
vn 1.000000 -0.000000 0.000001
vn 1.000000 -0.000000 0.000001
vn 1.000000 -0.000000 0.000001
vn 1.000000 -0.000000 0.000001
vn 1.000000 -0.000000 0.000001
vn 1.000000 -0.000000 0.000000
vn 1.000000 -0.000000 0.000000
vn 1.000000 -0.000000 0.000000
vn 1.000000 -0.000000 0.000000
vn 1.000000 -0.000000 0.000000
vn 1.000000 -0.000000 0.000000
vn 1.000000 -0.000000 0.000000
vn 1.000000 -0.000000 0.000000
vn 1.000000 -0.000000 0.000000
vn 1.000000 -0.000000 0.000000
vn 1.000000 -0.000000 0.000000
vn 1.000000 -0.000000 0.000000
vn 1.000000 0.000000 -0.000000
vn 1.000000 0.000000 -0.000000
vn 1.000000 0.000000 -0.000000
vn 1.000000 0.000000 -0.000000
vn 1.000000 0.000000 -0.000001
vn 1.000000 0.000000 -0.000001
vn 1.000000 0.000000 -0.000001
vn 1.000000 0.000000 -0.000001
vn 1.000000 0.000000 -0.000002
vn 1.000000 0.000000 -0.000002
vn 1.000000 0.000000 -0.000002
vn 1.000000 0.000000 -0.000002
vn 1.000000 0.000000 -0.000002
vn 1.000000 0.000000 -0.000002
vn 1.000000 0.000000 -0.000002
vn 1.000000 0.000000 -0.000002
vn 1.000000 0.000000 -0.000019
vn 1.000000 0.000000 -0.000019
vn 1.000000 0.000000 -0.000019
vn 1.000000 0.000000 -0.000019
vn -0.000000 -1.000000 -0.000000
vn -0.000000 -1.000000 -0.000000
vn -0.000000 -1.000000 -0.000000
vn -0.000000 -1.000000 -0.000000
vn -0.000000 -1.000000 -0.000000
vn -0.000000 -1.000000 -0.000000
vn -0.000000 -1.000000 -0.000000
vn -0.000000 -1.000000 -0.000000
vn -0.000000 -1.000000 -0.000000
vn -0.000000 -1.000000 -0.000000
vn -0.000000 -1.000000 -0.000000
vn -0.000000 -1.000000 -0.000000
vn -0.000000 -1.000000 -0.000000
vn -0.000000 -1.000000 -0.000000
vn -0.000000 -1.000000 -0.000000
vn -0.000000 -1.000000 -0.000000
vn -0.000000 -1.000000 -0.000000
vn -0.000000 -1.000000 -0.000000
vn -0.000000 -1.000000 -0.000000
vn -0.000000 -1.000000 -0.000000
vn -0.000000 -1.000000 -0.000000
vn -0.000000 -1.000000 -0.000000
vn -0.000000 -1.000000 -0.000000
vn -0.000000 -1.000000 -0.000000
vn -0.000000 -1.000000 -0.000000
vn -0.000000 -1.000000 -0.000000
vn -0.000000 -1.000000 -0.000000
vn -0.000000 -1.000000 -0.000000
vn -0.000000 -1.000000 -0.000000
vn -0.000000 -1.000000 -0.000000
vn -0.000000 -1.000000 -0.000000
vn -0.000000 -1.000000 -0.000000
vn -0.000000 -1.000000 -0.000000
vn -0.000000 -1.000000 -0.000000
vn -0.000000 -1.000000 -0.000000
vn -0.000000 -1.000000 -0.000000
vn -0.000000 -1.000000 -0.000000
vn -0.000000 -1.000000 -0.000000
vn -0.000000 -1.000000 -0.000000
vn -0.000000 -1.000000 -0.000000
vn -0.000000 -1.000000 -0.000000
vn -0.000000 -1.000000 -0.000000
vn -0.000000 -1.000000 -0.000000
vn -0.000000 -1.000000 -0.000000
vn -0.000000 -1.000000 -0.000000
vn -0.000000 -1.000000 -0.000000
vn -0.000000 -1.000000 -0.000000
vn -0.000000 -1.000000 -0.000000
vn -0.000000 -1.000000 -0.000000
vn -0.000000 -1.000000 -0.000000
vn -0.000000 -1.000000 -0.000000
vn -0.000000 -1.000000 -0.000000
vn -0.000000 -1.000000 -0.000000
vn -0.000000 -1.000000 -0.000000
vn -0.000000 -1.000000 -0.000000
vn -0.000000 -1.000000 -0.000000
vn -0.000000 -1.000000 -0.000000
vn -0.000000 -1.000000 -0.000000
vn -0.000000 -1.000000 -0.000000
vn -0.000000 -1.000000 -0.000000
vn -0.000000 -1.000000 -0.000000
vn -0.000000 -1.000000 -0.000000
vn -0.000000 -1.000000 -0.000000
vn -0.000000 -1.000000 -0.000000
vn -0.000000 -1.000000 -0.000000
vn -0.000000 -1.000000 -0.000000
vn -0.000000 -1.000000 -0.000000
vn -0.000000 -1.000000 -0.000000
vn -0.000000 -1.000000 -0.000000
vn -0.000000 -1.000000 -0.000000
vn -0.000000 -1.000000 -0.000000
vn -0.000000 -1.000000 -0.000000
vn -0.000000 -1.000000 -0.000000
vn -0.000000 -1.000000 -0.000000
vn -0.000000 -1.000000 -0.000000
vn -0.000000 -1.000000 -0.000000
vn -0.000000 -1.000000 -0.000000
vn -0.000000 -1.000000 -0.000000
vn -0.000000 -1.000000 -0.000000
vn -0.000000 -1.000000 -0.000000
vn -0.000000 -1.000000 -0.000000
vn -0.000000 -1.000000 -0.000000
vn -0.000000 -1.000000 -0.000000
vn -0.000000 -1.000000 -0.000000
vn -0.000000 -1.000000 -0.000000
vn -0.000000 -1.000000 -0.000000
vn -0.000000 -1.000000 -0.000000
vn -0.000000 -1.000000 -0.000000
vn -0.000000 -1.000000 -0.000000
vn -0.000000 -1.000000 -0.000000
vn -0.000000 -1.000000 -0.000000
vn -0.000000 -1.000000 -0.000000
vn -0.000000 -1.000000 -0.000000
vn -0.000000 -1.000000 -0.000000
vn -0.000000 -1.000000 -0.000000
vn -0.000000 -1.000000 -0.000000
vn -0.000000 -1.000000 -0.000000
vn -0.000000 -1.000000 -0.000000
vn -0.130526 0.991445 0.000000
vn -0.130526 0.991445 0.000000
vn -0.258819 0.965926 0.000000
vn -0.258819 0.965926 0.000000
vn -0.382683 0.923880 0.000000
vn -0.382683 0.923880 0.000000
vn -0.500000 0.866025 0.000000
vn -0.500000 0.866025 0.000000
vn -0.608761 0.793353 0.000000
vn -0.608761 0.793353 0.000000
vn -0.707107 0.707107 0.000000
vn -0.707107 0.707107 0.000000
vn -0.793353 0.608761 0.000000
vn -0.793353 0.608761 0.000000
vn -0.866025 0.500000 0.000000
vn -0.866025 0.500000 0.000000
vn -0.923880 0.382683 0.000000
vn -0.923880 0.382683 0.000000
vn -0.965926 0.258819 0.000000
vn -0.965926 0.258819 0.000000
vn -0.991445 0.130526 0.000000
vn -0.991445 0.130526 0.000000
vn 0.130526 0.991445 0.000000
vn 0.130526 0.991445 0.000000
vn 0.258819 0.965926 0.000000
vn 0.258819 0.965926 0.000000
vn 0.382683 0.923880 0.000000
vn 0.382683 0.923880 0.000000
vn 0.500000 0.866025 0.000000
vn 0.500000 0.866025 0.000000
vn 0.608761 0.793353 0.000000
vn 0.608761 0.793353 0.000000
vn 0.707107 0.707107 0.000000
vn 0.707107 0.707107 0.000000
vn 0.793353 0.608761 0.000000
vn 0.793353 0.608761 0.000000
vn 0.866025 0.500000 0.000000
vn 0.866025 0.500000 0.000000
vn 0.923880 0.382683 0.000000
vn 0.923880 0.382683 0.000000
vn 0.965926 0.258819 0.000000
vn 0.965926 0.258819 0.000000
vn 0.991445 0.130526 0.000000
vn 0.991445 0.130526 0.000000
vn -0.997204 0.000000 -0.074730
vn -0.997204 0.000000 -0.074730
vn -0.988831 0.000000 -0.149042
vn -0.988831 0.000000 -0.149042
vn -0.974928 0.000000 -0.222521
vn -0.974928 0.000000 -0.222521
vn -0.955573 0.000000 -0.294755
vn -0.955573 0.000000 -0.294755
vn -0.930874 0.000000 -0.365341
vn -0.930874 0.000000 -0.365341
vn -0.900969 0.000000 -0.433884
vn -0.900969 0.000000 -0.433884
vn -0.866025 0.000000 -0.500000
vn -0.866025 0.000000 -0.500000
vn -0.826239 0.000000 -0.563320
vn -0.826239 0.000000 -0.563320
vn -0.781831 0.000000 -0.623490
vn -0.781831 0.000000 -0.623490
vn -0.733052 0.000000 -0.680173
vn -0.733052 0.000000 -0.680173
vn -0.680173 0.000000 -0.733052
vn -0.680173 0.000000 -0.733052
vn -0.623490 0.000000 -0.781831
vn -0.623490 0.000000 -0.781831
vn -0.563320 0.000000 -0.826239
vn -0.563320 0.000000 -0.826239
vn -0.500000 0.000000 -0.866025
vn -0.500000 0.000000 -0.866025
vn -0.433884 0.000000 -0.900969
vn -0.433884 0.000000 -0.900969
vn -0.365341 0.000000 -0.930874
vn -0.365341 0.000000 -0.930874
vn -0.294755 0.000000 -0.955573
vn -0.294755 0.000000 -0.955573
vn -0.222521 0.000000 -0.974928
vn -0.222521 0.000000 -0.974928
vn -0.149042 0.000000 -0.988831
vn -0.149042 0.000000 -0.988831
vn -0.074730 0.000000 -0.997204
vn -0.074730 0.000000 -0.997204
vn 0.000000 0.000000 -1.000000
vn 0.000000 0.000000 -1.000000
vn 0.000000 0.000000 -1.000000
vn 0.000000 0.000000 -1.000000
vn 0.074730 0.000000 -0.997204
vn 0.074730 0.000000 -0.997204
vn 0.149042 0.000000 -0.988831
vn 0.149042 0.000000 -0.988831
vn 0.222521 0.000000 -0.974928
vn 0.222521 0.000000 -0.974928
vn 0.294755 0.000000 -0.955573
vn 0.294755 0.000000 -0.955573
vn 0.365341 0.000000 -0.930874
vn 0.365341 0.000000 -0.930874
vn 0.433884 0.000000 -0.900969
vn 0.433884 0.000000 -0.900969
vn 0.500000 0.000000 -0.866025
vn 0.500000 0.000000 -0.866025
vn 0.563320 0.000000 -0.826239
vn 0.563320 0.000000 -0.826239
vn 0.623490 0.000000 -0.781831
vn 0.623490 0.000000 -0.781831
vn 0.680173 0.000000 -0.733052
vn 0.680173 0.000000 -0.733052
vn 0.733052 0.000000 -0.680173
vn 0.733052 0.000000 -0.680173
vn 0.781831 0.000000 -0.623490
vn 0.781831 0.000000 -0.623490
vn 0.826239 0.000000 -0.563320
vn 0.826239 0.000000 -0.563320
vn 0.866025 0.000000 -0.500000
vn 0.866025 0.000000 -0.500000
vn 0.900969 0.000000 -0.433884
vn 0.900969 0.000000 -0.433884
vn 0.930874 0.000000 -0.365341
vn 0.930874 0.000000 -0.365341
vn 0.955573 0.000000 -0.294755
vn 0.955573 0.000000 -0.294755
vn 0.974928 0.000000 -0.222521
vn 0.974928 0.000000 -0.222521
vn 0.988831 0.000000 -0.149042
vn 0.988831 0.000000 -0.149042
vn 0.997204 0.000000 -0.074730
vn 0.997204 0.000000 -0.074730
vn 1.000000 0.000000 -0.000241
vn 1.000000 0.000000 -0.000241
vn 1.000000 0.000000 -0.000241
vn 1.000000 0.000000 -0.000241
vn 1.000000 0.000000 -0.000002
vn 1.000000 0.000000 -0.000002
vn 1.000000 0.000000 -0.000002
vn 1.000000 0.000000 -0.000002
vn 1.000000 0.000000 -0.000001
vn 1.000000 0.000000 -0.000001
vn 1.000000 0.000000 -0.000001
vn 1.000000 0.000000 -0.000001
vn 1.000000 0.000000 -0.000001
vn 1.000000 0.000000 -0.000001
vn 1.000000 0.000000 -0.000001
vn 1.000000 0.000000 -0.000001
vn 1.000000 0.000000 -0.000001
vn 1.000000 0.000000 -0.000001
vn 1.000000 0.000000 -0.000001
vn 1.000000 0.000000 -0.000001
vn 1.000000 -0.000000 0.000020
vn 1.000000 -0.000000 0.000020
vn 1.000000 -0.000000 0.000020
vn 1.000000 -0.000000 0.000020
vn 1.000000 0.000000 -0.000020
vn 1.000000 0.000000 -0.000020
vn 1.000000 0.000000 -0.000020
vn 1.000000 0.000000 -0.000020
vn 1.000000 -0.000000 0.000130
vn 1.000000 -0.000000 0.000130
vn 1.000000 -0.000000 0.000130
vn 1.000000 -0.000000 0.000130
vn 1.000000 -0.000000 0.000130
vn 1.000000 -0.000000 0.000000
vn 1.000000 -0.000000 0.000000
vn 1.000000 -0.000000 0.000000
vn 1.000000 -0.000000 0.000000
vn 1.000000 -0.000000 0.000000
vn 1.000000 -0.000000 0.000001
vn 1.000000 -0.000000 0.000001
vn 1.000000 -0.000000 0.000001
vn 1.000000 -0.000000 0.000001
vn 1.000000 -0.000000 0.000002
vn 1.000000 -0.000000 0.000002
vn 1.000000 -0.000000 0.000002
vn 1.000000 -0.000000 0.000002
vn 1.000000 -0.000000 0.000002
vn 1.000000 -0.000000 0.000002
vn 1.000000 -0.000000 0.000002
vn 1.000000 -0.000000 0.000002
vn 1.000000 -0.000000 0.000001
vn 1.000000 -0.000000 0.000001
vn 1.000000 -0.000000 0.000001
vn 1.000000 -0.000000 0.000001
vn 1.000000 -0.000000 0.000001
vn 1.000000 -0.000000 0.000001
vn 1.000000 -0.000000 0.000001
vn 1.000000 -0.000000 0.000001
vn 1.000000 -0.000000 0.000001
vn 1.000000 -0.000000 0.000001
vn 1.000000 -0.000000 0.000001
vn 1.000000 -0.000000 0.000001
vn 1.000000 -0.000000 0.000002
vn 1.000000 -0.000000 0.000002
vn 1.000000 -0.000000 0.000002
vn 1.000000 -0.000000 0.000002
vn 1.000000 -0.000000 0.000241
vn 1.000000 -0.000000 0.000241
vn 1.000000 -0.000000 0.000241
vn 1.000000 -0.000000 0.000241
vn 1.000000 0.000000 -0.000428
vn 1.000000 0.000000 -0.000428
vn 1.000000 0.000000 -0.000428
vn 1.000000 0.000000 -0.000428
vn 1.000000 -0.000000 0.000003
vn 1.000000 -0.000000 0.000003
vn 1.000000 -0.000000 0.000003
vn 1.000000 -0.000000 0.000003
vn 1.000000 -0.000000 0.000005
vn 1.000000 -0.000000 0.000005
vn 1.000000 -0.000000 0.000005
vn 1.000000 -0.000000 0.000005
vn -0.965926 -0.258819 0.000000
vn -0.966458 -0.256825 0.000000
vn -1.000000 -0.000000 -0.000000
vn -1.000000 0.000000 -0.000000
vn -0.966458 0.256825 -0.000000
vn -0.868082 -0.496422 0.000000
vn -0.866025 -0.500000 0.000000
vn -0.711471 -0.702716 0.000000
vn -0.707107 -0.707107 0.000000
vn -0.507131 -0.861869 0.000000
vn -0.500000 -0.866025 0.000000
vn -0.268771 -0.963204 0.000000
vn -0.258819 -0.965926 0.000000
vn -0.012381 -0.999923 0.000000
vn -0.012381 -0.999923 0.000000
vn 0.000000 -1.000000 0.000000
vn 0.229130 -0.973396 0.000000
vn 0.258819 -0.965926 0.000000
vn 0.457116 -0.889407 0.000000
vn 0.500000 -0.866025 0.000000
vn 0.658118 -0.752915 0.000000
vn 0.707107 -0.707107 0.000000
vn 0.820269 -0.571977 0.000000
vn 0.866025 -0.500000 0.000000
vn 0.933999 -0.357275 0.000000
vn 0.965926 -0.258819 0.000000
vn 0.992594 -0.121482 0.000000
vn 1.000000 -0.000000 0.000000
vn 0.992594 0.121482 0.000000
vn 0.965926 0.258819 -0.000000
vn 0.933999 0.357275 -0.000000
vn 0.866025 0.500000 -0.000000
vn 0.820269 0.571977 -0.000000
vn 0.707107 0.707107 -0.000000
vn 0.658118 0.752915 -0.000000
vn 0.500000 0.866025 -0.000000
vn 0.457116 0.889407 -0.000000
vn 0.258819 0.965926 -0.000000
vn 0.229130 0.973396 -0.000000
vn -0.000000 1.000000 -0.000000
vn -0.012381 0.999923 -0.000000
vn -0.258819 0.965926 -0.000000
vn -0.012381 0.999923 -0.000000
vn -0.268771 0.963204 -0.000000
vn -0.500000 0.866025 -0.000000
vn -0.507131 0.861869 -0.000000
vn -0.707107 0.707107 -0.000000
vn -0.711471 0.702716 -0.000000
vn -0.866025 0.500000 -0.000000
vn -0.868082 0.496422 -0.000000
vn -0.965926 0.258819 -0.000000
vn -0.965926 -0.258819 0.000000
vn -0.966458 -0.256825 0.000000
vn -1.000000 -0.000000 -0.000000
vn -1.000000 0.000000 -0.000000
vn -0.966458 0.256825 -0.000000
vn -0.868082 -0.496422 0.000000
vn -0.866025 -0.500000 0.000000
vn -0.711471 -0.702716 0.000000
vn -0.707107 -0.707107 0.000000
vn -0.507131 -0.861869 0.000000
vn -0.500000 -0.866025 0.000000
vn -0.268771 -0.963204 0.000000
vn -0.258819 -0.965926 0.000000
vn -0.012381 -0.999923 0.000000
vn -0.012381 -0.999923 0.000000
vn 0.000000 -1.000000 0.000000
vn 0.229130 -0.973396 0.000000
vn 0.258819 -0.965926 0.000000
vn 0.457116 -0.889407 0.000000
vn 0.500000 -0.866025 0.000000
vn 0.658118 -0.752915 0.000000
vn 0.707107 -0.707107 0.000000
vn 0.820269 -0.571977 0.000000
vn 0.866025 -0.500000 0.000000
vn 0.933999 -0.357275 0.000000
vn 0.965926 -0.258819 0.000000
vn 0.992594 -0.121482 0.000000
vn 1.000000 -0.000000 0.000000
vn 0.992594 0.121482 0.000000
vn 0.965926 0.258819 -0.000000
vn 0.933999 0.357275 -0.000000
vn 0.866025 0.500000 -0.000000
vn 0.820269 0.571977 -0.000000
vn 0.707107 0.707107 -0.000000
vn 0.658118 0.752915 -0.000000
vn 0.500000 0.866025 -0.000000
vn 0.457116 0.889407 -0.000000
vn 0.258819 0.965926 -0.000000
vn 0.229130 0.973396 -0.000000
vn -0.000000 1.000000 -0.000000
vn -0.012381 0.999923 -0.000000
vn -0.258819 0.965926 -0.000000
vn -0.012381 0.999923 -0.000000
vn -0.268771 0.963204 -0.000000
vn -0.500000 0.866025 -0.000000
vn -0.507131 0.861869 -0.000000
vn -0.707107 0.707107 -0.000000
vn -0.711471 0.702716 -0.000000
vn -0.866025 0.500000 -0.000000
vn -0.868082 0.496422 -0.000000
vn -0.965926 0.258819 -0.000000
vn -0.965926 -0.258819 0.000000
vn -0.966458 -0.256825 0.000000
vn -1.000000 -0.000000 -0.000000
vn -1.000000 0.000000 -0.000000
vn -0.966458 0.256825 -0.000000
vn -0.868082 -0.496422 0.000000
vn -0.866025 -0.500000 0.000000
vn -0.711471 -0.702716 0.000000
vn -0.707107 -0.707107 0.000000
vn -0.507131 -0.861869 0.000000
vn -0.500000 -0.866025 0.000000
vn -0.268771 -0.963204 0.000000
vn -0.258819 -0.965926 0.000000
vn -0.012381 -0.999923 0.000000
vn -0.012381 -0.999923 0.000000
vn 0.000000 -1.000000 0.000000
vn 0.229130 -0.973396 0.000000
vn 0.258819 -0.965926 0.000000
vn 0.457116 -0.889407 0.000000
vn 0.500000 -0.866025 0.000000
vn 0.658118 -0.752915 0.000000
vn 0.707107 -0.707107 0.000000
vn 0.820269 -0.571977 0.000000
vn 0.866025 -0.500000 0.000000
vn 0.933999 -0.357275 0.000000
vn 0.965926 -0.258819 0.000000
vn 0.992594 -0.121482 0.000000
vn 1.000000 -0.000000 0.000000
vn 0.992594 0.121482 0.000000
vn 0.965926 0.258819 -0.000000
vn 0.933999 0.357275 -0.000000
vn 0.866025 0.500000 -0.000000
vn 0.820269 0.571977 -0.000000
vn 0.707107 0.707107 -0.000000
vn 0.658118 0.752915 -0.000000
vn 0.500000 0.866025 -0.000000
vn 0.457116 0.889407 -0.000000
vn 0.258819 0.965926 -0.000000
vn 0.229130 0.973396 -0.000000
vn -0.000000 1.000000 -0.000000
vn -0.012381 0.999923 -0.000000
vn -0.258819 0.965926 -0.000000
vn -0.012381 0.999923 -0.000000
vn -0.268771 0.963204 -0.000000
vn -0.500000 0.866025 -0.000000
vn -0.507131 0.861869 -0.000000
vn -0.707107 0.707107 -0.000000
vn -0.711471 0.702716 -0.000000
vn -0.866025 0.500000 -0.000000
vn -0.868082 0.496422 -0.000000
vn -0.965926 0.258819 -0.000000
vn 0.976621 0.214970 -0.000000
vn 0.994489 0.104837 0.000000
vn 1.000000 0.000000 0.000000
vn 0.994489 -0.104837 0.000000
vn 0.976621 -0.214970 0.000000
vn 0.950768 -0.309902 0.000000
vn 0.907575 -0.419889 0.000000
vn 0.865249 -0.501343 0.000000
vn 0.796093 -0.605174 0.000000
vn 0.741690 -0.670743 0.000000
vn 0.647386 -0.762162 0.000000
vn 0.585524 -0.810655 0.000000
vn 0.468408 -0.883512 0.000000
vn 0.403616 -0.914928 0.000000
vn 0.267528 -0.963550 0.000000
vn 0.203964 -0.978978 0.000000
vn 0.054139 -0.998533 0.000000
vn -0.004655 -0.999989 0.000000
vn -0.161782 -0.986827 0.000000
vn -0.004655 -0.999989 0.000000
vn -0.211856 -0.977301 0.000000
vn 0.950768 0.309902 -0.000000
vn 0.907575 0.419889 -0.000000
vn 0.865249 0.501343 -0.000000
vn 0.796093 0.605174 -0.000000
vn 0.741690 0.670743 -0.000000
vn 0.647386 0.762162 -0.000000
vn 0.585524 0.810655 -0.000000
vn 0.468408 0.883512 -0.000000
vn 0.403616 0.914928 -0.000000
vn 0.267528 0.963550 -0.000000
vn 0.203964 0.978978 -0.000000
vn 0.054139 0.998533 -0.000000
vn -0.004655 0.999989 -0.000000
vn -0.161782 0.986827 -0.000000
vn -0.004655 0.999989 -0.000000
vn -0.211856 0.977301 -0.000000
vn -0.370138 0.928977 -0.000000
vn -0.409853 0.912152 -0.000000
vn -0.561187 0.827689 -0.000000
vn -0.590042 0.807372 -0.000000
vn -0.725995 0.687699 -0.000000
vn -0.744597 0.667515 -0.000000
vn -0.856857 0.515554 -0.000000
vn -0.866800 0.498656 -0.000000
vn -0.947653 0.319302 -0.000000
vn -0.951344 0.308132 -0.000000
vn -0.994138 0.108119 -0.000000
vn -0.994554 0.104220 -0.000000
vn -0.994138 -0.108119 -0.000000
vn -0.994554 -0.104220 -0.000000
vn -0.951344 -0.308132 0.000000
vn -0.947653 -0.319302 0.000000
vn -0.866800 -0.498656 0.000000
vn -0.856857 -0.515554 0.000000
vn -0.744597 -0.667515 0.000000
vn -0.725995 -0.687699 0.000000
vn -0.590042 -0.807372 0.000000
vn -0.561187 -0.827689 0.000000
vn -0.409853 -0.912152 0.000000
vn -0.370138 -0.928977 0.000000
vn -0.965926 -0.258819 0.000000
vn -0.966458 -0.256825 0.000000
vn -1.000000 -0.000000 -0.000000
vn -1.000000 0.000000 -0.000000
vn -0.966458 0.256825 -0.000000
vn -0.868082 -0.496422 0.000000
vn -0.866025 -0.500000 0.000000
vn -0.711471 -0.702716 0.000000
vn -0.707107 -0.707107 0.000000
vn -0.507131 -0.861869 0.000000
vn -0.500000 -0.866025 0.000000
vn -0.268771 -0.963204 0.000000
vn -0.258819 -0.965926 0.000000
vn -0.012381 -0.999923 0.000000
vn -0.012381 -0.999923 0.000000
vn 0.000000 -1.000000 0.000000
vn 0.229130 -0.973396 0.000000
vn 0.258819 -0.965926 0.000000
vn 0.457116 -0.889407 0.000000
vn 0.500000 -0.866025 0.000000
vn 0.658118 -0.752915 0.000000
vn 0.707107 -0.707107 0.000000
vn 0.820269 -0.571977 0.000000
vn 0.866025 -0.500000 0.000000
vn 0.933999 -0.357275 0.000000
vn 0.965926 -0.258819 0.000000
vn 0.992594 -0.121482 0.000000
vn 1.000000 -0.000000 0.000000
vn 0.992594 0.121482 0.000000
vn 0.965926 0.258819 -0.000000
vn 0.933999 0.357275 -0.000000
vn 0.866025 0.500000 -0.000000
vn 0.820269 0.571977 -0.000000
vn 0.707107 0.707107 -0.000000
vn 0.658118 0.752915 -0.000000
vn 0.500000 0.866025 -0.000000
vn 0.457116 0.889407 -0.000000
vn 0.258819 0.965926 -0.000000
vn 0.229130 0.973396 -0.000000
vn -0.000000 1.000000 -0.000000
vn -0.012381 0.999923 -0.000000
vn -0.258819 0.965926 -0.000000
vn -0.012381 0.999923 -0.000000
vn -0.268771 0.963204 -0.000000
vn -0.500000 0.866025 -0.000000
vn -0.507131 0.861869 -0.000000
vn -0.707107 0.707107 -0.000000
vn -0.711471 0.702716 -0.000000
vn -0.866025 0.500000 -0.000000
vn -0.868082 0.496422 -0.000000
vn -0.965926 0.258819 -0.000000
vn 0.376578 -0.926385 0.000000
vn 0.500000 -0.866025 0.000000
vn 0.599998 -0.800001 0.000000
vn 0.707107 -0.707107 0.000000
vn 0.714982 -0.699143 0.000000
vn 0.813747 -0.581219 0.000000
vn 0.866025 -0.500000 0.000000
vn 0.895142 -0.445780 0.000000
vn 0.965926 -0.258819 0.000000
vn 0.954507 -0.298188 0.000000
vn 0.989500 -0.144530 0.000000
vn 1.000000 -0.000000 0.000000
vn 0.999968 0.008015 0.000000
vn 0.986967 0.160921 -0.000000
vn 0.965926 0.258819 -0.000000
vn 0.949406 0.314051 -0.000000
vn 0.866025 0.500000 -0.000000
vn 0.887726 0.460371 -0.000000
vn 0.804489 0.593967 -0.000000
vn 0.707107 0.707107 -0.000000
vn 0.704541 0.709663 -0.000000
vn 0.587866 0.808958 -0.000000
vn 0.500000 0.866025 -0.000000
vn 0.453403 0.891306 -0.000000
vn 0.258819 0.965926 -0.000000
vn 0.306411 0.951899 -0.000000
vn 0.152895 0.988242 -0.000000
vn 0.000000 1.000000 -0.000000
vn -0.000001 1.000000 -0.000000
vn -0.152893 0.988243 -0.000000
vn -0.258819 0.965926 -0.000000
vn -0.306400 0.951903 -0.000000
vn -0.453386 0.891314 -0.000000
vn -0.500000 0.866025 -0.000000
vn -0.587851 0.808969 -0.000000
vn -0.707107 0.707107 -0.000000
vn -0.704541 0.709664 -0.000000
vn -0.804479 0.593982 -0.000000
vn -0.866025 0.500000 -0.000000
vn -0.887717 0.460389 -0.000000
vn -0.949402 0.314063 -0.000000
vn -0.965926 0.258819 -0.000000
vn -0.986967 0.160924 -0.000000
vn -1.000000 0.000000 -0.000000
vn -0.999968 0.008013 -0.000000
vn -0.989500 -0.144532 0.000000
vn -0.965926 -0.258819 0.000000
vn -0.954507 -0.298188 0.000000
vn -0.895142 -0.445780 0.000000
vn -0.866025 -0.500000 0.000000
vn -0.813747 -0.581219 0.000000
vn -0.707107 -0.707107 0.000000
vn -0.714981 -0.699144 0.000000
vn -0.599998 -0.800001 0.000000
vn -0.500000 -0.866025 0.000000
vn -0.376578 -0.926385 0.000000
vn -0.258819 -0.965926 0.000000
vn -0.128345 -0.991730 0.000000
vn 0.000000 -1.000000 0.000000
vn 0.128345 -0.991730 0.000000
vn 0.258819 -0.965926 0.000000
vn -0.965926 0.258819 -0.000000
vn -0.965926 0.258819 -0.000000
vn -1.000000 0.000000 -0.000000
vn -1.000000 0.000000 -0.000000
vn -0.965926 -0.258819 0.000000
vn -0.965926 -0.258819 0.000000
vn -0.866025 -0.500000 0.000000
vn -0.866025 -0.500000 0.000000
vn -0.707107 -0.707107 0.000000
vn -0.707107 -0.707107 0.000000
vn -0.500000 -0.866025 0.000000
vn -0.500000 -0.866025 0.000000
vn -0.258819 -0.965926 0.000000
vn -0.258819 -0.965926 0.000000
vn -0.000000 -1.000000 0.000000
vn 0.000000 -1.000000 0.000000
vn 0.258819 -0.965926 0.000000
vn 0.258819 -0.965926 0.000000
vn 0.500000 -0.866025 0.000000
vn 0.500000 -0.866025 0.000000
vn 0.707107 -0.707107 0.000000
vn 0.707107 -0.707107 0.000000
vn 0.866025 -0.500000 0.000000
vn 0.866025 -0.500000 0.000000
vn 0.965926 -0.258819 0.000000
vn 0.965926 -0.258819 0.000000
vn 1.000000 -0.000000 0.000000
vn 1.000000 -0.000000 0.000000
vn 0.965926 0.258819 -0.000000
vn 0.965926 0.258819 -0.000000
vn 0.866025 0.500000 -0.000000
vn 0.866025 0.500000 -0.000000
vn 0.707107 0.707107 -0.000000
vn 0.707107 0.707107 -0.000000
vn 0.500000 0.866025 -0.000000
vn 0.500000 0.866025 -0.000000
vn 0.258819 0.965926 -0.000000
vn 0.258819 0.965926 -0.000000
vn -0.000000 1.000000 -0.000000
vn 0.000000 1.000000 -0.000000
vn -0.258819 0.965926 -0.000000
vn -0.258819 0.965926 -0.000000
vn -0.500000 0.866025 -0.000000
vn -0.500000 0.866025 -0.000000
vn -0.707107 0.707107 -0.000000
vn -0.707107 0.707107 -0.000000
vn -0.866025 0.500000 -0.000000
vn -0.866025 0.500000 -0.000000
vn -0.965926 0.258819 -0.000000
vn -0.965926 0.258819 -0.000000
vn -1.000000 0.000000 -0.000000
vn -1.000000 0.000000 -0.000000
vn -0.965926 -0.258819 0.000000
vn -0.965926 -0.258819 0.000000
vn -0.866025 -0.500000 0.000000
vn -0.866025 -0.500000 0.000000
vn -0.707107 -0.707107 0.000000
vn -0.707107 -0.707107 0.000000
vn -0.500000 -0.866025 0.000000
vn -0.500000 -0.866025 0.000000
vn -0.258819 -0.965926 0.000000
vn -0.258819 -0.965926 0.000000
vn 0.000000 -1.000000 0.000000
vn 0.000000 -1.000000 0.000000
vn 0.258819 -0.965926 0.000000
vn 0.258819 -0.965926 0.000000
vn 0.500000 -0.866025 0.000000
vn 0.500000 -0.866025 0.000000
vn 0.707107 -0.707107 0.000000
vn 0.707107 -0.707107 0.000000
vn 0.866025 -0.500000 0.000000
vn 0.866025 -0.500000 0.000000
vn 0.965926 -0.258819 0.000000
vn 0.965926 -0.258819 0.000000
vn 1.000000 -0.000000 0.000000
vn 1.000000 -0.000000 0.000000
vn 0.965926 0.258819 -0.000000
vn 0.965926 0.258819 -0.000000
vn 0.866025 0.500000 -0.000000
vn 0.866025 0.500000 -0.000000
vn 0.707107 0.707107 -0.000000
vn 0.707107 0.707107 -0.000000
vn 0.500000 0.866025 -0.000000
vn 0.500000 0.866025 -0.000000
vn 0.258819 0.965926 -0.000000
vn 0.258819 0.965926 -0.000000
vn 0.000000 1.000000 -0.000000
vn 0.000000 1.000000 -0.000000
vn -0.258819 0.965926 -0.000000
vn -0.258819 0.965926 -0.000000
vn -0.500000 0.866025 -0.000000
vn -0.500000 0.866025 -0.000000
vn -0.707107 0.707107 -0.000000
vn -0.707107 0.707107 -0.000000
vn -0.866025 0.500000 -0.000000
vn -0.866025 0.500000 -0.000000
vn 0.965926 -0.258819 0.000000
vn 0.965926 -0.258819 0.000000
vn 1.000000 -0.000000 0.000000
vn 1.000000 -0.000000 0.000000
vn 0.965926 0.258819 -0.000000
vn 0.965926 0.258819 -0.000000
vn 0.866025 0.500000 -0.000000
vn 0.866025 0.500000 -0.000000
vn 0.707107 0.707107 -0.000000
vn 0.707107 0.707107 -0.000000
vn 0.500000 0.866025 -0.000000
vn 0.500000 0.866025 -0.000000
vn 0.258819 0.965926 -0.000000
vn 0.258819 0.965926 -0.000000
vn 0.000000 1.000000 -0.000000
vn 0.000000 1.000000 -0.000000
vn -0.258819 0.965926 -0.000000
vn -0.258819 0.965926 -0.000000
vn -0.500000 0.866025 -0.000000
vn -0.500000 0.866025 -0.000000
vn -0.707107 0.707107 -0.000000
vn -0.707107 0.707107 -0.000000
vn -0.866025 0.500000 -0.000000
vn -0.866025 0.500000 -0.000000
vn -0.965926 0.258819 -0.000000
vn -0.965926 0.258819 -0.000000
vn -1.000000 0.000000 -0.000000
vn -1.000000 0.000000 -0.000000
vn -0.965926 -0.258819 0.000000
vn -0.965926 -0.258819 0.000000
vn -0.866025 -0.500000 0.000000
vn -0.866025 -0.500000 0.000000
vn -0.707107 -0.707107 0.000000
vn -0.707107 -0.707107 0.000000
vn -0.500000 -0.866025 0.000000
vn -0.500000 -0.866025 0.000000
vn -0.258819 -0.965926 0.000000
vn -0.258819 -0.965926 0.000000
vn -0.000000 -1.000000 0.000000
vn 0.000000 -1.000000 0.000000
vn 0.258819 -0.965926 0.000000
vn 0.258819 -0.965926 0.000000
vn 0.500000 -0.866025 0.000000
vn 0.500000 -0.866025 0.000000
vn 0.707107 -0.707107 0.000000
vn 0.707107 -0.707107 0.000000
vn 0.866025 -0.500000 0.000000
vn 0.866025 -0.500000 0.000000
vn -0.965926 0.258819 -0.000000
vn -0.965926 0.258819 -0.000000
vn -1.000000 0.000000 -0.000000
vn -1.000000 0.000000 -0.000000
vn -0.965926 -0.258819 0.000000
vn -0.965926 -0.258819 0.000000
vn -0.866025 -0.500000 0.000000
vn -0.866025 -0.500000 0.000000
vn -0.707107 -0.707107 0.000000
vn -0.707107 -0.707107 0.000000
vn -0.500000 -0.866025 0.000000
vn -0.500000 -0.866025 0.000000
vn -0.258819 -0.965926 0.000000
vn -0.258819 -0.965926 0.000000
vn 0.000000 -1.000000 0.000000
vn 0.000000 -1.000000 0.000000
vn 0.258819 -0.965926 0.000000
vn 0.258819 -0.965926 0.000000
vn 0.500000 -0.866025 0.000000
vn 0.500000 -0.866025 0.000000
vn 0.707107 -0.707107 0.000000
vn 0.707107 -0.707107 0.000000
vn 0.866025 -0.500000 0.000000
vn 0.866025 -0.500000 0.000000
vn 0.965926 -0.258819 0.000000
vn 0.965926 -0.258819 0.000000
vn 1.000000 -0.000000 0.000000
vn 1.000000 -0.000000 0.000000
vn 0.965926 0.258819 -0.000000
vn 0.965926 0.258819 -0.000000
vn 0.866025 0.500000 -0.000000
vn 0.866025 0.500000 -0.000000
vn 0.707107 0.707107 -0.000000
vn 0.707107 0.707107 -0.000000
vn 0.500000 0.866025 -0.000000
vn 0.500000 0.866025 -0.000000
vn 0.258819 0.965926 -0.000000
vn 0.258819 0.965926 -0.000000
vn 0.000000 1.000000 -0.000000
vn 0.000000 1.000000 -0.000000
vn -0.258819 0.965926 -0.000000
vn -0.258819 0.965926 -0.000000
vn -0.500000 0.866025 -0.000000
vn -0.500000 0.866025 -0.000000
vn -0.707107 0.707107 -0.000000
vn -0.707107 0.707107 -0.000000
vn -0.866025 0.500000 -0.000000
vn -0.866025 0.500000 -0.000000
vn -0.000000 0.000000 1.000000
vn -0.000000 0.000000 1.000000
vn -0.000000 0.000000 1.000000
vn -0.000000 0.000000 1.000000
vn -0.000000 0.000000 1.000000
vn -0.000000 0.000000 1.000000
vn -0.000000 0.000000 1.000000
vn -0.000000 0.000000 1.000000
vn -0.000000 0.000000 1.000000
vn -0.000000 0.000000 1.000000
vn -0.000000 0.000000 1.000000
vn -0.000000 0.000000 1.000000
vn -0.000000 0.000000 1.000000
vn -0.000000 0.000000 1.000000
vn -0.000000 0.000000 1.000000
vn -0.000000 0.000000 1.000000
vn -0.000000 0.000000 1.000000
vn -0.000000 0.000000 1.000000
vn -0.000000 0.000000 1.000000
vn -0.000000 0.000000 1.000000
vn -0.000000 0.000000 1.000000
vn -0.000000 0.000000 1.000000
vn -0.000000 0.000000 1.000000
vn -0.000000 0.000000 1.000000
vn -0.000000 0.000000 1.000000
vn -0.000000 0.000000 1.000000
vn -0.000000 0.000000 1.000000
vn -0.000000 0.000000 1.000000
vn -0.000000 0.000000 1.000000
vn -0.000000 0.000000 1.000000
vn -0.000000 0.000000 1.000000
vn -0.000000 0.000000 1.000000
vn -0.000000 0.000000 1.000000
vn -0.000000 0.000000 1.000000
vn -0.000000 0.000000 1.000000
vn -0.000000 0.000000 1.000000
vn -0.000000 0.000000 1.000000
vn -0.000000 0.000000 1.000000
vn -0.000000 0.000000 1.000000
vn -0.000000 0.000000 1.000000
vn -0.000000 0.000000 1.000000
vn -0.000000 0.000000 1.000000
vn -0.000000 0.000000 1.000000
vn -0.000000 0.000000 1.000000
vn -0.000000 0.000000 1.000000
vn -0.000000 0.000000 1.000000
vn -0.000000 0.000000 1.000000
vn -0.000000 0.000000 1.000000
vn -0.000000 0.000000 1.000000
vn -0.000000 0.000000 1.000000
vn -0.000000 0.000000 1.000000
vn -0.000000 0.000000 1.000000
vn -0.000000 0.000000 1.000000
vn -0.000000 0.000000 1.000000
vn -0.000000 0.000000 1.000000
vn -0.000000 0.000000 1.000000
vn -0.000000 0.000000 1.000000
vn -0.000000 0.000000 1.000000
vn -0.000000 0.000000 1.000000
vn -0.000000 0.000000 1.000000
vn -0.000000 0.000000 1.000000
vn -0.000000 0.000000 1.000000
vn -0.000000 0.000000 1.000000
vn -0.000000 0.000000 1.000000
vn -0.000000 0.000000 1.000000
vn -0.000000 0.000000 1.000000
vn -0.000000 0.000000 1.000000
vn -0.000000 0.000000 1.000000
vn -0.000000 0.000000 1.000000
vn -0.000000 0.000000 1.000000
vn -0.000000 0.000000 1.000000
vn -0.000000 0.000000 1.000000
vn -0.000000 0.000000 1.000000
vn -0.000000 0.000000 1.000000
vn -0.000000 0.000000 1.000000
vn -0.000000 0.000000 1.000000
vn -0.000000 0.000000 1.000000
vn -0.000000 0.000000 1.000000
vn -0.000000 0.000000 1.000000
vn -0.000000 0.000000 1.000000
vn -0.000000 0.000000 1.000000
vn -0.000000 0.000000 1.000000
vn -0.000000 0.000000 1.000000
vn -0.000000 0.000000 1.000000
vn -0.000000 0.000000 1.000000
vn -0.000000 0.000000 1.000000
vn -0.000000 0.000000 1.000000
vn -0.000000 0.000000 1.000000
vn -0.000000 0.000000 1.000000
vn -0.000000 0.000000 1.000000
vn -0.000000 0.000000 1.000000
vn -0.000000 0.000000 1.000000
vn -0.000000 0.000000 1.000000
vn -0.000000 0.000000 1.000000
vn -0.000000 0.000000 1.000000
vn -0.000000 0.000000 1.000000
vn -0.000000 0.000000 1.000000
vn -0.000000 0.000000 1.000000
vn -0.000000 0.000000 1.000000
vn -0.000000 0.000000 1.000000
vn -0.000000 0.000000 1.000000
vn -0.000000 0.000000 1.000000
vn -0.000000 0.000000 1.000000
vn -0.000000 0.000000 1.000000
vn -0.000000 0.000000 1.000000
vn -0.000000 0.000000 1.000000
vn -0.000000 0.000000 1.000000
vn -0.000000 0.000000 1.000000
vn -0.000000 0.000000 1.000000
vn -0.000000 0.000000 1.000000
vn -0.000000 0.000000 1.000000
vn -0.000000 0.000000 1.000000
vn -0.000000 0.000000 1.000000
vn -0.000000 0.000000 1.000000
vn -0.000000 0.000000 1.000000
vn -0.000000 0.000000 1.000000
vn -0.000000 0.000000 1.000000
vn -0.000000 0.000000 1.000000
vn -0.000000 0.000000 1.000000
vn -0.000000 0.000000 1.000000
vn -0.000000 0.000000 1.000000
vn -0.000000 0.000000 1.000000
vn -0.000000 0.000000 1.000000
vn -0.000000 0.000000 1.000000
vn -0.000000 0.000000 1.000000
vn -0.000000 0.000000 1.000000
vn -0.000000 0.000000 1.000000
vn -0.000000 0.000000 1.000000
vn -0.000000 0.000000 1.000000
vn -0.000000 0.000000 1.000000
vn 0.000000 -0.000000 -1.000000
vn 0.000000 -0.000000 -1.000000
vn 0.000000 -0.000000 -1.000000
vn 0.000000 -0.000000 -1.000000
vn 0.000000 -0.000000 -1.000000
vn 0.000000 -0.000000 -1.000000
vn 0.000000 -0.000000 -1.000000
vn 0.000000 -0.000000 -1.000000
vn 0.000000 -0.000000 -1.000000
vn 0.000000 -0.000000 -1.000000
vn 0.000000 -0.000000 -1.000000
vn 0.000000 -0.000000 -1.000000
vn 0.000000 -0.000000 -1.000000
vn 0.000000 -0.000000 -1.000000
vn 0.000000 -0.000000 -1.000000
vn 0.000000 -0.000000 -1.000000
vn 0.000000 -0.000000 -1.000000
vn 0.000000 -0.000000 -1.000000
vn 0.000000 -0.000000 -1.000000
vn 0.000000 -0.000000 -1.000000
vn 0.000000 -0.000000 -1.000000
vn 0.000000 -0.000000 -1.000000
vn 0.000000 -0.000000 -1.000000
vn 0.000000 -0.000000 -1.000000
vn 0.000000 -0.000000 -1.000000
vn 0.000000 -0.000000 -1.000000
vn 0.000000 -0.000000 -1.000000
vn 0.000000 -0.000000 -1.000000
vn 0.000000 -0.000000 -1.000000
vn 0.000000 -0.000000 -1.000000
vn 0.000000 -0.000000 -1.000000
vn 0.000000 -0.000000 -1.000000
vn 0.000000 -0.000000 -1.000000
vn 0.000000 -0.000000 -1.000000
vn 0.000000 -0.000000 -1.000000
vn 0.000000 -0.000000 -1.000000
vn 0.000000 -0.000000 -1.000000
vn 0.000000 -0.000000 -1.000000
vn 0.000000 -0.000000 -1.000000
vn 0.000000 -0.000000 -1.000000
vn 0.000000 -0.000000 -1.000000
vn 0.000000 -0.000000 -1.000000
vn 0.000000 -0.000000 -1.000000
vn 0.000000 -0.000000 -1.000000
vn 0.000000 -0.000000 -1.000000
vn 0.000000 -0.000000 -1.000000
vn 0.000000 -0.000000 -1.000000
vn 0.000000 -0.000000 -1.000000
vn 0.000000 -0.000000 -1.000000
vn 0.000000 -0.000000 -1.000000
vn 0.000000 -0.000000 -1.000000
vn 0.000000 -0.000000 -1.000000
vn 0.000000 -0.000000 -1.000000
vn 0.000000 -0.000000 -1.000000
vn 0.000000 -0.000000 -1.000000
vn 0.000000 -0.000000 -1.000000
vn 0.000000 -0.000000 -1.000000
vn 0.000000 -0.000000 -1.000000
vn 0.000000 -0.000000 -1.000000
vn 0.000000 -0.000000 -1.000000
vn 0.000000 -0.000000 -1.000000
vn 0.000000 -0.000000 -1.000000
vn 0.000000 -0.000000 -1.000000
vn 0.000000 -0.000000 -1.000000
vn 0.000000 -0.000000 -1.000000
vn 0.000000 -0.000000 -1.000000
vn 0.000000 -0.000000 -1.000000
vn 0.000000 -0.000000 -1.000000
vn 0.000000 -0.000000 -1.000000
vn 0.000000 -0.000000 -1.000000
vn 0.000000 -0.000000 -1.000000
vn 0.000000 -0.000000 -1.000000
vn 0.000000 -0.000000 -1.000000
vn 0.000000 -0.000000 -1.000000
vn 0.000000 -0.000000 -1.000000
vn 0.000000 -0.000000 -1.000000
vn 0.000000 -0.000000 -1.000000
vn 0.000000 -0.000000 -1.000000
vn 0.000000 -0.000000 -1.000000
vn 0.000000 -0.000000 -1.000000
vn 0.000000 -0.000000 -1.000000
vn 0.000000 -0.000000 -1.000000
vn 0.000000 -0.000000 -1.000000
vn 0.000000 -0.000000 -1.000000
vn 0.000000 -0.000000 -1.000000
vn 0.000000 -0.000000 -1.000000
vn 0.000000 -0.000000 -1.000000
vn 0.000000 -0.000000 -1.000000
vn 0.000000 -0.000000 -1.000000
vn 0.000000 -0.000000 -1.000000
vn 0.000000 -0.000000 -1.000000
vn 0.000000 -0.000000 -1.000000
vn 0.000000 -0.000000 -1.000000
vn 0.000000 -0.000000 -1.000000
vn 0.000000 -0.000000 -1.000000
vn 0.000000 -0.000000 -1.000000
vn 0.000000 -0.000000 -1.000000
vn 0.000000 -0.000000 -1.000000
vn 0.000000 -0.000000 -1.000000
vn 0.000000 -0.000000 -1.000000
vn 0.000000 -0.000000 -1.000000
vn 0.000000 -0.000000 -1.000000
vn 0.000000 -0.000000 -1.000000
vn 0.000000 -0.000000 -1.000000
vn 0.000000 -0.000000 -1.000000
vn 0.000000 -0.000000 -1.000000
vn 0.000000 -0.000000 -1.000000
vn 0.000000 -0.000000 -1.000000
vn 0.000000 -0.000000 -1.000000
vn 0.000000 -0.000000 -1.000000
vn 0.000000 -0.000000 -1.000000
vn 0.000000 -0.000000 -1.000000
vn 0.000000 -0.000000 -1.000000
vn 0.000000 -0.000000 -1.000000
vn 0.000000 -0.000000 -1.000000
vn 0.000000 -0.000000 -1.000000
vn 0.000000 -0.000000 -1.000000
vn 0.000000 -0.000000 -1.000000
vn 0.000000 -0.000000 -1.000000
vn 0.000000 -0.000000 -1.000000
vn 0.000000 -0.000000 -1.000000
vn 0.000000 -0.000000 -1.000000
vn 0.000000 -0.000000 -1.000000
vn 0.000000 -0.000000 -1.000000
vn 0.000000 -0.000000 -1.000000
vn 0.000000 -0.000000 -1.000000
vn 0.000000 -0.000000 -1.000000
vn 0.000000 -0.000000 -1.000000
vn 0.000000 -0.000000 -1.000000
vn 0.000000 -0.000000 -1.000000
vn 0.000000 -0.000000 -1.000000
vn 0.000000 -0.000000 -1.000000
vn 0.000000 -0.000000 -1.000000
vn 0.000000 -0.000000 -1.000000
vn 0.000000 -0.000000 -1.000000
vn 0.000000 -0.000000 -1.000000
vn 0.000000 -0.000000 -1.000000
vn 0.000000 -0.000000 -1.000000
vn 0.000000 -0.000000 -1.000000
vn 0.000000 -0.000000 -1.000000
vn 0.000000 -0.000000 -1.000000
vn 0.000000 -0.000000 -1.000000
vn 0.000000 -0.000000 -1.000000
vn 0.000000 -0.000000 -1.000000
vn 0.000000 -0.000000 -1.000000
vn 0.000000 -0.000000 -1.000000
vn 0.000000 -0.000000 -1.000000
vn 0.000000 -0.000000 -1.000000
vn 0.000000 -0.000000 -1.000000
vn 0.000000 -0.000000 -1.000000
vn 0.000000 -0.000000 -1.000000
vn 0.000000 -0.000000 -1.000000
vn 0.000000 -0.000000 -1.000000
vn 0.000000 -0.000000 -1.000000
vn 0.000000 -0.000000 -1.000000
vn 0.000000 -0.000000 -1.000000
vn 0.000000 -0.000000 -1.000000
vn 0.000000 -0.000000 -1.000000
vn 0.000000 -0.000000 -1.000000
vn 0.000000 -0.000000 -1.000000
vn 0.000000 -0.000000 -1.000000
vn 0.000000 -0.000000 -1.000000
vn 0.000000 -0.000000 -1.000000
vn 0.000000 -0.000000 -1.000000
vn 0.000000 -0.000000 -1.000000
vn 0.000000 -0.000000 -1.000000
vn 0.000000 -0.000000 -1.000000
vn 0.000000 -0.000000 -1.000000
vn 0.000000 -0.000000 -1.000000
vn 0.000000 -0.000000 -1.000000
vn 0.000000 -0.000000 -1.000000
vn 0.000000 -0.000000 -1.000000
vn 0.000000 -0.000000 -1.000000
vn 0.000000 -0.000000 -1.000000
vn 0.000000 -0.000000 -1.000000
vn 0.268771 0.963204 -0.000000
vn 0.012381 0.999923 -0.000000
vn 0.258819 0.965926 -0.000000
vn 0.012381 0.999923 -0.000000
vn -0.000000 1.000000 -0.000000
vn -0.229130 0.973396 -0.000000
vn -0.258819 0.965926 -0.000000
vn -0.457116 0.889407 -0.000000
vn -0.500000 0.866025 -0.000000
vn -0.658118 0.752915 -0.000000
vn -0.707107 0.707107 -0.000000
vn -0.820269 0.571977 -0.000000
vn -0.866025 0.500000 -0.000000
vn -0.933999 0.357275 -0.000000
vn -0.965926 0.258819 -0.000000
vn -0.992594 0.121482 -0.000000
vn -1.000000 0.000000 -0.000000
vn -0.992594 -0.121482 -0.000000
vn -0.965926 -0.258819 0.000000
vn -0.933999 -0.357275 0.000000
vn -0.866025 -0.500000 0.000000
vn -0.820269 -0.571977 0.000000
vn -0.707107 -0.707107 0.000000
vn -0.658118 -0.752915 0.000000
vn -0.500000 -0.866025 0.000000
vn -0.457116 -0.889407 0.000000
vn -0.258819 -0.965926 0.000000
vn -0.229130 -0.973396 0.000000
vn -0.000000 -1.000000 0.000000
vn 0.012381 -0.999923 0.000000
vn 0.258819 -0.965926 0.000000
vn 0.012381 -0.999923 0.000000
vn 0.268771 -0.963204 0.000000
vn 0.500000 -0.866025 0.000000
vn 0.507131 -0.861869 0.000000
vn 0.707107 -0.707107 0.000000
vn 0.711471 -0.702716 0.000000
vn 0.866025 -0.500000 0.000000
vn 0.868082 -0.496422 0.000000
vn 0.965926 -0.258819 0.000000
vn 0.966458 -0.256825 0.000000
vn 1.000000 -0.000000 0.000000
vn 1.000000 -0.000000 0.000000
vn 0.966458 0.256825 -0.000000
vn 0.965926 0.258819 -0.000000
vn 0.868082 0.496422 -0.000000
vn 0.866025 0.500000 -0.000000
vn 0.711471 0.702716 -0.000000
vn 0.707107 0.707107 -0.000000
vn 0.507131 0.861869 -0.000000
vn 0.500000 0.866025 -0.000000
vn 0.211856 0.977301 -0.000000
vn 0.004655 0.999989 -0.000000
vn 0.054139 0.998533 -0.000000
vn 0.004655 0.999989 -0.000000
vn -0.161782 0.986827 -0.000000
vn -0.203964 0.978978 -0.000000
vn -0.370138 0.928977 -0.000000
vn -0.403616 0.914928 -0.000000
vn -0.561187 0.827689 -0.000000
vn -0.585524 0.810655 -0.000000
vn -0.725995 0.687699 -0.000000
vn -0.741690 0.670743 -0.000000
vn -0.856857 0.515554 -0.000000
vn -0.865249 0.501343 -0.000000
vn -0.947653 0.319302 -0.000000
vn -0.950768 0.309902 -0.000000
vn -0.994138 0.108119 -0.000000
vn -0.994489 0.104837 -0.000000
vn -0.994138 -0.108119 -0.000000
vn -0.994489 -0.104837 -0.000000
vn -0.950768 -0.309902 0.000000
vn -0.947653 -0.319302 0.000000
vn -0.865249 -0.501343 0.000000
vn -0.856857 -0.515554 0.000000
vn -0.741690 -0.670743 0.000000
vn -0.725995 -0.687699 0.000000
vn -0.585524 -0.810655 0.000000
vn -0.561187 -0.827689 0.000000
vn -0.403616 -0.914928 0.000000
vn -0.370138 -0.928977 0.000000
vn -0.203964 -0.978978 0.000000
vn -0.161782 -0.986827 0.000000
vn 0.004655 -0.999989 0.000000
vn 0.054139 -0.998533 0.000000
vn 0.004655 -0.999989 0.000000
vn 0.211856 -0.977301 0.000000
vn 0.267528 -0.963550 0.000000
vn 0.409853 -0.912152 0.000000
vn 0.468408 -0.883512 0.000000
vn 0.590042 -0.807372 0.000000
vn 0.647386 -0.762162 0.000000
vn 0.744597 -0.667515 0.000000
vn 0.796093 -0.605174 0.000000
vn 0.866800 -0.498656 0.000000
vn 0.907575 -0.419889 0.000000
vn 0.951344 -0.308132 0.000000
vn 0.976621 -0.214970 0.000000
vn 0.994554 -0.104220 0.000000
vn 1.000000 -0.000000 0.000000
vn 0.994554 0.104220 0.000000
vn 0.976621 0.214970 -0.000000
vn 0.951344 0.308132 -0.000000
vn 0.907575 0.419889 -0.000000
vn 0.866800 0.498656 -0.000000
vn 0.796093 0.605174 -0.000000
vn 0.744597 0.667515 -0.000000
vn 0.647386 0.762162 -0.000000
vn 0.590042 0.807372 -0.000000
vn 0.468408 0.883512 -0.000000
vn 0.409853 0.912152 -0.000000
vn 0.267528 0.963550 -0.000000
vn 0.268771 0.963204 -0.000000
vn 0.012381 0.999923 -0.000000
vn 0.258819 0.965926 -0.000000
vn 0.012381 0.999923 -0.000000
vn -0.000000 1.000000 -0.000000
vn -0.229130 0.973396 -0.000000
vn -0.258819 0.965926 -0.000000
vn -0.457116 0.889407 -0.000000
vn -0.500000 0.866025 -0.000000
vn -0.658118 0.752915 -0.000000
vn -0.707107 0.707107 -0.000000
vn -0.820269 0.571977 -0.000000
vn -0.866025 0.500000 -0.000000
vn -0.933999 0.357275 -0.000000
vn -0.965926 0.258819 -0.000000
vn -0.992594 0.121482 -0.000000
vn -1.000000 0.000000 -0.000000
vn -0.992594 -0.121482 -0.000000
vn -0.965926 -0.258819 0.000000
vn -0.933999 -0.357275 0.000000
vn -0.866025 -0.500000 0.000000
vn -0.820269 -0.571977 0.000000
vn -0.707107 -0.707107 0.000000
vn -0.658118 -0.752915 0.000000
vn -0.500000 -0.866025 0.000000
vn -0.457116 -0.889407 0.000000
vn -0.258819 -0.965926 0.000000
vn -0.229130 -0.973396 0.000000
vn -0.000000 -1.000000 0.000000
vn 0.012381 -0.999923 0.000000
vn 0.258819 -0.965926 0.000000
vn 0.012381 -0.999923 0.000000
vn 0.268771 -0.963204 0.000000
vn 0.500000 -0.866025 0.000000
vn 0.507131 -0.861869 0.000000
vn 0.707107 -0.707107 0.000000
vn 0.711471 -0.702716 0.000000
vn 0.866025 -0.500000 0.000000
vn 0.868082 -0.496422 0.000000
vn 0.965926 -0.258819 0.000000
vn 0.966458 -0.256825 0.000000
vn 1.000000 -0.000000 0.000000
vn 1.000000 -0.000000 0.000000
vn 0.966458 0.256825 -0.000000
vn 0.965926 0.258819 -0.000000
vn 0.868082 0.496422 -0.000000
vn 0.866025 0.500000 -0.000000
vn 0.711471 0.702716 -0.000000
vn 0.707107 0.707107 -0.000000
vn 0.507131 0.861869 -0.000000
vn 0.500000 0.866025 -0.000000
vn 0.268771 0.963204 -0.000000
vn 0.012381 0.999923 -0.000000
vn 0.258819 0.965926 -0.000000
vn 0.012381 0.999923 -0.000000
vn -0.000000 1.000000 -0.000000
vn -0.229130 0.973396 -0.000000
vn -0.258819 0.965926 -0.000000
vn -0.457116 0.889407 -0.000000
vn -0.500000 0.866025 -0.000000
vn -0.658118 0.752915 -0.000000
vn -0.707107 0.707107 -0.000000
vn -0.820269 0.571977 -0.000000
vn -0.866025 0.500000 -0.000000
vn -0.933999 0.357275 -0.000000
vn -0.965926 0.258819 -0.000000
vn -0.992594 0.121482 -0.000000
vn -1.000000 0.000000 -0.000000
vn -0.992594 -0.121482 -0.000000
vn -0.965926 -0.258819 0.000000
vn -0.933999 -0.357275 0.000000
vn -0.866025 -0.500000 0.000000
vn -0.820269 -0.571977 0.000000
vn -0.707107 -0.707107 0.000000
vn -0.658118 -0.752915 0.000000
vn -0.500000 -0.866025 0.000000
vn -0.457116 -0.889407 0.000000
vn -0.258819 -0.965926 0.000000
vn -0.229130 -0.973396 0.000000
vn -0.000000 -1.000000 0.000000
vn 0.012381 -0.999923 0.000000
vn 0.258819 -0.965926 0.000000
vn 0.012381 -0.999923 0.000000
vn 0.268771 -0.963204 0.000000
vn 0.500000 -0.866025 0.000000
vn 0.507131 -0.861869 0.000000
vn 0.707107 -0.707107 0.000000
vn 0.711471 -0.702716 0.000000
vn 0.866025 -0.500000 0.000000
vn 0.868082 -0.496422 0.000000
vn 0.965926 -0.258819 0.000000
vn 0.966458 -0.256825 0.000000
vn 1.000000 -0.000000 0.000000
vn 1.000000 -0.000000 0.000000
vn 0.966458 0.256825 -0.000000
vn 0.965926 0.258819 -0.000000
vn 0.868082 0.496422 -0.000000
vn 0.866025 0.500000 -0.000000
vn 0.711471 0.702716 -0.000000
vn 0.707107 0.707107 -0.000000
vn 0.507131 0.861869 -0.000000
vn 0.500000 0.866025 -0.000000
vn 0.268771 0.963204 -0.000000
vn 0.012381 0.999923 -0.000000
vn 0.258819 0.965926 -0.000000
vn 0.012381 0.999923 -0.000000
vn -0.000000 1.000000 -0.000000
vn -0.229130 0.973396 -0.000000
vn -0.258819 0.965926 -0.000000
vn -0.457116 0.889407 -0.000000
vn -0.500000 0.866025 -0.000000
vn -0.658118 0.752915 -0.000000
vn -0.707107 0.707107 -0.000000
vn -0.820269 0.571977 -0.000000
vn -0.866025 0.500000 -0.000000
vn -0.933999 0.357275 -0.000000
vn -0.965926 0.258819 -0.000000
vn -0.992594 0.121482 -0.000000
vn -1.000000 0.000000 -0.000000
vn -0.992594 -0.121482 -0.000000
vn -0.965926 -0.258819 0.000000
vn -0.933999 -0.357275 0.000000
vn -0.866025 -0.500000 0.000000
vn -0.820269 -0.571977 0.000000
vn -0.707107 -0.707107 0.000000
vn -0.658118 -0.752915 0.000000
vn -0.500000 -0.866025 0.000000
vn -0.457116 -0.889407 0.000000
vn -0.258819 -0.965926 0.000000
vn -0.229130 -0.973396 0.000000
vn -0.000000 -1.000000 0.000000
vn 0.012381 -0.999923 0.000000
vn 0.258819 -0.965926 0.000000
vn 0.012381 -0.999923 0.000000
vn 0.268771 -0.963204 0.000000
vn 0.500000 -0.866025 0.000000
vn 0.507131 -0.861869 0.000000
vn 0.707107 -0.707107 0.000000
vn 0.711471 -0.702716 0.000000
vn 0.866025 -0.500000 0.000000
vn 0.868082 -0.496422 0.000000
vn 0.965926 -0.258819 0.000000
vn 0.966458 -0.256825 0.000000
vn 1.000000 -0.000000 0.000000
vn 1.000000 -0.000000 0.000000
vn 0.966458 0.256825 -0.000000
vn 0.965926 0.258819 -0.000000
vn 0.868082 0.496422 -0.000000
vn 0.866025 0.500000 -0.000000
vn 0.711471 0.702716 -0.000000
vn 0.707107 0.707107 -0.000000
vn 0.507131 0.861869 -0.000000
vn 0.500000 0.866025 -0.000000
vn 0.125333 0.992115 -0.000000
vn 0.062791 0.998027 -0.000000
vn -0.062791 0.998027 -0.000000
vn -0.125333 0.992115 -0.000000
vn -0.187381 0.982287 -0.000000
vn -0.248690 0.968583 -0.000000
vn -0.309017 0.951057 -0.000000
vn -0.368125 0.929776 -0.000000
vn -0.425779 0.904827 -0.000000
vn -0.481754 0.876307 -0.000000
vn -0.535827 0.844328 -0.000000
vn -0.587785 0.809017 -0.000000
vn -0.637424 0.770513 -0.000000
vn -0.684547 0.728969 -0.000000
vn -0.728969 0.684547 -0.000000
vn -0.770513 0.637424 -0.000000
vn -0.809017 0.587785 -0.000000
vn -0.844328 0.535827 -0.000000
vn -0.876307 0.481754 -0.000000
vn -0.904827 0.425779 -0.000000
vn -0.929776 0.368125 -0.000000
vn -0.951057 0.309017 -0.000000
vn -0.968583 0.248690 -0.000000
vn -0.982287 0.187381 -0.000000
vn -0.992115 0.125333 -0.000000
vn -0.998027 0.062791 -0.000000
vn -1.000000 0.000000 -0.000000
vn -0.998027 -0.062791 -0.000000
vn -0.992115 -0.125333 -0.000000
vn -0.982287 -0.187381 0.000000
vn -0.968583 -0.248690 0.000000
vn -0.951057 -0.309017 0.000000
vn -0.929776 -0.368125 0.000000
vn -0.904827 -0.425779 0.000000
vn -0.876307 -0.481754 0.000000
vn -0.844328 -0.535827 0.000000
vn -0.809017 -0.587785 0.000000
vn -0.770513 -0.637424 0.000000
vn -0.728969 -0.684547 0.000000
vn -0.684547 -0.728969 0.000000
vn -0.637424 -0.770513 0.000000
vn -0.587785 -0.809017 0.000000
vn -0.535827 -0.844328 0.000000
vn -0.481754 -0.876307 0.000000
vn -0.425779 -0.904827 0.000000
vn -0.368125 -0.929776 0.000000
vn -0.309017 -0.951057 0.000000
vn -0.248690 -0.968583 0.000000
vn -0.187381 -0.982287 0.000000
vn -0.125333 -0.992115 0.000000
vn -0.062791 -0.998027 0.000000
vn 0.000000 -1.000000 0.000000
vn 0.062791 -0.998027 0.000000
vn 0.125333 -0.992115 0.000000
vn 0.187381 -0.982287 0.000000
vn 0.248690 -0.968583 0.000000
vn 0.309017 -0.951057 0.000000
vn 0.368125 -0.929776 0.000000
vn 0.425779 -0.904827 0.000000
vn 0.481754 -0.876307 0.000000
vn 0.535827 -0.844328 0.000000
vn 0.587785 -0.809017 0.000000
vn 0.637424 -0.770513 0.000000
vn 0.684547 -0.728969 0.000000
vn 0.728969 -0.684547 0.000000
vn 0.770513 -0.637424 0.000000
vn 0.809017 -0.587785 0.000000
vn 0.844328 -0.535827 0.000000
vn 0.876307 -0.481754 0.000000
vn 0.904827 -0.425779 0.000000
vn 0.929776 -0.368125 0.000000
vn 0.951057 -0.309017 0.000000
vn 0.968583 -0.248690 0.000000
vn 0.982287 -0.187381 0.000000
vn 0.992115 -0.125333 0.000000
vn 0.998027 -0.062791 0.000000
vn 1.000000 -0.000000 0.000000
vn 0.998027 0.062791 0.000000
vn 0.992115 0.125333 0.000000
vn 0.982287 0.187381 -0.000000
vn 0.968583 0.248690 -0.000000
vn 0.951057 0.309017 -0.000000
vn 0.929776 0.368125 -0.000000
vn 0.904827 0.425779 -0.000000
vn 0.876307 0.481754 -0.000000
vn 0.844328 0.535827 -0.000000
vn 0.809017 0.587785 -0.000000
vn 0.770513 0.637424 -0.000000
vn 0.728969 0.684547 -0.000000
vn 0.684547 0.728969 -0.000000
vn 0.637424 0.770513 -0.000000
vn 0.587785 0.809017 -0.000000
vn 0.535827 0.844328 -0.000000
vn 0.481754 0.876307 -0.000000
vn 0.425779 0.904827 -0.000000
vn 0.368125 0.929776 -0.000000
vn 0.309017 0.951057 -0.000000
vn 0.248690 0.968583 -0.000000
vn 0.187381 0.982287 -0.000000
usemtl ABS_(White)
f 1/1/1 2/2/2 33/3/3
f 33/3/3 2/2/2 3/4/4
f 33/3/3 3/4/4 4/5/5
f 4/5/5 5/6/6 33/3/3
f 33/3/3 5/6/6 32/7/7
f 32/7/7 5/6/6 6/8/8
f 32/7/7 6/8/8 31/9/9
f 31/9/9 6/8/8 7/10/10
f 31/9/9 7/10/10 30/11/11
f 30/11/11 7/10/10 8/12/12
f 30/11/11 8/12/12 9/13/13
f 30/11/11 9/13/13 29/14/14
f 29/14/14 9/13/13 10/15/15
f 29/14/14 10/15/15 28/16/16
f 28/16/16 10/15/15 11/17/17
f 28/16/16 11/17/17 27/18/18
f 27/18/18 11/17/17 12/19/19
f 27/18/18 12/19/19 13/20/20
f 27/18/18 13/20/20 26/21/21
f 26/21/21 13/20/20 14/22/22
f 26/21/21 14/22/22 25/23/23
f 25/23/23 14/22/22 15/24/24
f 25/23/23 15/24/24 24/25/25
f 24/25/25 15/24/24 16/26/26
f 24/25/25 16/26/26 17/27/27
f 24/25/25 17/27/27 23/28/28
f 23/28/28 17/27/27 18/29/29
f 23/28/28 18/29/29 22/30/30
f 22/30/30 18/29/29 19/31/31
f 22/30/30 19/31/31 21/32/32
f 21/32/32 19/31/31 20/33/33
f 35/34/34 156/35/35 34/36/36
f 34/36/36 156/35/35 111/37/37
f 34/36/36 111/37/37 57/38/38
f 57/38/38 111/37/37 112/39/39
f 57/38/38 112/39/39 56/40/40
f 56/40/40 112/39/39 55/41/41
f 55/41/41 112/39/39 113/42/42
f 55/41/41 113/42/42 54/43/43
f 54/43/43 113/42/42 114/44/44
f 54/43/43 114/44/44 86/45/45
f 86/45/45 114/44/44 85/46/46
f 85/46/46 114/44/44 115/47/47
f 85/46/46 115/47/47 84/48/48
f 84/48/48 115/47/47 116/49/49
f 84/48/48 116/49/49 83/50/50
f 83/50/50 116/49/49 117/51/51
f 83/50/50 117/51/51 82/52/52
f 82/52/52 117/51/51 118/53/53
f 82/52/52 118/53/53 119/54/54
f 35/34/34 36/55/55 156/35/35
f 156/35/35 36/55/55 37/56/56
f 156/35/35 37/56/56 38/57/57
f 38/57/57 39/58/58 156/35/35
f 156/35/35 39/58/58 40/59/59
f 156/35/35 40/59/59 155/60/60
f 155/60/60 40/59/59 41/61/61
f 155/60/60 41/61/61 154/62/62
f 154/62/62 41/61/61 42/63/63
f 154/62/62 42/63/63 21/64/64
f 21/64/64 42/63/63 190/65/65
f 21/64/64 190/65/65 191/66/66
f 42/63/63 43/67/67 190/65/65
f 190/65/65 43/67/67 189/68/68
f 189/68/68 43/67/67 44/69/69
f 189/68/68 44/69/69 188/70/70
f 188/70/70 44/69/69 45/71/71
f 188/70/70 45/71/71 187/72/72
f 187/72/72 45/71/71 137/73/73
f 187/72/72 137/73/73 138/74/74
f 45/71/71 46/75/75 137/73/73
f 137/73/73 46/75/75 47/76/76
f 137/73/73 47/76/76 136/77/77
f 136/77/77 47/76/76 48/78/78
f 136/77/77 48/78/78 49/79/79
f 136/77/77 49/79/79 135/80/80
f 135/80/80 49/79/79 50/81/81
f 135/80/80 50/81/81 134/82/82
f 134/82/82 50/81/81 90/83/83
f 134/82/82 90/83/83 91/84/84
f 90/83/83 50/81/81 89/85/85
f 89/85/85 50/81/81 51/86/86
f 89/85/85 51/86/86 88/87/87
f 88/87/87 51/86/86 52/88/88
f 88/87/87 52/88/88 53/89/89
f 88/87/87 53/89/89 87/90/90
f 87/90/90 53/89/89 54/43/43
f 87/90/90 54/43/43 86/45/45
f 81/91/91 58/92/92 170/93/93
f 170/93/93 58/92/92 59/94/94
f 170/93/93 59/94/94 124/95/95
f 124/95/95 59/94/94 60/96/96
f 124/95/95 60/96/96 61/97/97
f 124/95/95 61/97/97 123/98/98
f 123/98/98 61/97/97 62/99/99
f 123/98/98 62/99/99 122/100/100
f 122/100/100 62/99/99 102/101/101
f 122/100/100 102/101/101 103/102/102
f 102/101/101 62/99/99 101/103/103
f 101/103/103 62/99/99 63/104/104
f 101/103/103 63/104/104 100/105/105
f 100/105/105 63/104/104 64/106/106
f 100/105/105 64/106/106 65/107/107
f 100/105/105 65/107/107 99/108/108
f 99/108/108 65/107/107 66/109/109
f 99/108/108 66/109/109 98/110/110
f 98/110/110 66/109/109 150/111/111
f 98/110/110 150/111/111 97/112/112
f 97/112/112 150/111/111 151/113/113
f 97/112/112 151/113/113 96/114/114
f 96/114/114 151/113/113 152/115/115
f 96/114/114 152/115/115 95/116/116
f 95/116/116 152/115/115 153/117/117
f 95/116/116 153/117/117 94/118/118
f 94/118/118 153/117/117 130/119/119
f 94/118/118 130/119/119 131/120/120
f 150/111/111 66/109/109 149/121/121
f 149/121/121 66/109/109 67/122/122
f 149/121/121 67/122/122 148/123/123
f 148/123/123 67/122/122 68/124/124
f 148/123/123 68/124/124 69/125/125
f 148/123/123 69/125/125 171/126/126
f 171/126/126 69/125/125 70/127/127
f 171/126/126 70/127/127 71/128/128
f 71/128/128 72/129/129 171/126/126
f 171/126/126 72/129/129 73/130/130
f 171/126/126 73/130/130 74/131/131
f 74/131/131 75/132/132 171/126/126
f 171/126/126 75/132/132 76/133/133
f 171/126/126 76/133/133 170/93/93
f 170/93/93 76/133/133 77/134/134
f 170/93/93 77/134/134 78/135/135
f 78/135/135 79/136/136 170/93/93
f 170/93/93 79/136/136 80/137/137
f 170/93/93 80/137/137 81/91/91
f 134/82/82 91/84/84 133/138/138
f 133/138/138 91/84/84 92/139/139
f 133/138/138 92/139/139 132/140/140
f 132/140/140 92/139/139 93/141/141
f 132/140/140 93/141/141 131/120/120
f 131/120/120 93/141/141 94/118/118
f 122/100/100 103/102/102 121/142/142
f 121/142/142 103/102/102 104/143/143
f 121/142/142 104/143/143 120/144/144
f 120/144/144 104/143/143 105/145/145
f 120/144/144 105/145/145 119/54/54
f 119/54/54 105/145/145 82/52/52
f 129/146/146 106/147/147 158/148/148
f 158/148/148 106/147/147 107/149/149
f 158/148/148 107/149/149 108/150/150
f 108/150/150 109/151/151 158/148/148
f 158/148/148 109/151/151 157/152/152
f 157/152/152 109/151/151 110/153/153
f 157/152/152 110/153/153 156/35/35
f 156/35/35 110/153/153 111/37/37
f 124/95/95 125/154/154 170/93/93
f 170/93/93 125/154/154 169/155/155
f 169/155/155 125/154/154 168/156/156
f 168/156/156 125/154/154 167/157/157
f 167/157/157 125/154/154 166/158/158
f 166/158/158 125/154/154 165/159/159
f 165/159/159 125/154/154 164/160/160
f 164/160/160 125/154/154 163/161/161
f 163/161/161 125/154/154 162/162/162
f 162/162/162 125/154/154 126/163/163
f 162/162/162 126/163/163 161/164/164
f 161/164/164 126/163/163 160/165/165
f 160/165/165 126/163/163 127/166/166
f 160/165/165 127/166/166 159/167/167
f 159/167/167 127/166/166 158/148/148
f 158/148/148 127/166/166 128/168/168
f 158/148/148 128/168/168 129/146/146
f 139/169/169 185/170/170 138/74/74
f 138/74/74 185/170/170 186/171/171
f 138/74/74 186/171/171 187/72/72
f 139/169/169 140/172/172 185/170/170
f 185/170/170 140/172/172 184/173/173
f 184/173/173 140/172/172 141/174/174
f 184/173/173 141/174/174 183/175/175
f 183/175/175 141/174/174 142/176/176
f 183/175/175 142/176/176 143/177/177
f 183/175/175 143/177/177 182/178/178
f 182/178/178 143/177/177 144/179/179
f 182/178/178 144/179/179 145/180/180
f 182/178/178 145/180/180 181/181/181
f 181/181/181 145/180/180 146/182/182
f 181/181/181 146/182/182 180/183/183
f 180/183/183 146/182/182 179/184/184
f 179/184/184 146/182/182 147/185/185
f 179/184/184 147/185/185 178/186/186
f 178/186/186 147/185/185 177/187/187
f 177/187/187 147/185/185 176/188/188
f 176/188/188 147/185/185 175/189/189
f 175/189/189 147/185/185 174/190/190
f 174/190/190 147/185/185 173/191/191
f 173/191/191 147/185/185 172/192/192
f 172/192/192 147/185/185 171/126/126
f 171/126/126 147/185/185 148/123/123
f 32/193/193 31/194/194 33/195/195
f 33/195/195 31/194/194 30/196/196
f 33/195/195 30/196/196 29/197/197
f 29/197/197 28/198/198 33/195/195
f 33/195/195 28/198/198 27/199/199
f 33/195/195 27/199/199 26/200/200
f 33/195/195 26/200/200 192/201/201
f 192/201/201 26/200/200 25/202/202
f 192/201/201 25/202/202 24/203/203
f 24/203/203 23/204/204 192/201/201
f 192/201/201 23/204/204 22/205/205
f 192/201/201 22/205/205 21/64/64
f 191/66/66 192/201/201 21/64/64
f 1/206/1 33/207/3 204/208/206
f 204/208/206 33/207/3 192/209/207
f 204/208/206 192/209/207 203/210/208
f 203/210/208 192/209/207 191/211/209
f 203/210/208 191/211/209 202/212/210
f 202/212/210 191/211/209 190/213/211
f 202/212/210 190/213/211 201/214/212
f 201/214/212 190/213/211 189/215/213
f 201/214/212 189/215/213 200/216/214
f 200/216/214 189/215/213 188/217/215
f 200/216/214 188/217/215 199/218/216
f 199/218/216 188/217/215 187/219/217
f 199/218/216 187/219/217 198/220/218
f 198/220/218 187/219/217 186/221/219
f 198/220/218 186/221/219 197/222/220
f 197/222/220 186/221/219 185/223/221
f 197/222/220 185/223/221 196/224/222
f 196/224/222 185/223/221 184/225/223
f 196/224/222 184/225/223 195/226/224
f 195/226/224 184/225/223 183/227/225
f 195/226/224 183/227/225 194/228/226
f 194/228/226 183/227/225 182/229/227
f 194/228/226 182/229/227 193/230/228
f 193/230/228 182/229/227 181/231/229
f 234/232/230 4/233/231 1/234/232
f 1/234/232 4/233/231 3/235/233
f 1/234/232 3/235/233 2/236/234
f 1/234/232 204/237/235 234/232/230
f 234/232/230 204/237/235 203/238/236
f 234/232/230 203/238/236 202/239/237
f 202/239/237 201/240/238 234/232/230
f 234/232/230 201/240/238 200/241/239
f 234/232/230 200/241/239 199/242/240
f 234/232/230 199/242/240 276/243/241
f 276/243/241 199/242/240 198/244/242
f 276/243/241 198/244/242 275/245/243
f 275/245/243 198/244/242 197/246/244
f 275/245/243 197/246/244 274/247/245
f 274/247/245 197/246/244 273/248/246
f 273/248/246 197/246/244 196/249/247
f 273/248/246 196/249/247 272/250/248
f 272/250/248 196/249/247 271/251/249
f 271/251/249 196/249/247 195/252/250
f 271/251/249 195/252/250 270/253/251
f 270/253/251 195/252/250 269/254/252
f 269/254/252 195/252/250 268/255/253
f 268/255/253 195/252/250 194/256/254
f 268/255/253 194/256/254 267/257/255
f 267/257/255 194/256/254 266/258/256
f 266/258/256 194/256/254 193/259/257
f 266/258/256 193/259/257 265/260/258
f 265/260/258 193/259/257 205/261/259
f 265/260/258 205/261/259 251/262/260
f 251/262/260 205/261/259 206/263/261
f 251/262/260 206/263/261 250/264/262
f 250/264/262 206/263/261 249/265/263
f 249/265/263 206/263/261 207/266/264
f 249/265/263 207/266/264 248/267/265
f 248/267/265 207/266/264 208/268/266
f 248/267/265 208/268/266 247/269/267
f 247/269/267 208/268/266 209/270/268
f 247/269/267 209/270/268 246/271/269
f 246/271/269 209/270/268 210/272/270
f 246/271/269 210/272/270 245/273/271
f 245/273/271 210/272/270 211/274/272
f 245/273/271 211/274/272 214/275/273
f 214/275/273 211/274/272 212/276/274
f 214/275/273 212/276/274 213/277/275
f 215/278/276 241/279/277 214/275/273
f 214/275/273 241/279/277 242/280/278
f 214/275/273 242/280/278 243/281/279
f 216/282/280 217/283/281 215/278/276
f 215/278/276 217/283/281 218/284/282
f 215/278/276 218/284/282 219/285/283
f 215/278/276 219/285/283 236/286/284
f 236/286/284 219/285/283 220/287/285
f 236/286/284 220/287/285 235/288/286
f 235/288/286 220/287/285 221/289/287
f 235/288/286 221/289/287 258/290/288
f 258/290/288 221/289/287 222/291/289
f 258/290/288 222/291/289 257/292/290
f 257/292/290 222/291/289 223/293/291
f 257/292/290 223/293/291 256/294/292
f 256/294/292 223/293/291 224/295/293
f 256/294/292 224/295/293 255/296/294
f 255/296/294 224/295/293 325/297/295
f 255/296/294 325/297/295 254/298/296
f 254/298/296 325/297/295 288/299/297
f 254/298/296 288/299/297 289/300/298
f 224/295/293 225/301/299 325/297/295
f 325/297/295 225/301/299 324/302/300
f 324/302/300 225/301/299 226/303/301
f 324/302/300 226/303/301 227/304/302
f 228/305/303 316/306/304 227/304/302
f 227/304/302 316/306/304 317/307/305
f 227/304/302 317/307/305 318/308/306
f 229/309/307 313/310/308 228/305/303
f 228/305/303 313/310/308 314/311/309
f 228/305/303 314/311/309 315/312/310
f 229/309/307 230/313/311 313/310/308
f 313/310/308 230/313/311 231/314/312
f 313/310/308 231/314/312 302/315/313
f 302/315/313 231/314/312 301/316/314
f 301/316/314 231/314/312 232/317/315
f 301/316/314 232/317/315 300/318/316
f 300/318/316 232/317/315 277/319/317
f 300/318/316 277/319/317 278/320/318
f 232/317/315 233/321/319 277/319/317
f 277/319/317 233/321/319 234/232/230
f 277/319/317 234/232/230 276/243/241
f 236/286/284 237/322/320 215/278/276
f 215/278/276 237/322/320 238/323/321
f 215/278/276 238/323/321 239/324/322
f 239/324/322 240/325/323 215/278/276
f 215/278/276 240/325/323 241/279/277
f 243/281/279 244/326/324 214/275/273
f 214/275/273 244/326/324 245/273/271
f 251/262/260 252/327/325 265/260/258
f 265/260/258 252/327/325 290/328/326
f 265/260/258 290/328/326 264/329/327
f 264/329/327 290/328/326 291/330/328
f 264/329/327 291/330/328 263/331/329
f 263/331/329 291/330/328 292/332/330
f 263/331/329 292/332/330 262/333/331
f 262/333/331 292/332/330 293/334/332
f 262/333/331 293/334/332 261/335/333
f 261/335/333 293/334/332 294/336/334
f 261/335/333 294/336/334 260/337/335
f 260/337/335 294/336/334 295/338/336
f 260/337/335 295/338/336 259/339/337
f 259/339/337 295/338/336 282/340/338
f 282/340/338 295/338/336 296/341/339
f 282/340/338 296/341/339 281/342/340
f 281/342/340 296/341/339 297/343/341
f 281/342/340 297/343/341 280/344/342
f 280/344/342 297/343/341 298/345/343
f 280/344/342 298/345/343 279/346/344
f 279/346/344 298/345/343 299/347/345
f 279/346/344 299/347/345 278/320/318
f 278/320/318 299/347/345 300/318/316
f 290/328/326 252/327/325 289/300/298
f 289/300/298 252/327/325 253/348/346
f 289/300/298 253/348/346 254/298/296
f 284/349/347 330/350/348 283/351/349
f 283/351/349 330/350/348 307/352/350
f 283/351/349 307/352/350 308/353/351
f 330/350/348 284/349/347 329/354/352
f 329/354/352 284/349/347 285/355/353
f 329/354/352 285/355/353 328/356/354
f 328/356/354 285/355/353 286/357/355
f 328/356/354 286/357/355 327/358/356
f 327/358/356 286/357/355 287/359/357
f 327/358/356 287/359/357 326/360/358
f 326/360/358 287/359/357 288/299/297
f 326/360/358 288/299/297 325/297/295
f 313/310/308 302/315/313 312/361/359
f 312/361/359 302/315/313 303/362/360
f 312/361/359 303/362/360 311/363/361
f 311/363/361 303/362/360 304/364/362
f 311/363/361 304/364/362 310/365/363
f 310/365/363 304/364/362 305/366/364
f 310/365/363 305/366/364 309/367/365
f 309/367/365 305/366/364 306/368/366
f 309/367/365 306/368/366 308/353/351
f 308/353/351 306/368/366 283/351/349
f 315/312/310 316/306/304 228/305/303
f 318/308/306 319/369/367 227/304/302
f 227/304/302 319/369/367 320/370/368
f 227/304/302 320/370/368 321/371/369
f 321/371/369 322/372/370 227/304/302
f 227/304/302 322/372/370 323/373/371
f 227/304/302 323/373/371 324/302/300
f 193/374/228 181/375/229 205/376/372
f 205/376/372 181/375/229 180/377/373
f 205/376/372 180/377/373 206/378/374
f 206/378/374 180/377/373 179/379/375
f 206/378/374 179/379/375 207/380/376
f 207/380/376 179/379/375 178/381/377
f 207/380/376 178/381/377 208/382/378
f 208/382/378 178/381/377 177/383/379
f 208/382/378 177/383/379 209/384/380
f 209/384/380 177/383/379 176/385/381
f 209/384/380 176/385/381 210/386/382
f 210/386/382 176/385/381 175/387/383
f 210/386/382 175/387/383 211/388/384
f 211/388/384 175/387/383 174/389/385
f 211/388/384 174/389/385 212/390/386
f 212/390/386 174/389/385 173/391/387
f 212/390/386 173/391/387 213/392/388
f 213/392/388 173/391/387 172/393/389
f 213/392/388 172/393/389 214/394/390
f 214/394/390 172/393/389 171/395/391
f 20/396/33 331/397/392 21/398/32
f 21/398/32 331/397/392 332/399/393
f 21/398/32 332/399/393 333/400/394
f 21/398/32 333/400/394 154/401/395
f 154/401/395 333/400/394 334/402/396
f 154/401/395 334/402/396 335/403/397
f 335/403/397 336/404/398 154/401/395
f 154/401/395 336/404/398 337/405/399
f 154/401/395 337/405/399 338/406/400
f 338/406/400 339/407/401 154/401/395
f 154/401/395 339/407/401 340/408/402
f 154/401/395 340/408/402 341/409/403
f 341/409/403 342/410/404 154/401/395
f 154/401/395 342/410/404 345/411/405
f 154/401/395 345/411/405 346/412/406
f 342/410/404 343/413/407 345/411/405
f 345/411/405 343/413/407 344/414/408
f 346/412/406 347/415/409 154/401/395
f 171/416/391 170/417/410 214/418/390
f 214/418/390 170/417/410 215/419/411
f 349/420/412 403/421/413 348/422/414
f 348/422/414 403/421/413 376/423/415
f 348/424/414 376/425/415 375/426/416
f 375/426/416 376/425/415 377/427/417
f 375/426/416 377/427/417 374/428/418
f 374/428/418 377/427/417 378/429/419
f 374/428/418 378/429/419 373/430/420
f 373/430/420 378/429/419 379/431/421
f 373/430/420 379/431/421 372/432/422
f 372/432/422 379/431/421 380/433/423
f 372/432/422 380/433/423 371/434/424
f 371/434/424 380/433/423 381/435/425
f 371/434/424 381/435/425 370/436/426
f 370/436/426 381/435/425 382/437/427
f 370/436/426 382/437/427 369/438/428
f 369/438/428 382/437/427 383/439/429
f 369/438/428 383/439/429 368/440/430
f 368/440/430 383/439/429 384/441/431
f 368/440/430 384/441/431 367/442/432
f 367/442/432 384/441/431 385/443/433
f 367/442/432 385/443/433 366/444/434
f 366/444/434 385/443/433 386/445/435
f 366/444/434 386/445/435 365/446/436
f 365/446/436 386/445/435 387/447/437
f 365/446/436 387/447/437 364/448/438
f 364/448/438 387/447/437 388/449/439
f 364/448/438 388/449/439 363/450/440
f 363/450/440 388/449/439 389/451/441
f 363/450/440 389/451/441 362/452/442
f 362/452/442 389/451/441 390/453/443
f 362/452/442 390/453/443 361/454/444
f 361/454/444 390/453/443 391/455/445
f 361/454/444 391/455/445 360/456/446
f 360/456/446 391/455/445 392/457/447
f 360/456/446 392/457/447 359/458/448
f 359/458/448 392/457/447 393/459/449
f 359/458/448 393/459/449 358/460/450
f 358/460/450 393/459/449 394/461/451
f 358/460/450 394/461/451 357/462/452
f 357/462/452 394/461/451 395/463/453
f 357/462/452 395/463/453 356/464/454
f 356/464/454 395/463/453 396/465/455
f 356/464/454 396/465/455 355/466/456
f 355/466/456 396/465/455 397/467/457
f 355/466/456 397/467/457 354/468/458
f 354/468/458 397/467/457 398/469/459
f 354/468/458 398/469/459 353/470/460
f 353/470/460 398/469/459 399/471/461
f 353/470/460 399/471/461 352/472/462
f 352/472/462 399/471/461 400/473/463
f 352/472/462 400/473/463 351/474/464
f 351/474/464 400/473/463 401/475/465
f 351/474/464 401/475/465 350/476/466
f 350/476/466 401/475/465 402/477/467
f 350/476/466 402/477/467 349/420/412
f 349/420/412 402/477/467 403/421/413
f 349/478/468 348/479/469 416/480/470
f 416/480/470 348/479/469 375/481/471
f 416/480/470 375/481/471 415/482/472
f 415/482/472 375/481/471 374/483/473
f 415/482/472 374/483/473 414/484/474
f 414/484/474 374/483/473 373/485/475
f 414/484/474 373/485/475 413/486/476
f 413/486/476 373/485/475 372/487/477
f 413/486/476 372/487/477 412/488/478
f 412/488/478 372/487/477 371/489/479
f 412/488/478 371/489/479 411/490/480
f 411/490/480 371/489/479 370/491/481
f 411/490/480 370/491/481 410/492/482
f 410/492/482 370/491/481 369/493/483
f 410/492/482 369/493/483 368/494/484
f 410/492/482 368/494/484 409/495/485
f 409/495/485 368/494/484 367/496/486
f 409/495/485 367/496/486 408/497/487
f 408/497/487 367/496/486 366/498/488
f 408/497/487 366/498/488 407/499/489
f 407/499/489 366/498/488 365/500/490
f 407/499/489 365/500/490 406/501/491
f 406/501/491 365/500/490 364/502/492
f 406/501/491 364/502/492 405/503/493
f 405/503/493 364/502/492 363/504/494
f 405/503/493 363/504/494 404/505/495
f 404/505/495 363/504/494 362/506/496
f 404/505/495 362/506/496 361/507/497
f 404/505/495 361/507/497 427/508/498
f 427/508/498 361/507/497 360/509/499
f 427/508/498 360/509/499 426/510/500
f 426/510/500 360/509/499 359/511/501
f 426/510/500 359/511/501 425/512/502
f 425/512/502 359/511/501 358/513/503
f 425/512/502 358/513/503 424/514/504
f 424/514/504 358/513/503 357/515/505
f 424/514/504 357/515/505 423/516/506
f 423/516/506 357/515/505 356/517/507
f 423/516/506 356/517/507 422/518/508
f 422/518/508 356/517/507 355/519/509
f 422/518/508 355/519/509 354/520/510
f 422/518/508 354/520/510 421/521/511
f 421/521/511 354/520/510 353/522/512
f 421/521/511 353/522/512 420/523/513
f 420/523/513 353/522/512 352/524/514
f 420/523/513 352/524/514 419/525/515
f 419/525/515 352/524/514 351/526/516
f 419/525/515 351/526/516 418/527/517
f 418/527/517 351/526/516 350/528/518
f 418/527/517 350/528/518 417/529/519
f 417/529/519 350/528/518 349/478/468
f 417/529/519 349/478/468 416/480/470
f 429/530/520 483/531/521 428/532/522
f 428/532/522 483/531/521 456/533/523
f 428/534/522 456/535/523 455/536/524
f 455/536/524 456/535/523 457/537/525
f 455/536/524 457/537/525 454/538/526
f 454/538/526 457/537/525 458/539/527
f 454/538/526 458/539/527 453/540/528
f 453/540/528 458/539/527 459/541/529
f 453/540/528 459/541/529 452/542/530
f 452/542/530 459/541/529 460/543/531
f 452/542/530 460/543/531 451/544/532
f 451/544/532 460/543/531 461/545/533
f 451/544/532 461/545/533 450/546/534
f 450/546/534 461/545/533 462/547/535
f 450/546/534 462/547/535 449/548/536
f 449/548/536 462/547/535 463/549/537
f 449/548/536 463/549/537 448/550/538
f 448/550/538 463/549/537 464/551/539
f 448/550/538 464/551/539 447/552/540
f 447/552/540 464/551/539 465/553/541
f 447/552/540 465/553/541 446/554/542
f 446/554/542 465/553/541 466/555/543
f 446/554/542 466/555/543 445/556/544
f 445/556/544 466/555/543 467/557/545
f 445/556/544 467/557/545 444/558/546
f 444/558/546 467/557/545 468/559/547
f 444/558/546 468/559/547 443/560/548
f 443/560/548 468/559/547 469/561/549
f 443/560/548 469/561/549 442/562/550
f 442/562/550 469/561/549 470/563/551
f 442/562/550 470/563/551 441/564/552
f 441/564/552 470/563/551 471/565/553
f 441/564/552 471/565/553 440/566/554
f 440/566/554 471/565/553 472/567/555
f 440/566/554 472/567/555 439/568/556
f 439/568/556 472/567/555 473/569/557
f 439/568/556 473/569/557 438/570/558
f 438/570/558 473/569/557 474/571/559
f 438/570/558 474/571/559 437/572/560
f 437/572/560 474/571/559 475/573/561
f 437/572/560 475/573/561 436/574/562
f 436/574/562 475/573/561 476/575/563
f 436/574/562 476/575/563 435/576/564
f 435/576/564 476/575/563 477/577/565
f 435/576/564 477/577/565 434/578/566
f 434/578/566 477/577/565 478/579/567
f 434/578/566 478/579/567 433/580/568
f 433/580/568 478/579/567 479/581/569
f 433/580/568 479/581/569 432/582/570
f 432/582/570 479/581/569 480/583/571
f 432/582/570 480/583/571 431/584/572
f 431/584/572 480/583/571 481/585/573
f 431/584/572 481/585/573 430/586/574
f 430/586/574 481/585/573 482/587/575
f 430/586/574 482/587/575 429/530/520
f 429/530/520 482/587/575 483/531/521
f 429/588/576 428/589/577 496/590/578
f 496/590/578 428/589/577 455/591/579
f 496/590/578 455/591/579 495/592/580
f 495/592/580 455/591/579 454/593/581
f 495/592/580 454/593/581 494/594/582
f 494/594/582 454/593/581 453/595/583
f 494/594/582 453/595/583 493/596/584
f 493/596/584 453/595/583 452/597/585
f 493/596/584 452/597/585 492/598/586
f 492/598/586 452/597/585 451/599/587
f 492/598/586 451/599/587 491/600/588
f 491/600/588 451/599/587 450/601/589
f 491/600/588 450/601/589 490/602/590
f 490/602/590 450/601/589 449/603/591
f 490/602/590 449/603/591 448/604/592
f 490/602/590 448/604/592 489/605/593
f 489/605/593 448/604/592 447/606/594
f 489/605/593 447/606/594 488/607/595
f 488/607/595 447/606/594 446/608/596
f 488/607/595 446/608/596 487/609/597
f 487/609/597 446/608/596 445/610/598
f 487/609/597 445/610/598 486/611/599
f 486/611/599 445/610/598 444/612/600
f 486/611/599 444/612/600 485/613/601
f 485/613/601 444/612/600 443/614/602
f 485/613/601 443/614/602 484/615/603
f 484/615/603 443/614/602 442/616/604
f 484/615/603 442/616/604 441/617/605
f 484/615/603 441/617/605 507/618/606
f 507/618/606 441/617/605 440/619/607
f 507/618/606 440/619/607 506/620/608
f 506/620/608 440/619/607 439/621/609
f 506/620/608 439/621/609 505/622/610
f 505/622/610 439/621/609 438/623/611
f 505/622/610 438/623/611 504/624/612
f 504/624/612 438/623/611 437/625/613
f 504/624/612 437/625/613 503/626/614
f 503/626/614 437/625/613 436/627/615
f 503/626/614 436/627/615 502/628/616
f 502/628/616 436/627/615 435/629/617
f 502/628/616 435/629/617 434/630/618
f 502/628/616 434/630/618 501/631/619
f 501/631/619 434/630/618 433/632/620
f 501/631/619 433/632/620 500/633/621
f 500/633/621 433/632/620 432/634/622
f 500/633/621 432/634/622 499/635/623
f 499/635/623 432/634/622 431/636/624
f 499/635/623 431/636/624 498/637/625
f 498/637/625 431/636/624 430/638/626
f 498/637/625 430/638/626 497/639/627
f 497/639/627 430/638/626 429/588/576
f 497/639/627 429/588/576 496/590/578
f 509/640/628 563/641/629 508/642/630
f 508/642/630 563/641/629 536/643/631
f 508/644/630 536/645/631 535/646/632
f 535/646/632 536/645/631 537/647/633
f 535/646/632 537/647/633 534/648/634
f 534/648/634 537/647/633 538/649/635
f 534/648/634 538/649/635 533/650/636
f 533/650/636 538/649/635 539/651/637
f 533/650/636 539/651/637 532/652/638
f 532/652/638 539/651/637 540/653/639
f 532/652/638 540/653/639 531/654/640
f 531/654/640 540/653/639 541/655/641
f 531/654/640 541/655/641 530/656/642
f 530/656/642 541/655/641 542/657/643
f 530/656/642 542/657/643 529/658/644
f 529/658/644 542/657/643 543/659/645
f 529/658/644 543/659/645 528/660/646
f 528/660/646 543/659/645 544/661/647
f 528/660/646 544/661/647 527/662/648
f 527/662/648 544/661/647 545/663/649
f 527/662/648 545/663/649 526/664/650
f 526/664/650 545/663/649 546/665/651
f 526/664/650 546/665/651 525/666/652
f 525/666/652 546/665/651 547/667/653
f 525/666/652 547/667/653 524/668/654
f 524/668/654 547/667/653 548/669/655
f 524/668/654 548/669/655 523/670/656
f 523/670/656 548/669/655 549/671/657
f 523/670/656 549/671/657 522/672/658
f 522/672/658 549/671/657 550/673/659
f 522/672/658 550/673/659 521/674/660
f 521/674/660 550/673/659 551/675/661
f 521/674/660 551/675/661 520/676/662
f 520/676/662 551/675/661 552/677/663
f 520/676/662 552/677/663 519/678/664
f 519/678/664 552/677/663 553/679/665
f 519/678/664 553/679/665 518/680/666
f 518/680/666 553/679/665 554/681/667
f 518/680/666 554/681/667 517/682/668
f 517/682/668 554/681/667 555/683/669
f 517/682/668 555/683/669 516/684/670
f 516/684/670 555/683/669 556/685/671
f 516/684/670 556/685/671 515/686/672
f 515/686/672 556/685/671 557/687/673
f 515/686/672 557/687/673 514/688/674
f 514/688/674 557/687/673 558/689/675
f 514/688/674 558/689/675 513/690/676
f 513/690/676 558/689/675 559/691/677
f 513/690/676 559/691/677 512/692/678
f 512/692/678 559/691/677 560/693/679
f 512/692/678 560/693/679 511/694/680
f 511/694/680 560/693/679 561/695/681
f 511/694/680 561/695/681 510/696/682
f 510/696/682 561/695/681 562/697/683
f 510/696/682 562/697/683 509/640/628
f 509/640/628 562/697/683 563/641/629
f 509/698/684 508/699/685 576/700/686
f 576/700/686 508/699/685 535/701/687
f 576/700/686 535/701/687 575/702/688
f 575/702/688 535/701/687 534/703/689
f 575/702/688 534/703/689 574/704/690
f 574/704/690 534/703/689 533/705/691
f 574/704/690 533/705/691 573/706/692
f 573/706/692 533/705/691 532/707/693
f 573/706/692 532/707/693 572/708/694
f 572/708/694 532/707/693 531/709/695
f 572/708/694 531/709/695 571/710/696
f 571/710/696 531/709/695 530/711/697
f 571/710/696 530/711/697 570/712/698
f 570/712/698 530/711/697 529/713/699
f 570/712/698 529/713/699 528/714/700
f 570/712/698 528/714/700 569/715/701
f 569/715/701 528/714/700 527/716/702
f 569/715/701 527/716/702 568/717/703
f 568/717/703 527/716/702 526/718/704
f 568/717/703 526/718/704 567/719/705
f 567/719/705 526/718/704 525/720/706
f 567/719/705 525/720/706 566/721/707
f 566/721/707 525/720/706 524/722/708
f 566/721/707 524/722/708 565/723/709
f 565/723/709 524/722/708 523/724/710
f 565/723/709 523/724/710 564/725/711
f 564/725/711 523/724/710 522/726/712
f 564/725/711 522/726/712 521/727/713
f 564/725/711 521/727/713 587/728/714
f 587/728/714 521/727/713 520/729/715
f 587/728/714 520/729/715 586/730/716
f 586/730/716 520/729/715 519/731/717
f 586/730/716 519/731/717 585/732/718
f 585/732/718 519/731/717 518/733/719
f 585/732/718 518/733/719 584/734/720
f 584/734/720 518/733/719 517/735/721
f 584/734/720 517/735/721 583/736/722
f 583/736/722 517/735/721 516/737/723
f 583/736/722 516/737/723 582/738/724
f 582/738/724 516/737/723 515/739/725
f 582/738/724 515/739/725 514/740/726
f 582/738/724 514/740/726 581/741/727
f 581/741/727 514/740/726 513/742/728
f 581/741/727 513/742/728 580/743/729
f 580/743/729 513/742/728 512/744/730
f 580/743/729 512/744/730 579/745/731
f 579/745/731 512/744/730 511/746/732
f 579/745/731 511/746/732 578/747/733
f 578/747/733 511/746/732 510/748/734
f 578/747/733 510/748/734 577/749/735
f 577/749/735 510/748/734 509/698/684
f 577/749/735 509/698/684 576/700/686
f 616/750/736 588/751/737 643/752/738
f 643/752/738 588/751/737 589/753/739
f 643/752/738 589/753/739 642/754/740
f 642/754/740 589/753/739 590/755/741
f 642/754/740 590/755/741 641/756/742
f 641/756/742 590/755/741 591/757/743
f 641/756/742 591/757/743 640/758/744
f 640/758/744 591/757/743 592/759/745
f 640/758/744 592/759/745 639/760/746
f 639/760/746 592/759/745 593/761/747
f 639/760/746 593/761/747 638/762/748
f 638/762/748 593/761/747 594/763/749
f 638/762/748 594/763/749 637/764/750
f 637/764/750 594/763/749 595/765/751
f 637/766/750 595/767/751 636/768/752
f 636/768/752 595/767/751 596/769/753
f 636/768/752 596/769/753 635/770/754
f 635/770/754 596/769/753 597/771/755
f 635/770/754 597/771/755 634/772/756
f 634/772/756 597/771/755 598/773/757
f 634/772/756 598/773/757 633/774/758
f 633/774/758 598/773/757 599/775/759
f 633/774/758 599/775/759 632/776/760
f 632/776/760 599/775/759 600/777/761
f 632/776/760 600/777/761 631/778/762
f 631/778/762 600/777/761 601/779/763
f 631/778/762 601/779/763 630/780/764
f 630/780/764 601/779/763 602/781/765
f 630/780/764 602/781/765 629/782/766
f 629/782/766 602/781/765 603/783/767
f 629/782/766 603/783/767 628/784/768
f 628/784/768 603/783/767 604/785/769
f 628/784/768 604/785/769 627/786/770
f 627/786/770 604/785/769 605/787/771
f 627/786/770 605/787/771 626/788/772
f 626/788/772 605/787/771 606/789/773
f 626/788/772 606/789/773 625/790/774
f 625/790/774 606/789/773 607/791/775
f 625/790/774 607/791/775 624/792/776
f 624/792/776 607/791/775 608/793/777
f 624/792/776 608/793/777 623/794/778
f 623/794/778 608/793/777 609/795/779
f 623/794/778 609/795/779 622/796/780
f 622/796/780 609/795/779 610/797/781
f 622/796/780 610/797/781 621/798/782
f 621/798/782 610/797/781 611/799/783
f 621/798/782 611/799/783 620/800/784
f 620/800/784 611/799/783 612/801/785
f 620/800/784 612/801/785 619/802/786
f 619/802/786 612/801/785 613/803/787
f 619/802/786 613/803/787 618/804/788
f 618/804/788 613/803/787 614/805/789
f 618/804/788 614/805/789 617/806/790
f 617/806/790 614/805/789 615/807/791
f 617/806/790 615/807/791 616/750/736
f 616/750/736 615/807/791 588/751/737
f 617/808/792 616/809/793 662/810/794
f 662/810/794 616/809/793 643/811/795
f 662/810/794 643/811/795 661/812/796
f 661/812/796 643/811/795 642/813/797
f 661/812/796 642/813/797 660/814/798
f 660/814/798 642/813/797 641/815/799
f 660/814/798 641/815/799 659/816/800
f 659/816/800 641/815/799 640/817/801
f 659/816/800 640/817/801 658/818/802
f 658/818/802 640/817/801 639/819/803
f 658/818/802 639/819/803 657/820/804
f 657/820/804 639/819/803 638/821/805
f 657/820/804 638/821/805 656/822/806
f 656/822/806 638/821/805 637/823/807
f 656/822/806 637/823/807 636/824/808
f 656/822/806 636/824/808 655/825/809
f 655/825/809 636/824/808 635/826/810
f 655/825/809 635/826/810 654/827/811
f 654/827/811 635/826/810 634/828/812
f 654/827/811 634/828/812 653/829/813
f 653/829/813 634/828/812 633/830/814
f 653/829/813 633/830/814 652/831/815
f 652/831/815 633/830/814 632/832/816
f 652/831/815 632/832/816 651/833/817
f 651/833/817 632/832/816 631/834/818
f 651/833/817 631/834/818 650/835/819
f 650/835/819 631/834/818 630/836/820
f 650/835/819 630/836/820 629/837/821
f 650/835/819 629/837/821 649/838/822
f 649/838/822 629/837/821 628/839/823
f 649/838/822 628/839/823 648/840/824
f 648/840/824 628/839/823 627/841/825
f 648/840/824 627/841/825 647/842/826
f 647/842/826 627/841/825 626/843/827
f 647/842/826 626/843/827 646/844/828
f 646/844/828 626/843/827 625/845/829
f 646/844/828 625/845/829 645/846/830
f 645/846/830 625/845/829 624/847/831
f 645/846/830 624/847/831 644/848/832
f 644/848/832 624/847/831 623/849/833
f 644/848/832 623/849/833 622/850/834
f 644/848/832 622/850/834 667/851/835
f 667/851/835 622/850/834 621/852/836
f 667/851/835 621/852/836 666/853/837
f 666/853/837 621/852/836 620/854/838
f 666/853/837 620/854/838 665/855/839
f 665/855/839 620/854/838 619/856/840
f 665/855/839 619/856/840 664/857/841
f 664/857/841 619/856/840 618/858/842
f 664/857/841 618/858/842 663/859/843
f 663/859/843 618/858/842 617/808/792
f 663/859/843 617/808/792 662/810/794
f 669/860/844 551/861/845 668/862/846
f 668/862/846 551/861/845 550/863/847
f 668/862/846 550/863/847 549/864/848
f 551/861/845 669/860/844 552/865/849
f 552/865/849 669/860/844 670/866/850
f 552/865/849 670/866/850 671/867/851
f 671/867/851 672/868/852 552/865/849
f 552/865/849 672/868/852 553/869/853
f 553/869/853 672/868/852 673/870/854
f 553/869/853 673/870/854 674/871/855
f 674/871/855 675/872/856 553/869/853
f 553/869/853 675/872/856 554/873/857
f 554/873/857 675/872/856 676/874/858
f 554/873/857 676/874/858 677/875/859
f 677/875/859 678/876/860 554/873/857
f 554/873/857 678/876/860 555/877/861
f 555/877/861 678/876/860 679/878/862
f 555/877/861 679/878/862 680/879/863
f 588/880/864 615/881/865 680/879/863
f 680/879/863 615/881/865 614/882/866
f 680/879/863 614/882/866 613/883/867
f 613/883/867 612/884/868 680/879/863
f 680/879/863 612/884/868 611/885/869
f 680/879/863 611/885/869 610/886/870
f 610/886/870 609/887/871 680/879/863
f 680/879/863 609/887/871 557/888/872
f 680/879/863 557/888/872 556/889/873
f 609/887/871 608/890/874 557/888/872
f 557/888/872 608/890/874 558/891/875
f 558/891/875 608/890/874 607/892/876
f 558/891/875 607/892/876 559/893/877
f 559/893/877 607/892/876 606/894/878
f 559/893/877 606/894/878 560/895/879
f 560/895/879 606/894/878 725/896/880
f 560/895/879 725/896/880 561/897/881
f 561/897/881 725/896/880 726/898/882
f 561/897/881 726/898/882 562/899/883
f 562/899/883 726/898/882 727/900/884
f 562/899/883 727/900/884 563/901/885
f 563/901/885 727/900/884 728/902/886
f 563/901/885 728/902/886 536/903/887
f 536/903/887 728/902/886 729/904/888
f 536/903/887 729/904/888 537/905/889
f 537/905/889 729/904/888 730/906/890
f 537/905/889 730/906/890 538/907/891
f 538/907/891 730/906/890 731/908/892
f 538/907/891 731/908/892 539/909/893
f 539/909/893 731/908/892 732/910/894
f 539/909/893 732/910/894 540/911/895
f 540/911/895 732/910/894 473/912/896
f 540/911/895 473/912/896 541/913/897
f 541/913/897 473/912/896 472/914/898
f 541/913/897 472/914/898 542/915/899
f 542/915/899 472/914/898 471/916/900
f 542/915/899 471/916/900 543/917/901
f 543/917/901 471/916/900 470/918/902
f 543/917/901 470/918/902 544/919/903
f 544/919/903 470/918/902 469/920/904
f 544/919/903 469/920/904 545/921/905
f 545/921/905 469/920/904 468/922/906
f 545/921/905 468/922/906 713/923/907
f 713/923/907 468/922/906 467/924/908
f 713/923/907 467/924/908 466/925/909
f 606/894/878 605/926/910 725/896/880
f 725/896/880 605/926/910 724/927/911
f 724/927/911 605/926/910 604/928/912
f 724/927/911 604/928/912 723/929/913
f 723/929/913 604/928/912 603/930/914
f 723/929/913 603/930/914 722/931/915
f 722/931/915 603/930/914 602/932/916
f 722/931/915 602/932/916 721/933/917
f 721/933/917 602/932/916 601/934/918
f 721/933/917 601/934/918 720/935/919
f 720/935/919 601/934/918 600/936/920
f 720/935/919 600/936/920 719/937/921
f 719/937/921 600/936/920 599/938/922
f 719/937/921 599/938/922 718/939/923
f 718/939/923 599/938/922 598/940/924
f 718/939/923 598/940/924 394/941/925
f 394/941/925 598/940/924 395/942/926
f 395/942/926 598/940/924 597/943/927
f 395/942/926 597/943/927 396/944/928
f 396/944/928 597/943/927 596/945/929
f 396/944/928 596/945/929 686/946/930
f 686/946/930 596/945/929 685/947/931
f 685/947/931 596/945/929 595/948/932
f 685/947/931 595/948/932 684/949/933
f 684/949/933 595/948/932 594/950/934
f 684/949/933 594/950/934 683/951/935
f 683/951/935 594/950/934 593/952/936
f 683/951/935 593/952/936 682/953/937
f 682/953/937 593/952/936 592/954/938
f 682/953/937 592/954/938 681/955/939
f 681/955/939 592/954/938 591/956/940
f 681/955/939 591/956/940 590/957/941
f 590/957/941 589/958/942 681/955/939
f 681/955/939 589/958/942 588/880/864
f 396/944/928 686/946/930 397/959/943
f 397/959/943 686/946/930 687/960/944
f 397/959/943 687/960/944 688/961/945
f 397/959/943 688/961/945 398/962/946
f 398/962/946 688/961/945 689/963/947
f 398/962/946 689/963/947 690/964/948
f 398/962/946 690/964/948 399/965/949
f 399/965/949 690/964/948 691/966/950
f 399/965/949 691/966/950 400/967/951
f 400/967/951 691/966/950 692/968/952
f 400/967/951 692/968/952 401/969/953
f 401/969/953 692/968/952 693/970/954
f 401/969/953 693/970/954 402/971/955
f 402/971/955 693/970/954 403/972/956
f 403/972/956 693/970/954 376/973/957
f 376/973/957 693/970/954 377/974/958
f 377/974/958 693/970/954 694/975/959
f 377/974/958 694/975/959 378/976/960
f 378/976/960 694/975/959 379/977/961
f 379/977/961 694/975/959 380/978/962
f 380/978/962 694/975/959 381/979/963
f 381/979/963 694/975/959 382/980/964
f 382/980/964 694/975/959 383/981/965
f 383/981/965 694/975/959 456/982/966
f 383/981/965 456/982/966 483/983/967
f 695/984/968 458/985/969 694/975/959
f 694/975/959 458/985/969 457/986/970
f 694/975/959 457/986/970 456/982/966
f 696/987/971 460/988/972 695/984/968
f 695/984/968 460/988/972 459/989/973
f 695/984/968 459/989/973 458/985/969
f 460/988/972 696/987/971 461/990/974
f 461/990/974 696/987/971 697/991/975
f 461/990/974 697/991/975 698/992/976
f 461/990/974 698/992/976 462/993/977
f 462/993/977 698/992/976 699/994/978
f 462/993/977 699/994/978 463/995/979
f 463/995/979 699/994/978 700/996/980
f 463/995/979 700/996/980 713/923/907
f 713/923/907 700/996/980 711/997/981
f 713/923/907 711/997/981 712/998/982
f 700/996/980 701/999/983 711/997/981
f 711/997/981 701/999/983 702/1000/984
f 711/997/981 702/1000/984 703/1001/985
f 703/1001/985 704/1002/986 711/997/981
f 711/997/981 704/1002/986 710/1003/987
f 710/1003/987 704/1002/986 705/1004/988
f 710/1003/987 705/1004/988 706/1005/989
f 706/1005/989 707/1006/990 710/1003/987
f 710/1003/987 707/1006/990 708/1007/991
f 710/1003/987 708/1007/991 709/1008/992
f 668/862/846 547/1009/993 713/923/907
f 713/923/907 547/1009/993 546/1010/994
f 713/923/907 546/1010/994 545/921/905
f 742/1011/995 714/1012/996 390/1013/997
f 390/1013/997 714/1012/996 715/1014/998
f 390/1013/997 715/1014/998 391/1015/999
f 391/1015/999 715/1014/998 392/1016/1000
f 392/1016/1000 715/1014/998 716/1017/1001
f 392/1016/1000 716/1017/1001 393/1018/1002
f 393/1018/1002 716/1017/1001 717/1019/1003
f 393/1018/1002 717/1019/1003 394/941/925
f 394/941/925 717/1019/1003 718/939/923
f 473/912/896 732/910/894 474/1020/1004
f 474/1020/1004 732/910/894 733/1021/1005
f 474/1020/1004 733/1021/1005 475/1022/1006
f 475/1022/1006 733/1021/1005 734/1023/1007
f 475/1022/1006 734/1023/1007 476/1024/1008
f 476/1024/1008 734/1023/1007 735/1025/1009
f 476/1024/1008 735/1025/1009 477/1026/1010
f 477/1026/1010 735/1025/1009 736/1027/1011
f 477/1026/1010 736/1027/1011 478/1028/1012
f 478/1028/1012 736/1027/1011 737/1029/1013
f 478/1028/1012 737/1029/1013 479/1030/1014
f 479/1030/1014 737/1029/1013 738/1031/1015
f 479/1030/1014 738/1031/1015 480/1032/1016
f 480/1032/1016 738/1031/1015 739/1033/1017
f 480/1032/1016 739/1033/1017 481/1034/1018
f 481/1034/1018 739/1033/1017 386/1035/1019
f 481/1034/1018 386/1035/1019 385/1036/1020
f 739/1033/1017 740/1037/1021 386/1035/1019
f 386/1035/1019 740/1037/1021 387/1038/1022
f 387/1038/1022 740/1037/1021 741/1039/1023
f 387/1038/1022 741/1039/1023 388/1040/1024
f 388/1040/1024 741/1039/1023 742/1011/995
f 388/1040/1024 742/1011/995 389/1041/1025
f 389/1041/1025 742/1011/995 390/1013/997
f 556/889/873 555/877/861 680/879/863
f 549/864/848 548/1042/1026 668/862/846
f 668/862/846 548/1042/1026 547/1009/993
f 383/981/965 483/983/967 384/1043/1027
f 384/1043/1027 483/983/967 482/1044/1028
f 384/1043/1027 482/1044/1028 385/1036/1020
f 385/1036/1020 482/1044/1028 481/1034/1018
f 466/925/909 465/1045/1029 713/923/907
f 713/923/907 465/1045/1029 464/1046/1030
f 713/923/907 464/1046/1030 463/995/979
f 157/1047/152 156/1048/35 764/1049/1031
f 764/1049/1031 156/1048/35 743/1050/1032
f 764/1049/1031 743/1050/1032 763/1051/1033
f 763/1051/1033 743/1050/1032 744/1052/1034
f 763/1051/1033 744/1052/1034 762/1053/1035
f 762/1053/1035 744/1052/1034 745/1054/1036
f 762/1053/1035 745/1054/1036 761/1055/1037
f 761/1055/1037 745/1054/1036 746/1056/1038
f 761/1055/1037 746/1056/1038 760/1057/1039
f 760/1057/1039 746/1056/1038 747/1058/1040
f 760/1057/1039 747/1058/1040 759/1059/1041
f 759/1059/1041 747/1058/1040 748/1060/1042
f 759/1059/1041 748/1060/1042 758/1061/1043
f 758/1061/1043 748/1060/1042 749/1062/1044
f 758/1061/1043 749/1062/1044 757/1063/1045
f 757/1063/1045 749/1062/1044 750/1064/1046
f 757/1063/1045 750/1064/1046 756/1065/1047
f 756/1065/1047 750/1064/1046 751/1066/1048
f 756/1065/1047 751/1066/1048 755/1067/1049
f 755/1067/1049 751/1066/1048 752/1068/1050
f 755/1067/1049 752/1068/1050 754/1069/1051
f 754/1069/1051 752/1068/1050 753/1070/1052
f 788/1071/1053 765/1072/1054 787/1073/1055
f 787/1073/1055 765/1072/1054 766/1074/1056
f 787/1073/1055 766/1074/1056 786/1075/1057
f 786/1075/1057 766/1074/1056 767/1076/1058
f 786/1075/1057 767/1076/1058 785/1077/1059
f 785/1077/1059 767/1076/1058 768/1078/1060
f 785/1077/1059 768/1078/1060 784/1079/1061
f 784/1079/1061 768/1078/1060 769/1080/1062
f 784/1079/1061 769/1080/1062 783/1081/1063
f 783/1081/1063 769/1080/1062 770/1082/1064
f 783/1081/1063 770/1082/1064 782/1083/1065
f 782/1083/1065 770/1082/1064 771/1084/1066
f 782/1083/1065 771/1084/1066 781/1085/1067
f 781/1085/1067 771/1084/1066 772/1086/1068
f 781/1085/1067 772/1086/1068 780/1087/1069
f 780/1087/1069 772/1086/1068 773/1088/1070
f 780/1087/1069 773/1088/1070 779/1089/1071
f 779/1089/1071 773/1088/1070 774/1090/1072
f 779/1089/1071 774/1090/1072 778/1091/1073
f 778/1091/1073 774/1090/1072 775/1092/1074
f 778/1091/1073 775/1092/1074 777/1093/1075
f 777/1093/1075 775/1092/1074 776/1094/1076
f 789/1095/1077 846/1096/1078 788/1097/1053
f 788/1097/1053 846/1096/1078 847/1098/1079
f 788/1097/1053 847/1098/1079 848/1099/1080
f 790/1100/1081 791/1101/1082 789/1095/1077
f 789/1095/1077 791/1101/1082 792/1102/1083
f 789/1095/1077 792/1102/1083 793/1103/1084
f 793/1103/1084 794/1104/1085 789/1095/1077
f 789/1095/1077 794/1104/1085 795/1105/1086
f 789/1095/1077 795/1105/1086 796/1106/1087
f 796/1106/1087 797/1107/1088 789/1095/1077
f 789/1095/1077 797/1107/1088 798/1108/1089
f 789/1095/1077 798/1108/1089 799/1109/1090
f 799/1109/1090 800/1110/1091 789/1095/1077
f 789/1095/1077 800/1110/1091 801/1111/1092
f 789/1095/1077 801/1111/1092 845/1112/1093
f 845/1112/1093 801/1111/1092 802/1113/1094
f 845/1112/1093 802/1113/1094 844/1114/1095
f 844/1114/1095 802/1113/1094 803/1115/1096
f 844/1114/1095 803/1115/1096 843/1116/1097
f 843/1116/1097 803/1115/1096 804/1117/1098
f 843/1116/1097 804/1117/1098 842/1118/1099
f 842/1118/1099 804/1117/1098 805/1119/1100
f 842/1118/1099 805/1119/1100 841/1120/1101
f 841/1120/1101 805/1119/1100 806/1121/1102
f 841/1120/1101 806/1121/1102 840/1122/1103
f 840/1122/1103 806/1121/1102 839/1123/1104
f 839/1123/1104 806/1121/1102 838/1124/1105
f 838/1124/1105 806/1121/1102 837/1125/1106
f 837/1125/1106 806/1121/1102 836/1126/1107
f 836/1126/1107 806/1121/1102 835/1127/1108
f 835/1127/1108 806/1121/1102 834/1128/1109
f 834/1128/1109 806/1121/1102 807/1129/1110
f 834/1128/1109 807/1129/1110 833/1130/1111
f 833/1130/1111 807/1129/1110 832/1131/1112
f 832/1131/1112 807/1129/1110 831/1132/1113
f 831/1132/1113 807/1129/1110 808/1133/1114
f 831/1132/1113 808/1133/1114 830/1134/1115
f 830/1134/1115 808/1133/1114 809/1135/1116
f 830/1134/1115 809/1135/1116 829/1136/1117
f 829/1136/1117 809/1135/1116 810/1137/1118
f 829/1136/1117 810/1137/1118 828/1138/1119
f 828/1138/1119 810/1137/1118 811/1139/1120
f 828/1138/1119 811/1139/1120 812/1140/1121
f 828/1138/1119 812/1140/1121 827/1141/1122
f 827/1141/1122 812/1140/1121 813/1142/1123
f 827/1141/1122 813/1142/1123 826/1143/1124
f 826/1143/1124 813/1142/1123 814/1144/1125
f 826/1143/1124 814/1144/1125 815/1145/1126
f 826/1143/1124 815/1145/1126 825/1146/1127
f 825/1146/1127 815/1145/1126 816/1147/1128
f 825/1146/1127 816/1147/1128 824/1148/1129
f 824/1148/1129 816/1147/1128 817/1149/1130
f 824/1148/1129 817/1149/1130 818/1150/1131
f 824/1148/1129 818/1150/1131 823/1151/1132
f 823/1151/1132 818/1150/1131 819/1152/1133
f 823/1151/1132 819/1152/1133 822/1153/1134
f 822/1153/1134 819/1152/1133 821/1154/1135
f 821/1154/1135 819/1152/1133 820/1155/1136
f 845/1112/1093 846/1096/1078 789/1095/1077
f 848/1099/1080 849/1156/1137 788/1097/1053
f 788/1097/1053 849/1156/1137 850/1157/1138
f 788/1097/1053 850/1157/1138 851/1158/1139
f 851/1158/1139 852/1159/1140 788/1097/1053
f 788/1097/1053 852/1159/1140 853/1160/1141
f 788/1097/1053 853/1160/1141 854/1161/1142
f 788/1097/1053 854/1161/1142 765/1162/1054
f 765/1162/1054 854/1161/1142 855/1163/1143
f 765/1162/1054 855/1163/1143 882/1164/1144
f 882/1164/1144 855/1163/1143 856/1165/1145
f 882/1164/1144 856/1165/1145 857/1166/1146
f 857/1166/1146 858/1167/1147 882/1164/1144
f 882/1164/1144 858/1167/1147 859/1168/1148
f 882/1164/1144 859/1168/1148 881/1169/1149
f 881/1169/1149 859/1168/1148 880/1170/1150
f 880/1170/1150 859/1168/1148 860/1171/1151
f 880/1170/1150 860/1171/1151 879/1172/1152
f 879/1172/1152 860/1171/1151 878/1173/1153
f 878/1173/1153 860/1171/1151 861/1174/1154
f 878/1173/1153 861/1174/1154 877/1175/1155
f 877/1175/1155 861/1174/1154 876/1176/1156
f 876/1176/1156 861/1174/1154 875/1177/1157
f 875/1177/1157 861/1174/1154 862/1178/1158
f 875/1177/1157 862/1178/1158 874/1179/1159
f 874/1179/1159 862/1178/1158 873/1180/1160
f 873/1180/1160 862/1178/1158 872/1181/1161
f 872/1181/1161 862/1178/1158 863/1182/1162
f 872/1181/1161 863/1182/1162 871/1183/1163
f 871/1183/1163 863/1182/1162 870/1184/1164
f 870/1184/1164 863/1182/1162 864/1185/1165
f 870/1184/1164 864/1185/1165 865/1186/1166
f 865/1186/1166 866/1187/1167 870/1184/1164
f 870/1184/1164 866/1187/1167 867/1188/1168
f 870/1184/1164 867/1188/1168 868/1189/1169
f 868/1189/1169 869/1190/1170 870/1184/1164
f 870/1184/1164 869/1190/1170 820/1155/1136
f 668/1191/1171 882/1192/1172 669/1193/1173
f 669/1193/1173 882/1192/1172 881/1194/1174
f 669/1193/1173 881/1194/1174 670/1195/1175
f 670/1195/1175 881/1194/1174 880/1196/1176
f 670/1195/1175 880/1196/1176 671/1197/1177
f 671/1197/1177 880/1196/1176 879/1198/1178
f 671/1197/1177 879/1198/1178 672/1199/1179
f 672/1199/1179 879/1198/1178 878/1200/1180
f 672/1199/1179 878/1200/1180 673/1201/1181
f 673/1201/1181 878/1200/1180 877/1202/1182
f 673/1201/1181 877/1202/1182 674/1203/1183
f 674/1203/1183 877/1202/1182 876/1204/1184
f 674/1203/1183 876/1204/1184 675/1205/1185
f 675/1205/1185 876/1204/1184 875/1206/1186
f 675/1205/1185 875/1206/1186 676/1207/1187
f 676/1207/1187 875/1206/1186 874/1208/1188
f 676/1207/1187 874/1208/1188 677/1209/1189
f 677/1209/1189 874/1208/1188 873/1210/1190
f 677/1209/1189 873/1210/1190 678/1211/1191
f 678/1211/1191 873/1210/1190 872/1212/1192
f 678/1211/1191 872/1212/1192 679/1213/1193
f 679/1213/1193 872/1212/1192 871/1214/1194
f 679/1213/1193 871/1214/1194 680/1215/1195
f 680/1215/1195 871/1214/1194 870/1216/1196
f 882/1217/1172 668/1218/1171 765/1219/1197
f 765/1219/1197 668/1218/1171 713/1220/1198
f 765/1219/1197 713/1220/1198 766/1221/1199
f 766/1221/1199 713/1220/1198 884/1222/1200
f 766/1221/1199 884/1222/1200 767/1223/1201
f 767/1223/1201 884/1222/1200 768/1224/1202
f 768/1224/1202 884/1222/1200 769/1225/1203
f 769/1225/1203 884/1222/1200 770/1226/1204
f 770/1226/1204 884/1222/1200 771/1227/1205
f 771/1227/1205 884/1222/1200 772/1228/1206
f 772/1228/1206 884/1222/1200 773/1229/1207
f 773/1229/1207 884/1222/1200 774/1230/1208
f 774/1230/1208 884/1222/1200 775/1231/1209
f 775/1231/1209 884/1222/1200 776/1232/1210
f 713/1220/1198 883/1233/1211 884/1222/1200
f 883/1234/1212 713/1235/1213 885/1236/1214
f 885/1236/1214 713/1235/1213 712/1237/1215
f 883/1238/1216 885/1239/1217 884/1240/1218
f 884/1240/1218 885/1239/1217 886/1241/1219
f 588/1242/1220 680/1243/1195 616/1244/1221
f 616/1244/1221 680/1243/1195 870/1245/1196
f 616/1244/1221 870/1245/1196 820/1246/1222
f 820/1246/1222 819/1247/1223 616/1244/1221
f 616/1244/1221 819/1247/1223 681/1248/1224
f 616/1244/1221 681/1248/1224 588/1242/1220
f 789/1249/1225 753/1250/1226 155/1251/1227
f 155/1251/1227 753/1250/1226 752/1252/1228
f 155/1251/1227 752/1252/1228 751/1253/1229
f 788/1254/1230 787/1255/1231 789/1249/1225
f 789/1249/1225 787/1255/1231 786/1256/1232
f 789/1249/1225 786/1256/1232 785/1257/1233
f 785/1257/1233 784/1258/1234 789/1249/1225
f 789/1249/1225 784/1258/1234 783/1259/1235
f 789/1249/1225 783/1259/1235 782/1260/1236
f 782/1260/1236 781/1261/1237 789/1249/1225
f 789/1249/1225 781/1261/1237 780/1262/1238
f 789/1249/1225 780/1262/1238 779/1263/1239
f 779/1263/1239 778/1264/1240 789/1249/1225
f 789/1249/1225 778/1264/1240 777/1265/1241
f 789/1249/1225 777/1265/1241 753/1250/1226
f 751/1253/1229 750/1266/1242 155/1251/1227
f 155/1251/1227 750/1266/1242 749/1267/1243
f 155/1251/1227 749/1267/1243 748/1268/1244
f 748/1268/1244 747/1269/1245 155/1251/1227
f 155/1251/1227 747/1269/1245 746/1270/1246
f 155/1251/1227 746/1270/1246 745/1271/1247
f 745/1271/1247 744/1272/1248 155/1251/1227
f 155/1251/1227 744/1272/1248 743/1273/1249
f 155/1251/1227 743/1273/1249 156/1274/1250
f 886/1275/1251 754/1276/1051 776/1277/1076
f 776/1277/1076 754/1276/1051 753/1278/1052
f 776/1277/1076 753/1278/1052 777/1279/1075
f 776/1277/1076 884/1280/1252 886/1275/1251
f 789/1281/1253 155/1282/1254 790/1283/1255
f 790/1283/1255 155/1282/1254 347/1284/1256
f 790/1283/1255 347/1284/1256 887/1285/1257
f 155/1282/1254 154/1286/1258 347/1284/1256
f 887/1285/1257 888/1287/1259 790/1283/1255
f 790/1283/1255 888/1287/1259 889/1288/1260
f 790/1283/1255 889/1288/1260 890/1289/1261
f 890/1289/1261 891/1290/1262 790/1283/1255
f 790/1283/1255 891/1290/1262 892/1291/1263
f 790/1283/1255 892/1291/1263 893/1292/1264
f 893/1292/1264 894/1293/1265 790/1283/1255
f 790/1283/1255 894/1293/1265 895/1294/1266
f 790/1283/1255 895/1294/1266 896/1295/1267
f 896/1295/1267 897/1296/1268 790/1283/1255
f 790/1283/1255 897/1296/1268 898/1297/1269
f 790/1283/1255 898/1297/1269 899/1298/1270
f 19/1299/1271 950/1300/1272 20/1301/1273
f 20/1301/1273 950/1300/1272 949/1302/1274
f 20/1301/1273 949/1302/1274 331/1303/1275
f 331/1303/1275 949/1302/1274 954/1304/1276
f 331/1303/1275 954/1304/1276 332/1305/1277
f 332/1305/1277 954/1304/1276 955/1306/1278
f 332/1305/1277 955/1306/1278 333/1307/1279
f 333/1307/1279 955/1306/1278 956/1308/1280
f 333/1307/1279 956/1308/1280 334/1309/1281
f 334/1309/1281 956/1308/1280 957/1310/1282
f 334/1309/1281 957/1310/1282 335/1311/1283
f 335/1311/1283 957/1310/1282 958/1312/1284
f 335/1311/1283 958/1312/1284 336/1313/1285
f 336/1313/1285 958/1312/1284 959/1314/1286
f 336/1313/1285 959/1314/1286 337/1315/1287
f 337/1315/1287 959/1314/1286 960/1316/1288
f 337/1315/1287 960/1316/1288 338/1317/1289
f 338/1317/1289 960/1316/1288 961/1318/1290
f 338/1317/1289 961/1318/1290 339/1319/1291
f 339/1319/1291 961/1318/1290 962/1320/1292
f 339/1319/1291 962/1320/1292 340/1321/1293
f 340/1321/1293 962/1320/1292 963/1322/1294
f 340/1321/1293 963/1322/1294 341/1323/1295
f 341/1323/1295 963/1322/1294 964/1324/1296
f 341/1323/1295 964/1324/1296 342/1325/1297
f 342/1325/1297 964/1324/1296 965/1326/1298
f 342/1325/1297 965/1326/1298 343/1327/1299
f 343/1327/1299 965/1326/1298 948/1328/1300
f 948/1328/1300 965/1326/1298 947/1329/1301
f 947/1329/1301 965/1326/1298 946/1330/1302
f 946/1330/1302 965/1326/1298 964/1324/1296
f 946/1330/1302 964/1324/1296 945/1331/1303
f 945/1331/1303 964/1324/1296 963/1322/1294
f 945/1331/1303 963/1322/1294 944/1332/1304
f 944/1332/1304 963/1322/1294 962/1320/1292
f 944/1332/1304 962/1320/1292 943/1333/1305
f 943/1333/1305 962/1320/1292 961/1318/1290
f 943/1333/1305 961/1318/1290 942/1334/1306
f 942/1334/1306 961/1318/1290 960/1316/1288
f 942/1334/1306 960/1316/1288 941/1335/1307
f 941/1335/1307 960/1316/1288 959/1314/1286
f 941/1335/1307 959/1314/1286 940/1336/1308
f 940/1336/1308 959/1314/1286 958/1312/1284
f 940/1336/1308 958/1312/1284 939/1337/1309
f 939/1337/1309 958/1312/1284 957/1310/1282
f 939/1337/1309 957/1310/1282 938/1338/1310
f 938/1338/1310 957/1310/1282 956/1308/1280
f 938/1338/1310 956/1308/1280 937/1339/1311
f 937/1339/1311 956/1308/1280 955/1306/1278
f 937/1339/1311 955/1306/1278 936/1340/1312
f 936/1340/1312 955/1306/1278 954/1304/1276
f 936/1340/1312 954/1304/1276 935/1341/1313
f 935/1341/1313 954/1304/1276 949/1302/1274
f 935/1341/1313 949/1302/1274 934/1342/1314
f 934/1342/1314 949/1302/1274 950/1300/1272
f 934/1342/1314 950/1300/1272 933/1343/1315
f 933/1343/1315 950/1300/1272 951/1344/1316
f 933/1343/1315 951/1344/1316 932/1345/1317
f 932/1345/1317 951/1344/1316 952/1346/1318
f 932/1345/1317 952/1346/1318 915/1347/1319
f 915/1347/1319 952/1346/1318 953/1348/1320
f 915/1347/1319 953/1348/1320 914/1349/1321
f 914/1349/1321 953/1348/1320 913/1350/1322
f 913/1350/1322 953/1348/1320 912/1351/1323
f 912/1351/1323 953/1348/1320 911/1352/1324
f 911/1352/1324 953/1348/1320 910/1353/1325
f 910/1353/1325 953/1348/1320 909/1354/1326
f 909/1354/1326 953/1348/1320 908/1355/1327
f 908/1355/1327 953/1348/1320 10/1356/1328
f 908/1355/1327 10/1356/1328 907/1357/1329
f 907/1357/1329 10/1356/1328 9/1358/1330
f 907/1357/1329 9/1358/1330 906/1359/1331
f 906/1359/1331 9/1358/1330 905/1360/1332
f 905/1360/1332 9/1358/1330 8/1361/1333
f 905/1360/1332 8/1361/1333 904/1362/1334
f 904/1362/1334 8/1361/1333 903/1363/1335
f 903/1363/1335 8/1361/1333 7/1364/1336
f 903/1363/1335 7/1364/1336 4/1365/231
f 4/1365/231 7/1364/1336 6/1366/1337
f 4/1365/231 6/1366/1337 5/1367/1338
f 19/1299/1271 18/1368/1339 950/1300/1272
f 950/1300/1272 18/1368/1339 17/1369/1340
f 950/1300/1272 17/1369/1340 951/1344/1316
f 951/1344/1316 17/1369/1340 16/1370/1341
f 951/1344/1316 16/1370/1341 15/1371/1342
f 951/1344/1316 15/1371/1342 952/1346/1318
f 952/1346/1318 15/1371/1342 14/1372/1343
f 952/1346/1318 14/1372/1343 13/1373/1344
f 13/1373/1344 12/1374/1345 952/1346/1318
f 952/1346/1318 12/1374/1345 953/1348/1320
f 12/1374/1345 11/1375/1346 953/1348/1320
f 953/1348/1320 11/1375/1346 10/1356/1328
f 234/1376/230 900/1377/1347 4/1365/231
f 4/1365/231 900/1377/1347 901/1378/1348
f 4/1365/231 901/1378/1348 902/1379/1349
f 902/1379/1349 903/1363/1335 4/1365/231
f 932/1345/1317 915/1347/1319 931/1380/1350
f 931/1380/1350 915/1347/1319 916/1381/1351
f 931/1380/1350 916/1381/1351 917/1382/1352
f 917/1382/1352 918/1383/1353 931/1380/1350
f 931/1380/1350 918/1383/1353 919/1384/1354
f 931/1380/1350 919/1384/1354 920/1385/1355
f 920/1385/1355 921/1386/1356 931/1380/1350
f 931/1380/1350 921/1386/1356 922/1387/1357
f 931/1380/1350 922/1387/1357 923/1388/1358
f 923/1388/1358 924/1389/1359 931/1380/1350
f 931/1380/1350 924/1389/1359 925/1390/1360
f 931/1380/1350 925/1390/1360 926/1391/1361
f 931/1380/1350 926/1391/1361 228/1392/303
f 228/1392/303 926/1391/1361 927/1393/1362
f 228/1392/303 927/1393/1362 928/1394/1363
f 928/1394/1363 929/1395/1364 228/1392/303
f 228/1392/303 929/1395/1364 930/1396/1365
f 228/1392/303 930/1396/1365 229/1397/307
f 343/1398/1299 948/1399/1300 344/1400/1366
f 344/1400/1366 948/1399/1300 966/1401/1367
f 344/1400/1366 966/1401/1367 1008/1402/1368
f 1008/1402/1368 966/1401/1367 967/1403/1369
f 1008/1402/1368 967/1403/1369 1007/1404/1370
f 1007/1404/1370 967/1403/1369 968/1405/1371
f 1007/1404/1370 968/1405/1371 1006/1406/1372
f 1006/1406/1372 968/1405/1371 969/1407/1373
f 1006/1406/1372 969/1407/1373 1005/1408/1374
f 1005/1408/1374 969/1407/1373 970/1409/1375
f 1005/1408/1374 970/1409/1375 1004/1410/1376
f 1004/1410/1376 970/1409/1375 971/1411/1377
f 1004/1410/1376 971/1411/1377 1003/1412/1378
f 1003/1412/1378 971/1411/1377 972/1413/1379
f 1003/1412/1378 972/1413/1379 1002/1414/1380
f 1002/1414/1380 972/1413/1379 973/1415/1381
f 1002/1414/1380 973/1415/1381 1001/1416/1382
f 1001/1416/1382 973/1415/1381 974/1417/1383
f 1001/1416/1382 974/1417/1383 1000/1418/1384
f 1000/1418/1384 974/1417/1383 975/1419/1385
f 1000/1418/1384 975/1419/1385 999/1420/1386
f 999/1420/1386 975/1419/1385 976/1421/1387
f 999/1420/1386 976/1421/1387 998/1422/1388
f 998/1422/1388 976/1421/1387 977/1423/1389
f 998/1422/1388 977/1423/1389 997/1424/1390
f 997/1424/1390 977/1423/1389 978/1425/1391
f 997/1424/1390 978/1425/1391 996/1426/1392
f 996/1426/1392 978/1425/1391 979/1427/1393
f 996/1426/1392 979/1427/1393 995/1428/1394
f 995/1428/1394 979/1427/1393 980/1429/1395
f 995/1428/1394 980/1429/1395 994/1430/1396
f 994/1430/1396 980/1429/1395 981/1431/1397
f 994/1430/1396 981/1431/1397 993/1432/1398
f 993/1432/1398 981/1431/1397 982/1433/1399
f 993/1432/1398 982/1433/1399 992/1434/1400
f 992/1434/1400 982/1433/1399 983/1435/1401
f 992/1434/1400 983/1435/1401 991/1436/1402
f 991/1436/1402 983/1435/1401 990/1437/1403
f 990/1437/1403 983/1435/1401 989/1438/1404
f 989/1438/1404 983/1435/1401 988/1439/1405
f 988/1439/1405 983/1435/1401 984/1440/1406
f 988/1439/1405 984/1440/1406 987/1441/1407
f 987/1441/1407 984/1440/1406 985/1442/1408
f 987/1441/1407 985/1442/1408 986/1443/1409
f 1010/1444/1410 759/1445/1411 1009/1446/1412
f 1009/1446/1412 759/1445/1411 758/1447/1413
f 1009/1446/1412 758/1447/1413 757/1448/1414
f 1011/1449/1415 763/1450/1416 1010/1444/1410
f 1010/1444/1410 763/1450/1416 762/1451/1417
f 1010/1444/1410 762/1451/1417 761/1452/1418
f 1011/1449/1415 1012/1453/1419 763/1450/1416
f 763/1450/1416 1012/1453/1419 1013/1454/1420
f 763/1450/1416 1013/1454/1420 1014/1455/1421
f 1015/1456/1422 1016/1457/1423 1014/1455/1421
f 1014/1455/1421 1016/1457/1423 1017/1458/1424
f 1014/1455/1421 1017/1458/1424 763/1450/1416
f 763/1450/1416 1017/1458/1424 1018/1459/1425
f 763/1450/1416 1018/1459/1425 1019/1460/1426
f 1019/1460/1426 1020/1461/1427 763/1450/1416
f 763/1450/1416 1020/1461/1427 1021/1462/1428
f 763/1450/1416 1021/1462/1428 1022/1463/1429
f 1022/1463/1429 1023/1464/1430 763/1450/1416
f 763/1450/1416 1023/1464/1430 1024/1465/1431
f 763/1450/1416 1024/1465/1431 1025/1466/1432
f 1026/1467/1433 939/1468/1434 1025/1466/1432
f 1025/1466/1432 939/1468/1434 938/1469/1435
f 1025/1466/1432 938/1469/1435 937/1470/1436
f 1027/1471/1437 947/1472/1438 1026/1467/1433
f 1026/1467/1433 947/1472/1438 946/1473/1439
f 1026/1467/1433 946/1473/1439 945/1474/1440
f 966/1475/1441 948/1476/1442 1027/1471/1437
f 1027/1471/1437 948/1476/1442 947/1472/1438
f 945/1474/1440 944/1477/1443 1026/1467/1433
f 1026/1467/1433 944/1477/1443 943/1478/1444
f 1026/1467/1433 943/1478/1444 942/1479/1445
f 942/1479/1445 941/1480/1446 1026/1467/1433
f 1026/1467/1433 941/1480/1446 940/1481/1447
f 1026/1467/1433 940/1481/1447 939/1468/1434
f 937/1470/1436 936/1482/1448 1025/1466/1432
f 1025/1466/1432 936/1482/1448 935/1483/1449
f 1025/1466/1432 935/1483/1449 763/1450/1416
f 763/1450/1416 935/1483/1449 764/1484/1450
f 764/1484/1450 935/1483/1449 934/1485/1451
f 764/1484/1450 934/1485/1451 157/1486/1452
f 157/1486/1452 934/1485/1451 933/1487/1453
f 157/1486/1452 933/1487/1453 932/1488/1454
f 932/1488/1454 931/1489/1455 157/1486/1452
f 157/1486/1452 931/1489/1455 228/1490/1456
f 157/1486/1452 228/1490/1456 158/1491/1457
f 158/1491/1457 228/1490/1456 227/1492/1458
f 761/1452/1418 760/1493/1459 1010/1444/1410
f 1010/1444/1410 760/1493/1459 759/1445/1411
f 757/1448/1414 756/1494/1460 1009/1446/1412
f 1009/1446/1412 756/1494/1460 755/1495/1461
f 1009/1446/1412 755/1495/1461 754/1496/1462
f 1009/1446/1412 754/1496/1462 1053/1497/1463
f 1053/1497/1463 754/1496/1462 886/1498/1464
f 1053/1497/1463 886/1498/1464 1052/1499/1465
f 1052/1499/1465 886/1498/1464 1051/1500/1466
f 1051/1500/1466 886/1498/1464 1050/1501/1467
f 1050/1501/1467 886/1498/1464 1049/1502/1468
f 1049/1502/1468 886/1498/1464 1048/1503/1469
f 1048/1503/1469 886/1498/1464 1047/1504/1470
f 1047/1504/1470 886/1498/1464 1046/1505/1471
f 1046/1505/1471 886/1498/1464 1045/1506/1472
f 1045/1506/1472 886/1498/1464 1044/1507/1473
f 1044/1507/1473 886/1498/1464 1043/1508/1474
f 1043/1508/1474 886/1498/1464 1042/1509/1475
f 1042/1509/1475 886/1498/1464 1041/1510/1476
f 1041/1510/1476 886/1498/1464 1040/1511/1477
f 1040/1511/1477 886/1498/1464 1039/1512/1478
f 1039/1512/1478 886/1498/1464 1038/1513/1479
f 1038/1513/1479 886/1498/1464 1037/1514/1480
f 1037/1514/1480 886/1498/1464 1036/1515/1481
f 1036/1515/1481 886/1498/1464 1035/1516/1482
f 1035/1516/1482 886/1498/1464 1032/1517/1483
f 1035/1516/1482 1032/1517/1483 1034/1518/1484
f 1034/1518/1484 1032/1517/1483 1033/1519/1485
f 885/1520/1486 1029/1521/1487 886/1498/1464
f 886/1498/1464 1029/1521/1487 1030/1522/1488
f 886/1498/1464 1030/1522/1488 1031/1523/1489
f 712/1524/1490 711/1525/1491 885/1520/1486
f 885/1520/1486 711/1525/1491 1028/1526/1492
f 885/1520/1486 1028/1526/1492 1029/1521/1487
f 1031/1523/1489 1032/1517/1483 886/1498/1464
f 1053/1497/1463 1054/1527/1493 1009/1446/1412
f 709/1528/992 1055/1529/1494 710/1530/987
f 710/1530/987 1055/1529/1494 1071/1531/1495
f 1071/1531/1495 1055/1529/1494 1056/1532/1496
f 1071/1531/1495 1056/1532/1496 1057/1533/1497
f 1071/1531/1495 1057/1533/1497 1070/1534/1498
f 1070/1534/1498 1057/1533/1497 899/1535/1499
f 1070/1534/1498 899/1535/1499 1069/1536/1500
f 1069/1536/1500 899/1535/1499 898/1537/1501
f 1069/1536/1500 898/1537/1501 1068/1538/1502
f 1068/1538/1502 898/1537/1501 897/1539/1503
f 1068/1538/1502 897/1539/1503 1067/1540/1504
f 1067/1540/1504 897/1539/1503 896/1541/1505
f 1067/1540/1504 896/1541/1505 1066/1542/1506
f 1066/1542/1506 896/1541/1505 895/1543/1507
f 1066/1542/1506 895/1543/1507 1065/1544/1508
f 1065/1544/1508 895/1543/1507 894/1545/1509
f 1065/1544/1508 894/1545/1509 1064/1546/1510
f 1064/1546/1510 894/1545/1509 893/1547/1511
f 1064/1546/1510 893/1547/1511 1063/1548/1512
f 1063/1548/1512 893/1547/1511 892/1549/1513
f 1063/1548/1512 892/1549/1513 1062/1550/1514
f 1062/1550/1514 892/1549/1513 891/1551/1515
f 1062/1550/1514 891/1551/1515 1061/1552/1516
f 1061/1552/1516 891/1551/1515 890/1553/1517
f 1061/1552/1516 890/1553/1517 1060/1554/1518
f 1060/1554/1518 890/1553/1517 889/1555/1519
f 1060/1554/1518 889/1555/1519 1059/1556/1520
f 1059/1556/1520 889/1555/1519 888/1557/1521
f 1059/1556/1520 888/1557/1521 1058/1558/1522
f 1058/1558/1522 888/1557/1521 887/1559/1523
f 1058/1558/1522 887/1559/1523 346/1560/406
f 346/1560/406 887/1559/1523 347/1561/409
f 899/1562/1270 1057/1563/1524 790/1564/1255
f 790/1564/1255 1057/1563/1524 791/1565/1525
f 791/1565/1525 1057/1563/1524 1056/1566/1526
f 791/1565/1525 1056/1566/1526 1055/1567/1527
f 791/1565/1525 1055/1567/1527 792/1568/1528
f 792/1568/1528 1055/1567/1527 709/1569/1529
f 792/1568/1528 709/1569/1529 708/1570/1530
f 792/1568/1528 708/1570/1530 793/1571/1531
f 793/1571/1531 708/1570/1530 707/1572/1532
f 793/1571/1531 707/1572/1532 794/1573/1533
f 794/1573/1533 707/1572/1532 706/1574/1534
f 794/1573/1533 706/1574/1534 795/1575/1535
f 795/1575/1535 706/1574/1534 705/1576/1536
f 795/1575/1535 705/1576/1536 796/1577/1537
f 796/1577/1537 705/1576/1536 704/1578/1538
f 796/1577/1537 704/1578/1538 797/1579/1539
f 797/1579/1539 704/1578/1538 703/1580/1540
f 797/1579/1539 703/1580/1540 798/1581/1541
f 798/1581/1541 703/1580/1540 702/1582/1542
f 798/1581/1541 702/1582/1542 799/1583/1543
f 799/1583/1543 702/1582/1542 701/1584/1544
f 799/1583/1543 701/1584/1544 800/1585/1545
f 800/1585/1545 701/1584/1544 700/1586/1546
f 800/1585/1545 700/1586/1546 801/1587/1547
f 801/1587/1547 700/1586/1546 699/1588/1548
f 801/1587/1547 699/1588/1548 802/1589/1549
f 802/1589/1549 699/1588/1548 698/1590/1550
f 802/1589/1549 698/1590/1550 803/1591/1551
f 803/1591/1551 698/1590/1550 697/1592/1552
f 803/1591/1551 697/1592/1552 804/1593/1553
f 804/1593/1553 697/1592/1552 696/1594/1554
f 804/1593/1553 696/1594/1554 805/1595/1555
f 805/1595/1555 696/1594/1554 695/1596/1556
f 805/1595/1555 695/1596/1556 806/1597/1557
f 806/1597/1557 695/1596/1556 694/1598/1558
f 1072/1599/1559 1073/1600/1560 1096/1601/1561
f 1096/1601/1561 1073/1600/1560 1074/1602/1562
f 1096/1601/1561 1074/1602/1562 1095/1603/1563
f 1095/1603/1563 1074/1602/1562 1075/1604/1564
f 1095/1603/1563 1075/1604/1564 1094/1605/1565
f 1094/1605/1565 1075/1604/1564 1076/1606/1566
f 1094/1605/1565 1076/1606/1566 1093/1607/1567
f 1093/1607/1567 1076/1606/1566 1077/1608/1568
f 1093/1607/1567 1077/1608/1568 1092/1609/1569
f 1092/1609/1569 1077/1608/1568 1078/1610/1570
f 1092/1609/1569 1078/1610/1570 1091/1611/1571
f 1091/1611/1571 1078/1610/1570 1079/1612/1572
f 1091/1611/1571 1079/1612/1572 1090/1613/1573
f 1090/1613/1573 1079/1612/1572 1080/1614/1574
f 1090/1613/1573 1080/1614/1574 1089/1615/1575
f 1089/1615/1575 1080/1614/1574 1081/1616/1576
f 1089/1615/1575 1081/1616/1576 1088/1617/1577
f 1088/1617/1577 1081/1616/1576 1082/1618/1578
f 1088/1617/1577 1082/1618/1578 1087/1619/1579
f 1087/1619/1579 1082/1618/1578 1083/1620/1580
f 1087/1619/1579 1083/1620/1580 1086/1621/1581
f 1086/1621/1581 1083/1620/1580 1084/1622/1582
f 1086/1621/1581 1084/1622/1582 1085/1623/1583
f 1097/1624/1584 1098/1625/1585 1121/1626/1586
f 1121/1626/1586 1098/1625/1585 1099/1627/1587
f 1121/1626/1586 1099/1627/1587 1120/1628/1588
f 1120/1628/1588 1099/1627/1587 1100/1629/1589
f 1120/1628/1588 1100/1629/1589 1119/1630/1590
f 1119/1630/1590 1100/1629/1589 1101/1631/1591
f 1119/1630/1590 1101/1631/1591 1118/1632/1592
f 1118/1632/1592 1101/1631/1591 1102/1633/1593
f 1118/1632/1592 1102/1633/1593 1117/1634/1594
f 1117/1634/1594 1102/1633/1593 1103/1635/1595
f 1117/1634/1594 1103/1635/1595 1116/1636/1596
f 1116/1636/1596 1103/1635/1595 1104/1637/1597
f 1116/1636/1596 1104/1637/1597 1115/1638/1598
f 1115/1638/1598 1104/1637/1597 1105/1639/1599
f 1115/1638/1598 1105/1639/1599 1114/1640/1600
f 1114/1640/1600 1105/1639/1599 1106/1641/1601
f 1114/1640/1600 1106/1641/1601 1113/1642/1602
f 1113/1642/1602 1106/1641/1601 1107/1643/1603
f 1113/1642/1602 1107/1643/1603 1112/1644/1604
f 1112/1644/1604 1107/1643/1603 1108/1645/1605
f 1112/1644/1604 1108/1645/1605 1111/1646/1606
f 1111/1646/1606 1108/1645/1605 1109/1647/1607
f 1111/1646/1606 1109/1647/1607 1110/1648/1608
f 1122/1649/1609 1123/1650/1610 1146/1651/1611
f 1146/1651/1611 1123/1650/1610 1124/1652/1612
f 1146/1651/1611 1124/1652/1612 1145/1653/1613
f 1145/1653/1613 1124/1652/1612 1125/1654/1614
f 1145/1653/1613 1125/1654/1614 1144/1655/1615
f 1144/1655/1615 1125/1654/1614 1126/1656/1616
f 1144/1655/1615 1126/1656/1616 1143/1657/1617
f 1143/1657/1617 1126/1656/1616 1127/1658/1618
f 1143/1657/1617 1127/1658/1618 1142/1659/1619
f 1142/1659/1619 1127/1658/1618 1128/1660/1620
f 1142/1659/1619 1128/1660/1620 1141/1661/1621
f 1141/1661/1621 1128/1660/1620 1129/1662/1622
f 1141/1661/1621 1129/1662/1622 1140/1663/1623
f 1140/1663/1623 1129/1662/1622 1130/1664/1624
f 1140/1663/1623 1130/1664/1624 1139/1665/1625
f 1139/1665/1625 1130/1664/1624 1131/1666/1626
f 1139/1665/1625 1131/1666/1626 1138/1667/1627
f 1138/1667/1627 1131/1666/1626 1132/1668/1628
f 1138/1667/1627 1132/1668/1628 1137/1669/1629
f 1137/1669/1629 1132/1668/1628 1133/1670/1630
f 1137/1669/1629 1133/1670/1630 1136/1671/1631
f 1136/1671/1631 1133/1670/1630 1134/1672/1632
f 1136/1671/1631 1134/1672/1632 1135/1673/1633
f 1147/1674/1634 1148/1675/1635 1176/1676/1636
f 1176/1676/1636 1148/1675/1635 1175/1677/1637
f 1175/1677/1637 1148/1675/1635 1149/1678/1638
f 1175/1677/1637 1149/1678/1638 1174/1679/1639
f 1174/1679/1639 1149/1678/1638 1150/1680/1640
f 1174/1679/1639 1150/1680/1640 1173/1681/1641
f 1173/1681/1641 1150/1680/1640 1151/1682/1642
f 1173/1681/1641 1151/1682/1642 1172/1683/1643
f 1172/1683/1643 1151/1682/1642 1152/1684/1644
f 1172/1683/1643 1152/1684/1644 1171/1685/1645
f 1171/1685/1645 1152/1684/1644 1153/1686/1646
f 1171/1685/1645 1153/1686/1646 1170/1687/1647
f 1170/1687/1647 1153/1686/1646 1154/1688/1648
f 1170/1687/1647 1154/1688/1648 1155/1689/1649
f 1170/1687/1647 1155/1689/1649 1169/1690/1650
f 1169/1690/1650 1155/1689/1649 1156/1691/1651
f 1169/1690/1650 1156/1691/1651 1168/1692/1652
f 1168/1692/1652 1156/1691/1651 1157/1693/1653
f 1168/1692/1652 1157/1693/1653 1167/1694/1654
f 1167/1694/1654 1157/1693/1653 1158/1695/1655
f 1167/1694/1654 1158/1695/1655 1166/1696/1656
f 1166/1696/1656 1158/1695/1655 1159/1697/1657
f 1166/1696/1656 1159/1697/1657 1165/1698/1658
f 1165/1698/1658 1159/1697/1657 1160/1699/1659
f 1165/1698/1658 1160/1699/1659 1164/1700/1660
f 1164/1700/1660 1160/1699/1659 1161/1701/1661
f 1164/1700/1660 1161/1701/1661 1163/1702/1662
f 1163/1702/1662 1161/1701/1661 1162/1703/1663
f 1177/1704/1664 1178/1705/1665 1201/1706/1666
f 1201/1706/1666 1178/1705/1665 1179/1707/1667
f 1201/1706/1666 1179/1707/1667 1200/1708/1668
f 1200/1708/1668 1179/1707/1667 1180/1709/1669
f 1200/1708/1668 1180/1709/1669 1199/1710/1670
f 1199/1710/1670 1180/1709/1669 1181/1711/1671
f 1199/1710/1670 1181/1711/1671 1198/1712/1672
f 1198/1712/1672 1181/1711/1671 1182/1713/1673
f 1198/1712/1672 1182/1713/1673 1197/1714/1674
f 1197/1714/1674 1182/1713/1673 1183/1715/1675
f 1197/1714/1674 1183/1715/1675 1196/1716/1676
f 1196/1716/1676 1183/1715/1675 1184/1717/1677
f 1196/1716/1676 1184/1717/1677 1195/1718/1678
f 1195/1718/1678 1184/1717/1677 1185/1719/1679
f 1195/1718/1678 1185/1719/1679 1194/1720/1680
f 1194/1720/1680 1185/1719/1679 1186/1721/1681
f 1194/1720/1680 1186/1721/1681 1193/1722/1682
f 1193/1722/1682 1186/1721/1681 1187/1723/1683
f 1193/1722/1682 1187/1723/1683 1192/1724/1684
f 1192/1724/1684 1187/1723/1683 1188/1725/1685
f 1192/1724/1684 1188/1725/1685 1191/1726/1686
f 1191/1726/1686 1188/1725/1685 1189/1727/1687
f 1191/1726/1686 1189/1727/1687 1190/1728/1688
f 807/1729/1689 806/1730/1557 693/1731/1690
f 693/1731/1690 806/1730/1557 694/1732/1558
f 1041/1733/1691 1040/1734/1692 1203/1735/1693
f 1203/1735/1693 1040/1734/1692 1202/1736/1694
f 1042/1737/1695 1041/1738/1696 1204/1739/1697
f 1204/1739/1697 1041/1738/1696 1203/1740/1698
f 1043/1741/1699 1042/1742/1700 1205/1743/1701
f 1205/1743/1701 1042/1742/1700 1204/1744/1702
f 1044/1745/1703 1043/1746/1704 1206/1747/1705
f 1206/1747/1705 1043/1746/1704 1205/1748/1706
f 1045/1749/1707 1044/1750/1708 1207/1751/1709
f 1207/1751/1709 1044/1750/1708 1206/1752/1710
f 1046/1753/1711 1045/1754/1712 1208/1755/1713
f 1208/1755/1713 1045/1754/1712 1207/1756/1714
f 1047/1757/1715 1046/1758/1716 1209/1759/1717
f 1209/1759/1717 1046/1758/1716 1208/1760/1718
f 1048/1761/1719 1047/1762/1720 1210/1763/1721
f 1210/1763/1721 1047/1762/1720 1209/1764/1722
f 1049/1765/1723 1048/1766/1724 1211/1767/1725
f 1211/1767/1725 1048/1766/1724 1210/1768/1726
f 1050/1769/1727 1049/1770/1728 1212/1771/1729
f 1212/1771/1729 1049/1770/1728 1211/1772/1730
f 1051/1773/1731 1050/1774/1732 1213/1775/1733
f 1213/1775/1733 1050/1774/1732 1212/1776/1734
f 1052/1777/1735 1051/1778/1736 1214/1779/1737
f 1214/1779/1737 1051/1778/1736 1213/1780/1738
f 1053/1781/1739 1052/1782/1740 1054/1783/1741
f 1054/1783/1741 1052/1782/1740 1214/1784/1742
f 1016/1785/1743 1015/1786/1744 1216/1787/1745
f 1216/1787/1745 1015/1786/1744 1215/1788/1746
f 710/1789/1747 1071/1790/1748 711/1791/1749
f 711/1791/1749 1071/1790/1748 1070/1792/1750
f 711/1791/1749 1070/1792/1750 1069/1793/1751
f 1069/1793/1751 1068/1794/1752 711/1791/1749
f 711/1791/1749 1068/1794/1752 1067/1795/1753
f 711/1791/1749 1067/1795/1753 1066/1796/1754
f 1066/1796/1754 1065/1797/1755 711/1791/1749
f 711/1791/1749 1065/1797/1755 1064/1798/1756
f 711/1791/1749 1064/1798/1756 1063/1799/1757
f 1063/1799/1757 1062/1800/1758 711/1791/1749
f 711/1791/1749 1062/1800/1758 1061/1801/1759
f 711/1791/1749 1061/1801/1759 1060/1802/1760
f 1060/1802/1760 1059/1803/1761 711/1791/1749
f 711/1791/1749 1059/1803/1761 1058/1804/1762
f 711/1791/1749 1058/1804/1762 346/1805/1763
f 345/1806/1764 1027/1807/1765 346/1805/1763
f 346/1805/1763 1027/1807/1765 1026/1808/1766
f 346/1805/1763 1026/1808/1766 1259/1809/1767
f 1027/1807/1765 345/1806/1764 1258/1810/1768
f 1258/1810/1768 345/1806/1764 1217/1811/1769
f 1258/1810/1768 1217/1811/1769 1257/1812/1770
f 1257/1812/1770 1217/1811/1769 1238/1813/1771
f 1257/1812/1770 1238/1813/1771 1239/1814/1772
f 1218/1815/1773 1219/1816/1774 1217/1811/1769
f 1217/1811/1769 1219/1816/1774 1220/1817/1775
f 1217/1811/1769 1220/1817/1775 1221/1818/1776
f 1221/1818/1776 1222/1819/1777 1217/1811/1769
f 1217/1811/1769 1222/1819/1777 1223/1820/1778
f 1217/1811/1769 1223/1820/1778 1224/1821/1779
f 1224/1821/1779 1225/1822/1780 1217/1811/1769
f 1217/1811/1769 1225/1822/1780 1226/1823/1781
f 1217/1811/1769 1226/1823/1781 1227/1824/1782
f 1227/1824/1782 1228/1825/1783 1217/1811/1769
f 1217/1811/1769 1228/1825/1783 1229/1826/1784
f 1217/1811/1769 1229/1826/1784 1230/1827/1785
f 1230/1827/1785 1231/1828/1786 1217/1811/1769
f 1217/1811/1769 1231/1828/1786 1232/1829/1787
f 1217/1811/1769 1232/1829/1787 1233/1830/1788
f 1233/1830/1788 1234/1831/1789 1217/1811/1769
f 1217/1811/1769 1234/1831/1789 1235/1832/1790
f 1217/1811/1769 1235/1832/1790 1236/1833/1791
f 1236/1833/1791 1237/1834/1792 1217/1811/1769
f 1217/1811/1769 1237/1834/1792 1238/1813/1771
f 1239/1814/1772 1240/1835/1793 1257/1812/1770
f 1257/1812/1770 1240/1835/1793 1241/1836/1794
f 1257/1812/1770 1241/1836/1794 1242/1837/1795
f 1242/1837/1795 1243/1838/1796 1257/1812/1770
f 1257/1812/1770 1243/1838/1796 1244/1839/1797
f 1257/1812/1770 1244/1839/1797 1245/1840/1798
f 1245/1840/1798 1246/1841/1799 1257/1812/1770
f 1257/1812/1770 1246/1841/1799 1247/1842/1800
f 1257/1812/1770 1247/1842/1800 1248/1843/1801
f 1248/1843/1801 1249/1844/1802 1257/1812/1770
f 1257/1812/1770 1249/1844/1802 1250/1845/1803
f 1257/1812/1770 1250/1845/1803 1251/1846/1804
f 1251/1846/1804 1252/1847/1805 1257/1812/1770
f 1257/1812/1770 1252/1847/1805 1253/1848/1806
f 1257/1812/1770 1253/1848/1806 1254/1849/1807
f 1254/1849/1807 1255/1850/1808 1257/1812/1770
f 1257/1812/1770 1255/1850/1808 1256/1851/1809
f 1259/1809/1767 1260/1852/1810 346/1805/1763
f 346/1805/1763 1260/1852/1810 1261/1853/1811
f 346/1805/1763 1261/1853/1811 1262/1854/1812
f 1262/1854/1812 1263/1855/1813 346/1805/1763
f 346/1805/1763 1263/1855/1813 1264/1856/1814
f 346/1805/1763 1264/1856/1814 1265/1857/1815
f 1265/1857/1815 1216/1858/1816 346/1805/1763
f 346/1805/1763 1216/1858/1816 1215/1859/1817
f 346/1805/1763 1215/1859/1817 1266/1860/1818
f 1266/1860/1818 1267/1861/1819 346/1805/1763
f 346/1805/1763 1267/1861/1819 1268/1862/1820
f 346/1805/1763 1268/1862/1820 1009/1863/1821
f 1009/1863/1821 1054/1864/1822 346/1805/1763
f 346/1805/1763 1054/1864/1822 1214/1865/1823
f 346/1805/1763 1214/1865/1823 1213/1866/1824
f 1213/1866/1824 1212/1867/1825 346/1805/1763
f 346/1805/1763 1212/1867/1825 1211/1868/1826
f 346/1805/1763 1211/1868/1826 1210/1869/1827
f 1210/1869/1827 1209/1870/1828 346/1805/1763
f 346/1805/1763 1209/1870/1828 1208/1871/1829
f 346/1805/1763 1208/1871/1829 1207/1872/1830
f 1207/1872/1830 1206/1873/1831 346/1805/1763
f 346/1805/1763 1206/1873/1831 1205/1874/1832
f 346/1805/1763 1205/1874/1832 1204/1875/1833
f 1204/1875/1833 1203/1876/1834 346/1805/1763
f 346/1805/1763 1203/1876/1834 1202/1877/1835
f 346/1805/1763 1202/1877/1835 1269/1878/1836
f 1269/1878/1836 1270/1879/1837 346/1805/1763
f 346/1805/1763 1270/1879/1837 1271/1880/1838
f 346/1805/1763 1271/1880/1838 1272/1881/1839
f 1272/1881/1839 1034/1882/1840 346/1805/1763
f 346/1805/1763 1034/1882/1840 1033/1883/1841
f 346/1805/1763 1033/1883/1841 1273/1884/1842
f 1273/1884/1842 1274/1885/1843 346/1805/1763
f 346/1805/1763 1274/1885/1843 1028/1886/1844
f 346/1805/1763 1028/1886/1844 711/1791/1749
f 681/1887/1224 819/1888/1223 682/1889/1845
f 682/1889/1845 819/1888/1223 818/1890/1846
f 682/1889/1845 818/1890/1846 683/1891/1847
f 683/1891/1847 818/1890/1846 817/1892/1848
f 683/1891/1847 817/1892/1848 684/1893/1849
f 684/1893/1849 817/1892/1848 816/1894/1850
f 684/1893/1849 816/1894/1850 685/1895/1851
f 685/1895/1851 816/1894/1850 815/1896/1852
f 685/1895/1851 815/1896/1852 686/1897/1853
f 686/1897/1853 815/1896/1852 814/1898/1854
f 686/1897/1853 814/1898/1854 687/1899/1855
f 687/1899/1855 814/1898/1854 813/1900/1856
f 687/1899/1855 813/1900/1856 688/1901/1857
f 688/1901/1857 813/1900/1856 812/1902/1858
f 688/1901/1857 812/1902/1858 689/1903/1859
f 689/1903/1859 812/1902/1858 811/1904/1860
f 689/1903/1859 811/1904/1860 690/1905/1861
f 690/1905/1861 811/1904/1860 810/1906/1862
f 690/1905/1861 810/1906/1862 691/1907/1863
f 691/1907/1863 810/1906/1862 809/1908/1864
f 691/1907/1863 809/1908/1864 692/1909/1865
f 692/1909/1865 809/1908/1864 808/1910/1866
f 692/1909/1865 808/1910/1866 693/1911/1690
f 693/1911/1690 808/1910/1866 807/1912/1689
f 215/1913/411 170/1914/410 216/1915/1867
f 216/1915/1867 170/1914/410 169/1916/1868
f 216/1915/1867 169/1916/1868 217/1917/1869
f 217/1917/1869 169/1916/1868 168/1918/1870
f 217/1917/1869 168/1918/1870 218/1919/1871
f 218/1919/1871 168/1918/1870 167/1920/1872
f 218/1919/1871 167/1920/1872 219/1921/1873
f 219/1921/1873 167/1920/1872 166/1922/1874
f 219/1921/1873 166/1922/1874 220/1923/1875
f 220/1923/1875 166/1922/1874 165/1924/1876
f 220/1923/1875 165/1924/1876 221/1925/1877
f 221/1925/1877 165/1924/1876 164/1926/1878
f 221/1925/1877 164/1926/1878 222/1927/1879
f 222/1927/1879 164/1926/1878 163/1928/1880
f 222/1927/1879 163/1928/1880 223/1929/1881
f 223/1929/1881 163/1928/1880 162/1930/1882
f 223/1929/1881 162/1930/1882 224/1931/1883
f 224/1931/1883 162/1930/1882 161/1932/1884
f 224/1931/1883 161/1932/1884 225/1933/1885
f 225/1933/1885 161/1932/1884 160/1934/1886
f 225/1933/1885 160/1934/1886 226/1935/1887
f 226/1935/1887 160/1934/1886 159/1936/1888
f 226/1935/1887 159/1936/1888 227/1937/1458
f 227/1937/1458 159/1936/1888 158/1938/1457
f 345/1939/405 344/1940/408 1217/1941/1889
f 1217/1941/1889 344/1940/408 1008/1942/1890
f 1217/1941/1889 1008/1942/1890 1218/1943/1891
f 1218/1943/1891 1008/1942/1890 1007/1944/1892
f 1218/1943/1891 1007/1944/1892 1219/1945/1893
f 1219/1945/1893 1007/1944/1892 1006/1946/1894
f 1219/1945/1893 1006/1946/1894 1220/1947/1895
f 1220/1947/1895 1006/1946/1894 1005/1948/1896
f 1220/1947/1895 1005/1948/1896 1221/1949/1897
f 1221/1949/1897 1005/1948/1896 1004/1950/1898
f 1221/1949/1897 1004/1950/1898 1222/1951/1899
f 1222/1951/1899 1004/1950/1898 1003/1952/1900
f 1222/1951/1899 1003/1952/1900 1223/1953/1901
f 1223/1953/1901 1003/1952/1900 1002/1954/1902
f 1223/1953/1901 1002/1954/1902 1224/1955/1903
f 1224/1955/1903 1002/1954/1902 1001/1956/1904
f 1224/1955/1903 1001/1956/1904 1225/1957/1905
f 1225/1957/1905 1001/1956/1904 1000/1958/1906
f 1225/1957/1905 1000/1958/1906 1226/1959/1907
f 1226/1959/1907 1000/1958/1906 999/1960/1908
f 1226/1959/1907 999/1960/1908 1227/1961/1909
f 1227/1961/1909 999/1960/1908 998/1962/1910
f 1227/1961/1909 998/1962/1910 1228/1963/1911
f 1228/1963/1911 998/1962/1910 997/1964/1912
f 1228/1963/1911 997/1964/1912 1229/1965/1913
f 1229/1965/1913 997/1964/1912 996/1966/1914
f 1229/1965/1913 996/1966/1914 1230/1967/1915
f 1230/1967/1915 996/1966/1914 995/1968/1916
f 1230/1967/1915 995/1968/1916 1231/1969/1917
f 1231/1969/1917 995/1968/1916 994/1970/1918
f 1231/1969/1917 994/1970/1918 1232/1971/1919
f 1232/1971/1919 994/1970/1918 993/1972/1920
f 1232/1971/1919 993/1972/1920 1233/1973/1921
f 1233/1973/1921 993/1972/1920 992/1974/1922
f 1233/1973/1921 992/1974/1922 1234/1975/1923
f 1234/1975/1923 992/1974/1922 991/1976/1924
f 1234/1975/1923 991/1976/1924 1235/1977/1925
f 1235/1977/1925 991/1976/1924 990/1978/1926
f 1235/1977/1925 990/1978/1926 1236/1979/1927
f 1236/1979/1927 990/1978/1926 989/1980/1928
f 1236/1979/1927 989/1980/1928 1237/1981/1929
f 1237/1981/1929 989/1980/1928 988/1982/1930
f 988/1983/1930 987/1984/1931 1237/1985/1929
f 1237/1985/1929 987/1984/1931 1238/1986/1932
f 1238/1987/1932 987/1988/1931 1239/1989/1933
f 1239/1989/1933 987/1988/1931 986/1990/1934
f 1239/1989/1933 986/1990/1934 1240/1991/1935
f 1240/1991/1935 986/1990/1934 985/1992/1936
f 1240/1991/1935 985/1992/1936 1241/1993/1937
f 1241/1993/1937 985/1992/1936 984/1994/1938
f 1241/1993/1937 984/1994/1938 1242/1995/1939
f 1242/1995/1939 984/1994/1938 983/1996/1940
f 1242/1995/1939 983/1996/1940 1243/1997/1941
f 1243/1997/1941 983/1996/1940 982/1998/1942
f 1243/1997/1941 982/1998/1942 1244/1999/1943
f 1244/1999/1943 982/1998/1942 981/2000/1944
f 1244/1999/1943 981/2000/1944 1245/2001/1945
f 1245/2001/1945 981/2000/1944 980/2002/1946
f 1245/2001/1945 980/2002/1946 1246/2003/1947
f 1246/2003/1947 980/2002/1946 979/2004/1948
f 1246/2003/1947 979/2004/1948 1247/2005/1949
f 1247/2005/1949 979/2004/1948 978/2006/1950
f 1247/2005/1949 978/2006/1950 1248/2007/1951
f 1248/2007/1951 978/2006/1950 977/2008/1952
f 1248/2007/1951 977/2008/1952 1249/2009/1953
f 1249/2009/1953 977/2008/1952 976/2010/1954
f 1249/2009/1953 976/2010/1954 1250/2011/1955
f 1250/2011/1955 976/2010/1954 975/2012/1956
f 1250/2011/1955 975/2012/1956 1251/2013/1957
f 1251/2013/1957 975/2012/1956 974/2014/1958
f 1251/2013/1957 974/2014/1958 1252/2015/1959
f 1252/2015/1959 974/2014/1958 973/2016/1960
f 1252/2015/1959 973/2016/1960 1253/2017/1961
f 1253/2017/1961 973/2016/1960 972/2018/1962
f 1253/2017/1961 972/2018/1962 1254/2019/1963
f 1254/2019/1963 972/2018/1962 971/2020/1964
f 1254/2019/1963 971/2020/1964 1255/2021/1965
f 1255/2021/1965 971/2020/1964 970/2022/1966
f 1255/2021/1965 970/2022/1966 1256/2023/1967
f 1256/2023/1967 970/2022/1966 969/2024/1968
f 1256/2023/1967 969/2024/1968 1257/2025/1969
f 1257/2025/1969 969/2024/1968 968/2026/1970
f 1257/2025/1969 968/2026/1970 1258/2027/1971
f 1258/2027/1971 968/2026/1970 967/2028/1972
f 1258/2027/1971 967/2028/1972 1027/2029/1437
f 1027/2029/1437 967/2028/1972 966/2030/1441
f 1025/2031/1973 1024/2032/1974 1026/2033/1975
f 1026/2033/1975 1024/2032/1974 1259/2034/1976
f 1024/2035/1977 1023/2036/1978 1259/2037/1979
f 1259/2037/1979 1023/2036/1978 1260/2038/1980
f 1023/2039/1981 1022/2040/1982 1260/2041/1983
f 1260/2041/1983 1022/2040/1982 1261/2042/1984
f 1022/2043/1985 1021/2044/1986 1261/2045/1987
f 1261/2045/1987 1021/2044/1986 1262/2046/1988
f 1021/2047/1989 1020/2048/1990 1262/2049/1991
f 1262/2049/1991 1020/2048/1990 1263/2050/1992
f 1020/2051/1993 1019/2052/1994 1263/2053/1995
f 1263/2053/1995 1019/2052/1994 1264/2054/1996
f 1019/2055/1997 1018/2056/1998 1264/2057/1999
f 1264/2057/1999 1018/2056/1998 1265/2058/2000
f 1017/2059/2001 1016/2060/2002 1018/2061/2003
f 1018/2061/2003 1016/2060/2002 1265/2062/2004
f 1265/2062/2004 1016/2060/2002 1216/2063/2005
f 1014/2064/2006 1013/2065/2007 1015/2066/2008
f 1015/2066/2008 1013/2065/2007 1266/2067/2009
f 1015/2066/2008 1266/2067/2009 1215/2068/2010
f 1013/2069/2011 1012/2070/2012 1266/2071/2013
f 1266/2071/2013 1012/2070/2012 1267/2072/2014
f 1012/2073/2015 1011/2074/2016 1267/2075/2017
f 1267/2075/2017 1011/2074/2016 1268/2076/2018
f 1011/2077/2019 1010/2078/2020 1268/2079/2021
f 1268/2079/2021 1010/2078/2020 1009/2080/2022
f 1040/2081/2023 1039/2082/2024 1202/2083/2025
f 1202/2083/2025 1039/2082/2024 1269/2084/2026
f 1039/2085/2027 1038/2086/2028 1269/2087/2029
f 1269/2087/2029 1038/2086/2028 1270/2088/2030
f 1038/2089/2031 1037/2090/2032 1270/2091/2033
f 1270/2091/2033 1037/2090/2032 1271/2092/2034
f 1037/2093/2035 1036/2094/2036 1271/2095/2037
f 1271/2095/2037 1036/2094/2036 1272/2096/2038
f 1036/2097/2039 1035/2098/2040 1272/2099/2041
f 1272/2099/2041 1035/2098/2040 1034/2100/2042
f 1032/2101/2043 1031/2102/2044 1033/2103/2045
f 1033/2103/2045 1031/2102/2044 1273/2104/2046
f 1031/2105/2047 1030/2106/2048 1273/2107/2049
f 1273/2107/2049 1030/2106/2048 1274/2108/2050
f 1030/2109/2051 1029/2110/2052 1274/2111/2053
f 1274/2111/2053 1029/2110/2052 1028/2112/2054
f 667/2113/2055 1117/2114/2056 644/2115/2057
f 644/2115/2057 1117/2114/2056 1116/2116/2058
f 644/2115/2057 1116/2116/2058 1115/2117/2059
f 1117/2114/2056 667/2113/2055 1118/2118/2060
f 1118/2118/2060 667/2113/2055 666/2119/2061
f 1118/2118/2060 666/2119/2061 1119/2120/2062
f 1119/2120/2062 666/2119/2061 665/2121/2063
f 1119/2120/2062 665/2121/2063 1120/2122/2064
f 1120/2122/2064 665/2121/2063 664/2123/2065
f 1120/2122/2064 664/2123/2065 1121/2124/2066
f 1121/2124/2066 664/2123/2065 663/2125/2067
f 1121/2124/2066 663/2125/2067 1097/2126/2068
f 1097/2126/2068 663/2125/2067 1288/2127/2069
f 1288/2127/2069 663/2125/2067 662/2128/2070
f 1288/2127/2069 662/2128/2070 1287/2129/2071
f 1287/2129/2071 662/2128/2070 661/2130/2072
f 1287/2129/2071 661/2130/2072 1286/2131/2073
f 1286/2131/2073 661/2130/2072 660/2132/2074
f 1286/2131/2073 660/2132/2074 1285/2133/2075
f 1285/2133/2075 660/2132/2074 659/2134/2076
f 1285/2133/2075 659/2134/2076 1284/2135/2077
f 1284/2135/2077 659/2134/2076 658/2136/2078
f 1284/2135/2077 658/2136/2078 1283/2137/2079
f 1283/2137/2079 658/2136/2078 657/2138/2080
f 1283/2137/2079 657/2138/2080 1282/2139/2081
f 1282/2139/2081 657/2138/2080 656/2140/2082
f 1282/2139/2081 656/2140/2082 1281/2141/2083
f 1281/2142/2083 656/2143/2082 655/2144/2084
f 1281/2142/2083 655/2144/2084 1280/2145/2085
f 1280/2145/2085 655/2144/2084 654/2146/2086
f 1280/2145/2085 654/2146/2086 1279/2147/2087
f 1279/2147/2087 654/2146/2086 653/2148/2088
f 1279/2147/2087 653/2148/2088 1278/2149/2089
f 1278/2149/2089 653/2148/2088 652/2150/2090
f 1278/2149/2089 652/2150/2090 1277/2151/2091
f 1277/2151/2091 652/2150/2090 651/2152/2092
f 1277/2151/2091 651/2152/2092 1276/2153/2093
f 1276/2153/2093 651/2152/2092 650/2154/2094
f 1276/2153/2093 650/2154/2094 1275/2155/2095
f 1275/2155/2095 650/2154/2094 649/2156/2096
f 1275/2155/2095 649/2156/2096 1110/2157/2097
f 1110/2157/2097 649/2156/2096 1111/2158/2098
f 1111/2158/2098 649/2156/2096 648/2159/2099
f 1111/2158/2098 648/2159/2099 1112/2160/2100
f 1112/2160/2100 648/2159/2099 647/2161/2101
f 1112/2160/2100 647/2161/2101 1113/2162/2102
f 1113/2162/2102 647/2161/2101 646/2163/2103
f 1113/2162/2102 646/2163/2103 1114/2164/2104
f 1114/2164/2104 646/2163/2103 645/2165/2105
f 1114/2164/2104 645/2165/2105 1115/2117/2059
f 1115/2117/2059 645/2165/2105 644/2115/2057
f 427/2166/2106 1142/2167/2107 404/2168/2108
f 404/2168/2108 1142/2167/2107 1141/2169/2109
f 404/2168/2108 1141/2169/2109 1140/2170/2110
f 1142/2167/2107 427/2166/2106 1143/2171/2111
f 1143/2171/2111 427/2166/2106 426/2172/2112
f 1143/2171/2111 426/2172/2112 1144/2173/2113
f 1144/2173/2113 426/2172/2112 425/2174/2114
f 1144/2173/2113 425/2174/2114 1145/2175/2115
f 1145/2175/2115 425/2174/2114 424/2176/2116
f 1145/2175/2115 424/2176/2116 1146/2177/2117
f 1146/2177/2117 424/2176/2116 423/2178/2118
f 1146/2177/2117 423/2178/2118 1122/2179/2119
f 1122/2179/2119 423/2178/2118 1302/2180/2120
f 1302/2180/2120 423/2178/2118 422/2181/2121
f 1302/2180/2120 422/2181/2121 1301/2182/2122
f 1301/2182/2122 422/2181/2121 421/2183/2123
f 1301/2182/2122 421/2183/2123 1300/2184/2124
f 1300/2184/2124 421/2183/2123 420/2185/2125
f 1300/2184/2124 420/2185/2125 1299/2186/2126
f 1299/2186/2126 420/2185/2125 419/2187/2127
f 1299/2186/2126 419/2187/2127 1298/2188/2128
f 1298/2188/2128 419/2187/2127 418/2189/2129
f 1298/2188/2128 418/2189/2129 1297/2190/2130
f 1297/2190/2130 418/2189/2129 417/2191/2131
f 1297/2190/2130 417/2191/2131 1296/2192/2132
f 1296/2192/2132 417/2191/2131 416/2193/2133
f 1296/2192/2132 416/2193/2133 1295/2194/2134
f 1295/2195/2134 416/2196/2133 415/2197/2135
f 1295/2195/2134 415/2197/2135 1294/2198/2136
f 1294/2198/2136 415/2197/2135 414/2199/2137
f 1294/2198/2136 414/2199/2137 1293/2200/2138
f 1293/2200/2138 414/2199/2137 413/2201/2139
f 1293/2200/2138 413/2201/2139 1292/2202/2140
f 1292/2202/2140 413/2201/2139 412/2203/2141
f 1292/2202/2140 412/2203/2141 1291/2204/2142
f 1291/2204/2142 412/2203/2141 411/2205/2143
f 1291/2204/2142 411/2205/2143 1290/2206/2144
f 1290/2206/2144 411/2205/2143 410/2207/2145
f 1290/2206/2144 410/2207/2145 1289/2208/2146
f 1289/2208/2146 410/2207/2145 409/2209/2147
f 1289/2208/2146 409/2209/2147 1135/2210/2148
f 1135/2210/2148 409/2209/2147 1136/2211/2149
f 1136/2211/2149 409/2209/2147 408/2212/2150
f 1136/2211/2149 408/2212/2150 1137/2213/2151
f 1137/2213/2151 408/2212/2150 407/2214/2152
f 1137/2213/2151 407/2214/2152 1138/2215/2153
f 1138/2215/2153 407/2214/2152 406/2216/2154
f 1138/2215/2153 406/2216/2154 1139/2217/2155
f 1139/2217/2155 406/2216/2154 405/2218/2156
f 1139/2217/2155 405/2218/2156 1140/2170/2110
f 1140/2170/2110 405/2218/2156 404/2168/2108
f 507/2219/2157 1197/2220/2158 484/2221/2159
f 484/2221/2159 1197/2220/2158 1196/2222/2160
f 484/2221/2159 1196/2222/2160 1195/2223/2161
f 1197/2220/2158 507/2219/2157 1198/2224/2162
f 1198/2224/2162 507/2219/2157 506/2225/2163
f 1198/2224/2162 506/2225/2163 1199/2226/2164
f 1199/2226/2164 506/2225/2163 505/2227/2165
f 1199/2226/2164 505/2227/2165 1200/2228/2166
f 1200/2228/2166 505/2227/2165 504/2229/2167
f 1200/2228/2166 504/2229/2167 1201/2230/2168
f 1201/2230/2168 504/2229/2167 503/2231/2169
f 1201/2230/2168 503/2231/2169 1177/2232/2170
f 1177/2232/2170 503/2231/2169 1316/2233/2171
f 1316/2233/2171 503/2231/2169 502/2234/2172
f 1316/2233/2171 502/2234/2172 1315/2235/2173
f 1315/2235/2173 502/2234/2172 501/2236/2174
f 1315/2235/2173 501/2236/2174 1314/2237/2175
f 1314/2237/2175 501/2236/2174 500/2238/2176
f 1314/2237/2175 500/2238/2176 1313/2239/2177
f 1313/2239/2177 500/2238/2176 499/2240/2178
f 1313/2239/2177 499/2240/2178 1312/2241/2179
f 1312/2241/2179 499/2240/2178 498/2242/2180
f 1312/2241/2179 498/2242/2180 1311/2243/2181
f 1311/2243/2181 498/2242/2180 497/2244/2182
f 1311/2243/2181 497/2244/2182 1310/2245/2183
f 1310/2245/2183 497/2244/2182 496/2246/2184
f 1310/2245/2183 496/2246/2184 1309/2247/2185
f 1309/2248/2185 496/2249/2184 495/2250/2186
f 1309/2248/2185 495/2250/2186 1308/2251/2187
f 1308/2251/2187 495/2250/2186 494/2252/2188
f 1308/2251/2187 494/2252/2188 1307/2253/2189
f 1307/2253/2189 494/2252/2188 493/2254/2190
f 1307/2253/2189 493/2254/2190 1306/2255/2191
f 1306/2255/2191 493/2254/2190 492/2256/2192
f 1306/2255/2191 492/2256/2192 1305/2257/2193
f 1305/2257/2193 492/2256/2192 491/2258/2194
f 1305/2257/2193 491/2258/2194 1304/2259/2195
f 1304/2259/2195 491/2258/2194 490/2260/2196
f 1304/2259/2195 490/2260/2196 1303/2261/2197
f 1303/2261/2197 490/2260/2196 489/2262/2198
f 1303/2261/2197 489/2262/2198 1190/2263/2199
f 1190/2263/2199 489/2262/2198 1191/2264/2200
f 1191/2264/2200 489/2262/2198 488/2265/2201
f 1191/2264/2200 488/2265/2201 1192/2266/2202
f 1192/2266/2202 488/2265/2201 487/2267/2203
f 1192/2266/2202 487/2267/2203 1193/2268/2204
f 1193/2268/2204 487/2267/2203 486/2269/2205
f 1193/2268/2204 486/2269/2205 1194/2270/2206
f 1194/2270/2206 486/2269/2205 485/2271/2207
f 1194/2270/2206 485/2271/2207 1195/2223/2161
f 1195/2223/2161 485/2271/2207 484/2221/2159
f 742/2272/2208 1324/2273/2209 714/2274/2210
f 714/2275/2210 1324/2276/2209 1325/2277/2211
f 714/2275/2210 1325/2277/2211 715/2278/2212
f 715/2278/2212 1325/2277/2211 1326/2279/2213
f 715/2278/2212 1326/2279/2213 716/2280/2214
f 716/2280/2214 1326/2279/2213 1327/2281/2215
f 716/2280/2214 1327/2281/2215 717/2282/2216
f 717/2282/2216 1327/2281/2215 1328/2283/2217
f 717/2282/2216 1328/2283/2217 718/2284/2218
f 718/2284/2218 1328/2283/2217 1329/2285/2219
f 718/2284/2218 1329/2285/2219 719/2286/2220
f 719/2286/2220 1329/2285/2219 1330/2287/2221
f 719/2286/2220 1330/2287/2221 720/2288/2222
f 720/2288/2222 1330/2287/2221 1331/2289/2223
f 720/2288/2222 1331/2289/2223 721/2290/2224
f 721/2290/2224 1331/2289/2223 1332/2291/2225
f 721/2290/2224 1332/2291/2225 722/2292/2226
f 722/2292/2226 1332/2291/2225 1147/2293/2227
f 722/2292/2226 1147/2293/2227 1176/2294/2228
f 1324/2273/2209 742/2272/2208 1323/2295/2229
f 1323/2295/2229 742/2272/2208 741/2296/2230
f 1323/2295/2229 741/2296/2230 1322/2297/2231
f 1322/2297/2231 741/2296/2230 740/2298/2232
f 1322/2297/2231 740/2298/2232 1321/2299/2233
f 1321/2299/2233 740/2298/2232 739/2300/2234
f 1321/2299/2233 739/2300/2234 1320/2301/2235
f 1320/2301/2235 739/2300/2234 738/2302/2236
f 1320/2301/2235 738/2302/2236 1319/2303/2237
f 1319/2303/2237 738/2302/2236 737/2304/2238
f 1319/2303/2237 737/2304/2238 1318/2305/2239
f 1318/2305/2239 737/2304/2238 736/2306/2240
f 1318/2305/2239 736/2306/2240 1317/2307/2241
f 1317/2307/2241 736/2306/2240 735/2308/2242
f 1317/2307/2241 735/2308/2242 1162/2309/2243
f 1162/2309/2243 735/2308/2242 1163/2310/2244
f 1163/2310/2244 735/2308/2242 734/2311/2245
f 1163/2310/2244 734/2311/2245 1164/2312/2246
f 1164/2312/2246 734/2311/2245 733/2313/2247
f 1164/2312/2246 733/2313/2247 1165/2314/2248
f 1165/2314/2248 733/2313/2247 732/2315/2249
f 1165/2314/2248 732/2315/2249 1166/2316/2250
f 1166/2316/2250 732/2315/2249 731/2317/2251
f 1166/2316/2250 731/2317/2251 1167/2318/2252
f 1167/2318/2252 731/2317/2251 730/2319/2253
f 1167/2318/2252 730/2319/2253 1168/2320/2254
f 1168/2320/2254 730/2319/2253 729/2321/2255
f 1168/2320/2254 729/2321/2255 1169/2322/2256
f 1169/2322/2256 729/2321/2255 728/2323/2257
f 1169/2322/2256 728/2323/2257 1170/2324/2258
f 1170/2324/2258 728/2323/2257 1171/2325/2259
f 1171/2325/2259 728/2323/2257 727/2326/2260
f 1171/2325/2259 727/2326/2260 1172/2327/2261
f 1172/2327/2261 727/2326/2260 726/2328/2262
f 1172/2327/2261 726/2328/2262 1173/2329/2263
f 1173/2329/2263 726/2328/2262 725/2330/2264
f 1173/2329/2263 725/2330/2264 1174/2331/2265
f 1174/2331/2265 725/2330/2264 724/2332/2266
f 1174/2331/2265 724/2332/2266 1175/2333/2267
f 1175/2333/2267 724/2332/2266 723/2334/2268
f 1175/2333/2267 723/2334/2268 1176/2294/2228
f 1176/2294/2228 723/2334/2268 722/2292/2226
f 587/2335/2269 1092/2336/2270 564/2337/2271
f 564/2337/2271 1092/2336/2270 1091/2338/2272
f 564/2337/2271 1091/2338/2272 1090/2339/2273
f 1092/2336/2270 587/2335/2269 1093/2340/2274
f 1093/2340/2274 587/2335/2269 586/2341/2275
f 1093/2340/2274 586/2341/2275 1094/2342/2276
f 1094/2342/2276 586/2341/2275 585/2343/2277
f 1094/2342/2276 585/2343/2277 1095/2344/2278
f 1095/2344/2278 585/2343/2277 584/2345/2279
f 1095/2344/2278 584/2345/2279 1096/2346/2280
f 1096/2346/2280 584/2345/2279 583/2347/2281
f 1096/2346/2280 583/2347/2281 1072/2348/2282
f 1072/2348/2282 583/2347/2281 1346/2349/2283
f 1346/2349/2283 583/2347/2281 582/2350/2284
f 1346/2349/2283 582/2350/2284 1345/2351/2285
f 1345/2351/2285 582/2350/2284 581/2352/2286
f 1345/2351/2285 581/2352/2286 1344/2353/2287
f 1344/2353/2287 581/2352/2286 580/2354/2288
f 1344/2353/2287 580/2354/2288 1343/2355/2289
f 1343/2355/2289 580/2354/2288 579/2356/2290
f 1343/2355/2289 579/2356/2290 1342/2357/2291
f 1342/2357/2291 579/2356/2290 578/2358/2292
f 1342/2357/2291 578/2358/2292 1341/2359/2293
f 1341/2359/2293 578/2358/2292 577/2360/2294
f 1341/2359/2293 577/2360/2294 1340/2361/2295
f 1340/2361/2295 577/2360/2294 576/2362/2296
f 1340/2361/2295 576/2362/2296 1339/2363/2297
f 1339/2364/2297 576/2365/2296 575/2366/2298
f 1339/2364/2297 575/2366/2298 1338/2367/2299
f 1338/2367/2299 575/2366/2298 574/2368/2300
f 1338/2367/2299 574/2368/2300 1337/2369/2301
f 1337/2369/2301 574/2368/2300 573/2370/2302
f 1337/2369/2301 573/2370/2302 1336/2371/2303
f 1336/2371/2303 573/2370/2302 572/2372/2304
f 1336/2371/2303 572/2372/2304 1335/2373/2305
f 1335/2373/2305 572/2372/2304 571/2374/2306
f 1335/2373/2305 571/2374/2306 1334/2375/2307
f 1334/2375/2307 571/2374/2306 570/2376/2308
f 1334/2375/2307 570/2376/2308 1333/2377/2309
f 1333/2377/2309 570/2376/2308 569/2378/2310
f 1333/2377/2309 569/2378/2310 1085/2379/2311
f 1085/2379/2311 569/2378/2310 1086/2380/2312
f 1086/2380/2312 569/2378/2310 568/2381/2313
f 1086/2380/2312 568/2381/2313 1087/2382/2314
f 1087/2382/2314 568/2381/2313 567/2383/2315
f 1087/2382/2314 567/2383/2315 1088/2384/2316
f 1088/2384/2316 567/2383/2315 566/2385/2317
f 1088/2384/2316 566/2385/2317 1089/2386/2318
f 1089/2386/2318 566/2385/2317 565/2387/2319
f 1089/2386/2318 565/2387/2319 1090/2339/2273
f 1090/2339/2273 565/2387/2319 564/2337/2271
f 233/2388/2320 50/2389/2321 234/2390/2322
f 234/2390/2322 50/2389/2321 49/2391/2323
f 234/2390/2322 49/2391/2323 900/2392/2324
f 900/2392/2324 49/2391/2323 901/2393/2325
f 901/2393/2325 49/2391/2323 48/2394/2326
f 901/2393/2325 48/2394/2326 902/2395/2327
f 902/2395/2327 48/2394/2326 47/2396/2328
f 902/2395/2327 47/2396/2328 903/2397/2329
f 903/2397/2329 47/2396/2328 904/2398/2330
f 904/2398/2330 47/2396/2328 46/2399/2331
f 904/2398/2330 46/2399/2331 905/2400/2332
f 905/2400/2332 46/2399/2331 906/2401/2333
f 906/2401/2333 46/2399/2331 45/2402/2334
f 906/2401/2333 45/2402/2334 907/2403/2335
f 907/2403/2335 45/2402/2334 44/2404/2336
f 907/2403/2335 44/2404/2336 908/2405/2337
f 908/2405/2337 44/2404/2336 909/2406/2338
f 909/2406/2338 44/2404/2336 43/2407/2339
f 909/2406/2338 43/2407/2339 910/2408/2340
f 910/2408/2340 43/2407/2339 911/2409/2341
f 911/2409/2341 43/2407/2339 42/2410/2342
f 911/2409/2341 42/2410/2342 912/2411/2343
f 912/2411/2343 42/2410/2342 41/2412/2344
f 912/2411/2343 41/2412/2344 913/2413/2345
f 913/2413/2345 41/2412/2344 914/2414/2346
f 914/2414/2346 41/2412/2344 40/2415/2347
f 914/2414/2346 40/2415/2347 915/2416/2348
f 915/2416/2348 40/2415/2347 916/2417/2349
f 916/2417/2349 40/2415/2347 39/2418/2350
f 916/2417/2349 39/2418/2350 917/2419/2351
f 917/2419/2351 39/2418/2350 918/2420/2352
f 918/2420/2352 39/2418/2350 38/2421/2353
f 918/2420/2352 38/2421/2353 919/2422/2354
f 919/2422/2354 38/2421/2353 37/2423/2355
f 919/2422/2354 37/2423/2355 920/2424/2356
f 920/2424/2356 37/2423/2355 921/2425/2357
f 921/2425/2357 37/2423/2355 36/2426/2358
f 921/2425/2357 36/2426/2358 922/2427/2359
f 922/2427/2359 36/2426/2358 923/2428/2360
f 923/2428/2360 36/2426/2358 35/2429/2361
f 923/2428/2360 35/2429/2361 924/2430/2362
f 924/2430/2362 35/2429/2361 34/2431/2363
f 924/2430/2362 34/2431/2363 925/2432/2364
f 925/2432/2364 34/2431/2363 926/2433/2365
f 926/2434/2365 34/2435/2363 57/2436/2366
f 926/2434/2365 57/2436/2366 927/2437/2367
f 927/2437/2367 57/2436/2366 928/2438/2368
f 928/2438/2368 57/2436/2366 56/2439/2369
f 928/2438/2368 56/2439/2369 929/2440/2370
f 929/2440/2370 56/2439/2369 55/2441/2371
f 929/2440/2370 55/2441/2371 930/2442/2372
f 930/2442/2372 55/2441/2371 229/2443/2373
f 229/2443/2373 55/2441/2371 54/2444/2374
f 229/2443/2373 54/2444/2374 230/2445/2375
f 230/2445/2375 54/2444/2374 53/2446/2376
f 230/2445/2375 53/2446/2376 231/2447/2377
f 231/2447/2377 53/2446/2376 52/2448/2378
f 231/2447/2377 52/2448/2378 232/2449/2379
f 232/2449/2379 52/2448/2378 51/2450/2380
f 232/2449/2379 51/2450/2380 233/2388/2320
f 233/2388/2320 51/2450/2380 50/2389/2321
f 258/2451/2381 59/2452/2382 235/2453/2383
f 235/2453/2383 59/2452/2382 58/2454/2384
f 235/2455/2383 58/2456/2384 236/2457/2385
f 236/2457/2385 58/2456/2384 81/2458/2386
f 236/2457/2385 81/2458/2386 237/2459/2387
f 237/2459/2387 81/2458/2386 80/2460/2388
f 237/2459/2387 80/2460/2388 238/2461/2389
f 238/2461/2389 80/2460/2388 79/2462/2390
f 238/2461/2389 79/2462/2390 239/2463/2391
f 239/2463/2391 79/2462/2390 78/2464/2392
f 239/2463/2391 78/2464/2392 240/2465/2393
f 240/2465/2393 78/2464/2392 77/2466/2394
f 240/2465/2393 77/2466/2394 241/2467/2395
f 241/2467/2395 77/2466/2394 76/2468/2396
f 241/2467/2395 76/2468/2396 242/2469/2397
f 242/2469/2397 76/2468/2396 75/2470/2398
f 242/2469/2397 75/2470/2398 243/2471/2399
f 243/2471/2399 75/2470/2398 74/2472/2400
f 243/2471/2399 74/2472/2400 244/2473/2401
f 244/2473/2401 74/2472/2400 73/2474/2402
f 244/2473/2401 73/2474/2402 245/2475/2403
f 245/2475/2403 73/2474/2402 72/2476/2404
f 245/2475/2403 72/2476/2404 246/2477/2405
f 246/2477/2405 72/2476/2404 71/2478/2406
f 246/2477/2405 71/2478/2406 247/2479/2407
f 247/2479/2407 71/2478/2406 70/2480/2408
f 247/2479/2407 70/2480/2408 248/2481/2409
f 248/2481/2409 70/2480/2408 69/2482/2410
f 248/2481/2409 69/2482/2410 249/2483/2411
f 249/2483/2411 69/2482/2410 68/2484/2412
f 249/2483/2411 68/2484/2412 250/2485/2413
f 250/2485/2413 68/2484/2412 67/2486/2414
f 250/2485/2413 67/2486/2414 251/2487/2415
f 251/2487/2415 67/2486/2414 66/2488/2416
f 251/2487/2415 66/2488/2416 252/2489/2417
f 252/2489/2417 66/2488/2416 65/2490/2418
f 252/2489/2417 65/2490/2418 253/2491/2419
f 253/2491/2419 65/2490/2418 64/2492/2420
f 253/2491/2419 64/2492/2420 254/2493/2421
f 254/2493/2421 64/2492/2420 63/2494/2422
f 254/2493/2421 63/2494/2422 255/2495/2423
f 255/2495/2423 63/2494/2422 62/2496/2424
f 255/2495/2423 62/2496/2424 256/2497/2425
f 256/2497/2425 62/2496/2424 61/2498/2426
f 256/2497/2425 61/2498/2426 257/2499/2427
f 257/2499/2427 61/2498/2426 60/2500/2428
f 257/2499/2427 60/2500/2428 258/2451/2381
f 258/2451/2381 60/2500/2428 59/2452/2382
f 306/2501/2429 83/2502/2430 283/2503/2431
f 283/2503/2431 83/2502/2430 82/2504/2432
f 283/2505/2431 82/2506/2432 284/2507/2433
f 284/2507/2433 82/2506/2432 105/2508/2434
f 284/2507/2433 105/2508/2434 285/2509/2435
f 285/2509/2435 105/2508/2434 104/2510/2436
f 285/2509/2435 104/2510/2436 286/2511/2437
f 286/2511/2437 104/2510/2436 103/2512/2438
f 286/2511/2437 103/2512/2438 287/2513/2439
f 287/2513/2439 103/2512/2438 102/2514/2440
f 287/2513/2439 102/2514/2440 288/2515/2441
f 288/2515/2441 102/2514/2440 101/2516/2442
f 288/2515/2441 101/2516/2442 289/2517/2443
f 289/2517/2443 101/2516/2442 100/2518/2444
f 289/2517/2443 100/2518/2444 290/2519/2445
f 290/2519/2445 100/2518/2444 99/2520/2446
f 290/2519/2445 99/2520/2446 291/2521/2447
f 291/2521/2447 99/2520/2446 98/2522/2448
f 291/2521/2447 98/2522/2448 292/2523/2449
f 292/2523/2449 98/2522/2448 97/2524/2450
f 292/2523/2449 97/2524/2450 293/2525/2451
f 293/2525/2451 97/2524/2450 96/2526/2452
f 293/2525/2451 96/2526/2452 294/2527/2453
f 294/2527/2453 96/2526/2452 95/2528/2454
f 294/2527/2453 95/2528/2454 295/2529/2455
f 295/2529/2455 95/2528/2454 94/2530/2456
f 295/2529/2455 94/2530/2456 296/2531/2457
f 296/2531/2457 94/2530/2456 93/2532/2458
f 296/2531/2457 93/2532/2458 297/2533/2459
f 297/2533/2459 93/2532/2458 92/2534/2460
f 297/2533/2459 92/2534/2460 298/2535/2461
f 298/2535/2461 92/2534/2460 91/2536/2462
f 298/2535/2461 91/2536/2462 299/2537/2463
f 299/2537/2463 91/2536/2462 90/2538/2464
f 299/2537/2463 90/2538/2464 300/2539/2465
f 300/2539/2465 90/2538/2464 89/2540/2466
f 300/2539/2465 89/2540/2466 301/2541/2467
f 301/2541/2467 89/2540/2466 88/2542/2468
f 301/2541/2467 88/2542/2468 302/2543/2469
f 302/2543/2469 88/2542/2468 87/2544/2470
f 302/2543/2469 87/2544/2470 303/2545/2471
f 303/2545/2471 87/2544/2470 86/2546/2472
f 303/2545/2471 86/2546/2472 304/2547/2473
f 304/2547/2473 86/2546/2472 85/2548/2474
f 304/2547/2473 85/2548/2474 305/2549/2475
f 305/2549/2475 85/2548/2474 84/2550/2476
f 305/2549/2475 84/2550/2476 306/2501/2429
f 306/2501/2429 84/2550/2476 83/2502/2430
f 330/2551/2477 119/2552/2478 307/2553/2479
f 307/2553/2479 119/2552/2478 118/2554/2480
f 307/2553/2479 118/2554/2480 308/2555/2481
f 308/2555/2481 118/2554/2480 117/2556/2482
f 308/2555/2481 117/2556/2482 309/2557/2483
f 309/2557/2483 117/2556/2482 116/2558/2484
f 309/2557/2483 116/2558/2484 310/2559/2485
f 310/2559/2485 116/2558/2484 115/2560/2486
f 310/2559/2485 115/2560/2486 311/2561/2487
f 311/2561/2487 115/2560/2486 114/2562/2488
f 311/2561/2487 114/2562/2488 312/2563/2489
f 312/2563/2489 114/2562/2488 113/2564/2490
f 312/2563/2489 113/2564/2490 313/2565/2491
f 313/2565/2491 113/2564/2490 112/2566/2492
f 313/2565/2491 112/2566/2492 314/2567/2493
f 314/2567/2493 112/2566/2492 111/2568/2494
f 314/2567/2493 111/2568/2494 315/2569/2495
f 315/2569/2495 111/2568/2494 110/2570/2496
f 315/2569/2495 110/2570/2496 316/2571/2497
f 316/2571/2497 110/2570/2496 109/2572/2498
f 316/2571/2497 109/2572/2498 317/2573/2499
f 317/2573/2499 109/2572/2498 108/2574/2500
f 317/2573/2499 108/2574/2500 318/2575/2501
f 318/2575/2501 108/2574/2500 107/2576/2502
f 318/2575/2501 107/2576/2502 319/2577/2503
f 319/2577/2503 107/2576/2502 106/2578/2504
f 319/2579/2503 106/2580/2504 320/2581/2505
f 320/2581/2505 106/2580/2504 129/2582/2506
f 320/2581/2505 129/2582/2506 321/2583/2507
f 321/2583/2507 129/2582/2506 128/2584/2508
f 321/2583/2507 128/2584/2508 322/2585/2509
f 322/2585/2509 128/2584/2508 127/2586/2510
f 322/2585/2509 127/2586/2510 323/2587/2511
f 323/2587/2511 127/2586/2510 126/2588/2512
f 323/2587/2511 126/2588/2512 324/2589/2513
f 324/2589/2513 126/2588/2512 125/2590/2514
f 324/2589/2513 125/2590/2514 325/2591/2515
f 325/2591/2515 125/2590/2514 124/2592/2516
f 325/2591/2515 124/2592/2516 326/2593/2517
f 326/2593/2517 124/2592/2516 123/2594/2518
f 326/2593/2517 123/2594/2518 327/2595/2519
f 327/2595/2519 123/2594/2518 122/2596/2520
f 327/2595/2519 122/2596/2520 328/2597/2521
f 328/2597/2521 122/2596/2520 121/2598/2522
f 328/2597/2521 121/2598/2522 329/2599/2523
f 329/2599/2523 121/2598/2522 120/2600/2524
f 329/2599/2523 120/2600/2524 330/2551/2477
f 330/2551/2477 120/2600/2524 119/2552/2478
f 282/2601/2525 131/2602/2526 259/2603/2527
f 259/2603/2527 131/2602/2526 130/2604/2528
f 259/2605/2527 130/2606/2528 260/2607/2529
f 260/2607/2529 130/2606/2528 153/2608/2530
f 260/2607/2529 153/2608/2530 261/2609/2531
f 261/2609/2531 153/2608/2530 152/2610/2532
f 261/2609/2531 152/2610/2532 262/2611/2533
f 262/2611/2533 152/2610/2532 151/2612/2534
f 262/2611/2533 151/2612/2534 263/2613/2535
f 263/2613/2535 151/2612/2534 150/2614/2536
f 263/2613/2535 150/2614/2536 264/2615/2537
f 264/2615/2537 150/2614/2536 149/2616/2538
f 264/2615/2537 149/2616/2538 265/2617/2539
f 265/2617/2539 149/2616/2538 148/2618/2540
f 265/2617/2539 148/2618/2540 266/2619/2541
f 266/2619/2541 148/2618/2540 147/2620/2542
f 266/2619/2541 147/2620/2542 267/2621/2543
f 267/2621/2543 147/2620/2542 146/2622/2544
f 267/2621/2543 146/2622/2544 268/2623/2545
f 268/2623/2545 146/2622/2544 145/2624/2546
f 268/2623/2545 145/2624/2546 269/2625/2547
f 269/2625/2547 145/2624/2546 144/2626/2548
f 269/2625/2547 144/2626/2548 270/2627/2549
f 270/2627/2549 144/2626/2548 143/2628/2550
f 270/2627/2549 143/2628/2550 271/2629/2551
f 271/2629/2551 143/2628/2550 142/2630/2552
f 271/2629/2551 142/2630/2552 272/2631/2553
f 272/2631/2553 142/2630/2552 141/2632/2554
f 272/2631/2553 141/2632/2554 273/2633/2555
f 273/2633/2555 141/2632/2554 140/2634/2556
f 273/2633/2555 140/2634/2556 274/2635/2557
f 274/2635/2557 140/2634/2556 139/2636/2558
f 274/2635/2557 139/2636/2558 275/2637/2559
f 275/2637/2559 139/2636/2558 138/2638/2560
f 275/2637/2559 138/2638/2560 276/2639/2561
f 276/2639/2561 138/2638/2560 137/2640/2562
f 276/2639/2561 137/2640/2562 277/2641/2563
f 277/2641/2563 137/2640/2562 136/2642/2564
f 277/2641/2563 136/2642/2564 278/2643/2565
f 278/2643/2565 136/2642/2564 135/2644/2566
f 278/2643/2565 135/2644/2566 279/2645/2567
f 279/2645/2567 135/2644/2566 134/2646/2568
f 279/2645/2567 134/2646/2568 280/2647/2569
f 280/2647/2569 134/2646/2568 133/2648/2570
f 280/2647/2569 133/2648/2570 281/2649/2571
f 281/2649/2571 133/2648/2570 132/2650/2572
f 281/2649/2571 132/2650/2572 282/2601/2525
f 282/2601/2525 132/2650/2572 131/2602/2526
f 1346/2651/2573 1345/2652/2574 1357/2653/2575
f 1357/2653/2575 1345/2652/2574 1344/2654/2576
f 1357/2653/2575 1344/2654/2576 1356/2655/2577
f 1356/2655/2577 1344/2654/2576 1343/2656/2578
f 1356/2655/2577 1343/2656/2578 1355/2657/2579
f 1355/2657/2579 1343/2656/2578 1342/2658/2580
f 1355/2657/2579 1342/2658/2580 1354/2659/2581
f 1354/2659/2581 1342/2658/2580 1341/2660/2582
f 1354/2659/2581 1341/2660/2582 1353/2661/2583
f 1353/2661/2583 1341/2660/2582 1340/2662/2584
f 1353/2661/2583 1340/2662/2584 1352/2663/2585
f 1352/2663/2585 1340/2662/2584 1339/2664/2586
f 1352/2663/2585 1339/2664/2586 1351/2665/2587
f 1351/2665/2587 1339/2664/2586 1338/2666/2588
f 1351/2665/2587 1338/2666/2588 1350/2667/2589
f 1350/2667/2589 1338/2666/2588 1337/2668/2590
f 1350/2667/2589 1337/2668/2590 1349/2669/2591
f 1349/2669/2591 1337/2668/2590 1336/2670/2592
f 1349/2669/2591 1336/2670/2592 1348/2671/2593
f 1348/2671/2593 1336/2670/2592 1335/2672/2594
f 1348/2671/2593 1335/2672/2594 1347/2673/2595
f 1347/2673/2595 1335/2672/2594 1334/2674/2596
f 1347/2673/2595 1334/2674/2596 1333/2675/2597
f 1288/2676/2598 1287/2677/2599 1368/2678/2600
f 1368/2678/2600 1287/2677/2599 1286/2679/2601
f 1368/2678/2600 1286/2679/2601 1367/2680/2602
f 1367/2680/2602 1286/2679/2601 1285/2681/2603
f 1367/2680/2602 1285/2681/2603 1366/2682/2604
f 1366/2682/2604 1285/2681/2603 1284/2683/2605
f 1366/2682/2604 1284/2683/2605 1365/2684/2606
f 1365/2684/2606 1284/2683/2605 1283/2685/2607
f 1365/2684/2606 1283/2685/2607 1364/2686/2608
f 1364/2686/2608 1283/2685/2607 1282/2687/2609
f 1364/2686/2608 1282/2687/2609 1363/2688/2610
f 1363/2688/2610 1282/2687/2609 1281/2689/2611
f 1363/2688/2610 1281/2689/2611 1362/2690/2612
f 1362/2690/2612 1281/2689/2611 1280/2691/2613
f 1362/2690/2612 1280/2691/2613 1361/2692/2614
f 1361/2692/2614 1280/2691/2613 1279/2693/2615
f 1361/2692/2614 1279/2693/2615 1360/2694/2616
f 1360/2694/2616 1279/2693/2615 1278/2695/2617
f 1360/2694/2616 1278/2695/2617 1359/2696/2618
f 1359/2696/2618 1278/2695/2617 1277/2697/2619
f 1359/2696/2618 1277/2697/2619 1358/2698/2620
f 1358/2698/2620 1277/2697/2619 1276/2699/2621
f 1358/2698/2620 1276/2699/2621 1275/2700/2622
f 1302/2701/2623 1301/2702/2624 1379/2703/2625
f 1379/2703/2625 1301/2702/2624 1300/2704/2626
f 1379/2703/2625 1300/2704/2626 1378/2705/2627
f 1378/2705/2627 1300/2704/2626 1299/2706/2628
f 1378/2705/2627 1299/2706/2628 1377/2707/2629
f 1377/2707/2629 1299/2706/2628 1298/2708/2630
f 1377/2707/2629 1298/2708/2630 1376/2709/2631
f 1376/2709/2631 1298/2708/2630 1297/2710/2632
f 1376/2709/2631 1297/2710/2632 1375/2711/2633
f 1375/2711/2633 1297/2710/2632 1296/2712/2634
f 1375/2711/2633 1296/2712/2634 1374/2713/2635
f 1374/2713/2635 1296/2712/2634 1295/2714/2636
f 1374/2713/2635 1295/2714/2636 1373/2715/2637
f 1373/2715/2637 1295/2714/2636 1294/2716/2638
f 1373/2715/2637 1294/2716/2638 1372/2717/2639
f 1372/2717/2639 1294/2716/2638 1293/2718/2640
f 1372/2717/2639 1293/2718/2640 1371/2719/2641
f 1371/2719/2641 1293/2718/2640 1292/2720/2642
f 1371/2719/2641 1292/2720/2642 1370/2721/2643
f 1370/2721/2643 1292/2720/2642 1291/2722/2644
f 1370/2721/2643 1291/2722/2644 1369/2723/2645
f 1369/2723/2645 1291/2722/2644 1290/2724/2646
f 1369/2723/2645 1290/2724/2646 1289/2725/2647
f 1332/2726/2648 1331/2727/2649 1393/2728/2650
f 1393/2728/2650 1331/2727/2649 1392/2729/2651
f 1392/2729/2651 1331/2727/2649 1330/2730/2652
f 1392/2729/2651 1330/2730/2652 1391/2731/2653
f 1391/2731/2653 1330/2730/2652 1329/2732/2654
f 1391/2731/2653 1329/2732/2654 1390/2733/2655
f 1390/2733/2655 1329/2732/2654 1328/2734/2656
f 1390/2733/2655 1328/2734/2656 1389/2735/2657
f 1389/2735/2657 1328/2734/2656 1327/2736/2658
f 1389/2735/2657 1327/2736/2658 1388/2737/2659
f 1388/2737/2659 1327/2736/2658 1326/2738/2660
f 1388/2737/2659 1326/2738/2660 1387/2739/2661
f 1387/2739/2661 1326/2738/2660 1325/2740/2662
f 1387/2739/2661 1325/2740/2662 1386/2741/2663
f 1386/2741/2663 1325/2740/2662 1324/2742/2664
f 1386/2741/2663 1324/2742/2664 1323/2743/2665
f 1386/2741/2663 1323/2743/2665 1385/2744/2666
f 1385/2744/2666 1323/2743/2665 1322/2745/2667
f 1385/2744/2666 1322/2745/2667 1384/2746/2668
f 1384/2746/2668 1322/2745/2667 1321/2747/2669
f 1384/2746/2668 1321/2747/2669 1383/2748/2670
f 1383/2748/2670 1321/2747/2669 1320/2749/2671
f 1383/2748/2670 1320/2749/2671 1382/2750/2672
f 1382/2750/2672 1320/2749/2671 1319/2751/2673
f 1382/2750/2672 1319/2751/2673 1381/2752/2674
f 1381/2752/2674 1319/2751/2673 1318/2753/2675
f 1381/2752/2674 1318/2753/2675 1380/2754/2676
f 1380/2754/2676 1318/2753/2675 1317/2755/2677
f 1316/2756/2678 1315/2757/2679 1404/2758/2680
f 1404/2758/2680 1315/2757/2679 1314/2759/2681
f 1404/2758/2680 1314/2759/2681 1403/2760/2682
f 1403/2760/2682 1314/2759/2681 1313/2761/2683
f 1403/2760/2682 1313/2761/2683 1402/2762/2684
f 1402/2762/2684 1313/2761/2683 1312/2763/2685
f 1402/2762/2684 1312/2763/2685 1401/2764/2686
f 1401/2764/2686 1312/2763/2685 1311/2765/2687
f 1401/2764/2686 1311/2765/2687 1400/2766/2688
f 1400/2766/2688 1311/2765/2687 1310/2767/2689
f 1400/2766/2688 1310/2767/2689 1399/2768/2690
f 1399/2768/2690 1310/2767/2689 1309/2769/2691
f 1399/2768/2690 1309/2769/2691 1398/2770/2692
f 1398/2770/2692 1309/2769/2691 1308/2771/2693
f 1398/2770/2692 1308/2771/2693 1397/2772/2694
f 1397/2772/2694 1308/2771/2693 1307/2773/2695
f 1397/2772/2694 1307/2773/2695 1396/2774/2696
f 1396/2774/2696 1307/2773/2695 1306/2775/2697
f 1396/2774/2696 1306/2775/2697 1395/2776/2698
f 1395/2776/2698 1306/2775/2697 1305/2777/2699
f 1395/2776/2698 1305/2777/2699 1394/2778/2700
f 1394/2778/2700 1305/2777/2699 1304/2779/2701
f 1394/2778/2700 1304/2779/2701 1303/2780/2702
f 1406/2781/2703 1491/2782/2704 1405/2783/2705
f 1405/2783/2705 1491/2782/2704 1492/2784/2706
f 1405/2783/2705 1492/2784/2706 1428/2785/2707
f 1428/2785/2707 1492/2784/2706 1493/2786/2708
f 1428/2785/2707 1493/2786/2708 1427/2787/2709
f 1427/2787/2709 1493/2786/2708 1426/2788/2710
f 1426/2788/2710 1493/2786/2708 1494/2789/2711
f 1426/2788/2710 1494/2789/2711 1425/2790/2712
f 1425/2790/2712 1494/2789/2711 1495/2791/2713
f 1425/2790/2712 1495/2791/2713 1550/2792/2714
f 1550/2792/2714 1495/2791/2713 1549/2793/2715
f 1549/2793/2715 1495/2791/2713 1548/2794/2716
f 1548/2794/2716 1495/2791/2713 1496/2795/2717
f 1548/2794/2716 1496/2795/2717 1439/2796/2718
f 1439/2796/2718 1496/2795/2717 1438/2797/2719
f 1438/2797/2719 1496/2795/2717 1497/2798/2720
f 1438/2797/2719 1497/2798/2720 1437/2799/2721
f 1437/2799/2721 1497/2798/2720 1498/2800/2722
f 1437/2799/2721 1498/2800/2722 1436/2801/2723
f 1436/2801/2723 1498/2800/2722 1435/2802/2724
f 1435/2802/2724 1498/2800/2722 1499/2803/2725
f 1435/2802/2724 1499/2803/2725 1434/2804/2726
f 1434/2804/2726 1499/2803/2725 1500/2805/2727
f 1434/2804/2726 1500/2805/2727 1433/2806/2728
f 1433/2806/2728 1500/2805/2727 1432/2807/2729
f 1432/2807/2729 1500/2805/2727 1501/2808/2730
f 1432/2807/2729 1501/2808/2730 1431/2809/2731
f 1431/2809/2731 1501/2808/2730 1502/2810/2732
f 1431/2809/2731 1502/2810/2732 1537/2811/2733
f 1537/2811/2733 1502/2810/2732 1536/2812/2734
f 1536/2812/2734 1502/2810/2732 1503/2813/2735
f 1536/2812/2734 1503/2813/2735 1535/2814/2736
f 1535/2814/2736 1503/2813/2735 1469/2815/2737
f 1535/2814/2736 1469/2815/2737 1470/2816/2738
f 1491/2782/2704 1406/2781/2703 1490/2817/2739
f 1490/2817/2739 1406/2781/2703 1407/2818/2740
f 1490/2817/2739 1407/2818/2740 1408/2819/2741
f 1490/2817/2739 1408/2819/2741 1489/2820/2742
f 1489/2820/2742 1408/2819/2741 1409/2821/2743
f 1489/2820/2742 1409/2821/2743 1488/2822/2744
f 1488/2822/2744 1409/2821/2743 1560/2823/2745
f 1488/2822/2744 1560/2823/2745 1561/2824/2746
f 1409/2821/2743 1410/2825/2747 1560/2823/2745
f 1560/2823/2745 1410/2825/2747 1559/2826/2748
f 1559/2826/2748 1410/2825/2747 1411/2827/2749
f 1559/2826/2748 1411/2827/2749 1558/2828/2750
f 1558/2828/2750 1411/2827/2749 1412/2829/2751
f 1558/2828/2750 1412/2829/2751 1413/2830/2752
f 1558/2828/2750 1413/2830/2752 1557/2831/2753
f 1557/2831/2753 1413/2830/2752 1414/2832/2754
f 1557/2831/2753 1414/2832/2754 1556/2833/2755
f 1556/2833/2755 1414/2832/2754 1415/2834/2756
f 1556/2833/2755 1415/2834/2756 1416/2835/2757
f 1556/2833/2755 1416/2835/2757 1555/2836/2758
f 1555/2836/2758 1416/2835/2757 1417/2837/2759
f 1555/2836/2758 1417/2837/2759 1418/2838/2760
f 1555/2836/2758 1418/2838/2760 1554/2839/2761
f 1554/2839/2761 1418/2838/2760 1419/2840/2762
f 1554/2839/2761 1419/2840/2762 1420/2841/2763
f 1554/2839/2761 1420/2841/2763 1553/2842/2764
f 1553/2842/2764 1420/2841/2763 1421/2843/2765
f 1553/2842/2764 1421/2843/2765 1552/2844/2766
f 1552/2844/2766 1421/2843/2765 1422/2845/2767
f 1552/2844/2766 1422/2845/2767 1423/2846/2768
f 1552/2844/2766 1423/2846/2768 1551/2847/2769
f 1551/2847/2769 1423/2846/2768 1424/2848/2770
f 1551/2847/2769 1424/2848/2770 1550/2792/2714
f 1550/2792/2714 1424/2848/2770 1425/2790/2712
f 1430/2849/2771 1538/2850/2772 1429/2851/2773
f 1429/2851/2773 1538/2850/2772 1539/2852/2774
f 1429/2851/2773 1539/2852/2774 1452/2853/2775
f 1452/2853/2775 1539/2852/2774 1540/2854/2776
f 1452/2853/2775 1540/2854/2776 1451/2855/2777
f 1451/2855/2777 1540/2854/2776 1541/2856/2778
f 1451/2855/2777 1541/2856/2778 1450/2857/2779
f 1450/2857/2779 1541/2856/2778 1449/2858/2780
f 1449/2858/2780 1541/2856/2778 1542/2859/2781
f 1449/2858/2780 1542/2859/2781 1448/2860/2782
f 1448/2860/2782 1542/2859/2781 1447/2861/2783
f 1447/2861/2783 1542/2859/2781 1543/2862/2784
f 1447/2861/2783 1543/2862/2784 1446/2863/2785
f 1446/2863/2785 1543/2862/2784 1445/2864/2786
f 1445/2864/2786 1543/2862/2784 1544/2865/2787
f 1445/2864/2786 1544/2865/2787 1444/2866/2788
f 1444/2866/2788 1544/2865/2787 1443/2867/2789
f 1443/2867/2789 1544/2865/2787 1545/2868/2790
f 1443/2867/2789 1545/2868/2790 1442/2869/2791
f 1442/2869/2791 1545/2868/2790 1546/2870/2792
f 1442/2869/2791 1546/2870/2792 1441/2871/2793
f 1441/2871/2793 1546/2870/2792 1547/2872/2794
f 1441/2871/2793 1547/2872/2794 1440/2873/2795
f 1440/2873/2795 1547/2872/2794 1548/2794/2716
f 1440/2873/2795 1548/2794/2716 1439/2796/2718
f 1538/2850/2772 1430/2849/2771 1537/2811/2733
f 1537/2811/2733 1430/2849/2771 1431/2809/2731
f 1476/2874/2796 1453/2875/2797 1530/2876/2798
f 1530/2876/2798 1453/2875/2797 1454/2877/2799
f 1530/2876/2798 1454/2877/2799 1579/2878/2800
f 1579/2878/2800 1454/2877/2799 1455/2879/2801
f 1579/2878/2800 1455/2879/2801 1456/2880/2802
f 1579/2878/2800 1456/2880/2802 1578/2881/2803
f 1578/2881/2803 1456/2880/2802 1457/2882/2804
f 1578/2881/2803 1457/2882/2804 1577/2883/2805
f 1577/2883/2805 1457/2882/2804 1458/2884/2806
f 1577/2883/2805 1458/2884/2806 1459/2885/2807
f 1577/2883/2805 1459/2885/2807 1576/2886/2808
f 1576/2886/2808 1459/2885/2807 1460/2887/2809
f 1576/2886/2808 1460/2887/2809 1575/2888/2810
f 1575/2888/2810 1460/2887/2809 1461/2889/2811
f 1575/2888/2810 1461/2889/2811 1480/2890/2812
f 1480/2890/2812 1461/2889/2811 1479/2891/2813
f 1479/2891/2813 1461/2889/2811 1462/2892/2814
f 1479/2891/2813 1462/2892/2814 1463/2893/2815
f 1479/2891/2813 1463/2893/2815 1478/2894/2816
f 1478/2894/2816 1463/2893/2815 1464/2895/2817
f 1478/2894/2816 1464/2895/2817 1477/2896/2818
f 1477/2896/2818 1464/2895/2817 1465/2897/2819
f 1477/2896/2818 1465/2897/2819 1466/2898/2820
f 1477/2896/2818 1466/2898/2820 1505/2899/2821
f 1505/2899/2821 1466/2898/2820 1467/2900/2822
f 1505/2899/2821 1467/2900/2822 1504/2901/2823
f 1504/2901/2823 1467/2900/2822 1468/2902/2824
f 1504/2901/2823 1468/2902/2824 1469/2815/2737
f 1535/2814/2736 1470/2816/2738 1534/2903/2825
f 1534/2903/2825 1470/2816/2738 1471/2904/2826
f 1534/2903/2825 1471/2904/2826 1533/2905/2827
f 1533/2905/2827 1471/2904/2826 1472/2906/2828
f 1533/2905/2827 1472/2906/2828 1473/2907/2829
f 1533/2905/2827 1473/2907/2829 1532/2908/2830
f 1532/2908/2830 1473/2907/2829 1474/2909/2831
f 1532/2908/2830 1474/2909/2831 1531/2910/2832
f 1531/2910/2832 1474/2909/2831 1475/2911/2833
f 1531/2910/2832 1475/2911/2833 1476/2874/2796
f 1531/2910/2832 1476/2874/2796 1530/2876/2798
f 1575/2888/2810 1480/2890/2812 1574/2912/2834
f 1574/2912/2834 1480/2890/2812 1481/2913/2835
f 1574/2912/2834 1481/2913/2835 1573/2914/2836
f 1573/2914/2836 1481/2913/2835 1528/2915/2837
f 1573/2914/2836 1528/2915/2837 1529/2916/2838
f 1481/2913/2835 1482/2917/2839 1528/2915/2837
f 1528/2915/2837 1482/2917/2839 1527/2918/2840
f 1527/2918/2840 1482/2917/2839 1483/2919/2841
f 1527/2918/2840 1483/2919/2841 1526/2920/2842
f 1526/2920/2842 1483/2919/2841 1525/2921/2843
f 1525/2921/2843 1483/2919/2841 1484/2922/2844
f 1525/2921/2843 1484/2922/2844 1524/2923/2845
f 1524/2923/2845 1484/2922/2844 1485/2924/2846
f 1524/2923/2845 1485/2924/2846 1523/2925/2847
f 1523/2925/2847 1485/2924/2846 1522/2926/2848
f 1522/2926/2848 1485/2924/2846 1486/2927/2849
f 1522/2926/2848 1486/2927/2849 1521/2928/2850
f 1521/2928/2850 1486/2927/2849 1487/2929/2851
f 1521/2928/2850 1487/2929/2851 1520/2930/2852
f 1520/2930/2852 1487/2929/2851 1562/2931/2853
f 1520/2930/2852 1562/2931/2853 1519/2932/2854
f 1519/2932/2854 1562/2931/2853 1563/2933/2855
f 1519/2932/2854 1563/2933/2855 1518/2934/2856
f 1518/2934/2856 1563/2933/2855 1564/2935/2857
f 1518/2934/2856 1564/2935/2857 1517/2936/2858
f 1517/2936/2858 1564/2935/2857 1565/2937/2859
f 1517/2936/2858 1565/2937/2859 1516/2938/2860
f 1516/2938/2860 1565/2937/2859 1566/2939/2861
f 1516/2938/2860 1566/2939/2861 1515/2940/2862
f 1515/2940/2862 1566/2939/2861 1514/2941/2863
f 1514/2941/2863 1566/2939/2861 1567/2942/2864
f 1514/2941/2863 1567/2942/2864 1513/2943/2865
f 1513/2943/2865 1567/2942/2864 1512/2944/2866
f 1512/2944/2866 1567/2942/2864 1568/2945/2867
f 1512/2944/2866 1568/2945/2867 1511/2946/2868
f 1511/2946/2868 1568/2945/2867 1510/2947/2869
f 1510/2947/2869 1568/2945/2867 1569/2948/2870
f 1510/2947/2869 1569/2948/2870 1509/2949/2871
f 1509/2949/2871 1569/2948/2870 1508/2950/2872
f 1508/2950/2872 1569/2948/2870 1570/2951/2873
f 1508/2950/2872 1570/2951/2873 1507/2952/2874
f 1507/2952/2874 1570/2951/2873 1571/2953/2875
f 1507/2952/2874 1571/2953/2875 1506/2954/2876
f 1506/2954/2876 1571/2953/2875 1572/2955/2877
f 1506/2954/2876 1572/2955/2877 1529/2916/2838
f 1529/2916/2838 1572/2955/2877 1573/2914/2836
f 1487/2929/2851 1488/2822/2744 1562/2931/2853
f 1562/2931/2853 1488/2822/2744 1561/2824/2746
f 1503/2813/2735 1504/2901/2823 1469/2815/2737
f 1394/2956/2878 1303/2957/2879 1511/2958/2880
f 1511/2958/2880 1303/2957/2879 1190/2959/2881
f 1511/2958/2880 1190/2959/2881 1512/2960/2882
f 1512/2960/2882 1190/2959/2881 1189/2961/2883
f 1512/2960/2882 1189/2961/2883 1513/2962/2884
f 1513/2962/2884 1189/2961/2883 1188/2963/2885
f 1513/2962/2884 1188/2963/2885 1514/2964/2886
f 1514/2964/2886 1188/2963/2885 1187/2965/2887
f 1514/2964/2886 1187/2965/2887 1515/2966/2888
f 1515/2966/2888 1187/2965/2887 1186/2967/2889
f 1515/2966/2888 1186/2967/2889 1516/2968/2890
f 1516/2968/2890 1186/2967/2889 1185/2969/2891
f 1516/2968/2890 1185/2969/2891 1517/2970/2892
f 1517/2970/2892 1185/2969/2891 1184/2971/2893
f 1517/2970/2892 1184/2971/2893 1518/2972/2894
f 1518/2972/2894 1184/2971/2893 1183/2973/2895
f 1518/2972/2894 1183/2973/2895 1519/2974/2896
f 1519/2974/2896 1183/2973/2895 1182/2975/2897
f 1519/2974/2896 1182/2975/2897 1520/2976/2898
f 1520/2976/2898 1182/2975/2897 1181/2977/2899
f 1520/2976/2898 1181/2977/2899 1521/2978/2900
f 1521/2978/2900 1181/2977/2899 1180/2979/2901
f 1521/2978/2900 1180/2979/2901 1522/2980/2902
f 1522/2980/2902 1180/2979/2901 1179/2981/2903
f 1522/2980/2902 1179/2981/2903 1523/2982/2904
f 1523/2982/2904 1179/2981/2903 1178/2983/2905
f 1523/2982/2904 1178/2983/2905 1524/2984/2906
f 1524/2984/2906 1178/2983/2905 1177/2985/2907
f 1524/2984/2906 1177/2985/2907 1525/2986/2908
f 1525/2986/2908 1177/2985/2907 1316/2987/2909
f 1525/2986/2908 1316/2987/2909 1404/2988/2910
f 1525/2986/2908 1404/2988/2910 1526/2989/2911
f 1526/2989/2911 1404/2988/2910 1403/2990/2912
f 1526/2989/2911 1403/2990/2912 1527/2991/2913
f 1527/2991/2913 1403/2990/2912 1402/2992/2914
f 1527/2991/2913 1402/2992/2914 1528/2993/2915
f 1528/2993/2915 1402/2992/2914 1401/2994/2916
f 1528/2993/2915 1401/2994/2916 1529/2995/2917
f 1529/2995/2917 1401/2994/2916 1400/2996/2918
f 1529/2995/2917 1400/2996/2918 1506/2997/2919
f 1506/2997/2919 1400/2996/2918 1399/2998/2920
f 1506/2999/2919 1399/3000/2920 1398/3001/2921
f 1506/2999/2919 1398/3001/2921 1507/3002/2922
f 1507/3002/2922 1398/3001/2921 1397/3003/2923
f 1507/3002/2922 1397/3003/2923 1508/3004/2924
f 1508/3004/2924 1397/3003/2923 1396/3005/2925
f 1508/3004/2924 1396/3005/2925 1509/3006/2926
f 1509/3006/2926 1396/3005/2925 1395/3007/2927
f 1509/3006/2926 1395/3007/2927 1510/3008/2928
f 1510/3008/2928 1395/3007/2927 1394/2956/2878
f 1510/3008/2928 1394/2956/2878 1511/2958/2880
f 1380/3009/2929 1317/3010/2930 1484/3011/2931
f 1484/3011/2931 1317/3010/2930 1162/3012/2932
f 1484/3011/2931 1162/3012/2932 1485/3013/2933
f 1485/3013/2933 1162/3012/2932 1161/3014/2934
f 1485/3013/2933 1161/3014/2934 1486/3015/2935
f 1486/3015/2935 1161/3014/2934 1160/3016/2936
f 1486/3015/2935 1160/3016/2936 1487/3017/2937
f 1487/3017/2937 1160/3016/2936 1159/3018/2938
f 1487/3017/2937 1159/3018/2938 1488/3019/2939
f 1488/3019/2939 1159/3018/2938 1158/3020/2940
f 1488/3019/2939 1158/3020/2940 1489/3021/2941
f 1489/3021/2941 1158/3020/2940 1157/3022/2942
f 1489/3021/2941 1157/3022/2942 1490/3023/2943
f 1490/3023/2943 1157/3022/2942 1156/3024/2944
f 1490/3023/2943 1156/3024/2944 1491/3025/2945
f 1491/3025/2945 1156/3024/2944 1155/3026/2946
f 1491/3025/2945 1155/3026/2946 1492/3027/2947
f 1492/3027/2947 1155/3026/2946 1154/3028/2948
f 1492/3027/2947 1154/3028/2948 1153/3029/2949
f 1492/3027/2947 1153/3029/2949 1493/3030/2950
f 1493/3030/2950 1153/3029/2949 1152/3031/2951
f 1493/3030/2950 1152/3031/2951 1494/3032/2952
f 1494/3032/2952 1152/3031/2951 1151/3033/2953
f 1494/3032/2952 1151/3033/2953 1495/3034/2954
f 1495/3034/2954 1151/3033/2953 1150/3035/2955
f 1495/3034/2954 1150/3035/2955 1496/3036/2956
f 1496/3036/2956 1150/3035/2955 1149/3037/2957
f 1496/3036/2956 1149/3037/2957 1497/3038/2958
f 1497/3038/2958 1149/3037/2957 1148/3039/2959
f 1497/3038/2958 1148/3039/2959 1498/3040/2960
f 1498/3040/2960 1148/3039/2959 1147/3041/2961
f 1498/3040/2960 1147/3041/2961 1499/3042/2962
f 1499/3042/2962 1147/3041/2961 1332/3043/2963
f 1499/3042/2962 1332/3043/2963 1393/3044/2964
f 1499/3042/2962 1393/3044/2964 1500/3045/2965
f 1500/3045/2965 1393/3044/2964 1392/3046/2966
f 1500/3045/2965 1392/3046/2966 1501/3047/2967
f 1501/3047/2967 1392/3046/2966 1391/3048/2968
f 1501/3047/2967 1391/3048/2968 1502/3049/2969
f 1502/3049/2969 1391/3048/2968 1390/3050/2970
f 1502/3049/2969 1390/3050/2970 1503/3051/2971
f 1503/3051/2971 1390/3050/2970 1389/3052/2972
f 1503/3051/2971 1389/3052/2972 1504/3053/2973
f 1504/3053/2973 1389/3052/2972 1388/3054/2974
f 1504/3053/2973 1388/3054/2974 1505/3055/2975
f 1505/3055/2975 1388/3054/2974 1387/3056/2976
f 1505/3055/2975 1387/3056/2976 1477/3057/2977
f 1477/3058/2977 1387/3059/2976 1386/3060/2978
f 1477/3058/2977 1386/3060/2978 1478/3061/2979
f 1478/3061/2979 1386/3060/2978 1385/3062/2980
f 1478/3061/2979 1385/3062/2980 1479/3063/2981
f 1479/3063/2981 1385/3062/2980 1384/3064/2982
f 1479/3063/2981 1384/3064/2982 1480/3065/2983
f 1480/3065/2983 1384/3064/2982 1383/3066/2984
f 1480/3065/2983 1383/3066/2984 1481/3067/2985
f 1481/3067/2985 1383/3066/2984 1382/3068/2986
f 1481/3067/2985 1382/3068/2986 1482/3069/2987
f 1482/3069/2987 1382/3068/2986 1381/3070/2988
f 1482/3069/2987 1381/3070/2988 1483/3071/2989
f 1483/3071/2989 1381/3070/2988 1380/3009/2929
f 1483/3071/2989 1380/3009/2929 1484/3011/2931
f 1369/3072/2990 1289/3073/2991 1458/3074/2992
f 1458/3074/2992 1289/3073/2991 1135/3075/2993
f 1458/3074/2992 1135/3075/2993 1459/3076/2994
f 1459/3076/2994 1135/3075/2993 1134/3077/2995
f 1459/3076/2994 1134/3077/2995 1460/3078/2996
f 1460/3078/2996 1134/3077/2995 1133/3079/2997
f 1460/3078/2996 1133/3079/2997 1461/3080/2998
f 1461/3080/2998 1133/3079/2997 1132/3081/2999
f 1461/3080/2998 1132/3081/2999 1462/3082/3000
f 1462/3082/3000 1132/3081/2999 1131/3083/3001
f 1462/3082/3000 1131/3083/3001 1463/3084/3002
f 1463/3084/3002 1131/3083/3001 1130/3085/3003
f 1463/3084/3002 1130/3085/3003 1464/3086/3004
f 1464/3086/3004 1130/3085/3003 1129/3087/3005
f 1464/3086/3004 1129/3087/3005 1465/3088/3006
f 1465/3088/3006 1129/3087/3005 1128/3089/3007
f 1465/3088/3006 1128/3089/3007 1466/3090/3008
f 1466/3090/3008 1128/3089/3007 1127/3091/3009
f 1466/3090/3008 1127/3091/3009 1467/3092/3010
f 1467/3092/3010 1127/3091/3009 1126/3093/3011
f 1467/3092/3010 1126/3093/3011 1468/3094/3012
f 1468/3094/3012 1126/3093/3011 1125/3095/3013
f 1468/3094/3012 1125/3095/3013 1469/3096/3014
f 1469/3096/3014 1125/3095/3013 1124/3097/3015
f 1469/3096/3014 1124/3097/3015 1470/3098/3016
f 1470/3098/3016 1124/3097/3015 1123/3099/3017
f 1470/3098/3016 1123/3099/3017 1471/3100/3018
f 1471/3100/3018 1123/3099/3017 1122/3101/3019
f 1471/3100/3018 1122/3101/3019 1472/3102/3020
f 1472/3102/3020 1122/3101/3019 1302/3103/3021
f 1472/3102/3020 1302/3103/3021 1379/3104/3022
f 1472/3102/3020 1379/3104/3022 1473/3105/3023
f 1473/3105/3023 1379/3104/3022 1378/3106/3024
f 1473/3105/3023 1378/3106/3024 1474/3107/3025
f 1474/3107/3025 1378/3106/3024 1377/3108/3026
f 1474/3107/3025 1377/3108/3026 1475/3109/3027
f 1475/3109/3027 1377/3108/3026 1376/3110/3028
f 1475/3109/3027 1376/3110/3028 1476/3111/3029
f 1476/3111/3029 1376/3110/3028 1375/3112/3030
f 1476/3111/3029 1375/3112/3030 1453/3113/3031
f 1453/3113/3031 1375/3112/3030 1374/3114/3032
f 1453/3115/3031 1374/3116/3032 1373/3117/3033
f 1453/3115/3031 1373/3117/3033 1454/3118/3034
f 1454/3118/3034 1373/3117/3033 1372/3119/3035
f 1454/3118/3034 1372/3119/3035 1455/3120/3036
f 1455/3120/3036 1372/3119/3035 1371/3121/3037
f 1455/3120/3036 1371/3121/3037 1456/3122/3038
f 1456/3122/3038 1371/3121/3037 1370/3123/3039
f 1456/3122/3038 1370/3123/3039 1457/3124/3040
f 1457/3124/3040 1370/3123/3039 1369/3072/2990
f 1457/3124/3040 1369/3072/2990 1458/3074/2992
f 1358/3125/3041 1275/3126/3042 1434/3127/3043
f 1434/3127/3043 1275/3126/3042 1110/3128/3044
f 1434/3127/3043 1110/3128/3044 1435/3129/3045
f 1435/3129/3045 1110/3128/3044 1109/3130/3046
f 1435/3129/3045 1109/3130/3046 1436/3131/3047
f 1436/3131/3047 1109/3130/3046 1108/3132/3048
f 1436/3131/3047 1108/3132/3048 1437/3133/3049
f 1437/3133/3049 1108/3132/3048 1107/3134/3050
f 1437/3133/3049 1107/3134/3050 1438/3135/3051
f 1438/3135/3051 1107/3134/3050 1106/3136/3052
f 1438/3135/3051 1106/3136/3052 1439/3137/3053
f 1439/3137/3053 1106/3136/3052 1105/3138/3054
f 1439/3137/3053 1105/3138/3054 1440/3139/3055
f 1440/3139/3055 1105/3138/3054 1104/3140/3056
f 1440/3139/3055 1104/3140/3056 1441/3141/3057
f 1441/3141/3057 1104/3140/3056 1103/3142/3058
f 1441/3141/3057 1103/3142/3058 1442/3143/3059
f 1442/3143/3059 1103/3142/3058 1102/3144/3060
f 1442/3143/3059 1102/3144/3060 1443/3145/3061
f 1443/3145/3061 1102/3144/3060 1101/3146/3062
f 1443/3145/3061 1101/3146/3062 1444/3147/3063
f 1444/3147/3063 1101/3146/3062 1100/3148/3064
f 1444/3147/3063 1100/3148/3064 1445/3149/3065
f 1445/3149/3065 1100/3148/3064 1099/3150/3066
f 1445/3149/3065 1099/3150/3066 1446/3151/3067
f 1446/3151/3067 1099/3150/3066 1098/3152/3068
f 1446/3151/3067 1098/3152/3068 1447/3153/3069
f 1447/3153/3069 1098/3152/3068 1097/3154/3070
f 1447/3153/3069 1097/3154/3070 1448/3155/3071
f 1448/3155/3071 1097/3154/3070 1288/3156/3072
f 1448/3155/3071 1288/3156/3072 1368/3157/3073
f 1448/3155/3071 1368/3157/3073 1449/3158/3074
f 1449/3158/3074 1368/3157/3073 1367/3159/3075
f 1449/3158/3074 1367/3159/3075 1450/3160/3076
f 1450/3160/3076 1367/3159/3075 1366/3161/3077
f 1450/3160/3076 1366/3161/3077 1451/3162/3078
f 1451/3162/3078 1366/3161/3077 1365/3163/3079
f 1451/3162/3078 1365/3163/3079 1452/3164/3080
f 1452/3164/3080 1365/3163/3079 1364/3165/3081
f 1452/3164/3080 1364/3165/3081 1429/3166/3082
f 1429/3166/3082 1364/3165/3081 1363/3167/3083
f 1429/3168/3082 1363/3169/3083 1362/3170/3084
f 1429/3168/3082 1362/3170/3084 1430/3171/3085
f 1430/3171/3085 1362/3170/3084 1361/3172/3086
f 1430/3171/3085 1361/3172/3086 1431/3173/3087
f 1431/3173/3087 1361/3172/3086 1360/3174/3088
f 1431/3173/3087 1360/3174/3088 1432/3175/3089
f 1432/3175/3089 1360/3174/3088 1359/3176/3090
f 1432/3175/3089 1359/3176/3090 1433/3177/3091
f 1433/3177/3091 1359/3176/3090 1358/3125/3041
f 1433/3177/3091 1358/3125/3041 1434/3127/3043
f 1347/3178/3092 1333/3179/3093 1410/3180/3094
f 1410/3180/3094 1333/3179/3093 1085/3181/3095
f 1410/3180/3094 1085/3181/3095 1411/3182/3096
f 1411/3182/3096 1085/3181/3095 1084/3183/3097
f 1411/3182/3096 1084/3183/3097 1412/3184/3098
f 1412/3184/3098 1084/3183/3097 1083/3185/3099
f 1412/3184/3098 1083/3185/3099 1413/3186/3100
f 1413/3186/3100 1083/3185/3099 1082/3187/3101
f 1413/3186/3100 1082/3187/3101 1414/3188/3102
f 1414/3188/3102 1082/3187/3101 1081/3189/3103
f 1414/3188/3102 1081/3189/3103 1415/3190/3104
f 1415/3190/3104 1081/3189/3103 1080/3191/3105
f 1415/3190/3104 1080/3191/3105 1416/3192/3106
f 1416/3192/3106 1080/3191/3105 1079/3193/3107
f 1416/3192/3106 1079/3193/3107 1417/3194/3108
f 1417/3194/3108 1079/3193/3107 1078/3195/3109
f 1417/3194/3108 1078/3195/3109 1418/3196/3110
f 1418/3196/3110 1078/3195/3109 1077/3197/3111
f 1418/3196/3110 1077/3197/3111 1419/3198/3112
f 1419/3198/3112 1077/3197/3111 1076/3199/3113
f 1419/3198/3112 1076/3199/3113 1420/3200/3114
f 1420/3200/3114 1076/3199/3113 1075/3201/3115
f 1420/3200/3114 1075/3201/3115 1421/3202/3116
f 1421/3202/3116 1075/3201/3115 1074/3203/3117
f 1421/3202/3116 1074/3203/3117 1422/3204/3118
f 1422/3204/3118 1074/3203/3117 1073/3205/3119
f 1422/3204/3118 1073/3205/3119 1423/3206/3120
f 1423/3206/3120 1073/3205/3119 1072/3207/3121
f 1423/3206/3120 1072/3207/3121 1424/3208/3122
f 1424/3208/3122 1072/3207/3121 1346/3209/3123
f 1424/3208/3122 1346/3209/3123 1357/3210/3124
f 1424/3208/3122 1357/3210/3124 1425/3211/3125
f 1425/3211/3125 1357/3210/3124 1356/3212/3126
f 1425/3211/3125 1356/3212/3126 1426/3213/3127
f 1426/3213/3127 1356/3212/3126 1355/3214/3128
f 1426/3213/3127 1355/3214/3128 1427/3215/3129
f 1427/3215/3129 1355/3214/3128 1354/3216/3130
f 1427/3215/3129 1354/3216/3130 1428/3217/3131
f 1428/3217/3131 1354/3216/3130 1353/3218/3132
f 1428/3217/3131 1353/3218/3132 1405/3219/3133
f 1405/3219/3133 1353/3218/3132 1352/3220/3134
f 1405/3221/3133 1352/3222/3134 1351/3223/3135
f 1405/3221/3133 1351/3223/3135 1406/3224/3136
f 1406/3224/3136 1351/3223/3135 1350/3225/3137
f 1406/3224/3136 1350/3225/3137 1407/3226/3138
f 1407/3226/3138 1350/3225/3137 1349/3227/3139
f 1407/3226/3138 1349/3227/3139 1408/3228/3140
f 1408/3228/3140 1349/3227/3139 1348/3229/3141
f 1408/3228/3140 1348/3229/3141 1409/3230/3142
f 1409/3230/3142 1348/3229/3141 1347/3178/3092
f 1409/3230/3142 1347/3178/3092 1410/3180/3094
f 869/3231/3143 1543/3232/3144 820/3233/1222
f 820/3233/1222 1543/3232/3144 1542/3234/3145
f 820/3233/1222 1542/3234/3145 821/3235/3146
f 821/3235/3146 1542/3234/3145 1541/3236/3147
f 821/3235/3146 1541/3236/3147 822/3237/3148
f 822/3237/3148 1541/3236/3147 1540/3238/3149
f 822/3237/3148 1540/3238/3149 823/3239/3150
f 823/3239/3150 1540/3238/3149 1539/3240/3151
f 823/3239/3150 1539/3240/3151 824/3241/3152
f 824/3241/3152 1539/3240/3151 1538/3242/3153
f 824/3241/3152 1538/3242/3153 825/3243/3154
f 825/3243/3154 1538/3242/3153 1537/3244/3155
f 825/3243/3154 1537/3244/3155 826/3245/3156
f 826/3245/3156 1537/3244/3155 1536/3246/3157
f 826/3245/3156 1536/3246/3157 827/3247/3158
f 827/3247/3158 1536/3246/3157 1535/3248/3159
f 827/3247/3158 1535/3248/3159 828/3249/3160
f 828/3249/3160 1535/3248/3159 1534/3250/3161
f 828/3249/3160 1534/3250/3161 829/3251/3162
f 829/3251/3162 1534/3250/3161 1533/3252/3163
f 829/3251/3162 1533/3252/3163 830/3253/3164
f 830/3253/3164 1533/3252/3163 1532/3254/3165
f 830/3253/3164 1532/3254/3165 831/3255/3166
f 831/3255/3166 1532/3254/3165 1531/3256/3167
f 831/3255/3166 1531/3256/3167 832/3257/3168
f 832/3257/3168 1531/3256/3167 1530/3258/3169
f 832/3257/3168 1530/3258/3169 833/3259/3170
f 833/3260/3170 1530/3261/3169 1579/3262/3171
f 833/3260/3170 1579/3262/3171 834/3263/3172
f 834/3263/3172 1579/3262/3171 1578/3264/3173
f 834/3263/3172 1578/3264/3173 835/3265/3174
f 835/3265/3174 1578/3264/3173 1577/3266/3175
f 835/3265/3174 1577/3266/3175 836/3267/3176
f 836/3267/3176 1577/3266/3175 1576/3268/3177
f 836/3267/3176 1576/3268/3177 837/3269/3178
f 837/3269/3178 1576/3268/3177 1575/3270/3179
f 837/3269/3178 1575/3270/3179 838/3271/3180
f 838/3271/3180 1575/3270/3179 1574/3272/3181
f 838/3271/3180 1574/3272/3181 839/3273/3182
f 839/3273/3182 1574/3272/3181 1573/3274/3183
f 839/3273/3182 1573/3274/3183 840/3275/3184
f 840/3275/3184 1573/3274/3183 1572/3276/3185
f 840/3275/3184 1572/3276/3185 841/3277/3186
f 841/3277/3186 1572/3276/3185 1571/3278/3187
f 841/3277/3186 1571/3278/3187 842/3279/3188
f 842/3279/3188 1571/3278/3187 1570/3280/3189
f 842/3279/3188 1570/3280/3189 843/3281/3190
f 843/3281/3190 1570/3280/3189 1569/3282/3191
f 843/3281/3190 1569/3282/3191 844/3283/3192
f 844/3283/3192 1569/3282/3191 1568/3284/3193
f 844/3283/3192 1568/3284/3193 845/3285/3194
f 845/3285/3194 1568/3284/3193 1567/3286/3195
f 845/3285/3194 1567/3286/3195 846/3287/3196
f 846/3287/3196 1567/3286/3195 1566/3288/3197
f 846/3287/3196 1566/3288/3197 847/3289/3198
f 847/3289/3198 1566/3288/3197 1565/3290/3199
f 847/3289/3198 1565/3290/3199 848/3291/3200
f 848/3291/3200 1565/3290/3199 1564/3292/3201
f 848/3291/3200 1564/3292/3201 849/3293/3202
f 849/3293/3202 1564/3292/3201 1563/3294/3203
f 849/3293/3202 1563/3294/3203 850/3295/3204
f 850/3295/3204 1563/3294/3203 1562/3296/3205
f 850/3295/3204 1562/3296/3205 851/3297/3206
f 851/3297/3206 1562/3296/3205 1561/3298/3207
f 851/3297/3206 1561/3298/3207 852/3299/3208
f 852/3299/3208 1561/3298/3207 1560/3300/3209
f 852/3299/3208 1560/3300/3209 853/3301/3210
f 853/3301/3210 1560/3300/3209 1559/3302/3211
f 853/3301/3210 1559/3302/3211 854/3303/3212
f 854/3303/3212 1559/3302/3211 1558/3304/3213
f 854/3303/3212 1558/3304/3213 855/3305/3214
f 855/3305/3214 1558/3304/3213 1557/3306/3215
f 855/3305/3214 1557/3306/3215 856/3307/3216
f 856/3307/3216 1557/3306/3215 1556/3308/3217
f 856/3307/3216 1556/3308/3217 857/3309/3218
f 857/3309/3218 1556/3308/3217 1555/3310/3219
f 857/3309/3218 1555/3310/3219 858/3311/3220
f 858/3311/3220 1555/3310/3219 1554/3312/3221
f 858/3311/3220 1554/3312/3221 859/3313/3222
f 859/3313/3222 1554/3312/3221 1553/3314/3223
f 859/3313/3222 1553/3314/3223 860/3315/3224
f 860/3315/3224 1553/3314/3223 1552/3316/3225
f 860/3315/3224 1552/3316/3225 861/3317/3226
f 861/3317/3226 1552/3316/3225 1551/3318/3227
f 861/3317/3226 1551/3318/3227 862/3319/3228
f 862/3319/3228 1551/3318/3227 1550/3320/3229
f 862/3319/3228 1550/3320/3229 863/3321/3230
f 863/3321/3230 1550/3320/3229 1549/3322/3231
f 863/3321/3230 1549/3322/3231 864/3323/3232
f 864/3323/3232 1549/3322/3231 1548/3324/3233
f 864/3323/3232 1548/3324/3233 865/3325/3234
f 865/3325/3234 1548/3324/3233 1547/3326/3235
f 865/3325/3234 1547/3326/3235 866/3327/3236
f 866/3327/3236 1547/3326/3235 1546/3328/3237
f 866/3327/3236 1546/3328/3237 867/3329/3238
f 867/3329/3238 1546/3328/3237 1545/3330/3239
f 867/3329/3238 1545/3330/3239 868/3331/3240
f 868/3331/3240 1545/3330/3239 1544/3332/3241
f 868/3331/3240 1544/3332/3241 869/3231/3143
f 869/3231/3143 1544/3332/3241 1543/3232/3144
# 1579 vertices
# 3332 texture params
# 3241 normals
# 3196 facets

# 1 groups
