# WaveFront *.obj file (generated by Autodesk ATF)

mtllib Knee_right.mtl

g Body1

v 9.485000 -10.294823 1.761538
v 9.481245 -10.256532 1.765595
v 9.469866 -10.218505 1.768780
v 9.451068 -10.183470 1.770942
v 9.426570 -10.153550 1.772221
v 9.396700 -10.128987 1.772872
v 9.361644 -10.110092 1.773134
v 9.323503 -10.098620 1.773195
v 9.285000 -10.094823 1.773191
v 9.285000 -10.094823 -0.504886
v 9.336764 -10.101638 -0.506587
v 9.385000 -10.121618 -0.511574
v 9.426421 -10.153402 -0.519507
v 9.458205 -10.194823 -0.529846
v 9.478185 -10.243060 -0.541886
v 9.485000 -10.294823 -0.554806
v 9.478185 -10.243060 0.609194
v 9.458205 -10.194823 0.609194
v 9.426494 -10.153475 0.609194
v 9.385000 -10.121618 0.609194
v 9.336764 -10.101638 0.609194
v 5.935000 -10.094823 1.773191
v 5.935000 -10.094823 -0.504886
v 5.896497 -10.098620 1.773195
v 5.858356 -10.110092 1.773134
v 5.823300 -10.128987 1.772872
v 5.793430 -10.153550 1.772221
v 5.768932 -10.183470 1.770942
v 5.750134 -10.218505 1.768780
v 5.738755 -10.256532 1.765595
v 5.735000 -10.294823 1.761538
v 5.735000 -10.294823 -0.554806
v 5.741815 -10.243060 -0.541886
v 5.761795 -10.194823 -0.529846
v 5.793579 -10.153402 -0.519507
v 5.835000 -10.121618 -0.511574
v 5.883236 -10.101638 -0.506587
v 5.883236 -10.101638 0.609194
v 5.835000 -10.121618 0.609194
v 5.793506 -10.153475 0.609194
v 5.761795 -10.194823 0.609194
v 5.741815 -10.243060 0.609194
v 5.735000 -10.436926 1.738678
v 5.735000 -10.576585 1.703880
v 5.735000 -10.712801 1.657392
v 5.735000 -10.844596 1.599550
v 5.735000 -11.360964 1.350909
v 5.735000 -11.880842 1.109691
v 5.735000 -12.404122 0.875947
v 5.735000 -12.507252 0.823453
v 5.735000 -12.603627 0.759397
v 5.735000 -12.691957 0.684634
v 5.735000 -12.771058 0.600168
v 5.735000 -12.839871 0.507130
v 5.735000 -12.897475 0.406764
v 5.735000 -12.943099 0.300416
v 5.735000 -12.976130 0.189508
v 5.735000 -12.996128 0.075528
v 5.735000 -13.002824 -0.040000
v 5.735000 -12.985870 -0.159780
v 5.735000 -12.954576 -0.276636
v 5.735000 -12.909401 -0.388858
v 5.735000 -12.851005 -0.494804
v 5.735000 -12.780243 -0.592924
v 5.735000 -12.698151 -0.681781
v 5.735000 -12.605930 -0.760074
v 5.735000 -12.504929 -0.826659
v 5.735000 -12.396627 -0.880561
v 5.735000 -12.355251 -0.898145
v 5.735000 -12.313895 -0.915775
v 5.735000 -12.272559 -0.933451
v 5.735000 -12.157594 -0.954505
v 5.735000 -12.040924 -0.961454
v 5.735000 -11.924273 -0.954195
v 5.735000 -11.809365 -0.932836
v 5.735000 -12.374701 -0.000000
v 5.735000 -12.366928 0.071478
v 5.735000 -12.343970 0.139613
v 5.735000 -12.306902 0.201220
v 5.735000 -12.257457 0.253419
v 5.735000 -12.197947 0.293768
v 5.735000 -12.131154 0.320380
v 5.735000 -12.060202 0.332012
v 5.735000 -11.988409 0.328120
v 5.735000 -11.919130 0.308885
v 5.735000 -11.855607 0.275207
v 5.735000 -11.800808 0.228660
v 5.735000 -11.757296 0.171422
v 5.735000 -11.727107 0.106168
v 5.735000 -11.711650 0.035950
v 5.735000 -11.711650 -0.035950
v 5.735000 -11.727107 -0.106168
v 5.735000 -11.757296 -0.171422
v 5.735000 -11.800808 -0.228660
v 5.735000 -11.855607 -0.275207
v 5.735000 -11.919130 -0.308885
v 5.735000 -11.988409 -0.328120
v 5.735000 -12.060202 -0.332012
v 5.735000 -12.131154 -0.320380
v 5.735000 -12.197947 -0.293768
v 5.735000 -12.257457 -0.253419
v 5.735000 -12.306902 -0.201220
v 5.735000 -12.343970 -0.139613
v 5.735000 -12.366928 -0.071478
v 5.735000 -12.867201 -0.000000
v 5.735000 -12.862942 0.032352
v 5.735000 -12.850454 0.062500
v 5.735000 -12.830589 0.088388
v 5.735000 -12.804701 0.108253
v 5.735000 -12.774553 0.120741
v 5.735000 -12.742201 0.125000
v 5.735000 -12.709849 0.120741
v 5.735000 -12.679701 0.108253
v 5.735000 -12.653813 0.088388
v 5.735000 -12.633948 0.062500
v 5.735000 -12.621460 0.032352
v 5.735000 -12.617201 -0.000000
v 5.735000 -12.621460 -0.032352
v 5.735000 -12.633948 -0.062500
v 5.735000 -12.653813 -0.088388
v 5.735000 -12.679701 -0.108253
v 5.735000 -12.709849 -0.120741
v 5.735000 -12.742201 -0.125000
v 5.735000 -12.774553 -0.120741
v 5.735000 -12.804701 -0.108253
v 5.735000 -12.830589 -0.088388
v 5.735000 -12.850454 -0.062500
v 5.735000 -12.862942 -0.032352
v 5.735000 -12.167201 -0.700000
v 5.735000 -12.162942 -0.667647
v 5.735000 -12.150454 -0.637500
v 5.735000 -12.130590 -0.611611
v 5.735000 -12.104701 -0.591747
v 5.735000 -12.074554 -0.579259
v 5.735000 -12.042201 -0.575000
v 5.735000 -12.009849 -0.579259
v 5.735000 -11.979701 -0.591747
v 5.735000 -11.953813 -0.611611
v 5.735000 -11.933948 -0.637500
v 5.735000 -11.921461 -0.667647
v 5.735000 -11.917201 -0.700000
v 5.735000 -11.921461 -0.732352
v 5.735000 -11.933948 -0.762500
v 5.735000 -11.953813 -0.788388
v 5.735000 -11.979701 -0.808253
v 5.735000 -12.009849 -0.820741
v 5.735000 -12.042201 -0.825000
v 5.735000 -12.074554 -0.820741
v 5.735000 -12.104701 -0.808253
v 5.735000 -12.130590 -0.788388
v 5.735000 -12.150454 -0.762500
v 5.735000 -12.162942 -0.732352
v 5.735000 -12.167201 0.700000
v 5.735000 -12.162942 0.732352
v 5.735000 -12.150454 0.762500
v 5.735000 -12.130590 0.788388
v 5.735000 -12.104701 0.808253
v 5.735000 -12.074554 0.820741
v 5.735000 -12.042201 0.825000
v 5.735000 -12.009849 0.820741
v 5.735000 -11.979701 0.808253
v 5.735000 -11.953813 0.788388
v 5.735000 -11.933948 0.762500
v 5.735000 -11.921461 0.732352
v 5.735000 -11.917201 0.700000
v 5.735000 -11.921461 0.667647
v 5.735000 -11.933948 0.637500
v 5.735000 -11.953813 0.611611
v 5.735000 -11.979701 0.591747
v 5.735000 -12.009849 0.579259
v 5.735000 -12.042201 0.575000
v 5.735000 -12.074554 0.579259
v 5.735000 -12.104701 0.591747
v 5.735000 -12.130590 0.611611
v 5.735000 -12.150454 0.637500
v 5.735000 -12.162942 0.667647
v 5.735000 -11.467201 -0.000000
v 5.735000 -11.462942 0.032352
v 5.735000 -11.450455 0.062500
v 5.735000 -11.430590 0.088388
v 5.735000 -11.404701 0.108253
v 5.735000 -11.374554 0.120741
v 5.735000 -11.342201 0.125000
v 5.735000 -11.309849 0.120741
v 5.735000 -11.279701 0.108253
v 5.735000 -11.253813 0.088388
v 5.735000 -11.233948 0.062500
v 5.735000 -11.221461 0.032352
v 5.735000 -11.217201 -0.000000
v 5.735000 -11.221461 -0.032352
v 5.735000 -11.233948 -0.062500
v 5.735000 -11.253813 -0.088388
v 5.735000 -11.279701 -0.108253
v 5.735000 -11.309849 -0.120741
v 5.735000 -11.342201 -0.125000
v 5.735000 -11.374554 -0.120741
v 5.735000 -11.404701 -0.108253
v 5.735000 -11.430590 -0.088388
v 5.735000 -11.450455 -0.062500
v 5.735000 -11.462942 -0.032352
v 9.585000 -9.594823 1.773192
v 9.651756 -9.602345 1.773192
v 9.715165 -9.624533 1.773192
v 9.772047 -9.660274 1.773192
v 9.819549 -9.707777 1.773192
v 9.855291 -9.764658 1.773192
v 9.877478 -9.828067 1.773192
v 9.885000 -9.894823 1.773192
v 9.885000 -9.894823 -0.454966
v 9.877478 -9.828067 -0.438303
v 9.855291 -9.764658 -0.422477
v 9.819549 -9.707777 -0.408279
v 9.772047 -9.660274 -0.396422
v 9.715165 -9.624533 -0.387501
v 9.651756 -9.602345 -0.381963
v 9.585000 -9.594823 -0.380086
v 9.651756 -9.602345 0.659113
v 9.715165 -9.624533 0.659113
v 9.772047 -9.660274 0.659113
v 9.819549 -9.707777 0.659113
v 9.855291 -9.764658 0.659113
v 9.877478 -9.828067 0.659113
v 8.883729 -9.594823 -0.380086
v 8.883729 -9.594823 1.773192
v 9.885000 -11.809365 -0.932836
v 9.485000 -11.809365 -0.932836
v 5.345000 -11.809365 -0.932836
v 5.345000 -9.894823 -0.454966
v 5.352522 -9.828067 -0.438303
v 5.374709 -9.764658 -0.422477
v 5.410451 -9.707777 -0.408279
v 5.457953 -9.660274 -0.396422
v 5.514835 -9.624533 -0.387501
v 5.578244 -9.602345 -0.381963
v 5.645000 -9.594823 -0.380086
v 6.283729 -9.594823 -0.380086
v 6.683729 -9.594823 -0.380086
v 8.483729 -9.594823 -0.380086
v 5.345000 -9.894823 1.773192
v 5.352522 -9.828067 1.773192
v 5.374709 -9.764658 1.773192
v 5.410451 -9.707777 1.773192
v 5.457953 -9.660274 1.773192
v 5.514835 -9.624533 1.773192
v 5.578244 -9.602345 1.773192
v 5.645000 -9.594823 1.773192
v 5.578244 -9.602345 0.659113
v 5.514835 -9.624533 0.659113
v 5.457953 -9.660274 0.659113
v 5.410451 -9.707777 0.659113
v 5.374709 -9.764658 0.659113
v 5.352522 -9.828067 0.659113
v 6.283729 -9.594823 1.773192
v 5.345000 -10.096109 1.773192
v 5.345000 -10.250906 1.766130
v 5.345000 -10.404417 1.745001
v 5.345000 -10.555367 1.709982
v 5.345000 -10.702500 1.661364
v 5.345000 -10.844596 1.599550
v 5.735000 -10.094823 1.773192
v 5.735000 -10.095252 1.773192
v 5.735000 -10.095680 1.773192
v 5.735000 -10.096109 1.773192
v 8.483729 -9.594823 1.773192
v 6.683729 -9.594823 1.773192
v 9.485000 -10.094823 1.773192
v 9.485000 -10.095252 1.773192
v 9.485000 -10.095680 1.773192
v 9.485000 -10.096109 1.773192
v 9.885000 -10.096109 1.773192
v 6.683729 -7.692568 -1.246807
v 6.683729 -7.888716 -1.239101
v 6.683729 -8.083654 -1.216028
v 6.683729 -8.276181 -1.177732
v 6.683729 -8.465110 -1.124449
v 6.683729 -8.649276 -1.056506
v 6.683729 -8.827544 -0.974324
v 6.683729 -8.998814 -0.878408
v 6.683729 -9.162031 -0.769350
v 6.683729 -9.316188 -0.647822
v 6.683729 -9.460335 -0.514574
v 6.283729 -9.460335 -0.514574
v 6.283729 -9.316188 -0.647822
v 6.283729 -9.162031 -0.769350
v 6.283729 -8.998814 -0.878408
v 6.283729 -8.827544 -0.974324
v 6.283729 -8.649276 -1.056506
v 6.283729 -8.465110 -1.124449
v 6.283729 -8.276181 -1.177732
v 6.283729 -8.083654 -1.216028
v 6.283729 -7.888716 -1.239101
v 6.283729 -7.692568 -1.246807
v 8.883729 -7.692568 -1.246807
v 8.883729 -7.888716 -1.239101
v 8.883729 -8.083654 -1.216028
v 8.883729 -8.276181 -1.177732
v 8.883729 -8.465110 -1.124449
v 8.883729 -8.649276 -1.056506
v 8.883729 -8.827544 -0.974324
v 8.883729 -8.998814 -0.878408
v 8.883729 -9.162031 -0.769350
v 8.883729 -9.316188 -0.647822
v 8.883729 -9.460335 -0.514574
v 8.483729 -9.460335 -0.514574
v 8.483729 -9.316188 -0.647822
v 8.483729 -9.162031 -0.769350
v 8.483729 -8.998814 -0.878408
v 8.483729 -8.827544 -0.974324
v 8.483729 -8.649276 -1.056506
v 8.483729 -8.465110 -1.124449
v 8.483729 -8.276181 -1.177732
v 8.483729 -8.083654 -1.216028
v 8.483729 -7.888716 -1.239101
v 8.483729 -7.692568 -1.246807
v 8.483729 -8.094823 1.273192
v 8.483729 -8.273421 1.279580
v 8.483729 -8.451107 1.298710
v 8.483729 -8.626972 1.330485
v 8.483729 -8.800117 1.374742
v 8.483729 -8.969658 1.431256
v 8.483729 -9.134729 1.499737
v 8.483729 -9.294486 1.579836
v 8.483729 -9.448112 1.671143
v 8.883729 -9.448112 1.671143
v 8.883729 -9.294486 1.579836
v 8.883729 -9.134729 1.499737
v 8.883729 -8.969658 1.431256
v 8.883729 -8.800117 1.374742
v 8.883729 -8.626972 1.330485
v 8.883729 -8.451107 1.298710
v 8.883729 -8.273421 1.279580
v 8.883729 -8.094823 1.273192
v 6.283729 -8.094823 1.273192
v 6.283729 -8.273421 1.279580
v 6.283729 -8.451107 1.298710
v 6.283729 -8.626972 1.330485
v 6.283729 -8.800117 1.374742
v 6.283729 -8.969658 1.431256
v 6.283729 -9.134729 1.499737
v 6.283729 -9.294486 1.579836
v 6.283729 -9.448112 1.671143
v 6.683729 -9.448112 1.671143
v 6.683729 -9.294486 1.579836
v 6.683729 -9.134729 1.499737
v 6.683729 -8.969658 1.431256
v 6.683729 -8.800117 1.374742
v 6.683729 -8.626972 1.330485
v 6.683729 -8.451107 1.298710
v 6.683729 -8.273421 1.279580
v 6.683729 -8.094823 1.273192
v 9.885000 -10.844596 1.599550
v 9.885000 -10.702500 1.661364
v 9.885000 -10.555367 1.709982
v 9.885000 -10.404417 1.745001
v 9.885000 -10.250906 1.766130
v 9.485000 -10.436926 1.738678
v 9.485000 -10.576585 1.703880
v 9.485000 -10.712801 1.657392
v 9.485000 -10.844596 1.599550
v 9.885000 -13.002824 -0.040000
v 9.885000 -12.996128 0.075528
v 9.885000 -12.976130 0.189508
v 9.885000 -12.943099 0.300416
v 9.885000 -12.897475 0.406764
v 9.885000 -12.839871 0.507130
v 9.885000 -12.771058 0.600168
v 9.885000 -12.691957 0.684634
v 9.885000 -12.603627 0.759397
v 9.885000 -12.507252 0.823453
v 9.885000 -12.404122 0.875947
v 9.485031 -12.404122 0.875947
v 9.485031 -12.307597 0.912425
v 9.485031 -12.207827 0.938761
v 9.485031 -12.105874 0.954676
v 9.485031 -12.002824 0.960000
v 9.485000 -12.002824 0.960000
v 9.485000 -12.105874 0.954676
v 9.485000 -12.207827 0.938761
v 9.485000 -12.307597 0.912425
v 9.485000 -12.404122 0.875947
v 9.485000 -12.469298 0.844535
v 9.485000 -12.532031 0.808492
v 9.485000 -12.591995 0.768008
v 9.485000 -12.648875 0.723294
v 9.485000 -12.702372 0.674585
v 9.485000 -12.752208 0.622135
v 9.485000 -12.798121 0.566219
v 9.485000 -12.839871 0.507130
v 9.485000 -12.877240 0.445176
v 9.485000 -12.910031 0.380683
v 9.485000 -12.938074 0.313988
v 9.485000 -12.961220 0.245440
v 9.485000 -12.979350 0.175398
v 9.485000 -12.992368 0.104228
v 9.485000 -13.000206 0.032303
v 9.485000 -13.002824 -0.040000
v 5.345000 -12.404122 0.875947
v 5.345000 -12.507252 0.823453
v 5.345000 -12.603627 0.759397
v 5.345000 -12.691957 0.684634
v 5.345000 -12.771058 0.600168
v 5.345000 -12.839871 0.507130
v 5.345000 -12.897475 0.406764
v 5.345000 -12.943099 0.300416
v 5.345000 -12.976130 0.189508
v 5.345000 -12.996128 0.075528
v 5.345000 -13.002824 -0.040000
v 9.885000 -11.360964 1.350909
v 9.885000 -11.880842 1.109691
v 9.885000 -12.985870 -0.159780
v 9.885000 -12.954576 -0.276636
v 9.885000 -12.909401 -0.388858
v 9.885000 -12.851005 -0.494804
v 9.885000 -12.780243 -0.592924
v 9.885000 -12.698151 -0.681781
v 9.885000 -12.605930 -0.760074
v 9.885000 -12.504929 -0.826659
v 9.885000 -12.396627 -0.880561
v 9.885000 -12.355251 -0.898145
v 9.885000 -12.313895 -0.915775
v 9.885000 -12.272559 -0.933451
v 9.885000 -12.157594 -0.954505
v 9.885000 -12.040924 -0.961454
v 9.885000 -11.924273 -0.954195
v 9.885000 -12.374701 -0.000000
v 9.885000 -12.366928 0.071478
v 9.885000 -12.343970 0.139613
v 9.885000 -12.306902 0.201220
v 9.885000 -12.257457 0.253419
v 9.885000 -12.197947 0.293768
v 9.885000 -12.131154 0.320380
v 9.885000 -12.060202 0.332012
v 9.885000 -11.988409 0.328120
v 9.885000 -11.919130 0.308885
v 9.885000 -11.855607 0.275207
v 9.885000 -11.800808 0.228660
v 9.885000 -11.757296 0.171422
v 9.885000 -11.727107 0.106168
v 9.885000 -11.711650 0.035950
v 9.885000 -11.711650 -0.035950
v 9.885000 -11.727107 -0.106168
v 9.885000 -11.757296 -0.171422
v 9.885000 -11.800808 -0.228660
v 9.885000 -11.855607 -0.275207
v 9.885000 -11.919130 -0.308885
v 9.885000 -11.988409 -0.328120
v 9.885000 -12.060202 -0.332012
v 9.885000 -12.131154 -0.320380
v 9.885000 -12.197947 -0.293768
v 9.885000 -12.257457 -0.253419
v 9.885000 -12.306902 -0.201220
v 9.885000 -12.343970 -0.139613
v 9.885000 -12.366928 -0.071478
v 9.885000 -12.867201 -0.000000
v 9.885000 -12.862942 0.032352
v 9.885000 -12.850454 0.062500
v 9.885000 -12.830589 0.088388
v 9.885000 -12.804701 0.108253
v 9.885000 -12.774553 0.120741
v 9.885000 -12.742201 0.125000
v 9.885000 -12.709849 0.120741
v 9.885000 -12.679701 0.108253
v 9.885000 -12.653813 0.088388
v 9.885000 -12.633948 0.062500
v 9.885000 -12.621460 0.032352
v 9.885000 -12.617201 -0.000000
v 9.885000 -12.621460 -0.032352
v 9.885000 -12.633948 -0.062500
v 9.885000 -12.653813 -0.088388
v 9.885000 -12.679701 -0.108253
v 9.885000 -12.709849 -0.120741
v 9.885000 -12.742201 -0.125000
v 9.885000 -12.774553 -0.120741
v 9.885000 -12.804701 -0.108253
v 9.885000 -12.830589 -0.088388
v 9.885000 -12.850454 -0.062500
v 9.885000 -12.862942 -0.032352
v 9.885000 -12.167201 -0.700000
v 9.885000 -12.162942 -0.667647
v 9.885000 -12.150454 -0.637500
v 9.885000 -12.130590 -0.611611
v 9.885000 -12.104701 -0.591747
v 9.885000 -12.074554 -0.579259
v 9.885000 -12.042201 -0.575000
v 9.885000 -12.009849 -0.579259
v 9.885000 -11.979701 -0.591747
v 9.885000 -11.953813 -0.611611
v 9.885000 -11.933948 -0.637500
v 9.885000 -11.921461 -0.667647
v 9.885000 -11.917201 -0.700000
v 9.885000 -11.921461 -0.732352
v 9.885000 -11.933948 -0.762500
v 9.885000 -11.953813 -0.788388
v 9.885000 -11.979701 -0.808253
v 9.885000 -12.009849 -0.820741
v 9.885000 -12.042201 -0.825000
v 9.885000 -12.074554 -0.820741
v 9.885000 -12.104701 -0.808253
v 9.885000 -12.130590 -0.788388
v 9.885000 -12.150454 -0.762500
v 9.885000 -12.162942 -0.732352
v 9.885000 -12.167201 0.700000
v 9.885000 -12.162942 0.732352
v 9.885000 -12.150454 0.762500
v 9.885000 -12.130590 0.788388
v 9.885000 -12.104701 0.808253
v 9.885000 -12.074554 0.820741
v 9.885000 -12.042201 0.825000
v 9.885000 -12.009849 0.820741
v 9.885000 -11.979701 0.808253
v 9.885000 -11.953813 0.788388
v 9.885000 -11.933948 0.762500
v 9.885000 -11.921461 0.732352
v 9.885000 -11.917201 0.700000
v 9.885000 -11.921461 0.667647
v 9.885000 -11.933948 0.637500
v 9.885000 -11.953813 0.611611
v 9.885000 -11.979701 0.591747
v 9.885000 -12.009849 0.579259
v 9.885000 -12.042201 0.575000
v 9.885000 -12.074554 0.579259
v 9.885000 -12.104701 0.591747
v 9.885000 -12.130590 0.611611
v 9.885000 -12.150454 0.637500
v 9.885000 -12.162942 0.667647
v 9.885000 -11.467201 -0.000000
v 9.885000 -11.462942 0.032352
v 9.885000 -11.450455 0.062500
v 9.885000 -11.430590 0.088388
v 9.885000 -11.404701 0.108253
v 9.885000 -11.374554 0.120741
v 9.885000 -11.342201 0.125000
v 9.885000 -11.309849 0.120741
v 9.885000 -11.279701 0.108253
v 9.885000 -11.253813 0.088388
v 9.885000 -11.233948 0.062500
v 9.885000 -11.221461 0.032352
v 9.885000 -11.217201 -0.000000
v 9.885000 -11.221461 -0.032352
v 9.885000 -11.233948 -0.062500
v 9.885000 -11.253813 -0.088388
v 9.885000 -11.279701 -0.108253
v 9.885000 -11.309849 -0.120741
v 9.885000 -11.342201 -0.125000
v 9.885000 -11.374554 -0.120741
v 9.885000 -11.404701 -0.108253
v 9.885000 -11.430590 -0.088388
v 9.885000 -11.450455 -0.062500
v 9.885000 -11.462942 -0.032352
v 9.485031 -12.274716 0.932916
v 9.485000 -12.274716 0.932916
v 9.485000 -12.207652 0.947112
v 9.485000 -12.139747 0.956494
v 9.485000 -12.071346 0.961013
v 9.485000 -12.002797 0.960647
v 9.485000 -11.989330 0.960000
v 9.485031 -11.989330 0.960000
v 9.485031 -12.002797 0.960647
v 9.485031 -12.071346 0.961013
v 9.485031 -12.139747 0.956494
v 9.485031 -12.207652 0.947112
v 9.485031 -12.360964 0.894886
v 9.485031 -12.317829 0.913876
v 9.485000 -11.318367 1.371076
v 9.485000 -11.795101 1.148852
v 9.485031 -12.272559 -0.933451
v 9.485031 -12.206799 -0.947261
v 9.485031 -12.140236 -0.956444
v 9.485031 -12.073193 -0.960955
v 9.485031 -12.006000 -0.960773
v 9.485031 -11.989330 -0.960000
v 9.485000 -11.989330 -0.960000
v 9.485000 -11.928809 -0.954745
v 9.485000 -11.868741 -0.945678
v 5.345000 -12.272559 -0.933451
v 5.345000 -12.157594 -0.954505
v 5.345000 -12.040924 -0.961454
v 5.345000 -11.924273 -0.954195
v 9.485031 -12.396627 -0.880561
v 9.485031 -12.355251 -0.898145
v 9.485031 -12.313895 -0.915775
v 9.485031 -12.302467 -0.915052
v 9.485031 -12.205326 -0.939939
v 9.485031 -12.106181 -0.954972
v 9.485031 -12.006029 -0.960000
v 9.485000 -12.006029 -0.960000
v 9.485000 -12.106181 -0.954972
v 9.485000 -12.205326 -0.939939
v 9.485000 -12.302467 -0.915052
v 9.485000 -12.396627 -0.880561
v 9.485000 -12.458354 -0.851853
v 9.485000 -12.517985 -0.819012
v 9.485000 -12.575243 -0.782189
v 9.485000 -12.629863 -0.741557
v 9.485000 -12.681592 -0.697302
v 9.485000 -12.730190 -0.649630
v 9.485000 -12.775432 -0.598763
v 9.485000 -12.817109 -0.544935
v 9.485000 -12.855027 -0.488396
v 9.485000 -12.889010 -0.429409
v 9.485000 -12.918901 -0.368246
v 9.485000 -12.944561 -0.305191
v 9.485000 -12.965872 -0.240537
v 9.485000 -12.982735 -0.174582
v 9.485000 -12.995071 -0.107633
v 9.485000 -12.374701 -0.000000
v 9.485000 -12.366928 -0.071478
v 9.485000 -12.343970 -0.139613
v 9.485000 -12.306902 -0.201220
v 9.485000 -12.257457 -0.253419
v 9.485000 -12.197947 -0.293768
v 9.485000 -12.131154 -0.320380
v 9.485000 -12.060202 -0.332012
v 9.485000 -11.988409 -0.328120
v 9.485000 -11.919130 -0.308885
v 9.485000 -11.855607 -0.275207
v 9.485000 -11.800808 -0.228660
v 9.485000 -11.757296 -0.171422
v 9.485000 -11.727107 -0.106168
v 9.485000 -11.711650 -0.035950
v 9.485000 -11.711650 0.035950
v 9.485000 -11.727107 0.106168
v 9.485000 -11.757296 0.171422
v 9.485000 -11.800808 0.228660
v 9.485000 -11.855607 0.275207
v 9.485000 -11.919130 0.308885
v 9.485000 -11.988409 0.328120
v 9.485000 -12.060202 0.332012
v 9.485000 -12.131154 0.320380
v 9.485000 -12.197947 0.293768
v 9.485000 -12.257457 0.253419
v 9.485000 -12.306902 0.201220
v 9.485000 -12.343970 0.139613
v 9.485000 -12.366928 0.071478
v 9.485000 -11.467201 -0.000000
v 9.485000 -11.462942 -0.032352
v 9.485000 -11.450455 -0.062500
v 9.485000 -11.430590 -0.088388
v 9.485000 -11.404701 -0.108253
v 9.485000 -11.374554 -0.120741
v 9.485000 -11.342201 -0.125000
v 9.485000 -11.309849 -0.120741
v 9.485000 -11.279701 -0.108253
v 9.485000 -11.253813 -0.088388
v 9.485000 -11.233948 -0.062500
v 9.485000 -11.221461 -0.032352
v 9.485000 -11.217201 -0.000000
v 9.485000 -11.221461 0.032352
v 9.485000 -11.233948 0.062500
v 9.485000 -11.253813 0.088388
v 9.485000 -11.279701 0.108253
v 9.485000 -11.309849 0.120741
v 9.485000 -11.342201 0.125000
v 9.485000 -11.374554 0.120741
v 9.485000 -11.404701 0.108253
v 9.485000 -11.430590 0.088388
v 9.485000 -11.450455 0.062500
v 9.485000 -11.462942 0.032352
v 9.485000 -12.867201 -0.000000
v 9.485000 -12.862942 -0.032352
v 9.485000 -12.850454 -0.062500
v 9.485000 -12.830589 -0.088388
v 9.485000 -12.804701 -0.108253
v 9.485000 -12.774553 -0.120741
v 9.485000 -12.742201 -0.125000
v 9.485000 -12.709849 -0.120741
v 9.485000 -12.679701 -0.108253
v 9.485000 -12.653813 -0.088388
v 9.485000 -12.633948 -0.062500
v 9.485000 -12.621460 -0.032352
v 9.485000 -12.617201 -0.000000
v 9.485000 -12.621460 0.032352
v 9.485000 -12.633948 0.062500
v 9.485000 -12.653813 0.088388
v 9.485000 -12.679701 0.108253
v 9.485000 -12.709849 0.120741
v 9.485000 -12.742201 0.125000
v 9.485000 -12.774553 0.120741
v 9.485000 -12.804701 0.108253
v 9.485000 -12.830589 0.088388
v 9.485000 -12.850454 0.062500
v 9.485000 -12.862942 0.032352
v 9.485000 -12.167201 -0.700000
v 9.485000 -12.162942 -0.732352
v 9.485000 -12.150454 -0.762500
v 9.485000 -12.130590 -0.788388
v 9.485000 -12.104701 -0.808253
v 9.485000 -12.074554 -0.820741
v 9.485000 -12.042201 -0.825000
v 9.485000 -12.009849 -0.820741
v 9.485000 -11.979701 -0.808253
v 9.485000 -11.953813 -0.788388
v 9.485000 -11.933948 -0.762500
v 9.485000 -11.921461 -0.732352
v 9.485000 -11.917201 -0.700000
v 9.485000 -11.921461 -0.667647
v 9.485000 -11.933948 -0.637500
v 9.485000 -11.953813 -0.611611
v 9.485000 -11.979701 -0.591747
v 9.485000 -12.009849 -0.579259
v 9.485000 -12.042201 -0.575000
v 9.485000 -12.074554 -0.579259
v 9.485000 -12.104701 -0.591747
v 9.485000 -12.130590 -0.611611
v 9.485000 -12.150454 -0.637500
v 9.485000 -12.162942 -0.667647
v 9.485000 -12.167201 0.700000
v 9.485000 -12.162942 0.667647
v 9.485000 -12.150454 0.637500
v 9.485000 -12.130590 0.611611
v 9.485000 -12.104701 0.591747
v 9.485000 -12.074554 0.579259
v 9.485000 -12.042201 0.575000
v 9.485000 -12.009849 0.579259
v 9.485000 -11.979701 0.591747
v 9.485000 -11.953813 0.611611
v 9.485000 -11.933948 0.637500
v 9.485000 -11.921461 0.667647
v 9.485000 -11.917201 0.700000
v 9.485000 -11.921461 0.732352
v 9.485000 -11.933948 0.762500
v 9.485000 -11.953813 0.788388
v 9.485000 -11.979701 0.808253
v 9.485000 -12.009849 0.820741
v 9.485000 -12.042201 0.825000
v 9.485000 -12.074554 0.820741
v 9.485000 -12.104701 0.808253
v 9.485000 -12.130590 0.788388
v 9.485000 -12.150454 0.762500
v 9.485000 -12.162942 0.732352
v 5.345000 -12.313895 -0.915775
v 5.345000 -12.355251 -0.898145
v 5.345000 -12.396627 -0.880561
v 5.345000 -12.504929 -0.826659
v 5.345000 -12.605930 -0.760074
v 5.345000 -12.698151 -0.681781
v 5.345000 -12.780243 -0.592924
v 5.345000 -12.851005 -0.494804
v 5.345000 -12.909401 -0.388858
v 5.345000 -12.954576 -0.276636
v 5.345000 -12.985870 -0.159780
v 5.345000 -11.880842 1.109691
v 5.345000 -11.360964 1.350909
v 5.345000 -12.867201 -0.000000
v 5.345000 -12.862942 -0.032352
v 5.345000 -12.850454 -0.062500
v 5.345000 -12.830589 -0.088388
v 5.345000 -12.804701 -0.108253
v 5.345000 -12.774553 -0.120741
v 5.345000 -12.742201 -0.125000
v 5.345000 -12.709849 -0.120741
v 5.345000 -12.679701 -0.108253
v 5.345000 -12.653813 -0.088388
v 5.345000 -12.633948 -0.062500
v 5.345000 -12.621460 -0.032352
v 5.345000 -12.617201 0.000000
v 5.345000 -12.621460 0.032352
v 5.345000 -12.633948 0.062500
v 5.345000 -12.653813 0.088388
v 5.345000 -12.679701 0.108253
v 5.345000 -12.709849 0.120741
v 5.345000 -12.742201 0.125000
v 5.345000 -12.774553 0.120741
v 5.345000 -12.804701 0.108253
v 5.345000 -12.830589 0.088388
v 5.345000 -12.850454 0.062500
v 5.345000 -12.862942 0.032352
v 5.345000 -11.467201 -0.000000
v 5.345000 -11.462942 -0.032352
v 5.345000 -11.450455 -0.062500
v 5.345000 -11.430590 -0.088388
v 5.345000 -11.404701 -0.108253
v 5.345000 -11.374554 -0.120741
v 5.345000 -11.342201 -0.125000
v 5.345000 -11.309849 -0.120741
v 5.345000 -11.279701 -0.108253
v 5.345000 -11.253813 -0.088388
v 5.345000 -11.233948 -0.062500
v 5.345000 -11.221461 -0.032352
v 5.345000 -11.217201 0.000000
v 5.345000 -11.221461 0.032352
v 5.345000 -11.233948 0.062500
v 5.345000 -11.253813 0.088388
v 5.345000 -11.279701 0.108253
v 5.345000 -11.309849 0.120741
v 5.345000 -11.342201 0.125000
v 5.345000 -11.374554 0.120741
v 5.345000 -11.404701 0.108253
v 5.345000 -11.430590 0.088388
v 5.345000 -11.450455 0.062500
v 5.345000 -11.462942 0.032352
v 5.345000 -12.167201 -0.700000
v 5.345000 -12.162942 -0.732352
v 5.345000 -12.150454 -0.762500
v 5.345000 -12.130590 -0.788388
v 5.345000 -12.104701 -0.808253
v 5.345000 -12.074554 -0.820741
v 5.345000 -12.042201 -0.825000
v 5.345000 -12.009849 -0.820741
v 5.345000 -11.979701 -0.808253
v 5.345000 -11.953813 -0.788388
v 5.345000 -11.933948 -0.762500
v 5.345000 -11.921461 -0.732352
v 5.345000 -11.917201 -0.700000
v 5.345000 -11.921461 -0.667647
v 5.345000 -11.933948 -0.637500
v 5.345000 -11.953813 -0.611611
v 5.345000 -11.979701 -0.591747
v 5.345000 -12.009849 -0.579259
v 5.345000 -12.042201 -0.575000
v 5.345000 -12.074554 -0.579259
v 5.345000 -12.104701 -0.591747
v 5.345000 -12.130590 -0.611611
v 5.345000 -12.150454 -0.637500
v 5.345000 -12.162942 -0.667647
v 5.345000 -12.167201 0.700000
v 5.345000 -12.162942 0.667647
v 5.345000 -12.150454 0.637500
v 5.345000 -12.130590 0.611611
v 5.345000 -12.104701 0.591747
v 5.345000 -12.074554 0.579259
v 5.345000 -12.042201 0.575000
v 5.345000 -12.009849 0.579259
v 5.345000 -11.979701 0.591747
v 5.345000 -11.953813 0.611611
v 5.345000 -11.933948 0.637500
v 5.345000 -11.921461 0.667647
v 5.345000 -11.917201 0.700000
v 5.345000 -11.921461 0.732352
v 5.345000 -11.933948 0.762500
v 5.345000 -11.953813 0.788388
v 5.345000 -11.979701 0.808253
v 5.345000 -12.009849 0.820741
v 5.345000 -12.042201 0.825000
v 5.345000 -12.074554 0.820741
v 5.345000 -12.104701 0.808253
v 5.345000 -12.130590 0.788388
v 5.345000 -12.150454 0.762500
v 5.345000 -12.162942 0.732352
v 5.345000 -12.374701 -0.000000
v 5.345000 -12.366928 -0.071478
v 5.345000 -12.343970 -0.139613
v 5.345000 -12.306902 -0.201220
v 5.345000 -12.257457 -0.253419
v 5.345000 -12.197947 -0.293768
v 5.345000 -12.131154 -0.320380
v 5.345000 -12.060202 -0.332012
v 5.345000 -11.988409 -0.328120
v 5.345000 -11.919130 -0.308885
v 5.345000 -11.855607 -0.275207
v 5.345000 -11.800808 -0.228660
v 5.345000 -11.757296 -0.171422
v 5.345000 -11.727107 -0.106168
v 5.345000 -11.711650 -0.035950
v 5.345000 -11.711650 0.035950
v 5.345000 -11.727107 0.106168
v 5.345000 -11.757296 0.171422
v 5.345000 -11.800808 0.228660
v 5.345000 -11.855607 0.275207
v 5.345000 -11.919130 0.308885
v 5.345000 -11.988409 0.328120
v 5.345000 -12.060202 0.332012
v 5.345000 -12.131154 0.320380
v 5.345000 -12.197947 0.293768
v 5.345000 -12.257457 0.253419
v 5.345000 -12.306902 0.201220
v 5.345000 -12.343970 0.139613
v 5.345000 -12.366928 0.071478
v 6.283729 -6.899633 -1.246807
v 6.683729 -6.899633 -1.246807
v 6.283729 -6.497378 1.273192
v 6.283729 -6.318780 1.279580
v 6.283729 -6.141094 1.298710
v 6.283729 -5.965230 1.330485
v 6.283729 -5.792084 1.374742
v 6.283729 -5.622543 1.431256
v 6.283729 -5.457472 1.499737
v 6.283729 -5.297715 1.579836
v 6.283729 -5.144089 1.671143
v 6.283729 -4.997378 1.773192
v 6.283729 -4.997378 -0.380086
v 6.283729 -5.131867 -0.514574
v 6.283729 -5.276013 -0.647822
v 6.283729 -5.430170 -0.769350
v 6.283729 -5.593387 -0.878408
v 6.283729 -5.764657 -0.974324
v 6.283729 -5.942925 -1.056506
v 6.283729 -6.127091 -1.124449
v 6.283729 -6.316020 -1.177732
v 6.283729 -6.508547 -1.216028
v 6.283729 -6.703486 -1.239101
v 8.883729 -6.497378 1.273192
v 8.483729 -6.497378 1.273192
v 8.883729 -6.899633 -1.246807
v 8.883729 -6.703486 -1.239101
v 8.883729 -6.508547 -1.216028
v 8.883729 -6.316020 -1.177732
v 8.883729 -6.127091 -1.124449
v 8.883729 -5.942925 -1.056506
v 8.883729 -5.764657 -0.974324
v 8.883729 -5.593387 -0.878408
v 8.883729 -5.430170 -0.769350
v 8.883729 -5.276013 -0.647822
v 8.883729 -5.131867 -0.514574
v 8.883729 -4.997378 -0.380086
v 8.883729 -4.997378 1.773192
v 8.883729 -5.144089 1.671143
v 8.883729 -5.297715 1.579836
v 8.883729 -5.457472 1.499737
v 8.883729 -5.622543 1.431256
v 8.883729 -5.792084 1.374742
v 8.883729 -5.965230 1.330485
v 8.883729 -6.141094 1.298710
v 8.883729 -6.318780 1.279580
v 6.683729 -6.497378 1.273192
v 8.483729 -6.899633 -1.246807
v 9.876824 -4.496092 1.773192
v 9.854268 -4.586940 1.773192
v 9.817857 -4.673174 1.773192
v 9.768476 -4.752696 1.773192
v 9.707328 -4.823569 1.773192
v 9.635901 -4.884069 1.773192
v 9.555933 -4.932724 1.773192
v 9.469371 -4.968348 1.773192
v 9.378321 -4.990076 1.773192
v 9.285000 -4.997378 1.773192
v 9.285000 -4.997378 -0.380086
v 9.378861 -4.989991 -0.381930
v 9.470410 -4.968012 -0.387416
v 9.557394 -4.931982 -0.396409
v 9.637671 -4.882788 -0.408687
v 9.709264 -4.821642 -0.423949
v 9.770410 -4.750049 -0.441819
v 9.819604 -4.669772 -0.461856
v 9.855634 -4.582788 -0.483567
v 9.877613 -4.491238 -0.506418
v 9.885000 -4.397378 -0.529846
v 9.885000 -4.397378 1.770324
v 9.882989 -4.446391 1.772462
v 9.855634 -4.582788 0.621673
v 9.877613 -4.491238 0.621673
v 9.819604 -4.669772 0.621673
v 9.770410 -4.750049 0.621673
v 9.709264 -4.821642 0.621673
v 9.637671 -4.882788 0.621673
v 9.557394 -4.931982 0.621673
v 9.470410 -4.968012 0.621673
v 9.378609 -4.990031 0.621673
v 8.483729 -4.997378 -0.380086
v 6.683729 -4.997378 -0.380086
v 5.945000 -4.997378 -0.380086
v 5.851139 -4.989991 -0.381930
v 5.759590 -4.968012 -0.387416
v 5.672606 -4.931982 -0.396409
v 5.592329 -4.882788 -0.408687
v 5.520736 -4.821642 -0.423949
v 5.459590 -4.750049 -0.441819
v 5.410396 -4.669772 -0.461856
v 5.374366 -4.582788 -0.483567
v 5.352387 -4.491238 -0.506418
v 5.345000 -4.397378 -0.529846
v 5.345000 -2.782836 -0.932836
v 5.735000 -2.782836 -0.932836
v 5.735000 -3.897378 -0.654646
v 5.742387 -3.991238 -0.631218
v 5.764366 -4.082788 -0.608368
v 5.800396 -4.169772 -0.586656
v 5.849590 -4.250049 -0.566619
v 5.910736 -4.321642 -0.548750
v 5.982329 -4.382788 -0.533487
v 6.062606 -4.431982 -0.521209
v 6.149590 -4.468012 -0.512216
v 6.241139 -4.489991 -0.506730
v 6.335000 -4.497378 -0.504886
v 8.885000 -4.497378 -0.504886
v 8.978861 -4.489991 -0.506730
v 9.070410 -4.468012 -0.512216
v 9.157394 -4.431982 -0.521209
v 9.237671 -4.382788 -0.533487
v 9.309264 -4.321642 -0.548750
v 9.370410 -4.250049 -0.566619
v 9.419604 -4.169772 -0.586656
v 9.455634 -4.082788 -0.608368
v 9.477613 -3.991238 -0.631218
v 9.485000 -3.897378 -0.654646
v 9.485000 -2.782836 -0.932836
v 9.885000 -2.782836 -0.932836
v 9.485000 -4.496092 1.773192
v 9.485000 -4.497378 1.773192
v 8.885000 -4.497378 1.773192
v 6.335000 -4.497378 1.773192
v 5.735000 -4.497378 1.773192
v 5.735000 -4.496949 1.773192
v 5.735000 -4.496521 1.773192
v 5.735000 -4.496092 1.773192
v 5.353176 -4.496092 1.773192
v 5.375732 -4.586940 1.773192
v 5.412143 -4.673174 1.773192
v 5.461524 -4.752696 1.773192
v 5.522672 -4.823569 1.773192
v 5.594099 -4.884069 1.773192
v 5.674067 -4.932724 1.773192
v 5.760629 -4.968348 1.773192
v 5.851679 -4.990076 1.773192
v 5.945000 -4.997378 1.773192
v 6.683729 -4.997378 1.773192
v 8.483729 -4.997378 1.773192
v 5.347011 -4.446391 1.772462
v 5.345000 -4.397378 1.770324
v 5.352387 -4.491238 0.621673
v 5.374366 -4.582788 0.621673
v 5.410396 -4.669772 0.621673
v 5.459590 -4.750049 0.621673
v 5.520736 -4.821642 0.621673
v 5.592329 -4.882788 0.621673
v 5.672606 -4.931982 0.621673
v 5.759590 -4.968012 0.621673
v 5.851391 -4.990031 0.621673
v 6.276911 -4.494465 1.773214
v 6.218014 -4.485697 1.773200
v 6.159431 -4.471026 1.773028
v 6.102285 -4.450408 1.772578
v 6.047627 -4.423968 1.771652
v 5.996268 -4.392418 1.770009
v 5.948965 -4.356595 1.767448
v 5.906461 -4.317321 1.763766
v 5.867992 -4.273890 1.758582
v 5.833282 -4.226095 1.751571
v 5.803077 -4.174765 1.742524
v 5.778122 -4.120729 1.731233
v 5.758960 -4.064888 1.717532
v 5.745518 -4.008318 1.701602
v 5.737597 -3.952115 1.683748
v 5.735000 -3.897378 1.664274
v 5.735000 -3.846772 1.644301
v 5.735000 -3.796830 1.622719
v 5.735000 -3.747606 1.599550
v 5.345000 -3.747606 1.599550
v 5.345000 -3.871288 1.654210
v 5.345000 -3.998923 1.698868
v 5.345000 -4.129704 1.733240
v 5.345000 -4.262803 1.757109
v 8.943089 -4.494465 1.773214
v 9.001986 -4.485697 1.773200
v 9.060569 -4.471026 1.773028
v 9.117716 -4.450408 1.772578
v 9.172374 -4.423968 1.771651
v 9.223733 -4.392418 1.770009
v 9.271035 -4.356594 1.767448
v 9.313539 -4.317321 1.763766
v 9.352008 -4.273889 1.758582
v 9.386718 -4.226094 1.751570
v 9.416923 -4.174764 1.742524
v 9.441879 -4.120729 1.731233
v 9.461040 -4.064888 1.717531
v 9.474482 -4.008318 1.701602
v 9.482403 -3.952115 1.683748
v 9.485000 -3.897378 1.664274
v 8.978861 -4.489991 0.559284
v 9.070410 -4.468012 0.559284
v 9.157394 -4.431982 0.559284
v 9.237671 -4.382788 0.559284
v 9.309264 -4.321642 0.559284
v 9.370410 -4.250049 0.559284
v 9.419604 -4.169772 0.559284
v 9.455634 -4.082788 0.559284
v 9.477613 -3.991238 0.559284
v 5.742387 -3.991238 0.559284
v 5.764366 -4.082788 0.559284
v 5.800396 -4.169772 0.559284
v 5.849590 -4.250049 0.559284
v 5.910736 -4.321642 0.559284
v 5.982329 -4.382788 0.559284
v 6.062606 -4.431982 0.559284
v 6.149590 -4.468012 0.559284
v 6.241139 -4.489991 0.559284
v 6.683729 -5.131867 -0.514574
v 6.683729 -5.276013 -0.647822
v 6.683729 -5.430170 -0.769350
v 6.683729 -5.593387 -0.878408
v 6.683729 -5.764657 -0.974324
v 6.683729 -5.942925 -1.056506
v 6.683729 -6.127091 -1.124449
v 6.683729 -6.316020 -1.177732
v 6.683729 -6.508547 -1.216028
v 6.683729 -6.703486 -1.239101
v 6.683729 -5.144089 1.671143
v 6.683729 -5.297715 1.579836
v 6.683729 -5.457472 1.499737
v 6.683729 -5.622543 1.431256
v 6.683729 -5.792084 1.374742
v 6.683729 -5.965230 1.330485
v 6.683729 -6.141094 1.298710
v 6.683729 -6.318780 1.279580
v 8.483729 -6.703486 -1.239101
v 8.483729 -6.508547 -1.216028
v 8.483729 -6.316020 -1.177732
v 8.483729 -6.127091 -1.124449
v 8.483729 -5.942925 -1.056506
v 8.483729 -5.764657 -0.974324
v 8.483729 -5.593387 -0.878408
v 8.483729 -5.430170 -0.769350
v 8.483729 -5.276013 -0.647822
v 8.483729 -5.131867 -0.514574
v 8.483729 -5.144089 1.671143
v 8.483729 -5.297715 1.579836
v 8.483729 -5.457472 1.499737
v 8.483729 -5.622543 1.431256
v 8.483729 -5.792084 1.374742
v 8.483729 -5.965230 1.330485
v 8.483729 -6.141094 1.298710
v 8.483729 -6.318780 1.279580
v 9.885000 -4.262803 1.757109
v 9.885000 -4.129704 1.733240
v 9.885000 -3.998923 1.698868
v 9.885000 -3.871288 1.654210
v 9.885000 -3.747606 1.599550
v 9.485000 -3.747606 1.599550
v 9.485000 -3.796830 1.622719
v 9.485000 -3.846772 1.644301
v 9.885000 -2.188079 0.875947
v 9.885000 -2.084949 0.823453
v 9.885000 -1.988574 0.759397
v 9.885000 -1.900244 0.684634
v 9.885000 -1.821143 0.600168
v 9.885000 -1.752330 0.507130
v 9.885000 -1.694726 0.406764
v 9.885000 -1.649103 0.300416
v 9.885000 -1.616071 0.189508
v 9.885000 -1.596073 0.075528
v 9.885000 -1.589378 -0.040000
v 9.485000 -1.589378 -0.040000
v 9.485000 -1.591995 0.032303
v 9.485000 -1.599833 0.104228
v 9.485000 -1.612851 0.175398
v 9.485000 -1.630981 0.245440
v 9.485000 -1.654128 0.313988
v 9.485000 -1.682170 0.380683
v 9.485000 -1.714961 0.445176
v 9.485000 -1.752330 0.507130
v 9.485000 -1.794080 0.566219
v 9.485000 -1.839993 0.622135
v 9.485000 -1.889829 0.674585
v 9.485000 -1.943327 0.723294
v 9.485000 -2.000206 0.768008
v 9.485000 -2.060170 0.808492
v 9.485000 -2.122904 0.844535
v 9.485000 -2.188079 0.875947
v 9.485000 -2.284604 0.912425
v 9.485000 -2.384375 0.938761
v 9.485000 -2.486327 0.954676
v 9.485000 -2.589378 0.960000
v 9.485031 -2.589378 0.960000
v 9.485031 -2.486327 0.954676
v 9.485031 -2.384375 0.938761
v 9.485031 -2.284604 0.912425
v 9.485031 -2.188079 0.875947
v 5.735000 -2.188079 0.875947
v 5.735000 -2.084949 0.823453
v 5.735000 -1.988574 0.759397
v 5.735000 -1.900244 0.684634
v 5.735000 -1.821143 0.600168
v 5.735000 -1.752330 0.507130
v 5.735000 -1.694726 0.406764
v 5.735000 -1.649103 0.300416
v 5.735000 -1.616071 0.189508
v 5.735000 -1.596073 0.075528
v 5.735000 -1.589378 -0.040000
v 5.345000 -1.589378 -0.040000
v 5.345000 -1.596073 0.075528
v 5.345000 -1.616071 0.189508
v 5.345000 -1.649103 0.300416
v 5.345000 -1.694726 0.406764
v 5.345000 -1.752330 0.507130
v 5.345000 -1.821143 0.600168
v 5.345000 -1.900244 0.684634
v 5.345000 -1.988574 0.759397
v 5.345000 -2.084949 0.823453
v 5.345000 -2.188079 0.875947
v 9.885000 -2.667928 -0.954195
v 9.885000 -2.551277 -0.961454
v 9.885000 -2.434607 -0.954505
v 9.885000 -2.319642 -0.933451
v 9.885000 -2.278306 -0.915775
v 9.885000 -2.236950 -0.898145
v 9.885000 -2.195574 -0.880561
v 9.885000 -2.087272 -0.826659
v 9.885000 -1.986272 -0.760074
v 9.885000 -1.894050 -0.681781
v 9.885000 -1.811958 -0.592924
v 9.885000 -1.741197 -0.494804
v 9.885000 -1.682801 -0.388858
v 9.885000 -1.637625 -0.276636
v 9.885000 -1.606332 -0.159780
v 9.885000 -2.711360 1.109691
v 9.885000 -3.231237 1.350909
v 9.885000 -2.217500 -0.000000
v 9.885000 -2.225274 -0.071478
v 9.885000 -2.248231 -0.139613
v 9.885000 -2.285299 -0.201220
v 9.885000 -2.334744 -0.253419
v 9.885000 -2.394254 -0.293768
v 9.885000 -2.461047 -0.320380
v 9.885000 -2.531999 -0.332012
v 9.885000 -2.603793 -0.328120
v 9.885000 -2.673071 -0.308885
v 9.885000 -2.736595 -0.275207
v 9.885000 -2.791394 -0.228660
v 9.885000 -2.834905 -0.171422
v 9.885000 -2.865095 -0.106168
v 9.885000 -2.880551 -0.035950
v 9.885000 -2.880551 0.035950
v 9.885000 -2.865095 0.106168
v 9.885000 -2.834905 0.171422
v 9.885000 -2.791394 0.228660
v 9.885000 -2.736595 0.275207
v 9.885000 -2.673071 0.308885
v 9.885000 -2.603793 0.328120
v 9.885000 -2.531999 0.332012
v 9.885000 -2.461047 0.320380
v 9.885000 -2.394254 0.293768
v 9.885000 -2.334744 0.253419
v 9.885000 -2.285299 0.201220
v 9.885000 -2.248231 0.139613
v 9.885000 -2.225274 0.071478
v 9.885000 -1.725000 -0.000000
v 9.885000 -1.729259 -0.032352
v 9.885000 -1.741747 -0.062500
v 9.885000 -1.761612 -0.088388
v 9.885000 -1.787500 -0.108253
v 9.885000 -1.817648 -0.120741
v 9.885000 -1.850000 -0.125000
v 9.885000 -1.882353 -0.120741
v 9.885000 -1.912500 -0.108253
v 9.885000 -1.938389 -0.088388
v 9.885000 -1.958253 -0.062500
v 9.885000 -1.970741 -0.032352
v 9.885000 -1.975000 -0.000000
v 9.885000 -1.970741 0.032352
v 9.885000 -1.958253 0.062500
v 9.885000 -1.938389 0.088388
v 9.885000 -1.912500 0.108253
v 9.885000 -1.882353 0.120741
v 9.885000 -1.850000 0.125000
v 9.885000 -1.817648 0.120741
v 9.885000 -1.787500 0.108253
v 9.885000 -1.761612 0.088388
v 9.885000 -1.741747 0.062500
v 9.885000 -1.729259 0.032352
v 9.885000 -2.425000 -0.700000
v 9.885000 -2.429259 -0.732352
v 9.885000 -2.441747 -0.762500
v 9.885000 -2.461612 -0.788388
v 9.885000 -2.487500 -0.808253
v 9.885000 -2.517648 -0.820741
v 9.885000 -2.550000 -0.825000
v 9.885000 -2.582352 -0.820741
v 9.885000 -2.612500 -0.808253
v 9.885000 -2.638388 -0.788388
v 9.885000 -2.658253 -0.762500
v 9.885000 -2.670741 -0.732352
v 9.885000 -2.675000 -0.700000
v 9.885000 -2.670741 -0.667647
v 9.885000 -2.658253 -0.637500
v 9.885000 -2.638388 -0.611611
v 9.885000 -2.612500 -0.591747
v 9.885000 -2.582352 -0.579259
v 9.885000 -2.550000 -0.575000
v 9.885000 -2.517648 -0.579259
v 9.885000 -2.487500 -0.591747
v 9.885000 -2.461612 -0.611611
v 9.885000 -2.441747 -0.637500
v 9.885000 -2.429259 -0.667647
v 9.885000 -2.425000 0.700000
v 9.885000 -2.429259 0.667647
v 9.885000 -2.441747 0.637500
v 9.885000 -2.461612 0.611611
v 9.885000 -2.487500 0.591747
v 9.885000 -2.517648 0.579259
v 9.885000 -2.550000 0.575000
v 9.885000 -2.582352 0.579259
v 9.885000 -2.612500 0.591747
v 9.885000 -2.638388 0.611611
v 9.885000 -2.658253 0.637500
v 9.885000 -2.670741 0.667647
v 9.885000 -2.675000 0.700000
v 9.885000 -2.670741 0.732352
v 9.885000 -2.658253 0.762500
v 9.885000 -2.638388 0.788388
v 9.885000 -2.612500 0.808253
v 9.885000 -2.582352 0.820741
v 9.885000 -2.550000 0.825000
v 9.885000 -2.517648 0.820741
v 9.885000 -2.487500 0.808253
v 9.885000 -2.461612 0.788388
v 9.885000 -2.441747 0.762500
v 9.885000 -2.429259 0.732352
v 9.885000 -3.125000 -0.000000
v 9.885000 -3.129259 -0.032352
v 9.885000 -3.141747 -0.062500
v 9.885000 -3.161611 -0.088388
v 9.885000 -3.187500 -0.108253
v 9.885000 -3.217647 -0.120741
v 9.885000 -3.250000 -0.125000
v 9.885000 -3.282352 -0.120741
v 9.885000 -3.312500 -0.108253
v 9.885000 -3.338388 -0.088388
v 9.885000 -3.358253 -0.062500
v 9.885000 -3.370741 -0.032352
v 9.885000 -3.375000 -0.000000
v 9.885000 -3.370741 0.032352
v 9.885000 -3.358253 0.062500
v 9.885000 -3.338388 0.088388
v 9.885000 -3.312500 0.108253
v 9.885000 -3.282352 0.120741
v 9.885000 -3.250000 0.125000
v 9.885000 -3.217647 0.120741
v 9.885000 -3.187500 0.108253
v 9.885000 -3.161611 0.088388
v 9.885000 -3.141747 0.062500
v 9.885000 -3.129259 0.032352
v 9.485000 -2.317485 0.932916
v 9.485031 -2.317485 0.932916
v 9.485031 -2.384549 0.947112
v 9.485031 -2.452454 0.956494
v 9.485031 -2.520855 0.961013
v 9.485031 -2.589404 0.960647
v 9.485031 -2.602871 0.960000
v 9.485000 -2.602871 0.960000
v 9.485000 -2.589404 0.960647
v 9.485000 -2.520855 0.961013
v 9.485000 -2.452454 0.956494
v 9.485000 -2.384549 0.947112
v 9.485031 -2.274372 0.913876
v 9.485031 -2.231237 0.894886
v 9.485000 -2.797100 1.148852
v 9.485000 -3.273835 1.371076
v 9.485031 -2.602871 -0.960000
v 9.485031 -2.586202 -0.960773
v 9.485031 -2.519008 -0.960955
v 9.485031 -2.451965 -0.956444
v 9.485031 -2.385402 -0.947261
v 9.485031 -2.319642 -0.933451
v 9.485000 -2.723460 -0.945678
v 9.485000 -2.663392 -0.954745
v 9.485000 -2.602871 -0.960000
v 5.345000 -2.667928 -0.954195
v 5.345000 -2.551277 -0.961454
v 5.345000 -2.434607 -0.954505
v 5.345000 -2.319642 -0.933451
v 5.735000 -2.319642 -0.933451
v 5.735000 -2.434607 -0.954505
v 5.735000 -2.551277 -0.961454
v 5.735000 -2.667928 -0.954195
v 9.485031 -2.278306 -0.915775
v 9.485031 -2.236950 -0.898145
v 9.485031 -2.195574 -0.880561
v 9.485031 -2.586172 -0.960000
v 9.485031 -2.486020 -0.954972
v 9.485031 -2.386875 -0.939939
v 9.485031 -2.289734 -0.915052
v 9.485000 -2.586172 -0.960000
v 9.485000 -1.597130 -0.107633
v 9.485000 -1.609467 -0.174582
v 9.485000 -1.626329 -0.240537
v 9.485000 -1.647640 -0.305191
v 9.485000 -1.673301 -0.368246
v 9.485000 -1.703192 -0.429409
v 9.485000 -1.737175 -0.488396
v 9.485000 -1.775092 -0.544935
v 9.485000 -1.816769 -0.598763
v 9.485000 -1.862011 -0.649630
v 9.485000 -1.910609 -0.697302
v 9.485000 -1.962338 -0.741557
v 9.485000 -2.016958 -0.782189
v 9.485000 -2.074216 -0.819012
v 9.485000 -2.133847 -0.851853
v 9.485000 -2.195574 -0.880561
v 9.485000 -2.289734 -0.915052
v 9.485000 -2.386875 -0.939939
v 9.485000 -2.486020 -0.954972
v 9.485000 -2.217500 -0.000000
v 9.485000 -2.225274 0.071478
v 9.485000 -2.248231 0.139613
v 9.485000 -2.285299 0.201220
v 9.485000 -2.334744 0.253419
v 9.485000 -2.394254 0.293768
v 9.485000 -2.461047 0.320380
v 9.485000 -2.531999 0.332012
v 9.485000 -2.603793 0.328120
v 9.485000 -2.673071 0.308885
v 9.485000 -2.736595 0.275207
v 9.485000 -2.791394 0.228660
v 9.485000 -2.834905 0.171422
v 9.485000 -2.865095 0.106168
v 9.485000 -2.880551 0.035950
v 9.485000 -2.880551 -0.035950
v 9.485000 -2.865095 -0.106168
v 9.485000 -2.834905 -0.171422
v 9.485000 -2.791394 -0.228660
v 9.485000 -2.736595 -0.275207
v 9.485000 -2.673071 -0.308885
v 9.485000 -2.603793 -0.328120
v 9.485000 -2.531999 -0.332012
v 9.485000 -2.461047 -0.320380
v 9.485000 -2.394254 -0.293768
v 9.485000 -2.334744 -0.253419
v 9.485000 -2.285299 -0.201220
v 9.485000 -2.248231 -0.139613
v 9.485000 -2.225274 -0.071478
v 9.485000 -1.725000 -0.000000
v 9.485000 -1.729259 0.032352
v 9.485000 -1.741747 0.062500
v 9.485000 -1.761612 0.088388
v 9.485000 -1.787500 0.108253
v 9.485000 -1.817648 0.120741
v 9.485000 -1.850000 0.125000
v 9.485000 -1.882353 0.120741
v 9.485000 -1.912500 0.108253
v 9.485000 -1.938389 0.088388
v 9.485000 -1.958253 0.062500
v 9.485000 -1.970741 0.032352
v 9.485000 -1.975000 -0.000000
v 9.485000 -1.970741 -0.032352
v 9.485000 -1.958253 -0.062500
v 9.485000 -1.938389 -0.088388
v 9.485000 -1.912500 -0.108253
v 9.485000 -1.882353 -0.120741
v 9.485000 -1.850000 -0.125000
v 9.485000 -1.817648 -0.120741
v 9.485000 -1.787500 -0.108253
v 9.485000 -1.761612 -0.088388
v 9.485000 -1.741747 -0.062500
v 9.485000 -1.729259 -0.032352
v 9.485000 -2.425000 -0.700000
v 9.485000 -2.429259 -0.667647
v 9.485000 -2.441747 -0.637500
v 9.485000 -2.461612 -0.611611
v 9.485000 -2.487500 -0.591747
v 9.485000 -2.517648 -0.579259
v 9.485000 -2.550000 -0.575000
v 9.485000 -2.582352 -0.579259
v 9.485000 -2.612500 -0.591747
v 9.485000 -2.638388 -0.611611
v 9.485000 -2.658253 -0.637500
v 9.485000 -2.670741 -0.667647
v 9.485000 -2.675000 -0.700000
v 9.485000 -2.670741 -0.732352
v 9.485000 -2.658253 -0.762500
v 9.485000 -2.638388 -0.788388
v 9.485000 -2.612500 -0.808253
v 9.485000 -2.582352 -0.820741
v 9.485000 -2.550000 -0.825000
v 9.485000 -2.517648 -0.820741
v 9.485000 -2.487500 -0.808253
v 9.485000 -2.461612 -0.788388
v 9.485000 -2.441747 -0.762500
v 9.485000 -2.429259 -0.732352
v 9.485000 -2.425000 0.700000
v 9.485000 -2.429259 0.732352
v 9.485000 -2.441747 0.762500
v 9.485000 -2.461612 0.788388
v 9.485000 -2.487500 0.808253
v 9.485000 -2.517648 0.820741
v 9.485000 -2.550000 0.825000
v 9.485000 -2.582352 0.820741
v 9.485000 -2.612500 0.808253
v 9.485000 -2.638388 0.788388
v 9.485000 -2.658253 0.762500
v 9.485000 -2.670741 0.732352
v 9.485000 -2.675000 0.700000
v 9.485000 -2.670741 0.667647
v 9.485000 -2.658253 0.637500
v 9.485000 -2.638388 0.611611
v 9.485000 -2.612500 0.591747
v 9.485000 -2.582352 0.579259
v 9.485000 -2.550000 0.575000
v 9.485000 -2.517648 0.579259
v 9.485000 -2.487500 0.591747
v 9.485000 -2.461612 0.611611
v 9.485000 -2.441747 0.637500
v 9.485000 -2.429259 0.667647
v 9.485000 -3.125000 -0.000000
v 9.485000 -3.129259 0.032352
v 9.485000 -3.141747 0.062500
v 9.485000 -3.161611 0.088388
v 9.485000 -3.187500 0.108253
v 9.485000 -3.217647 0.120741
v 9.485000 -3.250000 0.125000
v 9.485000 -3.282352 0.120741
v 9.485000 -3.312500 0.108253
v 9.485000 -3.338388 0.088388
v 9.485000 -3.358253 0.062500
v 9.485000 -3.370741 0.032352
v 9.485000 -3.375000 -0.000000
v 9.485000 -3.370741 -0.032352
v 9.485000 -3.358253 -0.062500
v 9.485000 -3.338388 -0.088388
v 9.485000 -3.312500 -0.108253
v 9.485000 -3.282352 -0.120741
v 9.485000 -3.250000 -0.125000
v 9.485000 -3.217647 -0.120741
v 9.485000 -3.187500 -0.108253
v 9.485000 -3.161611 -0.088388
v 9.485000 -3.141747 -0.062500
v 9.485000 -3.129259 -0.032352
v 5.735000 -2.278306 -0.915775
v 5.735000 -2.236950 -0.898145
v 5.735000 -2.195574 -0.880561
v 5.735000 -2.087272 -0.826659
v 5.735000 -1.986272 -0.760074
v 5.735000 -1.894050 -0.681781
v 5.735000 -1.811958 -0.592924
v 5.735000 -1.741197 -0.494804
v 5.735000 -1.682801 -0.388858
v 5.735000 -1.637625 -0.276636
v 5.735000 -1.606332 -0.159780
v 5.735000 -2.711360 1.109691
v 5.735000 -3.231237 1.350909
v 5.735000 -2.217500 -0.000000
v 5.735000 -2.225274 -0.071478
v 5.735000 -2.248231 -0.139613
v 5.735000 -2.285299 -0.201220
v 5.735000 -2.334744 -0.253419
v 5.735000 -2.394254 -0.293768
v 5.735000 -2.461047 -0.320380
v 5.735000 -2.531999 -0.332012
v 5.735000 -2.603793 -0.328120
v 5.735000 -2.673071 -0.308885
v 5.735000 -2.736595 -0.275207
v 5.735000 -2.791394 -0.228660
v 5.735000 -2.834905 -0.171422
v 5.735000 -2.865095 -0.106168
v 5.735000 -2.880551 -0.035950
v 5.735000 -2.880551 0.035950
v 5.735000 -2.865095 0.106168
v 5.735000 -2.834905 0.171422
v 5.735000 -2.791394 0.228660
v 5.735000 -2.736595 0.275207
v 5.735000 -2.673071 0.308885
v 5.735000 -2.603793 0.328120
v 5.735000 -2.531999 0.332012
v 5.735000 -2.461047 0.320380
v 5.735000 -2.394254 0.293768
v 5.735000 -2.334744 0.253419
v 5.735000 -2.285299 0.201220
v 5.735000 -2.248231 0.139613
v 5.735000 -2.225274 0.071478
v 5.735000 -1.725000 -0.000000
v 5.735000 -1.729259 -0.032352
v 5.735000 -1.741747 -0.062500
v 5.735000 -1.761612 -0.088388
v 5.735000 -1.787500 -0.108253
v 5.735000 -1.817648 -0.120741
v 5.735000 -1.850000 -0.125000
v 5.735000 -1.882353 -0.120741
v 5.735000 -1.912500 -0.108253
v 5.735000 -1.938389 -0.088388
v 5.735000 -1.958253 -0.062500
v 5.735000 -1.970741 -0.032352
v 5.735000 -1.975000 -0.000000
v 5.735000 -1.970741 0.032352
v 5.735000 -1.958253 0.062500
v 5.735000 -1.938389 0.088388
v 5.735000 -1.912500 0.108253
v 5.735000 -1.882353 0.120741
v 5.735000 -1.850000 0.125000
v 5.735000 -1.817648 0.120741
v 5.735000 -1.787500 0.108253
v 5.735000 -1.761612 0.088388
v 5.735000 -1.741747 0.062500
v 5.735000 -1.729259 0.032352
v 5.735000 -2.425000 -0.700000
v 5.735000 -2.429259 -0.732352
v 5.735000 -2.441747 -0.762500
v 5.735000 -2.461612 -0.788388
v 5.735000 -2.487500 -0.808253
v 5.735000 -2.517648 -0.820741
v 5.735000 -2.550000 -0.825000
v 5.735000 -2.582352 -0.820741
v 5.735000 -2.612500 -0.808253
v 5.735000 -2.638388 -0.788388
v 5.735000 -2.658253 -0.762500
v 5.735000 -2.670741 -0.732352
v 5.735000 -2.675000 -0.700000
v 5.735000 -2.670741 -0.667647
v 5.735000 -2.658253 -0.637500
v 5.735000 -2.638388 -0.611611
v 5.735000 -2.612500 -0.591747
v 5.735000 -2.582352 -0.579259
v 5.735000 -2.550000 -0.575000
v 5.735000 -2.517648 -0.579259
v 5.735000 -2.487500 -0.591747
v 5.735000 -2.461612 -0.611611
v 5.735000 -2.441747 -0.637500
v 5.735000 -2.429259 -0.667647
v 5.735000 -2.425000 0.700000
v 5.735000 -2.429259 0.667647
v 5.735000 -2.441747 0.637500
v 5.735000 -2.461612 0.611611
v 5.735000 -2.487500 0.591747
v 5.735000 -2.517648 0.579259
v 5.735000 -2.550000 0.575000
v 5.735000 -2.582352 0.579259
v 5.735000 -2.612500 0.591747
v 5.735000 -2.638388 0.611611
v 5.735000 -2.658253 0.637500
v 5.735000 -2.670741 0.667647
v 5.735000 -2.675000 0.700000
v 5.735000 -2.670741 0.732352
v 5.735000 -2.658253 0.762500
v 5.735000 -2.638388 0.788388
v 5.735000 -2.612500 0.808253
v 5.735000 -2.582352 0.820741
v 5.735000 -2.550000 0.825000
v 5.735000 -2.517648 0.820741
v 5.735000 -2.487500 0.808253
v 5.735000 -2.461612 0.788388
v 5.735000 -2.441747 0.762500
v 5.735000 -2.429259 0.732352
v 5.735000 -3.125000 -0.000000
v 5.735000 -3.129259 -0.032352
v 5.735000 -3.141747 -0.062500
v 5.735000 -3.161611 -0.088388
v 5.735000 -3.187500 -0.108253
v 5.735000 -3.217647 -0.120741
v 5.735000 -3.250000 -0.125000
v 5.735000 -3.282352 -0.120741
v 5.735000 -3.312500 -0.108253
v 5.735000 -3.338388 -0.088388
v 5.735000 -3.358253 -0.062500
v 5.735000 -3.370741 -0.032352
v 5.735000 -3.375000 -0.000000
v 5.735000 -3.370741 0.032352
v 5.735000 -3.358253 0.062500
v 5.735000 -3.338388 0.088388
v 5.735000 -3.312500 0.108253
v 5.735000 -3.282352 0.120741
v 5.735000 -3.250000 0.125000
v 5.735000 -3.217647 0.120741
v 5.735000 -3.187500 0.108253
v 5.735000 -3.161611 0.088388
v 5.735000 -3.141747 0.062500
v 5.735000 -3.129259 0.032352
v 5.345000 -3.231237 1.350909
v 5.345000 -2.711360 1.109691
v 5.345000 -1.606332 -0.159780
v 5.345000 -1.637625 -0.276636
v 5.345000 -1.682801 -0.388858
v 5.345000 -1.741197 -0.494804
v 5.345000 -1.811958 -0.592924
v 5.345000 -1.894050 -0.681781
v 5.345000 -1.986272 -0.760074
v 5.345000 -2.087272 -0.826659
v 5.345000 -2.195574 -0.880561
v 5.345000 -2.236950 -0.898145
v 5.345000 -2.278306 -0.915775
v 5.345000 -1.725000 -0.000000
v 5.345000 -1.729259 0.032352
v 5.345000 -1.741747 0.062500
v 5.345000 -1.761612 0.088388
v 5.345000 -1.787500 0.108253
v 5.345000 -1.817648 0.120741
v 5.345000 -1.850000 0.125000
v 5.345000 -1.882353 0.120741
v 5.345000 -1.912500 0.108253
v 5.345000 -1.938389 0.088388
v 5.345000 -1.958253 0.062500
v 5.345000 -1.970741 0.032352
v 5.345000 -1.975000 0.000000
v 5.345000 -1.970741 -0.032352
v 5.345000 -1.958253 -0.062500
v 5.345000 -1.938389 -0.088388
v 5.345000 -1.912500 -0.108253
v 5.345000 -1.882353 -0.120741
v 5.345000 -1.850000 -0.125000
v 5.345000 -1.817648 -0.120741
v 5.345000 -1.787500 -0.108253
v 5.345000 -1.761612 -0.088388
v 5.345000 -1.741747 -0.062500
v 5.345000 -1.729259 -0.032352
v 5.345000 -3.125000 -0.000000
v 5.345000 -3.129259 0.032352
v 5.345000 -3.141747 0.062500
v 5.345000 -3.161611 0.088388
v 5.345000 -3.187500 0.108253
v 5.345000 -3.217647 0.120741
v 5.345000 -3.250000 0.125000
v 5.345000 -3.282352 0.120741
v 5.345000 -3.312500 0.108253
v 5.345000 -3.338388 0.088388
v 5.345000 -3.358253 0.062500
v 5.345000 -3.370741 0.032352
v 5.345000 -3.375000 0.000000
v 5.345000 -3.370741 -0.032352
v 5.345000 -3.358253 -0.062500
v 5.345000 -3.338388 -0.088388
v 5.345000 -3.312500 -0.108253
v 5.345000 -3.282352 -0.120741
v 5.345000 -3.250000 -0.125000
v 5.345000 -3.217647 -0.120741
v 5.345000 -3.187500 -0.108253
v 5.345000 -3.161611 -0.088388
v 5.345000 -3.141747 -0.062500
v 5.345000 -3.129259 -0.032352
v 5.345000 -2.425000 -0.700000
v 5.345000 -2.429259 -0.667647
v 5.345000 -2.441747 -0.637500
v 5.345000 -2.461612 -0.611611
v 5.345000 -2.487500 -0.591747
v 5.345000 -2.517648 -0.579259
v 5.345000 -2.550000 -0.575000
v 5.345000 -2.582352 -0.579259
v 5.345000 -2.612500 -0.591747
v 5.345000 -2.638388 -0.611611
v 5.345000 -2.658253 -0.637500
v 5.345000 -2.670741 -0.667647
v 5.345000 -2.675000 -0.700000
v 5.345000 -2.670741 -0.732352
v 5.345000 -2.658253 -0.762500
v 5.345000 -2.638388 -0.788388
v 5.345000 -2.612500 -0.808253
v 5.345000 -2.582352 -0.820741
v 5.345000 -2.550000 -0.825000
v 5.345000 -2.517648 -0.820741
v 5.345000 -2.487500 -0.808253
v 5.345000 -2.461612 -0.788388
v 5.345000 -2.441747 -0.762500
v 5.345000 -2.429259 -0.732352
v 5.345000 -2.425000 0.700000
v 5.345000 -2.429259 0.732352
v 5.345000 -2.441747 0.762500
v 5.345000 -2.461612 0.788388
v 5.345000 -2.487500 0.808253
v 5.345000 -2.517648 0.820741
v 5.345000 -2.550000 0.825000
v 5.345000 -2.582352 0.820741
v 5.345000 -2.612500 0.808253
v 5.345000 -2.638388 0.788388
v 5.345000 -2.658253 0.762500
v 5.345000 -2.670741 0.732352
v 5.345000 -2.675000 0.700000
v 5.345000 -2.670741 0.667647
v 5.345000 -2.658253 0.637500
v 5.345000 -2.638388 0.611611
v 5.345000 -2.612500 0.591747
v 5.345000 -2.582352 0.579259
v 5.345000 -2.550000 0.575000
v 5.345000 -2.517648 0.579259
v 5.345000 -2.487500 0.591747
v 5.345000 -2.461612 0.611611
v 5.345000 -2.441747 0.637500
v 5.345000 -2.429259 0.667647
v 5.345000 -2.217500 -0.000000
v 5.345000 -2.225274 0.071478
v 5.345000 -2.248231 0.139613
v 5.345000 -2.285299 0.201220
v 5.345000 -2.334744 0.253419
v 5.345000 -2.394254 0.293768
v 5.345000 -2.461047 0.320380
v 5.345000 -2.531999 0.332012
v 5.345000 -2.603793 0.328120
v 5.345000 -2.673071 0.308885
v 5.345000 -2.736595 0.275207
v 5.345000 -2.791394 0.228660
v 5.345000 -2.834905 0.171422
v 5.345000 -2.865095 0.106168
v 5.345000 -2.880551 0.035950
v 5.345000 -2.880551 -0.035950
v 5.345000 -2.865095 -0.106168
v 5.345000 -2.834905 -0.171422
v 5.345000 -2.791394 -0.228660
v 5.345000 -2.736595 -0.275207
v 5.345000 -2.673071 -0.308885
v 5.345000 -2.603793 -0.328120
v 5.345000 -2.531999 -0.332012
v 5.345000 -2.461047 -0.320380
v 5.345000 -2.394254 -0.293768
v 5.345000 -2.334744 -0.253419
v 5.345000 -2.285299 -0.201220
v 5.345000 -2.248231 -0.139613
v 5.345000 -2.225274 -0.071478
vt 0.561402 0.157080 0.000000
vt -1.754942 0.157080 0.000000
vt -0.602598 0.104720 0.000000
vt -1.758999 0.118539 0.000000
vt -1.762184 0.078776 0.000000
vt -0.602598 0.052360 0.000000
vt -1.764345 0.038946 0.000000
vt -0.602598 0.000103 0.000000
vt -1.765625 0.000210 0.000000
vt -1.766276 -0.038528 0.000000
vt -0.602598 -0.052360 0.000000
vt -1.766538 -0.078424 0.000000
vt -0.602598 -0.104720 0.000000
vt -1.766598 -0.118324 0.000000
vt 0.511482 -0.157080 0.000000
vt -1.766595 -0.157080 0.000000
vt 0.513183 -0.104720 0.000000
vt 0.518170 -0.052360 0.000000
vt 0.526103 -0.000000 0.000000
vt 0.536442 0.052360 0.000000
vt 0.548482 0.104720 0.000000
vt 1.670000 1.759999 0.000000
vt -1.680000 1.759999 0.000000
vt 1.670000 -0.518078 0.000000
vt -1.680000 -0.518078 0.000000
vt 0.511482 0.157080 0.000000
vt -1.766595 0.157080 0.000000
vt -0.602598 0.104720 0.000000
vt -1.766598 0.118324 0.000000
vt -1.766538 0.078424 0.000000
vt -0.602598 0.052360 0.000000
vt -1.766276 0.038528 0.000000
vt -0.602598 -0.000103 0.000000
vt -1.765625 -0.000210 0.000000
vt -1.764345 -0.038946 0.000000
vt -0.602598 -0.052360 0.000000
vt -1.762184 -0.078776 0.000000
vt -0.602598 -0.104720 0.000000
vt -1.758999 -0.118539 0.000000
vt 0.561402 -0.157080 0.000000
vt -1.754942 -0.157080 0.000000
vt 0.548482 -0.104720 0.000000
vt 0.536442 -0.052360 0.000000
vt 0.526103 0.000000 0.000000
vt 0.518170 0.052360 0.000000
vt 0.513183 0.104720 0.000000
vt 1.747378 1.761538 0.000000
vt 1.605275 1.738678 0.000000
vt 1.747378 -0.554806 0.000000
vt 0.808253 0.062500 0.000000
vt 0.820741 0.032352 0.000000
vt 1.465616 1.703880 0.000000
vt 1.329400 1.657392 0.000000
vt 1.197606 1.599550 0.000000
vt 0.681237 1.350909 0.000000
vt 0.762500 0.108253 0.000000
vt 0.788388 0.088388 0.000000
vt 0.161360 1.109691 0.000000
vt 0.120741 0.732352 0.000000
vt 0.125000 0.700000 0.000000
vt 0.700000 0.125000 0.000000
vt 0.667647 0.120741 0.000000
vt 0.120741 0.667647 0.000000
vt 0.241394 0.228660 0.000000
vt 0.186595 0.275207 0.000000
vt 0.108253 0.637500 0.000000
vt 0.088388 0.611611 0.000000
vt -0.361921 0.875947 0.000000
vt -0.032352 0.820741 0.000000
vt 0.000000 0.825000 0.000000
vt 0.032352 0.820741 0.000000
vt -0.465051 0.823453 0.000000
vt -0.125000 0.700000 0.000000
vt -0.120741 0.732352 0.000000
vt -0.108253 0.762500 0.000000
vt -0.120741 0.667647 0.000000
vt -0.561426 0.759397 0.000000
vt -0.108253 0.637500 0.000000
vt -0.215256 0.253419 0.000000
vt -0.155746 0.293768 0.000000
vt -0.649756 0.684634 0.000000
vt -0.264701 0.201220 0.000000
vt -0.728857 0.600168 0.000000
vt -0.637500 0.108253 0.000000
vt -0.797670 0.507130 0.000000
vt -0.667647 0.120741 0.000000
vt -0.855274 0.406764 0.000000
vt -0.700000 0.125000 0.000000
vt -0.900897 0.300416 0.000000
vt -0.732352 0.120741 0.000000
vt -0.762500 0.108253 0.000000
vt -0.933929 0.189508 0.000000
vt -0.788388 0.088388 0.000000
vt -0.808253 0.062500 0.000000
vt -0.953927 0.075528 0.000000
vt -0.820741 0.032352 0.000000
vt -0.825000 0.000000 0.000000
vt -0.960622 -0.040000 0.000000
vt -0.820741 -0.032352 0.000000
vt -0.808253 -0.062500 0.000000
vt -0.943668 -0.159780 0.000000
vt -0.788388 -0.088388 0.000000
vt -0.762500 -0.108253 0.000000
vt -0.912375 -0.276636 0.000000
vt -0.732352 -0.120741 0.000000
vt -0.867199 -0.388858 0.000000
vt -0.700000 -0.125000 0.000000
vt -0.808803 -0.494804 0.000000
vt -0.667647 -0.120741 0.000000
vt -0.738042 -0.592924 0.000000
vt -0.637500 -0.108253 0.000000
vt -0.264701 -0.201220 0.000000
vt -0.301769 -0.139613 0.000000
vt -0.655950 -0.681781 0.000000
vt -0.215256 -0.253419 0.000000
vt -0.563728 -0.760074 0.000000
vt -0.108253 -0.637500 0.000000
vt -0.120741 -0.667647 0.000000
vt -0.462728 -0.826659 0.000000
vt -0.125000 -0.700000 0.000000
vt -0.354426 -0.880561 0.000000
vt -0.120741 -0.732352 0.000000
vt -0.313050 -0.898145 0.000000
vt -0.271694 -0.915775 0.000000
vt -0.108253 -0.762500 0.000000
vt -0.230358 -0.933451 0.000000
vt -0.088388 -0.788388 0.000000
vt -0.115393 -0.954505 0.000000
vt -0.062500 -0.808253 0.000000
vt -0.032352 -0.820741 0.000000
vt 0.001277 -0.961454 0.000000
vt -0.000000 -0.825000 0.000000
vt 0.032352 -0.820741 0.000000
vt 0.117928 -0.954195 0.000000
vt 0.062500 -0.808253 0.000000
vt 0.088388 -0.788388 0.000000
vt 0.232836 -0.932836 0.000000
vt 0.108253 -0.762500 0.000000
vt 0.120741 -0.732352 0.000000
vt 0.125000 -0.700000 0.000000
vt 0.120741 -0.667647 0.000000
vt 0.667647 -0.120741 0.000000
vt 0.241394 -0.228660 0.000000
vt 0.637500 -0.108253 0.000000
vt 0.284905 -0.171422 0.000000
vt 0.611611 -0.088388 0.000000
vt 0.315095 -0.106168 0.000000
vt 0.591747 -0.062500 0.000000
vt 0.579259 -0.032352 0.000000
vt 0.732352 -0.120741 0.000000
vt 0.700000 -0.125000 0.000000
vt -0.324726 0.071478 0.000000
vt -0.579259 0.032352 0.000000
vt -0.332500 0.000000 0.000000
vt -0.575000 0.000000 0.000000
vt -0.579259 -0.032352 0.000000
vt -0.591747 0.062500 0.000000
vt -0.301769 0.139613 0.000000
vt -0.611611 0.088388 0.000000
vt -0.088388 0.611611 0.000000
vt -0.088953 0.320380 0.000000
vt -0.062500 0.591747 0.000000
vt -0.032352 0.579259 0.000000
vt -0.018001 0.332012 0.000000
vt 0.000000 0.575000 0.000000
vt 0.053793 0.328120 0.000000
vt 0.032352 0.579259 0.000000
vt 0.062500 0.591747 0.000000
vt 0.123071 0.308885 0.000000
vt 0.637500 0.108253 0.000000
vt 0.284905 0.171422 0.000000
vt 0.611611 0.088388 0.000000
vt 0.315095 0.106168 0.000000
vt 0.591747 0.062500 0.000000
vt 0.579259 0.032352 0.000000
vt 0.330551 0.035950 0.000000
vt 0.575000 0.000000 0.000000
vt 0.330551 -0.035950 0.000000
vt 0.186595 -0.275207 0.000000
vt 0.108253 -0.637500 0.000000
vt 0.088388 -0.611611 0.000000
vt 0.123071 -0.308885 0.000000
vt 0.062500 -0.591747 0.000000
vt 0.053793 -0.328120 0.000000
vt 0.032352 -0.579259 0.000000
vt -0.000000 -0.575000 0.000000
vt -0.018001 -0.332012 0.000000
vt -0.032352 -0.579259 0.000000
vt -0.088953 -0.320380 0.000000
vt -0.062500 -0.591747 0.000000
vt -0.088388 -0.611611 0.000000
vt -0.155746 -0.293768 0.000000
vt -0.324726 -0.071478 0.000000
vt -0.591747 -0.062500 0.000000
vt -0.611611 -0.088388 0.000000
vt -0.088388 0.788388 0.000000
vt -0.062500 0.808253 0.000000
vt 0.062500 0.808253 0.000000
vt 0.088388 0.788388 0.000000
vt 0.108253 0.762500 0.000000
vt 0.732352 0.120741 0.000000
vt 0.825000 0.000000 0.000000
vt 0.820741 -0.032352 0.000000
vt 0.808253 -0.062500 0.000000
vt 0.788388 -0.088388 0.000000
vt 0.762500 -0.108253 0.000000
vt 0.386682 0.235619 0.000000
vt -1.766596 0.235619 0.000000
vt -0.652517 0.168300 0.000000
vt -1.766596 0.168300 0.000000
vt -0.652517 0.100980 0.000000
vt -1.766596 0.100980 0.000000
vt -0.652517 0.033660 0.000000
vt -1.766596 0.033660 0.000000
vt -0.652517 -0.033660 0.000000
vt -1.766596 -0.033660 0.000000
vt -0.652517 -0.100980 0.000000
vt -1.766596 -0.100980 0.000000
vt -0.652517 -0.168300 0.000000
vt -1.766596 -0.168300 0.000000
vt -1.766596 -0.235619 0.000000
vt 0.461562 -0.235619 0.000000
vt 0.444900 -0.168300 0.000000
vt 0.429073 -0.100980 0.000000
vt 0.414875 -0.033660 0.000000
vt 0.403018 0.033660 0.000000
vt 0.394097 0.100980 0.000000
vt 0.388559 0.168300 0.000000
vt 1.760000 1.970000 0.000000
vt -0.393278 1.970000 0.000000
vt 1.760000 1.268729 0.000000
vt -0.393278 1.268729 0.000000
vt 0.007752 0.233244 0.000000
vt 0.030621 0.169835 0.000000
vt -0.000000 0.300000 0.000000
vt 0.067459 0.112953 0.000000
vt 0.116418 0.065451 0.000000
vt 0.175045 0.029709 0.000000
vt 0.515340 0.600000 0.000000
vt -0.000000 1.001271 0.000000
vt -0.000000 1.401271 0.000000
vt 0.515340 3.950000 0.000000
vt -0.000000 3.201271 0.000000
vt -0.000000 3.601271 0.000000
vt -0.000000 4.240000 0.000000
vt 0.175045 4.510291 0.000000
vt 0.116418 4.474549 0.000000
vt 0.240400 0.007522 0.000000
vt 0.309204 -0.000000 0.000000
vt 0.522364 0.548236 0.000000
vt 0.542957 0.500000 0.000000
vt 0.575716 0.458579 0.000000
vt 0.618408 0.426795 0.000000
vt 0.668124 0.406815 0.000000
vt 0.721476 0.400000 0.000000
vt 2.282483 0.000000 0.000000
vt 2.282483 0.400000 0.000000
vt 0.522364 4.001764 0.000000
vt 0.309204 4.540000 0.000000
vt 0.240400 4.532478 0.000000
vt 0.542957 4.050000 0.000000
vt 0.575716 4.091421 0.000000
vt 0.618408 4.123205 0.000000
vt 0.668124 4.143185 0.000000
vt 0.721476 4.150000 0.000000
vt 2.282483 4.540000 0.000000
vt 2.282483 4.150000 0.000000
vt 0.067459 4.427047 0.000000
vt 0.030621 4.370165 0.000000
vt 0.007752 4.306756 0.000000
vt 1.701007 0.235619 0.000000
vt -0.452270 0.235619 0.000000
vt 0.586928 0.168300 0.000000
vt -0.454148 0.168300 0.000000
vt 0.586928 0.100980 0.000000
vt -0.459686 0.100980 0.000000
vt 0.586928 0.033660 0.000000
vt -0.468607 0.033660 0.000000
vt 0.586928 -0.033660 0.000000
vt -0.480464 -0.033660 0.000000
vt 0.586928 -0.100980 0.000000
vt -0.494661 -0.100980 0.000000
vt 0.586928 -0.168300 0.000000
vt -0.510488 -0.168300 0.000000
vt -0.527150 -0.235619 0.000000
vt 1.701007 -0.235619 0.000000
vt 1.701007 -0.168300 0.000000
vt 1.701007 -0.100980 0.000000
vt 1.701007 -0.033660 0.000000
vt 1.701007 0.033660 0.000000
vt 1.701007 0.100980 0.000000
vt 1.701007 0.168300 0.000000
vt 1.760000 -1.970000 0.000000
vt 1.760000 -1.331271 0.000000
vt -0.393278 -1.970000 0.000000
vt -0.393278 -1.331271 0.000000
vt 5.189430 -0.232518 0.000000
vt 4.765498 -0.300130 0.000000
vt 5.189430 -0.387530 0.000000
vt 4.741000 -0.330078 0.000000
vt 4.711130 -0.354649 0.000000
vt 5.189430 -0.077506 0.000000
vt 4.799430 -0.188360 0.000000
vt 4.795675 -0.226867 0.000000
vt 4.784296 -0.265028 0.000000
vt 4.799430 -0.044388 0.000000
vt 5.189430 0.077506 0.000000
vt 4.799430 0.099585 0.000000
vt 5.189430 0.232518 0.000000
vt 4.799430 0.243557 0.000000
vt 5.189430 0.387530 0.000000
vt 4.799430 0.387530 0.000000
vt 4.676074 -0.373547 0.000000
vt 4.637934 -0.385019 0.000000
vt 4.799430 -0.387530 0.000000
vt 4.599430 -0.388815 0.000000
vt 4.799430 -0.387958 0.000000
vt 4.799430 -0.388387 0.000000
vt 4.799430 -0.388815 0.000000
vt -0.007522 0.666756 0.000000
vt -4.532478 0.666756 0.000000
vt -0.000000 0.600000 0.000000
vt -4.540000 0.600000 0.000000
vt -0.600000 0.400000 0.000000
vt -3.950000 0.400000 0.000000
vt -4.150000 0.400000 0.000000
vt -4.540000 0.398715 0.000000
vt -4.150000 0.399572 0.000000
vt -4.150000 0.399143 0.000000
vt -4.150000 0.398715 0.000000
vt -1.401271 0.900000 0.000000
vt -0.029709 0.730165 0.000000
vt -0.065451 0.787047 0.000000
vt -1.001271 0.900000 0.000000
vt -0.112953 0.834549 0.000000
vt -0.169835 0.870291 0.000000
vt -0.233244 0.892478 0.000000
vt -0.300000 0.900000 0.000000
vt -3.201271 0.900000 0.000000
vt -4.510291 0.730165 0.000000
vt -4.474549 0.787047 0.000000
vt -3.601271 0.900000 0.000000
vt -4.427047 0.834549 0.000000
vt -4.370165 0.870291 0.000000
vt -4.240000 0.900000 0.000000
vt -4.306756 0.892478 0.000000
vt -0.400000 0.400000 0.000000
vt -0.000000 0.398715 0.000000
vt -0.400000 0.399572 0.000000
vt -0.400000 0.399143 0.000000
vt -0.400000 0.398715 0.000000
vt -3.100636 -0.981748 0.000000
vt -2.700636 -0.981748 0.000000
vt -3.100636 -0.785398 0.000000
vt -2.700636 -0.785398 0.000000
vt -3.100636 -0.589049 0.000000
vt -2.700636 -0.589049 0.000000
vt -3.100636 -0.392699 0.000000
vt -2.700636 -0.392699 0.000000
vt -3.100636 -0.196350 0.000000
vt -2.700636 -0.196350 0.000000
vt -3.100636 -0.000000 0.000000
vt -2.700636 -0.000000 0.000000
vt -3.100636 0.196350 0.000000
vt -2.700636 0.196350 0.000000
vt -3.100636 0.392699 0.000000
vt -2.700636 0.392699 0.000000
vt -3.100636 0.589049 0.000000
vt -2.700636 0.589049 0.000000
vt -3.100636 0.785398 0.000000
vt -2.700636 0.785398 0.000000
vt -3.100636 0.981748 0.000000
vt -2.700636 0.981748 0.000000
vt 1.035534 3.201271 0.000000
vt 1.225730 3.201271 0.000000
vt 1.035534 3.601271 0.000000
vt 1.225730 3.601271 0.000000
vt -0.900636 -0.981748 0.000000
vt -0.500636 -0.981748 0.000000
vt -0.900636 -0.785398 0.000000
vt -0.500636 -0.785398 0.000000
vt -0.900636 -0.589049 0.000000
vt -0.500636 -0.589049 0.000000
vt -0.900636 -0.392699 0.000000
vt -0.500636 -0.392699 0.000000
vt -0.900636 -0.196350 0.000000
vt -0.500636 -0.196350 0.000000
vt -0.900636 -0.000000 0.000000
vt -0.500636 -0.000000 0.000000
vt -0.900636 0.196350 0.000000
vt -0.500636 0.196350 0.000000
vt -0.900636 0.392699 0.000000
vt -0.500636 0.392699 0.000000
vt -0.900636 0.589049 0.000000
vt -0.500636 0.589049 0.000000
vt -0.900636 0.785398 0.000000
vt -0.500636 0.785398 0.000000
vt -0.900636 0.981748 0.000000
vt -0.500636 0.981748 0.000000
vt 1.035534 1.001271 0.000000
vt 1.225730 1.001271 0.000000
vt 1.035534 1.401271 0.000000
vt 1.225730 1.401271 0.000000
vt 3.538729 1.608753 0.000000
vt 3.138729 1.608753 0.000000
vt 3.538729 1.430003 0.000000
vt 3.138729 1.430003 0.000000
vt 3.138729 1.251252 0.000000
vt 3.538729 1.251252 0.000000
vt 3.138729 1.072502 0.000000
vt 3.538729 1.072502 0.000000
vt 3.138729 0.893752 0.000000
vt 3.538729 0.893752 0.000000
vt 3.138729 0.715001 0.000000
vt 3.538729 0.715001 0.000000
vt 3.138729 0.536251 0.000000
vt 3.538729 0.536251 0.000000
vt 3.138729 0.357501 0.000000
vt 3.538729 0.357501 0.000000
vt 3.138729 0.178750 0.000000
vt 3.538729 0.178750 0.000000
vt 3.538729 0.000000 0.000000
vt 3.138729 0.000000 0.000000
vt 1.338729 1.608753 0.000000
vt 0.938729 1.608753 0.000000
vt 1.338729 1.430003 0.000000
vt 0.938729 1.430003 0.000000
vt 0.938729 1.251252 0.000000
vt 1.338729 1.251252 0.000000
vt 0.938729 1.072502 0.000000
vt 1.338729 1.072502 0.000000
vt 0.938729 0.893752 0.000000
vt 1.338729 0.893752 0.000000
vt 0.938729 0.715001 0.000000
vt 1.338729 0.715001 0.000000
vt 0.938729 0.536251 0.000000
vt 1.338729 0.536251 0.000000
vt 0.938729 0.357501 0.000000
vt 1.338729 0.357501 0.000000
vt 0.938729 0.178750 0.000000
vt 1.338729 0.178750 0.000000
vt 1.338729 0.000000 0.000000
vt 0.938729 0.000000 0.000000
vt -0.393278 -0.931271 0.000000
vt 1.760000 -0.931271 0.000000
vt -0.393278 0.868729 0.000000
vt 1.760000 0.868729 0.000000
vt 4.140000 -0.775060 0.000000
vt 4.540000 -0.775060 0.000000
vt 4.140000 -0.631087 0.000000
vt 4.540000 -0.620048 0.000000
vt 4.140000 -0.487115 0.000000
vt 4.540000 -0.465036 0.000000
vt 4.140000 -0.343142 0.000000
vt 4.540000 -0.310024 0.000000
vt 4.140000 -0.199170 0.000000
vt 4.540000 -0.155012 0.000000
vt 4.136245 -0.160663 0.000000
vt 4.124866 -0.122502 0.000000
vt 4.106068 -0.087400 0.000000
vt 4.540000 -0.000000 0.000000
vt 4.081570 -0.057452 0.000000
vt 4.051700 -0.032881 0.000000
vt 4.140000 -0.000000 0.000000
vt 4.016644 -0.013983 0.000000
vt 3.978503 -0.002511 0.000000
vt 4.140000 0.000428 0.000000
vt 4.140000 0.000857 0.000000
vt 4.140000 0.001285 0.000000
vt 3.940000 0.001285 0.000000
vt -0.100000 -0.785398 0.000000
vt 0.300000 -0.785398 0.000000
vt -0.100000 -0.713032 0.000000
vt 0.300000 -0.669612 0.000000
vt -0.100000 -0.640665 0.000000
vt 0.300000 -0.553826 0.000000
vt -0.100000 -0.568299 0.000000
vt -0.100000 -0.495933 0.000000
vt 0.300000 -0.438039 0.000000
vt -0.100000 -0.423566 0.000000
vt -0.100000 -0.351200 0.000000
vt 0.300000 -0.322253 0.000000
vt -0.100000 -0.278833 0.000000
vt 0.300000 -0.206467 0.000000
vt -0.100000 -0.206467 0.000000
vt -0.100000 -0.134100 0.000000
vt 0.300000 -0.090681 0.000000
vt -0.100000 -0.061734 0.000000
vt 0.300000 0.025106 0.000000
vt -0.100000 0.010632 0.000000
vt -0.100000 0.082999 0.000000
vt 0.300000 0.140892 0.000000
vt -0.100000 0.155365 0.000000
vt -0.100000 0.227732 0.000000
vt 0.300000 0.256678 0.000000
vt -0.100000 0.300098 0.000000
vt 0.300000 0.372464 0.000000
vt -0.099969 0.372464 0.000000
vt -0.100000 0.372464 0.000000
vt -0.099969 0.475698 0.000000
vt -0.100000 0.475698 0.000000
vt -0.099969 0.578931 0.000000
vt -0.100000 0.578931 0.000000
vt -0.099969 0.682165 0.000000
vt -0.100000 0.682165 0.000000
vt -0.100000 0.785398 0.000000
vt -0.099969 0.785398 0.000000
vt -0.090000 -0.785398 0.000000
vt 0.300000 -0.785398 0.000000
vt -0.090000 -0.669612 0.000000
vt 0.300000 -0.669612 0.000000
vt -0.090000 -0.553826 0.000000
vt 0.300000 -0.553826 0.000000
vt -0.090000 -0.438039 0.000000
vt 0.300000 -0.438039 0.000000
vt -0.090000 -0.322253 0.000000
vt 0.300000 -0.322253 0.000000
vt -0.090000 -0.206467 0.000000
vt 0.300000 -0.206467 0.000000
vt -0.090000 -0.090681 0.000000
vt 0.300000 -0.090681 0.000000
vt -0.090000 0.025106 0.000000
vt 0.300000 0.025106 0.000000
vt -0.090000 0.140892 0.000000
vt 0.300000 0.140892 0.000000
vt -0.090000 0.256678 0.000000
vt 0.300000 0.256678 0.000000
vt -0.090000 0.372464 0.000000
vt 0.300000 0.372464 0.000000
vt 2.147378 1.773192 0.000000
vt 1.946092 1.773192 0.000000
vt 2.147378 -0.454966 0.000000
vt 1.791295 1.766130 0.000000
vt 1.637784 1.745001 0.000000
vt 0.808253 0.062500 0.000000
vt 1.486834 1.709982 0.000000
vt 1.339701 1.661364 0.000000
vt 1.197606 1.599550 0.000000
vt 0.788388 0.088388 0.000000
vt 0.762500 0.108253 0.000000
vt 0.681237 1.350909 0.000000
vt 0.732352 0.120741 0.000000
vt 0.125000 0.700000 0.000000
vt 0.700000 0.125000 0.000000
vt 0.120741 0.667647 0.000000
vt 0.667647 0.120741 0.000000
vt 0.241394 0.228660 0.000000
vt 0.637500 0.108253 0.000000
vt 0.284905 0.171422 0.000000
vt 0.611611 0.088388 0.000000
vt 0.315095 0.106168 0.000000
vt 0.591747 0.062500 0.000000
vt 0.330551 0.035950 0.000000
vt 0.579259 0.032352 0.000000
vt 0.575000 0.000000 0.000000
vt 0.330551 -0.035950 0.000000
vt 0.579259 -0.032352 0.000000
vt 0.591747 -0.062500 0.000000
vt 0.315095 -0.106168 0.000000
vt 0.611611 -0.088388 0.000000
vt 0.284905 -0.171422 0.000000
vt 0.637500 -0.108253 0.000000
vt 0.241394 -0.228660 0.000000
vt 0.667647 -0.120741 0.000000
vt 0.120741 -0.667647 0.000000
vt 0.700000 -0.125000 0.000000
vt 0.125000 -0.700000 0.000000
vt 0.232836 -0.932836 0.000000
vt 0.120741 -0.732352 0.000000
vt 0.108253 -0.762500 0.000000
vt 0.120741 0.732352 0.000000
vt 0.161360 1.109691 0.000000
vt 0.108253 0.762500 0.000000
vt 0.088388 0.788388 0.000000
vt 0.062500 0.808253 0.000000
vt 0.032352 0.820741 0.000000
vt 0.000000 0.825000 0.000000
vt -0.032352 0.820741 0.000000
vt -0.361921 0.875947 0.000000
vt -0.062500 0.808253 0.000000
vt -0.088388 0.788388 0.000000
vt -0.108253 0.762500 0.000000
vt -0.120741 0.732352 0.000000
vt -0.125000 0.700000 0.000000
vt -0.465051 0.823453 0.000000
vt -0.120741 0.667647 0.000000
vt -0.561426 0.759397 0.000000
vt -0.108253 0.637500 0.000000
vt -0.649756 0.684634 0.000000
vt -0.215256 0.253419 0.000000
vt -0.728857 0.600168 0.000000
vt -0.264701 0.201220 0.000000
vt -0.797670 0.507130 0.000000
vt -0.667647 0.120741 0.000000
vt -0.855274 0.406764 0.000000
vt -0.700000 0.125000 0.000000
vt -0.900897 0.300416 0.000000
vt -0.732352 0.120741 0.000000
vt -0.762500 0.108253 0.000000
vt -0.933929 0.189508 0.000000
vt -0.788388 0.088388 0.000000
vt -0.953927 0.075528 0.000000
vt -0.808253 0.062500 0.000000
vt -0.820741 0.032352 0.000000
vt -0.825000 0.000000 0.000000
vt -0.960622 -0.040000 0.000000
vt -0.820741 -0.032352 0.000000
vt -0.808253 -0.062500 0.000000
vt -0.943668 -0.159780 0.000000
vt -0.788388 -0.088388 0.000000
vt -0.762500 -0.108253 0.000000
vt -0.912375 -0.276636 0.000000
vt -0.732352 -0.120741 0.000000
vt -0.700000 -0.125000 0.000000
vt -0.867199 -0.388858 0.000000
vt -0.667647 -0.120741 0.000000
vt -0.808803 -0.494804 0.000000
vt -0.264701 -0.201220 0.000000
vt -0.738042 -0.592924 0.000000
vt -0.215256 -0.253419 0.000000
vt -0.655950 -0.681781 0.000000
vt -0.108253 -0.637500 0.000000
vt -0.563728 -0.760074 0.000000
vt -0.120741 -0.667647 0.000000
vt -0.462728 -0.826659 0.000000
vt -0.125000 -0.700000 0.000000
vt -0.354426 -0.880561 0.000000
vt -0.120741 -0.732352 0.000000
vt -0.313050 -0.898145 0.000000
vt -0.108253 -0.762500 0.000000
vt -0.271694 -0.915775 0.000000
vt -0.230358 -0.933451 0.000000
vt -0.088388 -0.788388 0.000000
vt -0.115393 -0.954505 0.000000
vt -0.062500 -0.808253 0.000000
vt -0.032352 -0.820741 0.000000
vt 0.001277 -0.961454 0.000000
vt -0.000000 -0.825000 0.000000
vt 0.032352 -0.820741 0.000000
vt 0.117928 -0.954195 0.000000
vt 0.062500 -0.808253 0.000000
vt 0.088388 -0.788388 0.000000
vt 0.762500 -0.108253 0.000000
vt 0.732352 -0.120741 0.000000
vt -0.324726 0.071478 0.000000
vt -0.579259 0.032352 0.000000
vt -0.332500 0.000000 0.000000
vt -0.575000 0.000000 0.000000
vt -0.579259 -0.032352 0.000000
vt -0.591747 0.062500 0.000000
vt -0.301769 0.139613 0.000000
vt -0.611611 0.088388 0.000000
vt -0.637500 0.108253 0.000000
vt -0.155746 0.293768 0.000000
vt -0.088388 0.611611 0.000000
vt -0.062500 0.591747 0.000000
vt -0.088953 0.320380 0.000000
vt -0.032352 0.579259 0.000000
vt -0.018001 0.332012 0.000000
vt 0.000000 0.575000 0.000000
vt 0.053793 0.328120 0.000000
vt 0.032352 0.579259 0.000000
vt 0.062500 0.591747 0.000000
vt 0.123071 0.308885 0.000000
vt 0.088388 0.611611 0.000000
vt 0.186595 0.275207 0.000000
vt 0.108253 0.637500 0.000000
vt 0.108253 -0.637500 0.000000
vt 0.186595 -0.275207 0.000000
vt 0.088388 -0.611611 0.000000
vt 0.123071 -0.308885 0.000000
vt 0.062500 -0.591747 0.000000
vt 0.053793 -0.328120 0.000000
vt 0.032352 -0.579259 0.000000
vt -0.000000 -0.575000 0.000000
vt -0.018001 -0.332012 0.000000
vt -0.032352 -0.579259 0.000000
vt -0.088953 -0.320380 0.000000
vt -0.062500 -0.591747 0.000000
vt -0.155746 -0.293768 0.000000
vt -0.088388 -0.611611 0.000000
vt -0.637500 -0.108253 0.000000
vt -0.301769 -0.139613 0.000000
vt -0.611611 -0.088388 0.000000
vt -0.591747 -0.062500 0.000000
vt -0.324726 -0.071478 0.000000
vt 0.820741 0.032352 0.000000
vt 0.825000 0.000000 0.000000
vt 0.820741 -0.032352 0.000000
vt 0.808253 -0.062500 0.000000
vt 0.788388 -0.088388 0.000000
vt -0.400000 2.500218 0.000000
vt -0.400000 2.431653 0.000000
vt -0.399969 2.500218 0.000000
vt -0.399969 2.431653 0.000000
vt -0.400000 2.363089 0.000000
vt -0.399969 2.363089 0.000000
vt -0.400000 2.294524 0.000000
vt -0.399969 2.294524 0.000000
vt -0.400000 2.225959 0.000000
vt -0.399969 2.225959 0.000000
vt -0.400000 2.212476 0.000000
vt -0.399969 2.212476 0.000000
vt -2.693920 1.712829 0.000000
vt -2.685569 1.713003 0.000000
vt -2.679723 1.779893 0.000000
vt -2.659232 1.812773 0.000000
vt -2.660683 1.823006 0.000000
vt -2.641694 1.866141 0.000000
vt -2.622755 1.909298 0.000000
vt -2.703301 1.644924 0.000000
vt -2.701484 1.611050 0.000000
vt -2.707820 1.576523 0.000000
vt -2.706807 1.508000 0.000000
vt -2.707455 1.507974 0.000000
vt -2.706807 1.494506 0.000000
vt 4.799430 -0.573118 0.000000
vt 5.199400 -0.141390 0.000000
vt 4.799430 0.000000 0.000000
vt 5.199400 -0.094260 0.000000
vt 5.199400 -0.047130 0.000000
vt 4.799430 -1.146236 0.000000
vt 5.199430 -0.667378 0.000000
vt 5.199430 -0.141390 0.000000
vt 5.199430 -1.193366 0.000000
vt 4.799430 -1.719354 0.000000
vt 5.199430 -1.719354 0.000000
vt 5.199400 0.000000 0.000000
vt 0.399969 -0.987745 0.000000
vt 0.399969 -0.920538 0.000000
vt 0.000000 -0.987745 0.000000
vt -0.000000 -0.870797 0.000000
vt 0.399969 -0.853330 0.000000
vt 0.399969 -0.786122 0.000000
vt -0.000000 -0.753848 0.000000
vt 0.399969 -0.718915 0.000000
vt 0.399969 -0.702227 0.000000
vt 0.400000 -0.702227 0.000000
vt 0.400000 -0.641468 0.000000
vt -0.000000 -0.636899 0.000000
vt 0.400000 -0.580709 0.000000
vt 0.000000 -0.519951 0.000000
vt 0.400000 -0.519951 0.000000
vt 4.150000 -0.987745 0.000000
vt 4.540000 -0.987745 0.000000
vt 4.150000 -0.870797 0.000000
vt 4.540000 -0.870797 0.000000
vt 4.150000 -0.753848 0.000000
vt 4.540000 -0.753848 0.000000
vt 4.150000 -0.636899 0.000000
vt 4.540000 -0.636899 0.000000
vt 4.150000 -0.519951 0.000000
vt 4.540000 -0.519951 0.000000
vt -2.089400 -0.134872 0.000000
vt -1.689431 -0.134872 0.000000
vt -2.089400 -0.089914 0.000000
vt -1.689431 -0.089914 0.000000
vt -2.089400 -0.044957 0.000000
vt -1.689431 -0.044957 0.000000
vt -2.089400 -0.000000 0.000000
vt -1.689431 -0.000000 0.000000
vt -0.786807 1.494506 0.000000
vt -0.786034 1.511176 0.000000
vt -0.786807 1.511205 0.000000
vt -0.785852 1.578370 0.000000
vt -0.791835 1.611358 0.000000
vt -0.790364 1.645412 0.000000
vt -0.806868 1.710503 0.000000
vt -0.799547 1.711976 0.000000
vt -0.813357 1.777735 0.000000
vt -0.831756 1.807644 0.000000
vt -0.831033 1.819072 0.000000
vt -0.848663 1.860428 0.000000
vt -0.866246 1.901804 0.000000
vt -0.400000 4.286506 0.000000
vt -0.399969 4.286506 0.000000
vt -0.400000 4.303205 0.000000
vt -0.399969 4.303205 0.000000
vt -1.747378 1.761538 0.000000
vt -1.747378 -0.554806 0.000000
vt -1.605275 1.738678 0.000000
vt -0.808253 0.062500 0.000000
vt -1.465616 1.703880 0.000000
vt -1.329400 1.657392 0.000000
vt -1.197606 1.599550 0.000000
vt -0.788388 0.088388 0.000000
vt -0.723835 1.371076 0.000000
vt -0.762500 0.108253 0.000000
vt -0.732352 0.120741 0.000000
vt -0.232836 -0.932836 0.000000
vt -0.732352 -0.120741 0.000000
vt -0.762500 -0.108253 0.000000
vt -0.788388 -0.088388 0.000000
vt -0.173460 -0.945678 0.000000
vt -0.088388 -0.788388 0.000000
vt -0.108253 -0.762500 0.000000
vt -0.120741 -0.732352 0.000000
vt -0.113392 -0.954745 0.000000
vt -0.062500 -0.808253 0.000000
vt -0.032352 -0.820741 0.000000
vt -0.052871 -0.960000 0.000000
vt -0.036172 -0.960000 0.000000
vt 0.000000 -0.825000 0.000000
vt 0.063980 -0.954972 0.000000
vt 0.032352 -0.820741 0.000000
vt 0.062500 -0.808253 0.000000
vt 0.163125 -0.939939 0.000000
vt 0.088388 -0.788388 0.000000
vt 0.108253 -0.762500 0.000000
vt 0.260266 -0.915052 0.000000
vt 0.120741 -0.732352 0.000000
vt 0.354426 -0.880561 0.000000
vt 0.125000 -0.700000 0.000000
vt 0.416153 -0.851853 0.000000
vt 0.120741 -0.667647 0.000000
vt 0.475784 -0.819012 0.000000
vt 0.533042 -0.782189 0.000000
vt 0.108253 -0.637500 0.000000
vt 0.587662 -0.741557 0.000000
vt 0.215256 -0.253419 0.000000
vt 0.639391 -0.697302 0.000000
vt 0.687989 -0.649630 0.000000
vt 0.264701 -0.201220 0.000000
vt 0.733231 -0.598763 0.000000
vt 0.637500 -0.108253 0.000000
vt 0.774908 -0.544935 0.000000
vt 0.667647 -0.120741 0.000000
vt 0.812825 -0.488396 0.000000
vt 0.846808 -0.429409 0.000000
vt 0.700000 -0.125000 0.000000
vt 0.876699 -0.368246 0.000000
vt 0.732352 -0.120741 0.000000
vt 0.902360 -0.305191 0.000000
vt 0.762500 -0.108253 0.000000
vt 0.923671 -0.240537 0.000000
vt 0.940533 -0.174582 0.000000
vt 0.952870 -0.107633 0.000000
vt 0.808253 -0.062500 0.000000
vt 0.788388 -0.088388 0.000000
vt 0.820741 -0.032352 0.000000
vt 0.960622 -0.040000 0.000000
vt 0.825000 0.000000 0.000000
vt 0.958005 0.032303 0.000000
vt 0.820741 0.032352 0.000000
vt 0.950167 0.104228 0.000000
vt 0.808253 0.062500 0.000000
vt 0.937149 0.175398 0.000000
vt 0.788388 0.088388 0.000000
vt 0.762500 0.108253 0.000000
vt 0.919019 0.245440 0.000000
vt 0.732352 0.120741 0.000000
vt 0.895872 0.313988 0.000000
vt 0.700000 0.125000 0.000000
vt 0.867830 0.380683 0.000000
vt 0.835039 0.445176 0.000000
vt 0.667647 0.120741 0.000000
vt 0.797670 0.507130 0.000000
vt 0.755920 0.566219 0.000000
vt 0.710007 0.622135 0.000000
vt 0.264701 0.201220 0.000000
vt 0.637500 0.108253 0.000000
vt 0.660171 0.674585 0.000000
vt 0.215256 0.253419 0.000000
vt 0.606673 0.723294 0.000000
vt 0.549794 0.768008 0.000000
vt 0.489830 0.808492 0.000000
vt 0.120741 0.667647 0.000000
vt 0.108253 0.637500 0.000000
vt 0.155746 0.293768 0.000000
vt 0.088388 0.611611 0.000000
vt 0.088953 0.320380 0.000000
vt 0.062500 0.591747 0.000000
vt 0.032352 0.579259 0.000000
vt 0.427096 0.844535 0.000000
vt 0.125000 0.700000 0.000000
vt 0.361921 0.875947 0.000000
vt 0.120741 0.732352 0.000000
vt 0.265396 0.912425 0.000000
vt 0.108253 0.762500 0.000000
vt 0.165625 0.938761 0.000000
vt 0.088388 0.788388 0.000000
vt 0.062500 0.808253 0.000000
vt 0.063673 0.954676 0.000000
vt 0.032352 0.820741 0.000000
vt 0.000000 0.825000 0.000000
vt -0.039378 0.960000 0.000000
vt -0.032352 0.820741 0.000000
vt -0.052871 0.960000 0.000000
vt -0.062500 0.808253 0.000000
vt -0.088388 0.788388 0.000000
vt -0.247100 1.148852 0.000000
vt -0.108253 0.762500 0.000000
vt -0.120741 0.732352 0.000000
vt -0.125000 0.700000 0.000000
vt -0.700000 0.125000 0.000000
vt -0.667647 0.120741 0.000000
vt -0.039404 0.960647 0.000000
vt 0.029145 0.961013 0.000000
vt 0.097546 0.956494 0.000000
vt 0.165451 0.947112 0.000000
vt 0.232515 0.932916 0.000000
vt 0.324726 -0.071478 0.000000
vt 0.579259 -0.032352 0.000000
vt 0.332500 -0.000000 0.000000
vt 0.575000 0.000000 0.000000
vt 0.579259 0.032352 0.000000
vt 0.591747 -0.062500 0.000000
vt 0.301769 -0.139613 0.000000
vt 0.611611 -0.088388 0.000000
vt 0.155746 -0.293768 0.000000
vt 0.088388 -0.611611 0.000000
vt 0.088953 -0.320380 0.000000
vt 0.062500 -0.591747 0.000000
vt 0.032352 -0.579259 0.000000
vt 0.018001 -0.332012 0.000000
vt 0.000000 -0.575000 0.000000
vt -0.053793 -0.328120 0.000000
vt -0.032352 -0.579259 0.000000
vt -0.062500 -0.591747 0.000000
vt -0.123071 -0.308885 0.000000
vt -0.088388 -0.611611 0.000000
vt -0.186595 -0.275207 0.000000
vt -0.108253 -0.637500 0.000000
vt -0.120741 -0.667647 0.000000
vt -0.241394 -0.228660 0.000000
vt -0.667647 -0.120741 0.000000
vt -0.637500 -0.108253 0.000000
vt -0.284905 -0.171422 0.000000
vt -0.611611 -0.088388 0.000000
vt -0.315095 -0.106168 0.000000
vt -0.591747 -0.062500 0.000000
vt -0.579259 -0.032352 0.000000
vt -0.330551 -0.035950 0.000000
vt -0.575000 0.000000 0.000000
vt -0.330551 0.035950 0.000000
vt -0.579259 0.032352 0.000000
vt -0.315095 0.106168 0.000000
vt -0.591747 0.062500 0.000000
vt -0.611611 0.088388 0.000000
vt -0.284905 0.171422 0.000000
vt -0.637500 0.108253 0.000000
vt -0.241394 0.228660 0.000000
vt -0.120741 0.667647 0.000000
vt -0.186595 0.275207 0.000000
vt -0.108253 0.637500 0.000000
vt -0.088388 0.611611 0.000000
vt -0.123071 0.308885 0.000000
vt -0.062500 0.591747 0.000000
vt -0.053793 0.328120 0.000000
vt -0.032352 0.579259 0.000000
vt 0.000000 0.575000 0.000000
vt 0.018001 0.332012 0.000000
vt 0.301769 0.139613 0.000000
vt 0.611611 0.088388 0.000000
vt 0.591747 0.062500 0.000000
vt 0.324726 0.071478 0.000000
vt -0.700000 -0.125000 0.000000
vt -0.808253 -0.062500 0.000000
vt -0.820741 -0.032352 0.000000
vt -0.825000 -0.000000 0.000000
vt -0.820741 0.032352 0.000000
vt -0.125000 -0.700000 0.000000
vt 0.066325 1.642015 0.000000
vt 0.066325 -0.586143 0.000000
vt 0.267610 1.642015 0.000000
vt 0.422407 1.634952 0.000000
vt 0.575918 1.613824 0.000000
vt 1.405449 -0.068677 0.000000
vt 0.726868 1.578805 0.000000
vt 0.874002 1.530187 0.000000
vt 1.016097 1.468372 0.000000
vt 1.425314 -0.042789 0.000000
vt 1.451203 -0.022924 0.000000
vt 1.980866 -1.064013 0.000000
vt 1.451203 -0.239430 0.000000
vt 1.425314 -0.219565 0.000000
vt 1.405449 -0.193677 0.000000
vt 2.095775 -1.085372 0.000000
vt 2.125314 -0.919565 0.000000
vt 2.105449 -0.893677 0.000000
vt 2.092962 -0.863529 0.000000
vt 2.212426 -1.092631 0.000000
vt 2.181350 -0.951918 0.000000
vt 2.151202 -0.939430 0.000000
vt 2.329095 -1.085682 0.000000
vt 2.246055 -0.951918 0.000000
vt 2.213702 -0.956177 0.000000
vt 2.444060 -1.064628 0.000000
vt 2.302091 -0.919565 0.000000
vt 2.276202 -0.939430 0.000000
vt 2.321956 -0.893677 0.000000
vt 2.485396 -1.046952 0.000000
vt 2.526753 -1.029322 0.000000
vt 2.334443 -0.863529 0.000000
vt 2.568129 -1.011738 0.000000
vt 2.338702 -0.831177 0.000000
vt 2.676430 -0.957836 0.000000
vt 2.334443 -0.798825 0.000000
vt 2.777431 -0.891252 0.000000
vt 2.321956 -0.768677 0.000000
vt 2.869652 -0.812958 0.000000
vt 2.428958 -0.384596 0.000000
vt 2.951744 -0.724101 0.000000
vt 2.478403 -0.332398 0.000000
vt 3.022506 -0.625982 0.000000
vt 2.881350 -0.251918 0.000000
vt 3.080902 -0.520035 0.000000
vt 2.913702 -0.256177 0.000000
vt 3.126077 -0.407813 0.000000
vt 2.946055 -0.251918 0.000000
vt 2.976202 -0.239430 0.000000
vt 3.157371 -0.290957 0.000000
vt 3.002091 -0.219565 0.000000
vt 3.021955 -0.193677 0.000000
vt 3.174325 -0.171177 0.000000
vt 3.034443 -0.163530 0.000000
vt 3.038702 -0.131177 0.000000
vt 3.167629 -0.055649 0.000000
vt 3.034443 -0.098825 0.000000
vt 3.021955 -0.068677 0.000000
vt 3.002091 -0.042789 0.000000
vt 3.147632 0.058331 0.000000
vt 2.976202 -0.022924 0.000000
vt 3.114600 0.169238 0.000000
vt 2.946055 -0.010436 0.000000
vt 2.913702 -0.006177 0.000000
vt 3.068977 0.275587 0.000000
vt 2.881350 -0.010436 0.000000
vt 3.011373 0.375953 0.000000
vt 2.478403 0.070043 0.000000
vt 2.942559 0.468991 0.000000
vt 2.428958 0.122242 0.000000
vt 2.863458 0.553457 0.000000
vt 2.321956 0.506323 0.000000
vt 2.775129 0.628219 0.000000
vt 2.334443 0.536470 0.000000
vt 2.678753 0.692276 0.000000
vt 2.338702 0.568823 0.000000
vt 2.575623 0.744770 0.000000
vt 2.334443 0.601175 0.000000
vt 2.321956 0.631323 0.000000
vt 2.302091 0.657211 0.000000
vt 2.276202 0.677076 0.000000
vt 2.246055 0.689563 0.000000
vt 2.052343 0.978514 0.000000
vt 2.213702 0.693823 0.000000
vt 2.181350 0.689563 0.000000
vt 2.151202 0.677076 0.000000
vt 2.125314 0.657211 0.000000
vt 2.105449 0.631323 0.000000
vt 2.092962 0.601175 0.000000
vt 1.532465 1.219731 0.000000
vt 2.088702 0.568823 0.000000
vt 1.481350 -0.010436 0.000000
vt 1.513703 -0.006177 0.000000
vt 2.851202 -0.239430 0.000000
vt 2.515471 -0.270790 0.000000
vt 2.825314 -0.219565 0.000000
vt 2.805449 -0.193677 0.000000
vt 2.538429 -0.202655 0.000000
vt 2.792962 -0.163530 0.000000
vt 2.546202 -0.131177 0.000000
vt 2.788702 -0.131177 0.000000
vt 2.792962 -0.098825 0.000000
vt 2.538429 -0.059699 0.000000
vt 2.805449 -0.068677 0.000000
vt 2.515471 0.008436 0.000000
vt 2.825314 -0.042789 0.000000
vt 2.851202 -0.022924 0.000000
vt 1.634443 -0.163530 0.000000
vt 1.883152 -0.167127 0.000000
vt 1.638703 -0.131177 0.000000
vt 1.883152 -0.095228 0.000000
vt 1.634443 -0.098825 0.000000
vt 1.621956 -0.068677 0.000000
vt 1.898608 -0.025009 0.000000
vt 1.602091 -0.042789 0.000000
vt 1.928797 0.040245 0.000000
vt 1.576203 -0.022924 0.000000
vt 1.972309 0.097483 0.000000
vt 1.546055 -0.010436 0.000000
vt 2.092962 0.536470 0.000000
vt 1.621956 -0.193677 0.000000
vt 1.898608 -0.237345 0.000000
vt 1.602091 -0.219565 0.000000
vt 1.928797 -0.302599 0.000000
vt 1.576203 -0.239430 0.000000
vt 1.972309 -0.359837 0.000000
vt 1.546055 -0.251918 0.000000
vt 2.092962 -0.798825 0.000000
vt 1.513703 -0.256177 0.000000
vt 2.088702 -0.831177 0.000000
vt 1.481350 -0.251918 0.000000
vt 1.392962 -0.163530 0.000000
vt 1.388703 -0.131177 0.000000
vt 1.392962 -0.098825 0.000000
vt 2.105449 -0.768677 0.000000
vt 2.027108 -0.406384 0.000000
vt 2.125314 -0.742789 0.000000
vt 2.090632 -0.440062 0.000000
vt 2.151202 -0.722924 0.000000
vt 2.159910 -0.459297 0.000000
vt 2.181350 -0.710436 0.000000
vt 2.213702 -0.706177 0.000000
vt 2.231704 -0.463190 0.000000
vt 2.246055 -0.710436 0.000000
vt 2.302656 -0.451558 0.000000
vt 2.276202 -0.722924 0.000000
vt 2.369448 -0.424945 0.000000
vt 2.302091 -0.742789 0.000000
vt 2.369448 0.162591 0.000000
vt 2.302091 0.480434 0.000000
vt 2.276202 0.460569 0.000000
vt 2.302656 0.189203 0.000000
vt 2.246055 0.448082 0.000000
vt 2.231704 0.200835 0.000000
vt 2.213702 0.443823 0.000000
vt 2.159910 0.196943 0.000000
vt 2.181350 0.448082 0.000000
vt 2.151202 0.460569 0.000000
vt 2.090632 0.177708 0.000000
vt 2.125314 0.480434 0.000000
vt 2.027108 0.144029 0.000000
vt 2.105449 0.506323 0.000000
vt -0.000031 4.286506 0.000000
vt -0.000000 4.286506 0.000000
vt -0.000031 4.300000 0.000000
vt -0.000000 4.300000 0.000000
vt -0.400000 0.359974 0.000000
vt 0.000000 0.359974 0.000000
vt -0.400000 0.392699 0.000000
vt -0.000000 0.392699 0.000000
vt -0.400000 -0.392699 0.000000
vt -0.000000 -0.392699 0.000000
vt -0.400000 -0.359974 0.000000
vt 0.000000 -0.359974 0.000000
vt -0.400000 -0.327249 0.000000
vt 0.000000 -0.327249 0.000000
vt -0.400000 -0.294524 0.000000
vt 0.000000 -0.294524 0.000000
vt -0.400000 -0.261799 0.000000
vt 0.000000 -0.261799 0.000000
vt -0.400000 -0.229074 0.000000
vt 0.000000 -0.229074 0.000000
vt -0.400000 -0.196350 0.000000
vt 0.000000 -0.196350 0.000000
vt -0.400000 -0.163625 0.000000
vt 0.000000 -0.163625 0.000000
vt -0.400000 -0.130900 0.000000
vt 0.000000 -0.130900 0.000000
vt -0.400000 -0.098175 0.000000
vt 0.000000 -0.098175 0.000000
vt -0.400000 -0.065450 0.000000
vt 0.000000 -0.065450 0.000000
vt -0.400000 -0.032725 0.000000
vt 0.000000 -0.032725 0.000000
vt -0.400000 -0.000000 0.000000
vt 0.000000 -0.000000 0.000000
vt -0.400000 0.032725 0.000000
vt 0.000000 0.032725 0.000000
vt -0.400000 0.065450 0.000000
vt 0.000000 0.065450 0.000000
vt -0.400000 0.098175 0.000000
vt 0.000000 0.098175 0.000000
vt -0.400000 0.130900 0.000000
vt 0.000000 0.130900 0.000000
vt -0.400000 0.163625 0.000000
vt 0.000000 0.163625 0.000000
vt -0.400000 0.196350 0.000000
vt 0.000000 0.196350 0.000000
vt -0.400000 0.229074 0.000000
vt 0.000000 0.229074 0.000000
vt -0.400000 0.261799 0.000000
vt 0.000000 0.261799 0.000000
vt -0.400000 0.294524 0.000000
vt 0.000000 0.294524 0.000000
vt -0.400000 0.327249 0.000000
vt 0.000000 0.327249 0.000000
vt -0.400000 0.359974 0.000000
vt 0.000000 0.359974 0.000000
vt -0.400000 0.392699 0.000000
vt 0.000000 0.392699 0.000000
vt -0.400000 -0.392699 0.000000
vt 0.000000 -0.392699 0.000000
vt -0.400000 -0.359974 0.000000
vt 0.000000 -0.359974 0.000000
vt -0.400000 -0.327249 0.000000
vt 0.000000 -0.327249 0.000000
vt -0.400000 -0.294524 0.000000
vt 0.000000 -0.294524 0.000000
vt -0.400000 -0.261799 0.000000
vt 0.000000 -0.261799 0.000000
vt -0.400000 -0.229074 0.000000
vt 0.000000 -0.229074 0.000000
vt -0.400000 -0.196350 0.000000
vt 0.000000 -0.196350 0.000000
vt -0.400000 -0.163625 0.000000
vt 0.000000 -0.163625 0.000000
vt -0.400000 -0.130900 0.000000
vt 0.000000 -0.130900 0.000000
vt -0.400000 -0.098175 0.000000
vt 0.000000 -0.098175 0.000000
vt -0.400000 -0.065450 0.000000
vt 0.000000 -0.065450 0.000000
vt -0.400000 -0.032725 0.000000
vt 0.000000 -0.032725 0.000000
vt -0.400000 0.000000 0.000000
vt 0.000000 -0.000000 0.000000
vt -0.400000 0.032725 0.000000
vt 0.000000 0.032725 0.000000
vt -0.400000 0.065450 0.000000
vt 0.000000 0.065450 0.000000
vt -0.400000 0.098175 0.000000
vt 0.000000 0.098175 0.000000
vt -0.400000 0.130900 0.000000
vt 0.000000 0.130900 0.000000
vt -0.400000 0.163625 0.000000
vt 0.000000 0.163625 0.000000
vt -0.400000 0.196350 0.000000
vt 0.000000 0.196350 0.000000
vt -0.400000 0.229074 0.000000
vt 0.000000 0.229074 0.000000
vt -0.400000 0.261799 0.000000
vt 0.000000 0.261799 0.000000
vt -0.400000 0.294524 0.000000
vt 0.000000 0.294524 0.000000
vt -0.400000 0.327249 0.000000
vt 0.000000 0.327249 0.000000
vt -0.400000 0.359974 0.000000
vt 0.000000 0.359974 0.000000
vt -0.400000 0.392699 0.000000
vt 0.000000 0.392699 0.000000
vt -0.400000 -0.392699 0.000000
vt 0.000000 -0.392699 0.000000
vt -0.400000 -0.359974 0.000000
vt 0.000000 -0.359974 0.000000
vt -0.400000 -0.327249 0.000000
vt 0.000000 -0.327249 0.000000
vt -0.400000 -0.294524 0.000000
vt 0.000000 -0.294524 0.000000
vt -0.400000 -0.261799 0.000000
vt 0.000000 -0.261799 0.000000
vt -0.400000 -0.229074 0.000000
vt 0.000000 -0.229074 0.000000
vt -0.400000 -0.196350 0.000000
vt 0.000000 -0.196350 0.000000
vt -0.400000 -0.163625 0.000000
vt 0.000000 -0.163625 0.000000
vt -0.400000 -0.130900 0.000000
vt 0.000000 -0.130900 0.000000
vt -0.400000 -0.098175 0.000000
vt 0.000000 -0.098175 0.000000
vt -0.400000 -0.065450 0.000000
vt 0.000000 -0.065450 0.000000
vt -0.400000 -0.032725 0.000000
vt 0.000000 -0.032725 0.000000
vt -0.400000 -0.000000 0.000000
vt 0.000000 -0.000000 0.000000
vt -0.400000 0.032725 0.000000
vt 0.000000 0.032725 0.000000
vt -0.400000 0.065450 0.000000
vt 0.000000 0.065450 0.000000
vt -0.400000 0.098175 0.000000
vt 0.000000 0.098175 0.000000
vt -0.400000 0.130900 0.000000
vt 0.000000 0.130900 0.000000
vt -0.400000 0.163625 0.000000
vt 0.000000 0.163625 0.000000
vt -0.400000 0.196350 0.000000
vt 0.000000 0.196350 0.000000
vt -0.400000 0.229074 0.000000
vt 0.000000 0.229074 0.000000
vt -0.400000 0.261799 0.000000
vt 0.000000 0.261799 0.000000
vt -0.400000 0.294524 0.000000
vt 0.000000 0.294524 0.000000
vt -0.400000 0.327249 0.000000
vt 0.000000 0.327249 0.000000
vt -0.400000 0.359974 0.000000
vt 0.000000 0.359974 0.000000
vt -0.400000 0.392699 0.000000
vt -0.000000 0.392699 0.000000
vt -0.400000 -0.392699 0.000000
vt -0.000000 -0.392699 0.000000
vt -0.400000 -0.359974 0.000000
vt 0.000000 -0.359974 0.000000
vt -0.400000 -0.327249 0.000000
vt 0.000000 -0.327249 0.000000
vt -0.400000 -0.294524 0.000000
vt 0.000000 -0.294524 0.000000
vt -0.400000 -0.261799 0.000000
vt 0.000000 -0.261799 0.000000
vt -0.400000 -0.229074 0.000000
vt 0.000000 -0.229074 0.000000
vt -0.400000 -0.196350 0.000000
vt 0.000000 -0.196350 0.000000
vt -0.400000 -0.163625 0.000000
vt 0.000000 -0.163625 0.000000
vt -0.400000 -0.130900 0.000000
vt 0.000000 -0.130900 0.000000
vt -0.400000 -0.098175 0.000000
vt 0.000000 -0.098175 0.000000
vt -0.400000 -0.065450 0.000000
vt 0.000000 -0.065450 0.000000
vt -0.400000 -0.032725 0.000000
vt 0.000000 -0.032725 0.000000
vt -0.400000 -0.000000 0.000000
vt 0.000000 -0.000000 0.000000
vt -0.400000 0.032725 0.000000
vt 0.000000 0.032725 0.000000
vt -0.400000 0.065450 0.000000
vt 0.000000 0.065450 0.000000
vt -0.400000 0.098175 0.000000
vt 0.000000 0.098175 0.000000
vt -0.400000 0.130900 0.000000
vt 0.000000 0.130900 0.000000
vt -0.400000 0.163625 0.000000
vt 0.000000 0.163625 0.000000
vt -0.400000 0.196350 0.000000
vt 0.000000 0.196350 0.000000
vt -0.400000 0.229074 0.000000
vt 0.000000 0.229074 0.000000
vt -0.400000 0.261799 0.000000
vt 0.000000 0.261799 0.000000
vt -0.400000 0.294524 0.000000
vt 0.000000 0.294524 0.000000
vt -0.400000 0.327249 0.000000
vt 0.000000 0.327249 0.000000
vt -0.400000 0.972540 0.000000
vt 0.000000 0.972540 0.000000
vt -0.400000 1.044580 0.000000
vt -0.000000 1.044580 0.000000
vt -0.400000 -1.044580 0.000000
vt -0.000000 -1.044580 0.000000
vt -0.400000 -0.972540 0.000000
vt 0.000000 -0.972540 0.000000
vt -0.400000 -0.900500 0.000000
vt 0.000000 -0.900500 0.000000
vt -0.400000 -0.828460 0.000000
vt 0.000000 -0.828460 0.000000
vt -0.400000 -0.756420 0.000000
vt 0.000000 -0.756420 0.000000
vt -0.400000 -0.684380 0.000000
vt 0.000000 -0.684380 0.000000
vt -0.400000 -0.612340 0.000000
vt 0.000000 -0.612340 0.000000
vt -0.400000 -0.540300 0.000000
vt 0.000000 -0.540300 0.000000
vt -0.400000 -0.468260 0.000000
vt 0.000000 -0.468260 0.000000
vt -0.400000 -0.396220 0.000000
vt 0.000000 -0.396220 0.000000
vt -0.400000 -0.324180 0.000000
vt 0.000000 -0.324180 0.000000
vt -0.400000 -0.252140 0.000000
vt 0.000000 -0.252140 0.000000
vt -0.400000 -0.180100 0.000000
vt 0.000000 -0.180100 0.000000
vt -0.400000 -0.108060 0.000000
vt 0.000000 -0.108060 0.000000
vt -0.400000 -0.036020 0.000000
vt 0.000000 -0.036020 0.000000
vt -0.400000 0.036020 0.000000
vt 0.000000 0.036020 0.000000
vt -0.400000 0.108060 0.000000
vt 0.000000 0.108060 0.000000
vt -0.400000 0.180100 0.000000
vt 0.000000 0.180100 0.000000
vt -0.400000 0.252140 0.000000
vt 0.000000 0.252140 0.000000
vt -0.400000 0.324180 0.000000
vt 0.000000 0.324180 0.000000
vt -0.400000 0.396220 0.000000
vt 0.000000 0.396220 0.000000
vt -0.400000 0.468260 0.000000
vt 0.000000 0.468260 0.000000
vt -0.400000 0.540300 0.000000
vt 0.000000 0.540300 0.000000
vt -0.400000 0.612340 0.000000
vt 0.000000 0.612340 0.000000
vt -0.400000 0.684380 0.000000
vt 0.000000 0.684380 0.000000
vt -0.400000 0.756420 0.000000
vt 0.000000 0.756420 0.000000
vt -0.400000 0.828460 0.000000
vt 0.000000 0.828460 0.000000
vt -0.400000 0.900500 0.000000
vt 0.000000 0.900500 0.000000
vt 0.100000 1.490711 0.000000
vt 0.099969 1.490711 0.000000
vt 0.100000 1.390390 0.000000
vt 0.099969 1.390390 0.000000
vt 0.099969 1.290070 0.000000
vt 0.100000 1.290070 0.000000
vt 0.099969 1.189749 0.000000
vt 0.100000 1.189749 0.000000
vt 0.099969 1.089429 0.000000
vt 0.100000 1.089429 0.000000
vt 0.100000 1.021340 0.000000
vt -0.300000 1.089429 0.000000
vt -0.300000 0.968381 0.000000
vt -0.300000 0.847334 0.000000
vt 0.100000 0.885161 0.000000
vt 0.100000 0.953250 0.000000
vt 0.100000 0.817072 0.000000
vt -0.300000 0.726286 0.000000
vt 0.100000 0.748982 0.000000
vt 0.100000 0.680893 0.000000
vt -0.300000 0.605238 0.000000
vt 0.100000 0.612804 0.000000
vt 0.100000 0.544714 0.000000
vt -0.300000 0.484191 0.000000
vt 0.100000 0.476625 0.000000
vt 0.100000 0.408536 0.000000
vt -0.300000 0.363143 0.000000
vt 0.100000 0.340447 0.000000
vt 0.100000 0.272357 0.000000
vt -0.300000 0.242095 0.000000
vt 0.100000 0.204268 0.000000
vt -0.300000 0.121048 0.000000
vt 0.100000 0.136179 0.000000
vt 0.100000 0.068089 0.000000
vt -0.300000 0.000000 0.000000
vt 0.100000 0.000000 0.000000
vt -0.300000 0.000000 0.000000
vt 0.090000 -0.000000 0.000000
vt -0.300000 0.121048 0.000000
vt 0.090000 0.121048 0.000000
vt -0.300000 0.242095 0.000000
vt 0.090000 0.242095 0.000000
vt -0.300000 0.363143 0.000000
vt 0.090000 0.363143 0.000000
vt -0.300000 0.484191 0.000000
vt 0.090000 0.484191 0.000000
vt -0.300000 0.605238 0.000000
vt 0.090000 0.605238 0.000000
vt -0.300000 0.726286 0.000000
vt 0.090000 0.726286 0.000000
vt -0.300000 0.847334 0.000000
vt 0.090000 0.847334 0.000000
vt -0.300000 0.968381 0.000000
vt 0.090000 0.968381 0.000000
vt -0.300000 1.089429 0.000000
vt 0.090000 1.089429 0.000000
vt -0.390000 0.359974 0.000000
vt 0.000000 0.359974 0.000000
vt -0.390000 0.392699 0.000000
vt -0.000000 0.392699 0.000000
vt -0.390000 -0.392699 0.000000
vt -0.000000 -0.392699 0.000000
vt -0.390000 -0.359974 0.000000
vt 0.000000 -0.359974 0.000000
vt -0.390000 -0.327249 0.000000
vt 0.000000 -0.327249 0.000000
vt -0.390000 -0.294524 0.000000
vt 0.000000 -0.294524 0.000000
vt -0.390000 -0.261799 0.000000
vt 0.000000 -0.261799 0.000000
vt -0.390000 -0.229074 0.000000
vt 0.000000 -0.229074 0.000000
vt -0.390000 -0.196350 0.000000
vt 0.000000 -0.196350 0.000000
vt -0.390000 -0.163625 0.000000
vt 0.000000 -0.163625 0.000000
vt -0.390000 -0.130900 0.000000
vt 0.000000 -0.130900 0.000000
vt -0.390000 -0.098175 0.000000
vt 0.000000 -0.098175 0.000000
vt -0.390000 -0.065450 0.000000
vt 0.000000 -0.065450 0.000000
vt -0.390000 -0.032725 0.000000
vt 0.000000 -0.032725 0.000000
vt -0.390000 0.000000 0.000000
vt 0.000000 -0.000000 0.000000
vt -0.390000 0.032725 0.000000
vt 0.000000 0.032725 0.000000
vt -0.390000 0.065450 0.000000
vt 0.000000 0.065450 0.000000
vt -0.390000 0.098175 0.000000
vt 0.000000 0.098175 0.000000
vt -0.390000 0.130900 0.000000
vt 0.000000 0.130900 0.000000
vt -0.390000 0.163625 0.000000
vt 0.000000 0.163625 0.000000
vt -0.390000 0.196350 0.000000
vt 0.000000 0.196350 0.000000
vt -0.390000 0.229074 0.000000
vt 0.000000 0.229074 0.000000
vt -0.390000 0.261799 0.000000
vt 0.000000 0.261799 0.000000
vt -0.390000 0.294524 0.000000
vt 0.000000 0.294524 0.000000
vt -0.390000 0.327249 0.000000
vt 0.000000 0.327249 0.000000
vt -0.390000 0.359974 0.000000
vt 0.000000 0.359974 0.000000
vt -0.390000 0.392699 0.000000
vt -0.000000 0.392699 0.000000
vt -0.390000 -0.392699 0.000000
vt -0.000000 -0.392699 0.000000
vt -0.390000 -0.359974 0.000000
vt 0.000000 -0.359974 0.000000
vt -0.390000 -0.327249 0.000000
vt 0.000000 -0.327249 0.000000
vt -0.390000 -0.294524 0.000000
vt 0.000000 -0.294524 0.000000
vt -0.390000 -0.261799 0.000000
vt 0.000000 -0.261799 0.000000
vt -0.390000 -0.229074 0.000000
vt 0.000000 -0.229074 0.000000
vt -0.390000 -0.196350 0.000000
vt 0.000000 -0.196350 0.000000
vt -0.390000 -0.163625 0.000000
vt 0.000000 -0.163625 0.000000
vt -0.390000 -0.130900 0.000000
vt 0.000000 -0.130900 0.000000
vt -0.390000 -0.098175 0.000000
vt 0.000000 -0.098175 0.000000
vt -0.390000 -0.065450 0.000000
vt 0.000000 -0.065450 0.000000
vt -0.390000 -0.032725 0.000000
vt 0.000000 -0.032725 0.000000
vt -0.390000 0.000000 0.000000
vt 0.000000 -0.000000 0.000000
vt -0.390000 0.032725 0.000000
vt 0.000000 0.032725 0.000000
vt -0.390000 0.065450 0.000000
vt 0.000000 0.065450 0.000000
vt -0.390000 0.098175 0.000000
vt 0.000000 0.098175 0.000000
vt -0.390000 0.130900 0.000000
vt 0.000000 0.130900 0.000000
vt -0.390000 0.163625 0.000000
vt 0.000000 0.163625 0.000000
vt -0.390000 0.196350 0.000000
vt 0.000000 0.196350 0.000000
vt -0.390000 0.229074 0.000000
vt 0.000000 0.229074 0.000000
vt -0.390000 0.261799 0.000000
vt 0.000000 0.261799 0.000000
vt -0.390000 0.294524 0.000000
vt 0.000000 0.294524 0.000000
vt -0.390000 0.327249 0.000000
vt 0.000000 0.327249 0.000000
vt -0.390000 0.359974 0.000000
vt 0.000000 0.359974 0.000000
vt -0.390000 0.392699 0.000000
vt -0.000000 0.392699 0.000000
vt -0.390000 -0.392699 0.000000
vt -0.000000 -0.392699 0.000000
vt -0.390000 -0.359974 0.000000
vt 0.000000 -0.359974 0.000000
vt -0.390000 -0.327249 0.000000
vt 0.000000 -0.327249 0.000000
vt -0.390000 -0.294524 0.000000
vt 0.000000 -0.294524 0.000000
vt -0.390000 -0.261799 0.000000
vt 0.000000 -0.261799 0.000000
vt -0.390000 -0.229074 0.000000
vt 0.000000 -0.229074 0.000000
vt -0.390000 -0.196350 0.000000
vt 0.000000 -0.196350 0.000000
vt -0.390000 -0.163625 0.000000
vt 0.000000 -0.163625 0.000000
vt -0.390000 -0.130900 0.000000
vt 0.000000 -0.130900 0.000000
vt -0.390000 -0.098175 0.000000
vt 0.000000 -0.098175 0.000000
vt -0.390000 -0.065450 0.000000
vt 0.000000 -0.065450 0.000000
vt -0.390000 -0.032725 0.000000
vt 0.000000 -0.032725 0.000000
vt -0.390000 0.000000 0.000000
vt 0.000000 -0.000000 0.000000
vt -0.390000 0.032725 0.000000
vt 0.000000 0.032725 0.000000
vt -0.390000 0.065450 0.000000
vt 0.000000 0.065450 0.000000
vt -0.390000 0.098175 0.000000
vt 0.000000 0.098175 0.000000
vt -0.390000 0.130900 0.000000
vt 0.000000 0.130900 0.000000
vt -0.390000 0.163625 0.000000
vt 0.000000 0.163625 0.000000
vt -0.390000 0.196350 0.000000
vt 0.000000 0.196350 0.000000
vt -0.390000 0.229074 0.000000
vt 0.000000 0.229074 0.000000
vt -0.390000 0.261799 0.000000
vt 0.000000 0.261799 0.000000
vt -0.390000 0.294524 0.000000
vt 0.000000 0.294524 0.000000
vt -0.390000 0.327249 0.000000
vt 0.000000 0.327249 0.000000
vt -0.390000 0.359974 0.000000
vt 0.000000 0.359974 0.000000
vt -0.390000 0.392699 0.000000
vt -0.000000 0.392699 0.000000
vt -0.390000 -0.392699 0.000000
vt -0.000000 -0.392699 0.000000
vt -0.390000 -0.359974 0.000000
vt 0.000000 -0.359974 0.000000
vt -0.390000 -0.327249 0.000000
vt 0.000000 -0.327249 0.000000
vt -0.390000 -0.294524 0.000000
vt 0.000000 -0.294524 0.000000
vt -0.390000 -0.261799 0.000000
vt 0.000000 -0.261799 0.000000
vt -0.390000 -0.229074 0.000000
vt 0.000000 -0.229074 0.000000
vt -0.390000 -0.196350 0.000000
vt 0.000000 -0.196350 0.000000
vt -0.390000 -0.163625 0.000000
vt 0.000000 -0.163625 0.000000
vt -0.390000 -0.130900 0.000000
vt 0.000000 -0.130900 0.000000
vt -0.390000 -0.098175 0.000000
vt 0.000000 -0.098175 0.000000
vt -0.390000 -0.065450 0.000000
vt 0.000000 -0.065450 0.000000
vt -0.390000 -0.032725 0.000000
vt 0.000000 -0.032725 0.000000
vt -0.390000 0.000000 0.000000
vt 0.000000 -0.000000 0.000000
vt -0.390000 0.032725 0.000000
vt 0.000000 0.032725 0.000000
vt -0.390000 0.065450 0.000000
vt 0.000000 0.065450 0.000000
vt -0.390000 0.098175 0.000000
vt 0.000000 0.098175 0.000000
vt -0.390000 0.130900 0.000000
vt 0.000000 0.130900 0.000000
vt -0.390000 0.163625 0.000000
vt 0.000000 0.163625 0.000000
vt -0.390000 0.196350 0.000000
vt 0.000000 0.196350 0.000000
vt -0.390000 0.229074 0.000000
vt 0.000000 0.229074 0.000000
vt -0.390000 0.261799 0.000000
vt 0.000000 0.261799 0.000000
vt -0.390000 0.294524 0.000000
vt 0.000000 0.294524 0.000000
vt -0.390000 0.327249 0.000000
vt 0.000000 0.327249 0.000000
vt -0.390000 0.972540 0.000000
vt 0.000000 0.972540 0.000000
vt -0.390000 1.044580 0.000000
vt 0.000000 1.044580 0.000000
vt -0.390000 -1.044580 0.000000
vt 0.000000 -1.044580 0.000000
vt -0.390000 -0.972540 0.000000
vt 0.000000 -0.972540 0.000000
vt -0.390000 -0.900500 0.000000
vt 0.000000 -0.900500 0.000000
vt -0.390000 -0.828460 0.000000
vt 0.000000 -0.828460 0.000000
vt -0.390000 -0.756420 0.000000
vt 0.000000 -0.756420 0.000000
vt -0.390000 -0.684380 0.000000
vt 0.000000 -0.684380 0.000000
vt -0.390000 -0.612340 0.000000
vt 0.000000 -0.612340 0.000000
vt -0.390000 -0.540300 0.000000
vt 0.000000 -0.540300 0.000000
vt -0.390000 -0.468260 0.000000
vt 0.000000 -0.468260 0.000000
vt -0.390000 -0.396220 0.000000
vt 0.000000 -0.396220 0.000000
vt -0.390000 -0.324180 0.000000
vt 0.000000 -0.324180 0.000000
vt -0.390000 -0.252140 0.000000
vt 0.000000 -0.252140 0.000000
vt -0.390000 -0.180100 0.000000
vt 0.000000 -0.180100 0.000000
vt -0.390000 -0.108060 0.000000
vt 0.000000 -0.108060 0.000000
vt -0.390000 -0.036020 0.000000
vt 0.000000 -0.036020 0.000000
vt -0.390000 0.036020 0.000000
vt 0.000000 0.036020 0.000000
vt -0.390000 0.108060 0.000000
vt 0.000000 0.108060 0.000000
vt -0.390000 0.180100 0.000000
vt 0.000000 0.180100 0.000000
vt -0.390000 0.252140 0.000000
vt 0.000000 0.252140 0.000000
vt -0.390000 0.324180 0.000000
vt 0.000000 0.324180 0.000000
vt -0.390000 0.396220 0.000000
vt 0.000000 0.396220 0.000000
vt -0.390000 0.468260 0.000000
vt 0.000000 0.468260 0.000000
vt -0.390000 0.540300 0.000000
vt 0.000000 0.540300 0.000000
vt -0.390000 0.612340 0.000000
vt 0.000000 0.612340 0.000000
vt -0.390000 0.684380 0.000000
vt 0.000000 0.684380 0.000000
vt -0.390000 0.756420 0.000000
vt 0.000000 0.756420 0.000000
vt -0.390000 0.828460 0.000000
vt 0.000000 0.828460 0.000000
vt -0.390000 0.900500 0.000000
vt 0.000000 0.900500 0.000000
vt 4.799430 -1.719354 0.000000
vt 5.189430 -1.719354 0.000000
vt 4.799430 -1.146236 0.000000
vt 5.189430 -1.146236 0.000000
vt 4.799430 -0.573118 0.000000
vt 5.189430 -0.573118 0.000000
vt 4.799430 0.000000 0.000000
vt 5.189430 0.000000 0.000000
vt -2.079431 -0.134872 0.000000
vt -1.689431 -0.134872 0.000000
vt -2.079431 -0.089914 0.000000
vt -1.689431 -0.089914 0.000000
vt -2.079431 -0.044957 0.000000
vt -1.689431 -0.044957 0.000000
vt -2.079431 -0.000000 0.000000
vt -1.689431 -0.000000 0.000000
vt -3.754810 2.600000 0.000000
vt -4.547744 2.600000 0.000000
vt -3.754810 2.200000 0.000000
vt -4.547744 2.200000 0.000000
vt 3.019999 4.950000 0.000000
vt 0.500000 4.547744 0.000000
vt 3.019999 3.352554 0.000000
vt 0.500000 3.754810 0.000000
vt 0.507707 3.558662 0.000000
vt 3.026387 5.128598 0.000000
vt 1.366722 6.450000 0.000000
vt 1.232233 6.315511 0.000000
vt 1.098985 6.171364 0.000000
vt 3.045517 5.306283 0.000000
vt 3.077292 5.482148 0.000000
vt 3.121550 5.655294 0.000000
vt 3.178064 5.824835 0.000000
vt 3.246545 5.989906 0.000000
vt 3.326644 6.149663 0.000000
vt 3.417951 6.303289 0.000000
vt 3.519999 6.450000 0.000000
vt 0.977458 6.017207 0.000000
vt 0.868400 5.853991 0.000000
vt 0.772484 5.682721 0.000000
vt 0.690301 5.504453 0.000000
vt 0.622359 5.320287 0.000000
vt 0.569075 5.131358 0.000000
vt 0.530779 4.938830 0.000000
vt 0.507707 4.743892 0.000000
vt 0.530779 3.363724 0.000000
vt 0.569075 3.171197 0.000000
vt 0.622359 2.982268 0.000000
vt 0.690301 2.798101 0.000000
vt 0.772484 2.619834 0.000000
vt 0.868400 2.448564 0.000000
vt 0.977458 2.285347 0.000000
vt 1.098985 2.131190 0.000000
vt 1.232233 1.987043 0.000000
vt 1.366722 1.852554 0.000000
vt 3.026387 3.173956 0.000000
vt 3.045517 2.996271 0.000000
vt 3.077292 2.820406 0.000000
vt 3.121550 2.647261 0.000000
vt 3.178064 2.477719 0.000000
vt 3.246545 2.312649 0.000000
vt 3.326644 2.152892 0.000000
vt 3.417951 1.999265 0.000000
vt 3.519999 1.852554 0.000000
vt -3.997446 -0.000000 0.000000
vt -2.400000 -0.000000 0.000000
vt -3.997446 0.400000 0.000000
vt -2.400000 0.400000 0.000000
vt 3.012293 3.558662 0.000000
vt 3.019999 3.754810 0.000000
vt 0.500000 3.352554 0.000000
vt 3.019999 4.547744 0.000000
vt 0.500000 4.950000 0.000000
vt 3.012293 4.743892 0.000000
vt 2.989220 4.938830 0.000000
vt 2.950924 5.131358 0.000000
vt 2.897641 5.320287 0.000000
vt 2.829698 5.504453 0.000000
vt 2.747516 5.682721 0.000000
vt 2.651600 5.853991 0.000000
vt 2.542542 6.017207 0.000000
vt 2.421014 6.171364 0.000000
vt 2.287766 6.315511 0.000000
vt 2.153278 6.450000 0.000000
vt 0.000000 6.450000 0.000000
vt 0.102049 6.303289 0.000000
vt 0.193356 6.149663 0.000000
vt 0.273455 5.989906 0.000000
vt 0.341936 5.824835 0.000000
vt 0.398450 5.655294 0.000000
vt 0.442707 5.482148 0.000000
vt 0.474482 5.306283 0.000000
vt 0.493612 5.128598 0.000000
vt 0.493612 3.173956 0.000000
vt 2.153278 1.852554 0.000000
vt 2.287766 1.987043 0.000000
vt 2.421014 2.131190 0.000000
vt 0.474482 2.996271 0.000000
vt 0.442707 2.820406 0.000000
vt 0.398450 2.647261 0.000000
vt 0.341936 2.477719 0.000000
vt 0.273455 2.312649 0.000000
vt 0.193356 2.152892 0.000000
vt 0.102049 1.999265 0.000000
vt 0.000000 1.852554 0.000000
vt 2.542542 2.285347 0.000000
vt 2.651600 2.448564 0.000000
vt 2.747516 2.619834 0.000000
vt 2.829698 2.798101 0.000000
vt 2.897641 2.982268 0.000000
vt 2.950924 3.171197 0.000000
vt 2.989220 3.363724 0.000000
vt -3.997446 2.200000 0.000000
vt -2.400000 2.200000 0.000000
vt -3.997446 2.600000 0.000000
vt -2.400000 2.600000 0.000000
vt -3.754810 0.400000 0.000000
vt -4.547744 0.400000 0.000000
vt -3.754810 -0.000000 0.000000
vt -4.547744 -0.000000 0.000000
vt -1.766596 0.278372 0.000000
vt -0.615077 0.282743 0.000000
vt -1.766596 0.372074 0.000000
vt -0.615077 0.376991 0.000000
vt -1.765866 0.422171 0.000000
vt -1.763727 0.471239 0.000000
vt 0.536442 0.471239 0.000000
vt 0.513014 0.376991 0.000000
vt 0.490164 0.282743 0.000000
vt 0.468452 0.188496 0.000000
vt -0.615077 0.188496 0.000000
vt 0.448415 0.094248 0.000000
vt -0.615077 0.094248 0.000000
vt 0.430546 -0.000000 0.000000
vt -0.615077 -0.000000 0.000000
vt 0.415283 -0.094248 0.000000
vt -0.615077 -0.094248 0.000000
vt 0.403005 -0.188496 0.000000
vt -0.615077 -0.188496 0.000000
vt 0.394012 -0.282743 0.000000
vt -0.615077 -0.282743 0.000000
vt 0.388526 -0.376991 0.000000
vt -0.615077 -0.377246 0.000000
vt 0.386682 -0.471239 0.000000
vt -1.766596 -0.377538 0.000000
vt -1.766596 -0.471239 0.000000
vt -1.766596 0.184671 0.000000
vt -1.766596 0.090969 0.000000
vt -1.766596 -0.002732 0.000000
vt -1.766596 -0.096433 0.000000
vt -1.766596 -0.190135 0.000000
vt -1.766596 -0.283836 0.000000
vt -0.521667 0.007387 0.000000
vt -0.633445 0.647329 0.000000
vt -0.618408 -0.000000 0.000000
vt -0.696467 0.575736 0.000000
vt -0.770257 0.514590 0.000000
vt -0.427309 0.029366 0.000000
vt -0.582742 0.727606 0.000000
vt -0.337656 0.065396 0.000000
vt -0.545607 0.814590 0.000000
vt -0.254917 0.114590 0.000000
vt -0.181127 0.175736 0.000000
vt -0.522953 0.906139 0.000000
vt -0.118105 0.247329 0.000000
vt -0.067402 0.327606 0.000000
vt 0.000000 0.600000 0.000000
vt -0.030267 0.414590 0.000000
vt -0.007614 0.506139 0.000000
vt 0.000000 1.001271 0.000000
vt -0.515340 1.000000 0.000000
vt 0.000000 1.401271 0.000000
vt -0.515340 3.550000 0.000000
vt 0.000000 3.201271 0.000000
vt 0.000000 3.601271 0.000000
vt -0.522953 3.643861 0.000000
vt 0.000000 3.940000 0.000000
vt -0.067402 4.212394 0.000000
vt -0.030267 4.125410 0.000000
vt -0.007614 4.033861 0.000000
vt -0.118105 4.292671 0.000000
vt -0.181127 4.364264 0.000000
vt -0.545607 3.735410 0.000000
vt -0.254917 4.425410 0.000000
vt -0.337656 4.474604 0.000000
vt -0.582742 3.822394 0.000000
vt -0.427309 4.510634 0.000000
vt -0.633445 3.902671 0.000000
vt -0.521667 4.532613 0.000000
vt -0.618408 4.540000 0.000000
vt -2.282483 4.540000 0.000000
vt -1.133747 4.150000 0.000000
vt -1.037007 4.142613 0.000000
vt -0.942649 4.120634 0.000000
vt -2.282483 4.150000 0.000000
vt -0.852996 4.084604 0.000000
vt -0.770257 4.035410 0.000000
vt -0.696467 3.974264 0.000000
vt -0.852996 0.465396 0.000000
vt -0.942649 0.429366 0.000000
vt -1.037007 0.407387 0.000000
vt -1.133747 0.400000 0.000000
vt -2.282483 0.000000 0.000000
vt -2.282483 0.400000 0.000000
vt -1.760000 1.670000 0.000000
vt -1.760000 1.268729 0.000000
vt 0.393278 1.670000 0.000000
vt 0.393278 1.268729 0.000000
vt 0.506679 0.892698 0.000000
vt 0.415629 0.870971 0.000000
vt 0.600000 0.900000 0.000000
vt 1.001271 0.900000 0.000000
vt 0.329067 0.835346 0.000000
vt 1.401271 0.900000 0.000000
vt 0.249099 0.786692 0.000000
vt 0.177672 0.726191 0.000000
vt 0.116524 0.655318 0.000000
vt 4.423476 0.655318 0.000000
vt 4.362328 0.726191 0.000000
vt 3.201271 0.900000 0.000000
vt 4.290901 0.786692 0.000000
vt 4.210933 0.835346 0.000000
vt 4.472857 0.575797 0.000000
vt 0.067143 0.575797 0.000000
vt 1.000000 0.400000 0.000000
vt 0.030732 0.489562 0.000000
vt 0.400000 0.400000 0.000000
vt 0.008176 0.398715 0.000000
vt 0.400000 0.398715 0.000000
vt 3.550000 0.400000 0.000000
vt 4.509268 0.489562 0.000000
vt 4.150000 0.400000 0.000000
vt 4.531824 0.398715 0.000000
vt 4.150000 0.399572 0.000000
vt 4.150000 0.399143 0.000000
vt 4.150000 0.398715 0.000000
vt 3.601271 0.900000 0.000000
vt 4.124371 0.870971 0.000000
vt 3.940000 0.900000 0.000000
vt 4.033321 0.892698 0.000000
vt -0.578603 0.376991 0.000000
vt 0.549488 0.376991 0.000000
vt -0.602031 0.471239 0.000000
vt 1.700277 0.422171 0.000000
vt 1.698139 0.471239 0.000000
vt -0.555752 0.282743 0.000000
vt 0.549488 0.282743 0.000000
vt 1.701007 0.372074 0.000000
vt 1.701007 0.278372 0.000000
vt 0.549488 0.188496 0.000000
vt 1.701007 0.184671 0.000000
vt 0.549488 0.094248 0.000000
vt 1.701007 0.090969 0.000000
vt 0.549488 -0.000000 0.000000
vt 1.701007 -0.002732 0.000000
vt 0.549488 -0.094248 0.000000
vt 1.701007 -0.096433 0.000000
vt 0.549488 -0.188496 0.000000
vt 1.701007 -0.190135 0.000000
vt 0.549488 -0.282743 0.000000
vt 1.701007 -0.283836 0.000000
vt 0.549488 -0.377246 0.000000
vt 1.701007 -0.377538 0.000000
vt 1.701007 -0.471239 0.000000
vt -0.452270 -0.471239 0.000000
vt -0.454114 -0.376991 0.000000
vt -0.459600 -0.282743 0.000000
vt -0.468593 -0.188496 0.000000
vt -0.480872 -0.094248 0.000000
vt -0.496134 -0.000000 0.000000
vt -0.514004 0.094248 0.000000
vt -0.534041 0.188496 0.000000
vt -5.187419 -0.337821 0.000000
vt -4.486803 -0.315384 0.000000
vt -5.189430 -0.288760 0.000000
vt -4.538162 -0.283790 0.000000
vt -4.585465 -0.247874 0.000000
vt -4.432146 -0.341841 0.000000
vt -5.181254 -0.387530 0.000000
vt -4.374999 -0.362463 0.000000
vt -4.316416 -0.377134 0.000000
vt -4.257519 -0.385903 0.000000
vt -4.799430 -0.387530 0.000000
vt -4.199430 -0.388815 0.000000
vt -4.799430 -0.387958 0.000000
vt -4.799430 -0.388387 0.000000
vt -4.799430 -0.388815 0.000000
vt -4.627969 -0.208427 0.000000
vt -5.189430 -0.153502 0.000000
vt -4.666438 -0.164686 0.000000
vt -4.701148 -0.116377 0.000000
vt -4.731353 -0.064253 0.000000
vt -5.189430 -0.018244 0.000000
vt -4.756309 -0.009048 0.000000
vt -4.775470 0.048453 0.000000
vt -5.189430 0.117014 0.000000
vt -4.788913 0.107230 0.000000
vt -4.796834 0.166206 0.000000
vt -5.189430 0.252272 0.000000
vt -4.799430 0.224308 0.000000
vt -4.799430 0.278715 0.000000
vt -4.799430 0.333123 0.000000
vt -5.189430 0.387530 0.000000
vt -4.799430 0.387530 0.000000
vt -1.760000 -1.670000 0.000000
vt 0.393278 -1.670000 0.000000
vt -1.760000 -1.331271 0.000000
vt 0.393278 -1.331271 0.000000
vt -0.511482 -0.471239 0.000000
vt 1.766596 -0.471239 0.000000
vt 0.552688 -0.376991 0.000000
vt 1.766618 -0.413050 0.000000
vt 1.766604 -0.353466 0.000000
vt 0.552688 -0.282743 0.000000
vt 1.766432 -0.293036 0.000000
vt 1.765982 -0.232253 0.000000
vt 0.552688 -0.188496 0.000000
vt 1.765055 -0.171506 0.000000
vt 1.763413 -0.111191 0.000000
vt 0.552688 -0.094248 0.000000
vt 1.760852 -0.051818 0.000000
vt 0.552688 0.000000 0.000000
vt 1.757170 0.006078 0.000000
vt 1.751985 0.064126 0.000000
vt 0.552688 0.094248 0.000000
vt 1.744974 0.123233 0.000000
vt 0.552688 0.188496 0.000000
vt 1.735928 0.182829 0.000000
vt 1.724637 0.242378 0.000000
vt 0.552688 0.282743 0.000000
vt 1.710935 0.301444 0.000000
vt 1.695006 0.359625 0.000000
vt 0.552688 0.376991 0.000000
vt 1.677152 0.416417 0.000000
vt -0.661242 0.471239 0.000000
vt 1.657678 0.471239 0.000000
vt -0.637814 0.376991 0.000000
vt -0.614964 0.282743 0.000000
vt -0.593252 0.188496 0.000000
vt -0.573215 0.094248 0.000000
vt -0.555346 0.000000 0.000000
vt -0.540084 -0.094248 0.000000
vt -0.527805 -0.188496 0.000000
vt -0.518812 -0.282743 0.000000
vt -0.513326 -0.376991 0.000000
vt -1.270000 -0.518078 0.000000
vt 1.280000 -0.518078 0.000000
vt -1.270000 1.760000 0.000000
vt 1.280000 1.760000 0.000000
vt 0.661242 0.471239 0.000000
vt -1.657678 0.471239 0.000000
vt -0.552688 0.376991 0.000000
vt -1.677152 0.416417 0.000000
vt -1.695006 0.359625 0.000000
vt -0.552688 0.282743 0.000000
vt -1.710935 0.301443 0.000000
vt -1.724637 0.242378 0.000000
vt -0.552688 0.188496 0.000000
vt -1.735928 0.182829 0.000000
vt -1.744974 0.123233 0.000000
vt -0.552688 0.094248 0.000000
vt -1.751985 0.064125 0.000000
vt -0.552688 0.000000 0.000000
vt -1.757170 0.006078 0.000000
vt -1.760852 -0.051819 0.000000
vt -0.552688 -0.094248 0.000000
vt -1.763413 -0.111192 0.000000
vt -0.552688 -0.188496 0.000000
vt -1.765055 -0.171506 0.000000
vt -1.765982 -0.232254 0.000000
vt -0.552688 -0.282743 0.000000
vt -1.766432 -0.293036 0.000000
vt -1.766604 -0.353466 0.000000
vt -0.552688 -0.376991 0.000000
vt -1.766618 -0.413050 0.000000
vt 0.511482 -0.471239 0.000000
vt -1.766596 -0.471239 0.000000
vt 0.513326 -0.376991 0.000000
vt 0.518812 -0.282743 0.000000
vt 0.527805 -0.188496 0.000000
vt 0.540084 -0.094248 0.000000
vt 0.555346 -0.000000 0.000000
vt 0.573215 0.094248 0.000000
vt 0.593252 0.188496 0.000000
vt 0.614964 0.282743 0.000000
vt 0.637814 0.376991 0.000000
vt 3.100636 0.981748 0.000000
vt 2.700636 0.981748 0.000000
vt 3.100636 0.785398 0.000000
vt 2.700636 0.785398 0.000000
vt 3.100636 0.589049 0.000000
vt 2.700636 0.589049 0.000000
vt 3.100636 0.392699 0.000000
vt 2.700636 0.392699 0.000000
vt 3.100636 0.196350 0.000000
vt 2.700636 0.196350 0.000000
vt 3.100636 -0.000000 0.000000
vt 2.700636 -0.000000 0.000000
vt 3.100636 -0.196350 0.000000
vt 2.700636 -0.196350 0.000000
vt 3.100636 -0.392699 0.000000
vt 2.700636 -0.392699 0.000000
vt 3.100636 -0.589049 0.000000
vt 2.700636 -0.589049 0.000000
vt 3.100636 -0.785398 0.000000
vt 2.700636 -0.785398 0.000000
vt 3.100636 -0.981748 0.000000
vt 2.700636 -0.981748 0.000000
vt 3.012293 3.558662 0.000000
vt 3.019999 3.754810 0.000000
vt 0.500000 3.352554 0.000000
vt 3.019999 4.547744 0.000000
vt 0.500000 4.950000 0.000000
vt 3.012293 4.743892 0.000000
vt 2.989220 4.938830 0.000000
vt 2.950924 5.131358 0.000000
vt 2.897641 5.320287 0.000000
vt 2.829698 5.504453 0.000000
vt 2.747516 5.682721 0.000000
vt 2.651600 5.853991 0.000000
vt 2.542542 6.017207 0.000000
vt 2.421014 6.171364 0.000000
vt 2.287766 6.315511 0.000000
vt 2.153278 6.450000 0.000000
vt 0.000000 6.450000 0.000000
vt 0.102049 6.303289 0.000000
vt 0.193356 6.149663 0.000000
vt 0.273455 5.989906 0.000000
vt 0.341936 5.824835 0.000000
vt 0.398450 5.655294 0.000000
vt 0.442707 5.482148 0.000000
vt 0.474482 5.306283 0.000000
vt 0.493612 5.128598 0.000000
vt 0.493612 3.173956 0.000000
vt 2.153278 1.852554 0.000000
vt 2.287766 1.987043 0.000000
vt 2.421014 2.131190 0.000000
vt 0.474482 2.996271 0.000000
vt 0.442707 2.820406 0.000000
vt 0.398450 2.647261 0.000000
vt 0.341936 2.477719 0.000000
vt 0.273455 2.312649 0.000000
vt 0.193356 2.152892 0.000000
vt 0.102049 1.999265 0.000000
vt 0.000000 1.852554 0.000000
vt 2.542542 2.285347 0.000000
vt 2.651600 2.448564 0.000000
vt 2.747516 2.619834 0.000000
vt 2.829698 2.798101 0.000000
vt 2.897641 2.982268 0.000000
vt 2.950924 3.171197 0.000000
vt 2.989220 3.363724 0.000000
vt -1.035534 3.601271 0.000000
vt -1.225730 3.601271 0.000000
vt -1.035534 3.201271 0.000000
vt -1.225730 3.201271 0.000000
vt 0.900636 0.981748 0.000000
vt 0.500636 0.981748 0.000000
vt 0.900636 0.785398 0.000000
vt 0.500636 0.785398 0.000000
vt 0.900636 0.589049 0.000000
vt 0.500636 0.589049 0.000000
vt 0.900636 0.392699 0.000000
vt 0.500636 0.392699 0.000000
vt 0.900636 0.196350 0.000000
vt 0.500636 0.196350 0.000000
vt 0.900636 -0.000000 0.000000
vt 0.500636 -0.000000 0.000000
vt 0.900636 -0.196350 0.000000
vt 0.500636 -0.196350 0.000000
vt 0.900636 -0.392699 0.000000
vt 0.500636 -0.392699 0.000000
vt 0.900636 -0.589049 0.000000
vt 0.500636 -0.589049 0.000000
vt 0.900636 -0.785398 0.000000
vt 0.500636 -0.785398 0.000000
vt 0.900636 -0.981748 0.000000
vt 0.500636 -0.981748 0.000000
vt -1.035534 1.401271 0.000000
vt -1.225730 1.401271 0.000000
vt -1.035534 1.001271 0.000000
vt -1.225730 1.001271 0.000000
vt -3.538729 0.000000 0.000000
vt -3.138729 0.000000 0.000000
vt -3.538729 0.178750 0.000000
vt -3.138729 0.178750 0.000000
vt -3.138729 0.357501 0.000000
vt -3.538729 0.357501 0.000000
vt -3.138729 0.536251 0.000000
vt -3.538729 0.536251 0.000000
vt -3.138729 0.715001 0.000000
vt -3.538729 0.715001 0.000000
vt -3.138729 0.893752 0.000000
vt -3.538729 0.893752 0.000000
vt -3.138729 1.072502 0.000000
vt -3.538729 1.072502 0.000000
vt -3.138729 1.251252 0.000000
vt -3.538729 1.251252 0.000000
vt -3.138729 1.430003 0.000000
vt -3.538729 1.430003 0.000000
vt -3.538729 1.608753 0.000000
vt -3.138729 1.608753 0.000000
vt -1.338729 0.000000 0.000000
vt -0.938729 0.000000 0.000000
vt -1.338729 0.178750 0.000000
vt -0.938729 0.178750 0.000000
vt -0.938729 0.357501 0.000000
vt -1.338729 0.357501 0.000000
vt -0.938729 0.536251 0.000000
vt -1.338729 0.536251 0.000000
vt -0.938729 0.715001 0.000000
vt -1.338729 0.715001 0.000000
vt -0.938729 0.893752 0.000000
vt -1.338729 0.893752 0.000000
vt -0.938729 1.072502 0.000000
vt -1.338729 1.072502 0.000000
vt -0.938729 1.251252 0.000000
vt -1.338729 1.251252 0.000000
vt -0.938729 1.430003 0.000000
vt -1.338729 1.430003 0.000000
vt -1.338729 1.608753 0.000000
vt -0.938729 1.608753 0.000000
vt -1.760000 -0.931271 0.000000
vt 0.393278 -0.931271 0.000000
vt -1.760000 0.868729 0.000000
vt 0.393278 0.868729 0.000000
vt -4.537989 -0.049709 0.000000
vt -3.715569 -0.025067 0.000000
vt -4.531824 0.000000 0.000000
vt -3.656986 -0.010396 0.000000
vt -3.598089 -0.001627 0.000000
vt -4.540000 -0.098770 0.000000
vt -3.827374 -0.072146 0.000000
vt -3.772716 -0.045690 0.000000
vt -4.540000 -0.234028 0.000000
vt -3.968539 -0.179103 0.000000
vt -3.926035 -0.139656 0.000000
vt -3.878733 -0.103740 0.000000
vt -4.540000 -0.369286 0.000000
vt -4.071923 -0.323277 0.000000
vt -4.041718 -0.271153 0.000000
vt -4.007008 -0.222844 0.000000
vt -4.540000 -0.504544 0.000000
vt -4.116040 -0.435984 0.000000
vt -4.096879 -0.378483 0.000000
vt -4.540000 -0.639802 0.000000
vt -4.137403 -0.553736 0.000000
vt -4.129482 -0.494760 0.000000
vt -4.540000 -0.775060 0.000000
vt -4.140000 -0.720653 0.000000
vt -4.140000 -0.666245 0.000000
vt -4.140000 -0.611838 0.000000
vt -4.140000 -0.775060 0.000000
vt -3.540000 0.001285 0.000000
vt -4.140000 0.001285 0.000000
vt -4.140000 -0.000000 0.000000
vt 0.099969 0.372464 0.000000
vt -0.300000 0.372464 0.000000
vt 0.100000 0.300098 0.000000
vt -0.300000 0.256678 0.000000
vt 0.100000 0.227732 0.000000
vt -0.300000 0.140892 0.000000
vt 0.100000 0.155365 0.000000
vt 0.100000 0.082999 0.000000
vt -0.300000 0.025106 0.000000
vt 0.100000 0.010632 0.000000
vt 0.100000 -0.061734 0.000000
vt -0.300000 -0.090681 0.000000
vt 0.100000 -0.134100 0.000000
vt -0.300000 -0.206467 0.000000
vt 0.100000 -0.206467 0.000000
vt 0.100000 -0.278833 0.000000
vt -0.300000 -0.322253 0.000000
vt 0.100000 -0.351200 0.000000
vt -0.300000 -0.438039 0.000000
vt 0.100000 -0.423566 0.000000
vt 0.100000 -0.495933 0.000000
vt -0.300000 -0.553826 0.000000
vt 0.100000 -0.568299 0.000000
vt 0.100000 -0.640665 0.000000
vt -0.300000 -0.669612 0.000000
vt 0.100000 -0.713032 0.000000
vt -0.300000 -0.785398 0.000000
vt 0.100000 -0.785398 0.000000
vt 0.100000 0.372464 0.000000
vt 0.100000 0.475698 0.000000
vt 0.099969 0.475698 0.000000
vt 0.100000 0.578931 0.000000
vt 0.099969 0.578931 0.000000
vt 0.100000 0.682165 0.000000
vt 0.099969 0.682165 0.000000
vt 0.099969 0.785398 0.000000
vt 0.100000 0.785398 0.000000
vt 0.090000 0.372464 0.000000
vt -0.300000 0.372464 0.000000
vt 0.090000 0.256678 0.000000
vt -0.300000 0.256678 0.000000
vt 0.090000 0.140892 0.000000
vt -0.300000 0.140892 0.000000
vt 0.090000 0.025106 0.000000
vt -0.300000 0.025106 0.000000
vt 0.090000 -0.090681 0.000000
vt -0.300000 -0.090681 0.000000
vt 0.090000 -0.206467 0.000000
vt -0.300000 -0.206467 0.000000
vt 0.090000 -0.322253 0.000000
vt -0.300000 -0.322253 0.000000
vt 0.090000 -0.438039 0.000000
vt -0.300000 -0.438039 0.000000
vt 0.090000 -0.553826 0.000000
vt -0.300000 -0.553826 0.000000
vt 0.090000 -0.669612 0.000000
vt -0.300000 -0.669612 0.000000
vt 0.090000 -0.785398 0.000000
vt -0.300000 -0.785398 0.000000
vt -1.847378 1.770324 0.000000
vt -1.847378 -0.529846 0.000000
vt -1.712803 1.757109 0.000000
vt -1.579704 1.733240 0.000000
vt -0.808253 0.062500 0.000000
vt -1.448923 1.698868 0.000000
vt -1.321288 1.654210 0.000000
vt -1.197606 1.599550 0.000000
vt -0.788388 0.088388 0.000000
vt -0.762500 0.108253 0.000000
vt -0.232836 -0.932836 0.000000
vt -0.732352 -0.120741 0.000000
vt -0.762500 -0.108253 0.000000
vt -0.788388 -0.088388 0.000000
vt -0.117928 -0.954195 0.000000
vt -0.088388 -0.788388 0.000000
vt -0.108253 -0.762500 0.000000
vt -0.120741 -0.732352 0.000000
vt -0.001277 -0.961454 0.000000
vt -0.032352 -0.820741 0.000000
vt -0.062500 -0.808253 0.000000
vt 0.115393 -0.954505 0.000000
vt 0.032352 -0.820741 0.000000
vt 0.000000 -0.825000 0.000000
vt 0.230358 -0.933451 0.000000
vt 0.088388 -0.788388 0.000000
vt 0.062500 -0.808253 0.000000
vt 0.108253 -0.762500 0.000000
vt 0.271694 -0.915775 0.000000
vt 0.120741 -0.732352 0.000000
vt 0.313050 -0.898145 0.000000
vt 0.354426 -0.880561 0.000000
vt 0.125000 -0.700000 0.000000
vt 0.462728 -0.826659 0.000000
vt 0.120741 -0.667647 0.000000
vt 0.563728 -0.760074 0.000000
vt 0.108253 -0.637500 0.000000
vt 0.215256 -0.253419 0.000000
vt 0.155746 -0.293768 0.000000
vt 0.655950 -0.681781 0.000000
vt 0.738042 -0.592924 0.000000
vt 0.264701 -0.201220 0.000000
vt 0.637500 -0.108253 0.000000
vt 0.301769 -0.139613 0.000000
vt 0.611611 -0.088388 0.000000
vt 0.591747 -0.062500 0.000000
vt 0.808803 -0.494804 0.000000
vt 0.667647 -0.120741 0.000000
vt 0.867199 -0.388858 0.000000
vt 0.700000 -0.125000 0.000000
vt 0.732352 -0.120741 0.000000
vt 0.912375 -0.276636 0.000000
vt 0.762500 -0.108253 0.000000
vt 0.943668 -0.159780 0.000000
vt 0.788388 -0.088388 0.000000
vt 0.808253 -0.062500 0.000000
vt 0.960622 -0.040000 0.000000
vt 0.820741 -0.032352 0.000000
vt 0.825000 0.000000 0.000000
vt 0.953927 0.075528 0.000000
vt 0.820741 0.032352 0.000000
vt 0.808253 0.062500 0.000000
vt 0.933929 0.189508 0.000000
vt 0.788388 0.088388 0.000000
vt 0.762500 0.108253 0.000000
vt 0.900897 0.300416 0.000000
vt 0.732352 0.120741 0.000000
vt 0.700000 0.125000 0.000000
vt 0.855274 0.406764 0.000000
vt 0.667647 0.120741 0.000000
vt 0.797670 0.507130 0.000000
vt 0.637500 0.108253 0.000000
vt 0.264701 0.201220 0.000000
vt 0.301769 0.139613 0.000000
vt 0.728857 0.600168 0.000000
vt 0.215256 0.253419 0.000000
vt 0.649756 0.684634 0.000000
vt 0.561426 0.759397 0.000000
vt 0.465051 0.823453 0.000000
vt 0.120741 0.667647 0.000000
vt 0.108253 0.637500 0.000000
vt 0.155746 0.293768 0.000000
vt 0.088388 0.611611 0.000000
vt 0.088953 0.320380 0.000000
vt 0.062500 0.591747 0.000000
vt 0.032352 0.579259 0.000000
vt 0.125000 0.700000 0.000000
vt 0.361921 0.875947 0.000000
vt 0.120741 0.732352 0.000000
vt 0.108253 0.762500 0.000000
vt 0.088388 0.788388 0.000000
vt 0.062500 0.808253 0.000000
vt 0.032352 0.820741 0.000000
vt -0.161360 1.109691 0.000000
vt 0.000000 0.825000 0.000000
vt -0.032352 0.820741 0.000000
vt -0.062500 0.808253 0.000000
vt -0.088388 0.788388 0.000000
vt -0.108253 0.762500 0.000000
vt -0.120741 0.732352 0.000000
vt -0.681237 1.350909 0.000000
vt -0.125000 0.700000 0.000000
vt -0.700000 0.125000 0.000000
vt -0.120741 0.667647 0.000000
vt -0.667647 0.120741 0.000000
vt -0.241394 0.228660 0.000000
vt -0.637500 0.108253 0.000000
vt -0.284905 0.171422 0.000000
vt -0.611611 0.088388 0.000000
vt -0.315095 0.106168 0.000000
vt -0.591747 0.062500 0.000000
vt -0.579259 0.032352 0.000000
vt -0.732352 0.120741 0.000000
vt 0.324726 -0.071478 0.000000
vt 0.579259 -0.032352 0.000000
vt 0.332500 0.000000 0.000000
vt 0.575000 0.000000 0.000000
vt 0.579259 0.032352 0.000000
vt 0.088388 -0.611611 0.000000
vt 0.088953 -0.320380 0.000000
vt 0.062500 -0.591747 0.000000
vt 0.032352 -0.579259 0.000000
vt 0.018001 -0.332012 0.000000
vt 0.000000 -0.575000 0.000000
vt -0.053793 -0.328120 0.000000
vt -0.032352 -0.579259 0.000000
vt -0.062500 -0.591747 0.000000
vt -0.123071 -0.308885 0.000000
vt -0.088388 -0.611611 0.000000
vt -0.186595 -0.275207 0.000000
vt -0.108253 -0.637500 0.000000
vt -0.241394 -0.228660 0.000000
vt -0.120741 -0.667647 0.000000
vt -0.667647 -0.120741 0.000000
vt -0.700000 -0.125000 0.000000
vt -0.637500 -0.108253 0.000000
vt -0.284905 -0.171422 0.000000
vt -0.611611 -0.088388 0.000000
vt -0.315095 -0.106168 0.000000
vt -0.591747 -0.062500 0.000000
vt -0.579259 -0.032352 0.000000
vt -0.330551 -0.035950 0.000000
vt -0.575000 0.000000 0.000000
vt -0.330551 0.035950 0.000000
vt -0.108253 0.637500 0.000000
vt -0.186595 0.275207 0.000000
vt -0.088388 0.611611 0.000000
vt -0.123071 0.308885 0.000000
vt -0.062500 0.591747 0.000000
vt -0.053793 0.328120 0.000000
vt -0.032352 0.579259 0.000000
vt 0.000000 0.575000 0.000000
vt 0.018001 0.332012 0.000000
vt 0.324726 0.071478 0.000000
vt 0.591747 0.062500 0.000000
vt 0.611611 0.088388 0.000000
vt -0.125000 -0.700000 0.000000
vt -0.808253 -0.062500 0.000000
vt -0.820741 -0.032352 0.000000
vt -0.825000 0.000000 0.000000
vt -0.820741 0.032352 0.000000
vt 0.399969 2.500218 0.000000
vt 0.399969 2.431653 0.000000
vt 0.400000 2.500218 0.000000
vt 0.400000 2.431653 0.000000
vt 0.399969 2.363089 0.000000
vt 0.400000 2.363089 0.000000
vt 0.399969 2.294524 0.000000
vt 0.400000 2.294524 0.000000
vt 0.399969 2.225959 0.000000
vt 0.400000 2.225959 0.000000
vt 0.399969 2.212476 0.000000
vt 0.400000 2.212476 0.000000
vt 2.706807 1.494506 0.000000
vt 2.707455 1.507974 0.000000
vt 2.706807 1.508000 0.000000
vt 2.707820 1.576523 0.000000
vt 2.701484 1.611050 0.000000
vt 2.703301 1.644924 0.000000
vt 2.685569 1.713003 0.000000
vt 2.693920 1.712829 0.000000
vt 2.679723 1.779893 0.000000
vt 2.659232 1.812773 0.000000
vt 2.660683 1.823006 0.000000
vt 2.641694 1.866141 0.000000
vt 2.622755 1.909298 0.000000
vt -5.199430 -1.719354 0.000000
vt -4.799430 -1.719354 0.000000
vt -5.199430 -1.193366 0.000000
vt -4.799430 -1.146236 0.000000
vt -5.199430 -0.667378 0.000000
vt -4.799430 -0.573118 0.000000
vt -5.199430 -0.141390 0.000000
vt -5.199400 -0.141390 0.000000
vt -4.799430 0.000000 0.000000
vt -5.199400 -0.094260 0.000000
vt -5.199400 -0.047130 0.000000
vt -5.199400 0.000000 0.000000
vt -0.399969 -0.718915 0.000000
vt 0.000000 -0.753848 0.000000
vt -0.399969 -0.702227 0.000000
vt 0.000000 -0.636899 0.000000
vt -0.400000 -0.641468 0.000000
vt -0.400000 -0.580709 0.000000
vt -0.000000 -0.519951 0.000000
vt -0.400000 -0.519951 0.000000
vt -0.399969 -0.786122 0.000000
vt 0.000000 -0.870797 0.000000
vt -0.399969 -0.853330 0.000000
vt -0.399969 -0.920538 0.000000
vt -0.399969 -0.987745 0.000000
vt -0.000000 -0.987745 0.000000
vt -0.400000 -0.702227 0.000000
vt -4.150000 -0.519951 0.000000
vt -4.540000 -0.519951 0.000000
vt -4.150000 -0.636899 0.000000
vt -4.540000 -0.636899 0.000000
vt -4.150000 -0.753848 0.000000
vt -4.540000 -0.753848 0.000000
vt -4.150000 -0.870797 0.000000
vt -4.540000 -0.870797 0.000000
vt -4.150000 -0.987745 0.000000
vt -4.540000 -0.987745 0.000000
vt 3.019999 4.950000 0.000000
vt 0.500000 4.547744 0.000000
vt 3.019999 3.352554 0.000000
vt 0.500000 3.754810 0.000000
vt 0.507707 3.558662 0.000000
vt 3.026387 5.128598 0.000000
vt 1.366722 6.450000 0.000000
vt 1.232233 6.315511 0.000000
vt 1.098985 6.171364 0.000000
vt 3.045517 5.306283 0.000000
vt 3.077292 5.482148 0.000000
vt 3.121550 5.655294 0.000000
vt 3.178064 5.824835 0.000000
vt 3.246545 5.989906 0.000000
vt 3.326644 6.149663 0.000000
vt 3.417951 6.303289 0.000000
vt 3.519999 6.450000 0.000000
vt 0.977458 6.017207 0.000000
vt 0.868400 5.853991 0.000000
vt 0.772484 5.682721 0.000000
vt 0.690301 5.504453 0.000000
vt 0.622359 5.320287 0.000000
vt 0.569075 5.131358 0.000000
vt 0.530779 4.938830 0.000000
vt 0.507707 4.743892 0.000000
vt 0.530779 3.363724 0.000000
vt 0.569075 3.171197 0.000000
vt 0.622359 2.982268 0.000000
vt 0.690301 2.798101 0.000000
vt 0.772484 2.619834 0.000000
vt 0.868400 2.448564 0.000000
vt 0.977458 2.285347 0.000000
vt 1.098985 2.131190 0.000000
vt 1.232233 1.987043 0.000000
vt 1.366722 1.852554 0.000000
vt 3.026387 3.173956 0.000000
vt 3.045517 2.996271 0.000000
vt 3.077292 2.820406 0.000000
vt 3.121550 2.647261 0.000000
vt 3.178064 2.477719 0.000000
vt 3.246545 2.312649 0.000000
vt 3.326644 2.152892 0.000000
vt 3.417951 1.999265 0.000000
vt 3.519999 1.852554 0.000000
vt 1.689431 -0.134872 0.000000
vt 2.089400 -0.134872 0.000000
vt 1.689431 -0.089914 0.000000
vt 2.089400 -0.089914 0.000000
vt 1.689431 -0.044957 0.000000
vt 2.089400 -0.044957 0.000000
vt 1.689431 -0.000000 0.000000
vt 2.089400 -0.000000 0.000000
vt 0.799547 1.711976 0.000000
vt 0.806868 1.710503 0.000000
vt 0.813357 1.777735 0.000000
vt 0.831756 1.807644 0.000000
vt 0.831033 1.819072 0.000000
vt 0.848663 1.860428 0.000000
vt 0.866246 1.901804 0.000000
vt 0.790364 1.645412 0.000000
vt 0.791835 1.611358 0.000000
vt 0.785852 1.578370 0.000000
vt 0.786807 1.511205 0.000000
vt 0.786034 1.511176 0.000000
vt 0.786807 1.494506 0.000000
vt 0.399969 4.286506 0.000000
vt 0.400000 4.286506 0.000000
vt 0.399969 4.303205 0.000000
vt 0.400000 4.303205 0.000000
vt 1.347378 1.664274 0.000000
vt 0.820741 0.032352 0.000000
vt 1.347378 -0.654646 0.000000
vt 0.825000 -0.000000 0.000000
vt 0.820741 -0.032352 0.000000
vt 0.808253 0.062500 0.000000
vt 1.296772 1.644301 0.000000
vt 1.246830 1.622719 0.000000
vt 1.197606 1.599550 0.000000
vt 0.788388 0.088388 0.000000
vt 0.723835 1.371076 0.000000
vt 0.762500 0.108253 0.000000
vt 0.732352 0.120741 0.000000
vt 0.700000 0.125000 0.000000
vt 0.247100 1.148852 0.000000
vt 0.125000 0.700000 0.000000
vt 0.120741 0.732352 0.000000
vt 0.108253 0.762500 0.000000
vt 0.088388 0.788388 0.000000
vt 0.052871 0.960000 0.000000
vt 0.062500 0.808253 0.000000
vt 0.032352 0.820741 0.000000
vt 0.039378 0.960000 0.000000
vt -0.000000 0.825000 0.000000
vt -0.063673 0.954676 0.000000
vt -0.032352 0.820741 0.000000
vt -0.062500 0.808253 0.000000
vt -0.165625 0.938761 0.000000
vt -0.088388 0.788388 0.000000
vt -0.108253 0.762500 0.000000
vt -0.265396 0.912425 0.000000
vt -0.120741 0.732352 0.000000
vt -0.361921 0.875947 0.000000
vt -0.125000 0.700000 0.000000
vt -0.427096 0.844535 0.000000
vt -0.120741 0.667647 0.000000
vt -0.489830 0.808492 0.000000
vt -0.215256 0.253419 0.000000
vt -0.549794 0.768008 0.000000
vt -0.606673 0.723294 0.000000
vt -0.232515 0.932916 0.000000
vt -0.165451 0.947112 0.000000
vt -0.097546 0.956494 0.000000
vt -0.029145 0.961013 0.000000
vt 0.039404 0.960647 0.000000
vt -0.264701 0.201220 0.000000
vt -0.660171 0.674585 0.000000
vt -0.710007 0.622135 0.000000
vt -0.637500 0.108253 0.000000
vt -0.755920 0.566219 0.000000
vt -0.667647 0.120741 0.000000
vt -0.797670 0.507130 0.000000
vt -0.835039 0.445176 0.000000
vt -0.700000 0.125000 0.000000
vt -0.867830 0.380683 0.000000
vt -0.732352 0.120741 0.000000
vt -0.895872 0.313988 0.000000
vt -0.762500 0.108253 0.000000
vt -0.919019 0.245440 0.000000
vt -0.788388 0.088388 0.000000
vt -0.937149 0.175398 0.000000
vt -0.808253 0.062500 0.000000
vt -0.950167 0.104228 0.000000
vt -0.820741 0.032352 0.000000
vt -0.958005 0.032303 0.000000
vt -0.825000 0.000000 0.000000
vt -0.960622 -0.040000 0.000000
vt -0.820741 -0.032352 0.000000
vt -0.952870 -0.107633 0.000000
vt -0.808253 -0.062500 0.000000
vt -0.940533 -0.174582 0.000000
vt -0.788388 -0.088388 0.000000
vt -0.923671 -0.240537 0.000000
vt -0.762500 -0.108253 0.000000
vt -0.902360 -0.305191 0.000000
vt -0.732352 -0.120741 0.000000
vt -0.876699 -0.368246 0.000000
vt -0.700000 -0.125000 0.000000
vt -0.846808 -0.429409 0.000000
vt -0.812825 -0.488396 0.000000
vt -0.667647 -0.120741 0.000000
vt -0.774908 -0.544935 0.000000
vt -0.733231 -0.598763 0.000000
vt -0.637500 -0.108253 0.000000
vt -0.687989 -0.649630 0.000000
vt -0.264701 -0.201220 0.000000
vt -0.639391 -0.697302 0.000000
vt -0.587662 -0.741557 0.000000
vt -0.215256 -0.253419 0.000000
vt -0.533042 -0.782189 0.000000
vt -0.120741 -0.667647 0.000000
vt -0.475784 -0.819012 0.000000
vt -0.416153 -0.851853 0.000000
vt -0.125000 -0.700000 0.000000
vt -0.354426 -0.880561 0.000000
vt -0.120741 -0.732352 0.000000
vt -0.260266 -0.915052 0.000000
vt -0.108253 -0.762500 0.000000
vt -0.163125 -0.939939 0.000000
vt -0.088388 -0.788388 0.000000
vt -0.062500 -0.808253 0.000000
vt -0.063980 -0.954972 0.000000
vt -0.032352 -0.820741 0.000000
vt -0.000000 -0.825000 0.000000
vt 0.036172 -0.960000 0.000000
vt 0.032352 -0.820741 0.000000
vt 0.052871 -0.960000 0.000000
vt 0.062500 -0.808253 0.000000
vt 0.113392 -0.954745 0.000000
vt 0.088388 -0.788388 0.000000
vt 0.173460 -0.945678 0.000000
vt 0.108253 -0.762500 0.000000
vt 0.232836 -0.932836 0.000000
vt 0.120741 -0.732352 0.000000
vt 0.125000 -0.700000 0.000000
vt 0.120741 -0.667647 0.000000
vt 0.667647 -0.120741 0.000000
vt 0.241394 -0.228660 0.000000
vt 0.637500 -0.108253 0.000000
vt 0.284905 -0.171422 0.000000
vt 0.611611 -0.088388 0.000000
vt 0.315095 -0.106168 0.000000
vt 0.591747 -0.062500 0.000000
vt 0.579259 -0.032352 0.000000
vt 0.732352 -0.120741 0.000000
vt 0.700000 -0.125000 0.000000
vt -0.324726 0.071478 0.000000
vt -0.579259 0.032352 0.000000
vt -0.332500 -0.000000 0.000000
vt -0.575000 0.000000 0.000000
vt -0.579259 -0.032352 0.000000
vt -0.591747 0.062500 0.000000
vt -0.301769 0.139613 0.000000
vt -0.611611 0.088388 0.000000
vt -0.108253 0.637500 0.000000
vt -0.155746 0.293768 0.000000
vt -0.088388 0.611611 0.000000
vt -0.088953 0.320380 0.000000
vt -0.062500 0.591747 0.000000
vt -0.032352 0.579259 0.000000
vt -0.018001 0.332012 0.000000
vt -0.000000 0.575000 0.000000
vt 0.053793 0.328120 0.000000
vt 0.032352 0.579259 0.000000
vt 0.062500 0.591747 0.000000
vt 0.123071 0.308885 0.000000
vt 0.088388 0.611611 0.000000
vt 0.186595 0.275207 0.000000
vt 0.108253 0.637500 0.000000
vt 0.120741 0.667647 0.000000
vt 0.241394 0.228660 0.000000
vt 0.667647 0.120741 0.000000
vt 0.637500 0.108253 0.000000
vt 0.284905 0.171422 0.000000
vt 0.611611 0.088388 0.000000
vt 0.315095 0.106168 0.000000
vt 0.591747 0.062500 0.000000
vt 0.579259 0.032352 0.000000
vt 0.330551 0.035950 0.000000
vt 0.575000 0.000000 0.000000
vt 0.330551 -0.035950 0.000000
vt 0.186595 -0.275207 0.000000
vt 0.108253 -0.637500 0.000000
vt 0.088388 -0.611611 0.000000
vt 0.123071 -0.308885 0.000000
vt 0.062500 -0.591747 0.000000
vt 0.053793 -0.328120 0.000000
vt 0.032352 -0.579259 0.000000
vt -0.000000 -0.575000 0.000000
vt -0.018001 -0.332012 0.000000
vt -0.032352 -0.579259 0.000000
vt -0.088953 -0.320380 0.000000
vt -0.062500 -0.591747 0.000000
vt -0.088388 -0.611611 0.000000
vt -0.155746 -0.293768 0.000000
vt -0.108253 -0.637500 0.000000
vt -0.611611 -0.088388 0.000000
vt -0.301769 -0.139613 0.000000
vt -0.591747 -0.062500 0.000000
vt -0.324726 -0.071478 0.000000
vt 0.808253 -0.062500 0.000000
vt 0.788388 -0.088388 0.000000
vt 0.762500 -0.108253 0.000000
vt -1.347378 -0.654646 0.000000
vt -0.820741 0.032352 0.000000
vt -1.347378 1.664274 0.000000
vt -0.808253 0.062500 0.000000
vt -1.296772 1.644301 0.000000
vt -1.246830 1.622719 0.000000
vt -1.197606 1.599550 0.000000
vt -0.788388 0.088388 0.000000
vt -0.681237 1.350909 0.000000
vt -0.762500 0.108253 0.000000
vt -0.732352 0.120741 0.000000
vt -0.232836 -0.932836 0.000000
vt -0.732352 -0.120741 0.000000
vt -0.762500 -0.108253 0.000000
vt -0.788388 -0.088388 0.000000
vt -0.117928 -0.954195 0.000000
vt -0.088388 -0.788388 0.000000
vt -0.108253 -0.762500 0.000000
vt -0.120741 -0.732352 0.000000
vt -0.001277 -0.961454 0.000000
vt -0.032352 -0.820741 0.000000
vt -0.062500 -0.808253 0.000000
vt 0.115393 -0.954505 0.000000
vt 0.032352 -0.820741 0.000000
vt 0.000000 -0.825000 0.000000
vt 0.230358 -0.933451 0.000000
vt 0.088388 -0.788388 0.000000
vt 0.062500 -0.808253 0.000000
vt 0.108253 -0.762500 0.000000
vt 0.271694 -0.915775 0.000000
vt 0.120741 -0.732352 0.000000
vt 0.313050 -0.898145 0.000000
vt 0.125000 -0.700000 0.000000
vt 0.354426 -0.880561 0.000000
vt 0.120741 -0.667647 0.000000
vt 0.462728 -0.826659 0.000000
vt 0.215256 -0.253419 0.000000
vt 0.563728 -0.760074 0.000000
vt 0.264701 -0.201220 0.000000
vt 0.655950 -0.681781 0.000000
vt 0.738042 -0.592924 0.000000
vt 0.808803 -0.494804 0.000000
vt 0.667647 -0.120741 0.000000
vt 0.637500 -0.108253 0.000000
vt 0.611611 -0.088388 0.000000
vt 0.301769 -0.139613 0.000000
vt 0.591747 -0.062500 0.000000
vt 0.324726 -0.071478 0.000000
vt 0.579259 -0.032352 0.000000
vt 0.332500 0.000000 0.000000
vt 0.575000 0.000000 0.000000
vt 0.579259 0.032352 0.000000
vt 0.700000 -0.125000 0.000000
vt 0.867199 -0.388858 0.000000
vt 0.732352 -0.120741 0.000000
vt 0.912375 -0.276636 0.000000
vt 0.762500 -0.108253 0.000000
vt 0.788388 -0.088388 0.000000
vt 0.943668 -0.159780 0.000000
vt 0.808253 -0.062500 0.000000
vt 0.960622 -0.040000 0.000000
vt 0.820741 -0.032352 0.000000
vt 0.825000 0.000000 0.000000
vt 0.953927 0.075528 0.000000
vt 0.820741 0.032352 0.000000
vt 0.808253 0.062500 0.000000
vt 0.933929 0.189508 0.000000
vt 0.788388 0.088388 0.000000
vt 0.762500 0.108253 0.000000
vt 0.900897 0.300416 0.000000
vt 0.732352 0.120741 0.000000
vt 0.855274 0.406764 0.000000
vt 0.700000 0.125000 0.000000
vt 0.797670 0.507130 0.000000
vt 0.667647 0.120741 0.000000
vt 0.728857 0.600168 0.000000
vt 0.637500 0.108253 0.000000
vt 0.264701 0.201220 0.000000
vt 0.611611 0.088388 0.000000
vt 0.301769 0.139613 0.000000
vt 0.591747 0.062500 0.000000
vt 0.324726 0.071478 0.000000
vt 0.649756 0.684634 0.000000
vt 0.561426 0.759397 0.000000
vt 0.215256 0.253419 0.000000
vt 0.465051 0.823453 0.000000
vt 0.120741 0.667647 0.000000
vt 0.361921 0.875947 0.000000
vt 0.125000 0.700000 0.000000
vt 0.120741 0.732352 0.000000
vt 0.108253 0.762500 0.000000
vt 0.088388 0.788388 0.000000
vt 0.062500 0.808253 0.000000
vt -0.161360 1.109691 0.000000
vt 0.032352 0.820741 0.000000
vt 0.000000 0.825000 0.000000
vt -0.032352 0.820741 0.000000
vt -0.062500 0.808253 0.000000
vt -0.088388 0.788388 0.000000
vt -0.108253 0.762500 0.000000
vt -0.120741 0.732352 0.000000
vt -0.125000 0.700000 0.000000
vt -0.700000 0.125000 0.000000
vt -0.667647 0.120741 0.000000
vt 0.108253 -0.637500 0.000000
vt 0.155746 -0.293768 0.000000
vt 0.088388 -0.611611 0.000000
vt 0.088953 -0.320380 0.000000
vt 0.062500 -0.591747 0.000000
vt 0.032352 -0.579259 0.000000
vt 0.018001 -0.332012 0.000000
vt 0.000000 -0.575000 0.000000
vt -0.053793 -0.328120 0.000000
vt -0.032352 -0.579259 0.000000
vt -0.062500 -0.591747 0.000000
vt -0.123071 -0.308885 0.000000
vt -0.088388 -0.611611 0.000000
vt -0.186595 -0.275207 0.000000
vt -0.108253 -0.637500 0.000000
vt -0.120741 -0.667647 0.000000
vt -0.241394 -0.228660 0.000000
vt -0.667647 -0.120741 0.000000
vt -0.637500 -0.108253 0.000000
vt -0.284905 -0.171422 0.000000
vt -0.611611 -0.088388 0.000000
vt -0.315095 -0.106168 0.000000
vt -0.591747 -0.062500 0.000000
vt -0.579259 -0.032352 0.000000
vt -0.330551 -0.035950 0.000000
vt -0.575000 0.000000 0.000000
vt -0.330551 0.035950 0.000000
vt -0.579259 0.032352 0.000000
vt -0.315095 0.106168 0.000000
vt -0.591747 0.062500 0.000000
vt -0.611611 0.088388 0.000000
vt -0.284905 0.171422 0.000000
vt -0.637500 0.108253 0.000000
vt -0.241394 0.228660 0.000000
vt -0.120741 0.667647 0.000000
vt -0.186595 0.275207 0.000000
vt -0.108253 0.637500 0.000000
vt -0.088388 0.611611 0.000000
vt -0.123071 0.308885 0.000000
vt -0.062500 0.591747 0.000000
vt -0.053793 0.328120 0.000000
vt -0.032352 0.579259 0.000000
vt 0.000000 0.575000 0.000000
vt 0.018001 0.332012 0.000000
vt 0.032352 0.579259 0.000000
vt 0.088953 0.320380 0.000000
vt 0.062500 0.591747 0.000000
vt 0.088388 0.611611 0.000000
vt 0.155746 0.293768 0.000000
vt 0.108253 0.637500 0.000000
vt -0.125000 -0.700000 0.000000
vt -0.700000 -0.125000 0.000000
vt -0.808253 -0.062500 0.000000
vt -0.820741 -0.032352 0.000000
vt -0.825000 0.000000 0.000000
vt -0.366325 1.639146 0.000000
vt -0.500900 1.625932 0.000000
vt -0.366325 -0.661023 0.000000
vt -0.633999 1.602063 0.000000
vt -1.405449 -0.068677 0.000000
vt -0.764780 1.567691 0.000000
vt -0.892415 1.523033 0.000000
vt -1.016097 1.468372 0.000000
vt -1.425314 -0.042789 0.000000
vt -1.451203 -0.022924 0.000000
vt -1.532465 1.219731 0.000000
vt -1.481350 -0.010436 0.000000
vt -1.513703 -0.006177 0.000000
vt -2.088702 0.568823 0.000000
vt -2.092962 0.536470 0.000000
vt -2.092962 0.601175 0.000000
vt -2.052343 0.978514 0.000000
vt -2.105449 0.631323 0.000000
vt -2.125314 0.657211 0.000000
vt -2.151202 0.677076 0.000000
vt -2.181350 0.689563 0.000000
vt -2.213702 0.693823 0.000000
vt -2.246055 0.689563 0.000000
vt -2.575623 0.744770 0.000000
vt -2.276202 0.677076 0.000000
vt -2.302091 0.657211 0.000000
vt -2.321956 0.631323 0.000000
vt -2.334443 0.601175 0.000000
vt -2.338702 0.568823 0.000000
vt -2.678753 0.692276 0.000000
vt -2.334443 0.536470 0.000000
vt -2.775129 0.628219 0.000000
vt -2.321956 0.506323 0.000000
vt -2.428958 0.122242 0.000000
vt -2.369448 0.162591 0.000000
vt -2.863458 0.553457 0.000000
vt -2.942559 0.468991 0.000000
vt -2.478403 0.070043 0.000000
vt -3.011373 0.375953 0.000000
vt -2.851202 -0.022924 0.000000
vt -2.881350 -0.010436 0.000000
vt -3.068977 0.275587 0.000000
vt -2.913702 -0.006177 0.000000
vt -3.114600 0.169238 0.000000
vt -2.946055 -0.010436 0.000000
vt -2.976202 -0.022924 0.000000
vt -3.147632 0.058331 0.000000
vt -3.002091 -0.042789 0.000000
vt -3.021955 -0.068677 0.000000
vt -3.167629 -0.055649 0.000000
vt -3.034443 -0.098825 0.000000
vt -3.038702 -0.131177 0.000000
vt -3.174325 -0.171177 0.000000
vt -3.034443 -0.163530 0.000000
vt -3.021955 -0.193677 0.000000
vt -3.157371 -0.290957 0.000000
vt -3.002091 -0.219565 0.000000
vt -2.976202 -0.239430 0.000000
vt -3.126077 -0.407813 0.000000
vt -2.946055 -0.251918 0.000000
vt -3.080902 -0.520035 0.000000
vt -2.913702 -0.256177 0.000000
vt -2.881350 -0.251918 0.000000
vt -3.022506 -0.625982 0.000000
vt -2.851202 -0.239430 0.000000
vt -2.951744 -0.724101 0.000000
vt -2.478403 -0.332398 0.000000
vt -2.428958 -0.384596 0.000000
vt -2.869652 -0.812958 0.000000
vt -2.777431 -0.891252 0.000000
vt -2.676430 -0.957836 0.000000
vt -2.334443 -0.798825 0.000000
vt -2.321956 -0.768677 0.000000
vt -2.369448 -0.424945 0.000000
vt -2.302091 -0.742789 0.000000
vt -2.302656 -0.451558 0.000000
vt -2.276202 -0.722924 0.000000
vt -2.246055 -0.710436 0.000000
vt -2.338702 -0.831177 0.000000
vt -2.568129 -1.011738 0.000000
vt -2.334443 -0.863529 0.000000
vt -2.526753 -1.029322 0.000000
vt -2.485396 -1.046952 0.000000
vt -2.321956 -0.893677 0.000000
vt -2.444060 -1.064628 0.000000
vt -2.302091 -0.919565 0.000000
vt -2.329095 -1.085682 0.000000
vt -2.276202 -0.939430 0.000000
vt -2.246055 -0.951918 0.000000
vt -2.212426 -1.092631 0.000000
vt -2.213702 -0.956177 0.000000
vt -2.181350 -0.951918 0.000000
vt -2.095775 -1.085372 0.000000
vt -2.151202 -0.939430 0.000000
vt -2.125314 -0.919565 0.000000
vt -1.980866 -1.064013 0.000000
vt -2.105449 -0.893677 0.000000
vt -2.092962 -0.863529 0.000000
vt -2.088702 -0.831177 0.000000
vt -2.092962 -0.798825 0.000000
vt -1.513703 -0.256177 0.000000
vt -1.546055 -0.251918 0.000000
vt -1.481350 -0.251918 0.000000
vt -1.451203 -0.239430 0.000000
vt -1.425314 -0.219565 0.000000
vt -1.405449 -0.193677 0.000000
vt -1.392962 -0.163530 0.000000
vt -1.388703 -0.131177 0.000000
vt -1.392962 -0.098825 0.000000
vt -2.515471 0.008436 0.000000
vt -2.825314 -0.042789 0.000000
vt -2.805449 -0.068677 0.000000
vt -2.538429 -0.059699 0.000000
vt -2.792962 -0.098825 0.000000
vt -2.546202 -0.131177 0.000000
vt -2.788702 -0.131177 0.000000
vt -2.792962 -0.163530 0.000000
vt -2.538429 -0.202655 0.000000
vt -2.805449 -0.193677 0.000000
vt -2.515471 -0.270790 0.000000
vt -2.825314 -0.219565 0.000000
vt -1.634443 -0.098825 0.000000
vt -1.883152 -0.095228 0.000000
vt -1.638703 -0.131177 0.000000
vt -1.883152 -0.167127 0.000000
vt -1.634443 -0.163530 0.000000
vt -1.898608 -0.237345 0.000000
vt -1.621956 -0.193677 0.000000
vt -1.602091 -0.219565 0.000000
vt -1.928797 -0.302599 0.000000
vt -1.576203 -0.239430 0.000000
vt -1.972309 -0.359837 0.000000
vt -1.898608 -0.025009 0.000000
vt -1.621956 -0.068677 0.000000
vt -1.602091 -0.042789 0.000000
vt -1.928797 0.040245 0.000000
vt -1.576203 -0.022924 0.000000
vt -1.972309 0.097483 0.000000
vt -1.546055 -0.010436 0.000000
vt -2.231704 -0.463190 0.000000
vt -2.213702 -0.706177 0.000000
vt -2.159910 -0.459297 0.000000
vt -2.181350 -0.710436 0.000000
vt -2.151202 -0.722924 0.000000
vt -2.090632 -0.440062 0.000000
vt -2.125314 -0.742789 0.000000
vt -2.027108 -0.406384 0.000000
vt -2.105449 -0.768677 0.000000
vt -2.105449 0.506323 0.000000
vt -2.027108 0.144029 0.000000
vt -2.125314 0.480434 0.000000
vt -2.090632 0.177708 0.000000
vt -2.151202 0.460569 0.000000
vt -2.159910 0.196943 0.000000
vt -2.181350 0.448082 0.000000
vt -2.213702 0.443823 0.000000
vt -2.231704 0.200835 0.000000
vt -2.246055 0.448082 0.000000
vt -2.302656 0.189203 0.000000
vt -2.276202 0.460569 0.000000
vt -2.302091 0.480434 0.000000
vt 0.000000 4.286506 0.000000
vt 0.000031 4.286506 0.000000
vt -0.000000 4.300000 0.000000
vt 0.000031 4.300000 0.000000
vt 0.400000 -0.359974 0.000000
vt -0.000000 -0.359974 0.000000
vt 0.400000 -0.392699 0.000000
vt 0.000000 -0.392699 0.000000
vt 0.400000 0.392699 0.000000
vt 0.000000 0.392699 0.000000
vt 0.400000 0.359974 0.000000
vt -0.000000 0.359974 0.000000
vt 0.400000 0.327249 0.000000
vt -0.000000 0.327249 0.000000
vt 0.400000 0.294524 0.000000
vt -0.000000 0.294524 0.000000
vt 0.400000 0.261799 0.000000
vt -0.000000 0.261799 0.000000
vt 0.400000 0.229074 0.000000
vt -0.000000 0.229074 0.000000
vt 0.400000 0.196350 0.000000
vt -0.000000 0.196350 0.000000
vt 0.400000 0.163625 0.000000
vt -0.000000 0.163625 0.000000
vt 0.400000 0.130900 0.000000
vt -0.000000 0.130900 0.000000
vt 0.400000 0.098175 0.000000
vt -0.000000 0.098175 0.000000
vt 0.400000 0.065450 0.000000
vt -0.000000 0.065450 0.000000
vt 0.400000 0.032725 0.000000
vt -0.000000 0.032725 0.000000
vt 0.400000 -0.000000 0.000000
vt -0.000000 -0.000000 0.000000
vt 0.400000 -0.032725 0.000000
vt -0.000000 -0.032725 0.000000
vt 0.400000 -0.065450 0.000000
vt -0.000000 -0.065450 0.000000
vt 0.400000 -0.098175 0.000000
vt -0.000000 -0.098175 0.000000
vt 0.400000 -0.130900 0.000000
vt -0.000000 -0.130900 0.000000
vt 0.400000 -0.163625 0.000000
vt -0.000000 -0.163625 0.000000
vt 0.400000 -0.196350 0.000000
vt -0.000000 -0.196350 0.000000
vt 0.400000 -0.229074 0.000000
vt -0.000000 -0.229074 0.000000
vt 0.400000 -0.261799 0.000000
vt -0.000000 -0.261799 0.000000
vt 0.400000 -0.294524 0.000000
vt -0.000000 -0.294524 0.000000
vt 0.400000 -0.327249 0.000000
vt -0.000000 -0.327249 0.000000
vt 0.400000 -0.359974 0.000000
vt -0.000000 -0.359974 0.000000
vt 0.400000 -0.392699 0.000000
vt -0.000000 -0.392699 0.000000
vt 0.400000 0.392699 0.000000
vt -0.000000 0.392699 0.000000
vt 0.400000 0.359974 0.000000
vt -0.000000 0.359974 0.000000
vt 0.400000 0.327249 0.000000
vt -0.000000 0.327249 0.000000
vt 0.400000 0.294524 0.000000
vt -0.000000 0.294524 0.000000
vt 0.400000 0.261799 0.000000
vt -0.000000 0.261799 0.000000
vt 0.400000 0.229074 0.000000
vt -0.000000 0.229074 0.000000
vt 0.400000 0.196350 0.000000
vt -0.000000 0.196350 0.000000
vt 0.400000 0.163625 0.000000
vt -0.000000 0.163625 0.000000
vt 0.400000 0.130900 0.000000
vt -0.000000 0.130900 0.000000
vt 0.400000 0.098175 0.000000
vt -0.000000 0.098175 0.000000
vt 0.400000 0.065450 0.000000
vt -0.000000 0.065450 0.000000
vt 0.400000 0.032725 0.000000
vt -0.000000 0.032725 0.000000
vt 0.400000 0.000000 0.000000
vt -0.000000 -0.000000 0.000000
vt 0.400000 -0.032725 0.000000
vt -0.000000 -0.032725 0.000000
vt 0.400000 -0.065450 0.000000
vt -0.000000 -0.065450 0.000000
vt 0.400000 -0.098175 0.000000
vt -0.000000 -0.098175 0.000000
vt 0.400000 -0.130900 0.000000
vt -0.000000 -0.130900 0.000000
vt 0.400000 -0.163625 0.000000
vt -0.000000 -0.163625 0.000000
vt 0.400000 -0.196350 0.000000
vt -0.000000 -0.196350 0.000000
vt 0.400000 -0.229074 0.000000
vt -0.000000 -0.229074 0.000000
vt 0.400000 -0.261799 0.000000
vt -0.000000 -0.261799 0.000000
vt 0.400000 -0.294524 0.000000
vt -0.000000 -0.294524 0.000000
vt 0.400000 -0.327249 0.000000
vt -0.000000 -0.327249 0.000000
vt 0.400000 -0.359974 0.000000
vt -0.000000 -0.359974 0.000000
vt 0.400000 -0.392699 0.000000
vt -0.000000 -0.392699 0.000000
vt 0.400000 0.392699 0.000000
vt -0.000000 0.392699 0.000000
vt 0.400000 0.359974 0.000000
vt -0.000000 0.359974 0.000000
vt 0.400000 0.327249 0.000000
vt -0.000000 0.327249 0.000000
vt 0.400000 0.294524 0.000000
vt -0.000000 0.294524 0.000000
vt 0.400000 0.261799 0.000000
vt -0.000000 0.261799 0.000000
vt 0.400000 0.229074 0.000000
vt -0.000000 0.229074 0.000000
vt 0.400000 0.196350 0.000000
vt -0.000000 0.196350 0.000000
vt 0.400000 0.163625 0.000000
vt -0.000000 0.163625 0.000000
vt 0.400000 0.130900 0.000000
vt -0.000000 0.130900 0.000000
vt 0.400000 0.098175 0.000000
vt -0.000000 0.098175 0.000000
vt 0.400000 0.065450 0.000000
vt -0.000000 0.065450 0.000000
vt 0.400000 0.032725 0.000000
vt -0.000000 0.032725 0.000000
vt 0.400000 -0.000000 0.000000
vt -0.000000 -0.000000 0.000000
vt 0.400000 -0.032725 0.000000
vt -0.000000 -0.032725 0.000000
vt 0.400000 -0.065450 0.000000
vt -0.000000 -0.065450 0.000000
vt 0.400000 -0.098175 0.000000
vt -0.000000 -0.098175 0.000000
vt 0.400000 -0.130900 0.000000
vt -0.000000 -0.130900 0.000000
vt 0.400000 -0.163625 0.000000
vt -0.000000 -0.163625 0.000000
vt 0.400000 -0.196350 0.000000
vt -0.000000 -0.196350 0.000000
vt 0.400000 -0.229074 0.000000
vt -0.000000 -0.229074 0.000000
vt 0.400000 -0.261799 0.000000
vt -0.000000 -0.261799 0.000000
vt 0.400000 -0.294524 0.000000
vt -0.000000 -0.294524 0.000000
vt 0.400000 -0.327249 0.000000
vt -0.000000 -0.327249 0.000000
vt 0.400000 -0.359974 0.000000
vt -0.000000 -0.359974 0.000000
vt 0.400000 -0.392699 0.000000
vt 0.000000 -0.392699 0.000000
vt 0.400000 0.392699 0.000000
vt 0.000000 0.392699 0.000000
vt 0.400000 0.359974 0.000000
vt -0.000000 0.359974 0.000000
vt 0.400000 0.327249 0.000000
vt -0.000000 0.327249 0.000000
vt 0.400000 0.294524 0.000000
vt -0.000000 0.294524 0.000000
vt 0.400000 0.261799 0.000000
vt -0.000000 0.261799 0.000000
vt 0.400000 0.229074 0.000000
vt -0.000000 0.229074 0.000000
vt 0.400000 0.196350 0.000000
vt -0.000000 0.196350 0.000000
vt 0.400000 0.163625 0.000000
vt -0.000000 0.163625 0.000000
vt 0.400000 0.130900 0.000000
vt -0.000000 0.130900 0.000000
vt 0.400000 0.098175 0.000000
vt -0.000000 0.098175 0.000000
vt 0.400000 0.065450 0.000000
vt -0.000000 0.065450 0.000000
vt 0.400000 0.032725 0.000000
vt -0.000000 0.032725 0.000000
vt 0.400000 -0.000000 0.000000
vt -0.000000 -0.000000 0.000000
vt 0.400000 -0.032725 0.000000
vt -0.000000 -0.032725 0.000000
vt 0.400000 -0.065450 0.000000
vt -0.000000 -0.065450 0.000000
vt 0.400000 -0.098175 0.000000
vt -0.000000 -0.098175 0.000000
vt 0.400000 -0.130900 0.000000
vt -0.000000 -0.130900 0.000000
vt 0.400000 -0.163625 0.000000
vt -0.000000 -0.163625 0.000000
vt 0.400000 -0.196350 0.000000
vt -0.000000 -0.196350 0.000000
vt 0.400000 -0.229074 0.000000
vt -0.000000 -0.229074 0.000000
vt 0.400000 -0.261799 0.000000
vt -0.000000 -0.261799 0.000000
vt 0.400000 -0.294524 0.000000
vt -0.000000 -0.294524 0.000000
vt 0.400000 -0.327249 0.000000
vt -0.000000 -0.327249 0.000000
vt 0.400000 -0.972540 0.000000
vt -0.000000 -0.972540 0.000000
vt 0.400000 -1.044580 0.000000
vt 0.000000 -1.044580 0.000000
vt 0.400000 1.044580 0.000000
vt 0.000000 1.044580 0.000000
vt 0.400000 0.972540 0.000000
vt -0.000000 0.972540 0.000000
vt 0.400000 0.900500 0.000000
vt -0.000000 0.900500 0.000000
vt 0.400000 0.828460 0.000000
vt -0.000000 0.828460 0.000000
vt 0.400000 0.756420 0.000000
vt -0.000000 0.756420 0.000000
vt 0.400000 0.684380 0.000000
vt -0.000000 0.684380 0.000000
vt 0.400000 0.612340 0.000000
vt -0.000000 0.612340 0.000000
vt 0.400000 0.540300 0.000000
vt -0.000000 0.540300 0.000000
vt 0.400000 0.468260 0.000000
vt -0.000000 0.468260 0.000000
vt 0.400000 0.396220 0.000000
vt -0.000000 0.396220 0.000000
vt 0.400000 0.324180 0.000000
vt -0.000000 0.324180 0.000000
vt 0.400000 0.252140 0.000000
vt -0.000000 0.252140 0.000000
vt 0.400000 0.180100 0.000000
vt -0.000000 0.180100 0.000000
vt 0.400000 0.108060 0.000000
vt -0.000000 0.108060 0.000000
vt 0.400000 0.036020 0.000000
vt -0.000000 0.036020 0.000000
vt 0.400000 -0.036020 0.000000
vt -0.000000 -0.036020 0.000000
vt 0.400000 -0.108060 0.000000
vt -0.000000 -0.108060 0.000000
vt 0.400000 -0.180100 0.000000
vt -0.000000 -0.180100 0.000000
vt 0.400000 -0.252140 0.000000
vt -0.000000 -0.252140 0.000000
vt 0.400000 -0.324180 0.000000
vt -0.000000 -0.324180 0.000000
vt 0.400000 -0.396220 0.000000
vt -0.000000 -0.396220 0.000000
vt 0.400000 -0.468260 0.000000
vt -0.000000 -0.468260 0.000000
vt 0.400000 -0.540300 0.000000
vt -0.000000 -0.540300 0.000000
vt 0.400000 -0.612340 0.000000
vt -0.000000 -0.612340 0.000000
vt 0.400000 -0.684380 0.000000
vt -0.000000 -0.684380 0.000000
vt 0.400000 -0.756420 0.000000
vt -0.000000 -0.756420 0.000000
vt 0.400000 -0.828460 0.000000
vt -0.000000 -0.828460 0.000000
vt 0.400000 -0.900500 0.000000
vt -0.000000 -0.900500 0.000000
vt -0.099969 1.189749 0.000000
vt -0.100000 1.089429 0.000000
vt -0.099969 1.089429 0.000000
vt -0.100000 1.021340 0.000000
vt 0.300000 1.089429 0.000000
vt 0.300000 0.968381 0.000000
vt -0.100000 0.953250 0.000000
vt -0.100000 0.885161 0.000000
vt -0.100000 1.189749 0.000000
vt -0.099969 1.290070 0.000000
vt -0.100000 1.290070 0.000000
vt -0.099969 1.390390 0.000000
vt -0.100000 1.390390 0.000000
vt -0.100000 1.490711 0.000000
vt -0.099969 1.490711 0.000000
vt 0.300000 0.847334 0.000000
vt -0.100000 0.817072 0.000000
vt 0.300000 0.726286 0.000000
vt -0.100000 0.748982 0.000000
vt -0.100000 0.680893 0.000000
vt 0.300000 0.605238 0.000000
vt -0.100000 0.612804 0.000000
vt -0.100000 0.544714 0.000000
vt 0.300000 0.484191 0.000000
vt -0.100000 0.476625 0.000000
vt -0.100000 0.408536 0.000000
vt 0.300000 0.363143 0.000000
vt -0.100000 0.340447 0.000000
vt -0.100000 0.272357 0.000000
vt 0.300000 0.242095 0.000000
vt -0.100000 0.204268 0.000000
vt 0.300000 0.121048 0.000000
vt -0.100000 0.136179 0.000000
vt -0.100000 0.068089 0.000000
vt -0.100000 0.000000 0.000000
vt 0.300000 0.000000 0.000000
vt 0.300000 1.089429 0.000000
vt -0.090000 1.089429 0.000000
vt 0.300000 0.968381 0.000000
vt -0.090000 0.968381 0.000000
vt 0.300000 0.847334 0.000000
vt -0.090000 0.847334 0.000000
vt 0.300000 0.726286 0.000000
vt -0.090000 0.726286 0.000000
vt 0.300000 0.605238 0.000000
vt -0.090000 0.605238 0.000000
vt 0.300000 0.484191 0.000000
vt -0.090000 0.484191 0.000000
vt 0.300000 0.363143 0.000000
vt -0.090000 0.363143 0.000000
vt 0.300000 0.242095 0.000000
vt -0.090000 0.242095 0.000000
vt 0.300000 0.121048 0.000000
vt -0.090000 0.121048 0.000000
vt 0.300000 0.000000 0.000000
vt -0.090000 -0.000000 0.000000
vt 0.390000 -0.359974 0.000000
vt -0.000000 -0.359974 0.000000
vt 0.390000 -0.392699 0.000000
vt 0.000000 -0.392699 0.000000
vt 0.390000 0.392699 0.000000
vt 0.000000 0.392699 0.000000
vt 0.390000 0.359974 0.000000
vt -0.000000 0.359974 0.000000
vt 0.390000 0.327249 0.000000
vt -0.000000 0.327249 0.000000
vt 0.390000 0.294524 0.000000
vt -0.000000 0.294524 0.000000
vt 0.390000 0.261799 0.000000
vt -0.000000 0.261799 0.000000
vt 0.390000 0.229074 0.000000
vt -0.000000 0.229074 0.000000
vt 0.390000 0.196350 0.000000
vt -0.000000 0.196350 0.000000
vt 0.390000 0.163625 0.000000
vt -0.000000 0.163625 0.000000
vt 0.390000 0.130900 0.000000
vt -0.000000 0.130900 0.000000
vt 0.390000 0.098175 0.000000
vt -0.000000 0.098175 0.000000
vt 0.390000 0.065450 0.000000
vt -0.000000 0.065450 0.000000
vt 0.390000 0.032725 0.000000
vt -0.000000 0.032725 0.000000
vt 0.390000 0.000000 0.000000
vt -0.000000 -0.000000 0.000000
vt 0.390000 -0.032725 0.000000
vt -0.000000 -0.032725 0.000000
vt 0.390000 -0.065450 0.000000
vt -0.000000 -0.065450 0.000000
vt 0.390000 -0.098175 0.000000
vt -0.000000 -0.098175 0.000000
vt 0.390000 -0.130900 0.000000
vt -0.000000 -0.130900 0.000000
vt 0.390000 -0.163625 0.000000
vt -0.000000 -0.163625 0.000000
vt 0.390000 -0.196350 0.000000
vt -0.000000 -0.196350 0.000000
vt 0.390000 -0.229074 0.000000
vt -0.000000 -0.229074 0.000000
vt 0.390000 -0.261799 0.000000
vt -0.000000 -0.261799 0.000000
vt 0.390000 -0.294524 0.000000
vt -0.000000 -0.294524 0.000000
vt 0.390000 -0.327249 0.000000
vt -0.000000 -0.327249 0.000000
vt 0.390000 -0.359974 0.000000
vt -0.000000 -0.359974 0.000000
vt 0.390000 -0.392699 0.000000
vt 0.000000 -0.392699 0.000000
vt 0.390000 0.392699 0.000000
vt 0.000000 0.392699 0.000000
vt 0.390000 0.359974 0.000000
vt -0.000000 0.359974 0.000000
vt 0.390000 0.327249 0.000000
vt -0.000000 0.327249 0.000000
vt 0.390000 0.294524 0.000000
vt -0.000000 0.294524 0.000000
vt 0.390000 0.261799 0.000000
vt -0.000000 0.261799 0.000000
vt 0.390000 0.229074 0.000000
vt -0.000000 0.229074 0.000000
vt 0.390000 0.196350 0.000000
vt -0.000000 0.196350 0.000000
vt 0.390000 0.163625 0.000000
vt -0.000000 0.163625 0.000000
vt 0.390000 0.130900 0.000000
vt -0.000000 0.130900 0.000000
vt 0.390000 0.098175 0.000000
vt -0.000000 0.098175 0.000000
vt 0.390000 0.065450 0.000000
vt -0.000000 0.065450 0.000000
vt 0.390000 0.032725 0.000000
vt -0.000000 0.032725 0.000000
vt 0.390000 0.000000 0.000000
vt -0.000000 -0.000000 0.000000
vt 0.390000 -0.032725 0.000000
vt -0.000000 -0.032725 0.000000
vt 0.390000 -0.065450 0.000000
vt -0.000000 -0.065450 0.000000
vt 0.390000 -0.098175 0.000000
vt -0.000000 -0.098175 0.000000
vt 0.390000 -0.130900 0.000000
vt -0.000000 -0.130900 0.000000
vt 0.390000 -0.163625 0.000000
vt -0.000000 -0.163625 0.000000
vt 0.390000 -0.196350 0.000000
vt -0.000000 -0.196350 0.000000
vt 0.390000 -0.229074 0.000000
vt -0.000000 -0.229074 0.000000
vt 0.390000 -0.261799 0.000000
vt -0.000000 -0.261799 0.000000
vt 0.390000 -0.294524 0.000000
vt -0.000000 -0.294524 0.000000
vt 0.390000 -0.327249 0.000000
vt -0.000000 -0.327249 0.000000
vt 0.390000 -0.359974 0.000000
vt -0.000000 -0.359974 0.000000
vt 0.390000 -0.392699 0.000000
vt 0.000000 -0.392699 0.000000
vt 0.390000 0.392699 0.000000
vt 0.000000 0.392699 0.000000
vt 0.390000 0.359974 0.000000
vt -0.000000 0.359974 0.000000
vt 0.390000 0.327249 0.000000
vt -0.000000 0.327249 0.000000
vt 0.390000 0.294524 0.000000
vt -0.000000 0.294524 0.000000
vt 0.390000 0.261799 0.000000
vt -0.000000 0.261799 0.000000
vt 0.390000 0.229074 0.000000
vt -0.000000 0.229074 0.000000
vt 0.390000 0.196350 0.000000
vt -0.000000 0.196350 0.000000
vt 0.390000 0.163625 0.000000
vt -0.000000 0.163625 0.000000
vt 0.390000 0.130900 0.000000
vt -0.000000 0.130900 0.000000
vt 0.390000 0.098175 0.000000
vt -0.000000 0.098175 0.000000
vt 0.390000 0.065450 0.000000
vt -0.000000 0.065450 0.000000
vt 0.390000 0.032725 0.000000
vt -0.000000 0.032725 0.000000
vt 0.390000 0.000000 0.000000
vt -0.000000 -0.000000 0.000000
vt 0.390000 -0.032725 0.000000
vt -0.000000 -0.032725 0.000000
vt 0.390000 -0.065450 0.000000
vt -0.000000 -0.065450 0.000000
vt 0.390000 -0.098175 0.000000
vt -0.000000 -0.098175 0.000000
vt 0.390000 -0.130900 0.000000
vt -0.000000 -0.130900 0.000000
vt 0.390000 -0.163625 0.000000
vt -0.000000 -0.163625 0.000000
vt 0.390000 -0.196350 0.000000
vt -0.000000 -0.196350 0.000000
vt 0.390000 -0.229074 0.000000
vt -0.000000 -0.229074 0.000000
vt 0.390000 -0.261799 0.000000
vt -0.000000 -0.261799 0.000000
vt 0.390000 -0.294524 0.000000
vt -0.000000 -0.294524 0.000000
vt 0.390000 -0.327249 0.000000
vt -0.000000 -0.327249 0.000000
vt 0.390000 -0.359974 0.000000
vt -0.000000 -0.359974 0.000000
vt 0.390000 -0.392699 0.000000
vt 0.000000 -0.392699 0.000000
vt 0.390000 0.392699 0.000000
vt 0.000000 0.392699 0.000000
vt 0.390000 0.359974 0.000000
vt -0.000000 0.359974 0.000000
vt 0.390000 0.327249 0.000000
vt -0.000000 0.327249 0.000000
vt 0.390000 0.294524 0.000000
vt -0.000000 0.294524 0.000000
vt 0.390000 0.261799 0.000000
vt -0.000000 0.261799 0.000000
vt 0.390000 0.229074 0.000000
vt -0.000000 0.229074 0.000000
vt 0.390000 0.196350 0.000000
vt -0.000000 0.196350 0.000000
vt 0.390000 0.163625 0.000000
vt -0.000000 0.163625 0.000000
vt 0.390000 0.130900 0.000000
vt -0.000000 0.130900 0.000000
vt 0.390000 0.098175 0.000000
vt -0.000000 0.098175 0.000000
vt 0.390000 0.065450 0.000000
vt -0.000000 0.065450 0.000000
vt 0.390000 0.032725 0.000000
vt -0.000000 0.032725 0.000000
vt 0.390000 0.000000 0.000000
vt -0.000000 -0.000000 0.000000
vt 0.390000 -0.032725 0.000000
vt -0.000000 -0.032725 0.000000
vt 0.390000 -0.065450 0.000000
vt -0.000000 -0.065450 0.000000
vt 0.390000 -0.098175 0.000000
vt -0.000000 -0.098175 0.000000
vt 0.390000 -0.130900 0.000000
vt -0.000000 -0.130900 0.000000
vt 0.390000 -0.163625 0.000000
vt -0.000000 -0.163625 0.000000
vt 0.390000 -0.196350 0.000000
vt -0.000000 -0.196350 0.000000
vt 0.390000 -0.229074 0.000000
vt -0.000000 -0.229074 0.000000
vt 0.390000 -0.261799 0.000000
vt -0.000000 -0.261799 0.000000
vt 0.390000 -0.294524 0.000000
vt -0.000000 -0.294524 0.000000
vt 0.390000 -0.327249 0.000000
vt -0.000000 -0.327249 0.000000
vt 0.390000 -0.972540 0.000000
vt -0.000000 -0.972540 0.000000
vt 0.390000 -1.044580 0.000000
vt -0.000000 -1.044580 0.000000
vt 0.390000 1.044580 0.000000
vt -0.000000 1.044580 0.000000
vt 0.390000 0.972540 0.000000
vt -0.000000 0.972540 0.000000
vt 0.390000 0.900500 0.000000
vt -0.000000 0.900500 0.000000
vt 0.390000 0.828460 0.000000
vt -0.000000 0.828460 0.000000
vt 0.390000 0.756420 0.000000
vt -0.000000 0.756420 0.000000
vt 0.390000 0.684380 0.000000
vt -0.000000 0.684380 0.000000
vt 0.390000 0.612340 0.000000
vt -0.000000 0.612340 0.000000
vt 0.390000 0.540300 0.000000
vt -0.000000 0.540300 0.000000
vt 0.390000 0.468260 0.000000
vt -0.000000 0.468260 0.000000
vt 0.390000 0.396220 0.000000
vt -0.000000 0.396220 0.000000
vt 0.390000 0.324180 0.000000
vt -0.000000 0.324180 0.000000
vt 0.390000 0.252140 0.000000
vt -0.000000 0.252140 0.000000
vt 0.390000 0.180100 0.000000
vt -0.000000 0.180100 0.000000
vt 0.390000 0.108060 0.000000
vt -0.000000 0.108060 0.000000
vt 0.390000 0.036020 0.000000
vt -0.000000 0.036020 0.000000
vt 0.390000 -0.036020 0.000000
vt -0.000000 -0.036020 0.000000
vt 0.390000 -0.108060 0.000000
vt -0.000000 -0.108060 0.000000
vt 0.390000 -0.180100 0.000000
vt -0.000000 -0.180100 0.000000
vt 0.390000 -0.252140 0.000000
vt -0.000000 -0.252140 0.000000
vt 0.390000 -0.324180 0.000000
vt -0.000000 -0.324180 0.000000
vt 0.390000 -0.396220 0.000000
vt -0.000000 -0.396220 0.000000
vt 0.390000 -0.468260 0.000000
vt -0.000000 -0.468260 0.000000
vt 0.390000 -0.540300 0.000000
vt -0.000000 -0.540300 0.000000
vt 0.390000 -0.612340 0.000000
vt -0.000000 -0.612340 0.000000
vt 0.390000 -0.684380 0.000000
vt -0.000000 -0.684380 0.000000
vt 0.390000 -0.756420 0.000000
vt -0.000000 -0.756420 0.000000
vt 0.390000 -0.828460 0.000000
vt -0.000000 -0.828460 0.000000
vt 0.390000 -0.900500 0.000000
vt -0.000000 -0.900500 0.000000
vt -5.189430 -1.719354 0.000000
vt -4.799430 -1.719354 0.000000
vt -5.189430 -1.146236 0.000000
vt -4.799430 -1.146236 0.000000
vt -5.189430 -0.573118 0.000000
vt -4.799430 -0.573118 0.000000
vt -5.189430 0.000000 0.000000
vt -4.799430 0.000000 0.000000
vt 1.689431 -0.134872 0.000000
vt 2.079431 -0.134872 0.000000
vt 1.689431 -0.089914 0.000000
vt 2.079431 -0.089914 0.000000
vt 1.689431 -0.044957 0.000000
vt 2.079431 -0.044957 0.000000
vt 1.689431 -0.000000 0.000000
vt 2.079431 -0.000000 0.000000
vn -1.000000 -0.000000 -0.000000
vn -1.000000 -0.000000 -0.000000
vn -0.965926 -0.258819 -0.000000
vn -0.981491 -0.191511 -0.000000
vn -0.924330 -0.381593 -0.000000
vn -0.866025 -0.500000 -0.000000
vn -0.830567 -0.556918 -0.000000
vn -0.707472 -0.706742 -0.000000
vn -0.707848 -0.706365 -0.000000
vn -0.558649 -0.829404 -0.000000
vn -0.500000 -0.866025 -0.000000
vn -0.383220 -0.923657 -0.000000
vn -0.258819 -0.965926 -0.000000
vn -0.192568 -0.981284 -0.000000
vn 0.000000 -1.000000 -0.000000
vn 0.000000 -1.000000 -0.000000
vn -0.258819 -0.965926 -0.000000
vn -0.500000 -0.866025 -0.000000
vn -0.707107 -0.707107 -0.000000
vn -0.866025 -0.500000 -0.000000
vn -0.965926 -0.258819 -0.000000
vn 0.000000 -1.000000 -0.000000
vn 0.000000 -1.000000 -0.000000
vn 0.258819 -0.965926 0.000000
vn 0.192568 -0.981284 0.000000
vn 0.383220 -0.923657 0.000000
vn 0.500000 -0.866025 0.000000
vn 0.558649 -0.829404 0.000000
vn 0.707472 -0.706742 0.000000
vn 0.707848 -0.706365 0.000000
vn 0.830568 -0.556918 0.000000
vn 0.866025 -0.500000 0.000000
vn 0.924331 -0.381593 0.000000
vn 0.965926 -0.258819 0.000000
vn 0.981491 -0.191511 0.000000
vn 1.000000 0.000000 0.000000
vn 1.000000 0.000000 0.000000
vn 0.965926 -0.258819 0.000000
vn 0.866025 -0.500000 0.000000
vn 0.707107 -0.707107 0.000000
vn 0.500000 -0.866025 0.000000
vn 0.258819 -0.965926 0.000000
vn 1.000000 0.000000 0.000000
vn 1.000000 0.000000 0.000000
vn 1.000000 0.000000 0.000000
vn 1.000000 0.000000 0.000000
vn 1.000000 0.000000 0.000000
vn 1.000000 0.000000 0.000000
vn 1.000000 0.000000 0.000000
vn 1.000000 0.000000 0.000000
vn 1.000000 0.000000 0.000000
vn 1.000000 0.000000 0.000000
vn 1.000000 0.000000 0.000000
vn 1.000000 0.000000 0.000000
vn 1.000000 0.000000 0.000000
vn 1.000000 0.000000 0.000000
vn 1.000000 0.000000 0.000000
vn 1.000000 0.000000 0.000000
vn 1.000000 0.000000 0.000000
vn 1.000000 0.000000 0.000000
vn 1.000000 0.000000 0.000000
vn 1.000000 0.000000 0.000000
vn 1.000000 0.000000 0.000000
vn 1.000000 0.000000 0.000000
vn 1.000000 0.000000 0.000000
vn 1.000000 0.000000 0.000000
vn 1.000000 0.000000 0.000000
vn 1.000000 0.000000 0.000000
vn 1.000000 0.000000 0.000000
vn 1.000000 0.000000 0.000000
vn 1.000000 0.000000 0.000000
vn 1.000000 0.000000 0.000000
vn 1.000000 0.000000 0.000000
vn 1.000000 0.000000 0.000000
vn 1.000000 0.000000 0.000000
vn 1.000000 0.000000 0.000000
vn 1.000000 0.000000 0.000000
vn 1.000000 0.000000 0.000000
vn 1.000000 0.000000 0.000000
vn 1.000000 0.000000 0.000000
vn 1.000000 0.000000 0.000000
vn 1.000000 0.000000 0.000000
vn 1.000000 0.000000 0.000000
vn 1.000000 0.000000 0.000000
vn 1.000000 0.000000 0.000000
vn 1.000000 0.000000 0.000000
vn 1.000000 0.000000 0.000000
vn 1.000000 0.000000 0.000000
vn 1.000000 0.000000 0.000000
vn 1.000000 0.000000 0.000000
vn 1.000000 0.000000 0.000000
vn 1.000000 0.000000 0.000000
vn 1.000000 0.000000 0.000000
vn 1.000000 0.000000 0.000000
vn 1.000000 0.000000 0.000000
vn 1.000000 0.000000 0.000000
vn 1.000000 0.000000 0.000000
vn 1.000000 0.000000 0.000000
vn 1.000000 0.000000 0.000000
vn 1.000000 0.000000 0.000000
vn 1.000000 0.000000 0.000000
vn 1.000000 0.000000 0.000000
vn 1.000000 0.000000 0.000000
vn 1.000000 0.000000 0.000000
vn 1.000000 0.000000 0.000000
vn 1.000000 0.000000 0.000000
vn 1.000000 0.000000 0.000000
vn 1.000000 0.000000 0.000000
vn 1.000000 0.000000 0.000000
vn 1.000000 0.000000 0.000000
vn 1.000000 0.000000 0.000000
vn 1.000000 0.000000 0.000000
vn 1.000000 0.000000 0.000000
vn 1.000000 0.000000 0.000000
vn 1.000000 0.000000 0.000000
vn 1.000000 0.000000 0.000000
vn 1.000000 0.000000 0.000000
vn 1.000000 0.000000 0.000000
vn 1.000000 0.000000 0.000000
vn 1.000000 0.000000 0.000000
vn 1.000000 0.000000 0.000000
vn 1.000000 0.000000 0.000000
vn 1.000000 0.000000 0.000000
vn 1.000000 0.000000 0.000000
vn 1.000000 0.000000 0.000000
vn 1.000000 0.000000 0.000000
vn 1.000000 0.000000 0.000000
vn 1.000000 0.000000 0.000000
vn 1.000000 0.000000 0.000000
vn 1.000000 0.000000 0.000000
vn 1.000000 0.000000 0.000000
vn 1.000000 0.000000 0.000000
vn 1.000000 0.000000 0.000000
vn 1.000000 0.000000 0.000000
vn 1.000000 0.000000 0.000000
vn 1.000000 0.000000 0.000000
vn 1.000000 0.000000 0.000000
vn 1.000000 0.000000 0.000000
vn 1.000000 0.000000 0.000000
vn 1.000000 0.000000 0.000000
vn 1.000000 0.000000 0.000000
vn 1.000000 0.000000 0.000000
vn 1.000000 0.000000 0.000000
vn 1.000000 0.000000 0.000000
vn 1.000000 0.000000 0.000000
vn 1.000000 0.000000 0.000000
vn 1.000000 0.000000 0.000000
vn 1.000000 0.000000 0.000000
vn 1.000000 0.000000 0.000000
vn 1.000000 0.000000 0.000000
vn 1.000000 0.000000 0.000000
vn 1.000000 0.000000 0.000000
vn 1.000000 0.000000 0.000000
vn 1.000000 0.000000 0.000000
vn 1.000000 0.000000 0.000000
vn 1.000000 0.000000 0.000000
vn 1.000000 0.000000 0.000000
vn 1.000000 0.000000 0.000000
vn 1.000000 0.000000 0.000000
vn 1.000000 0.000000 0.000000
vn 1.000000 0.000000 0.000000
vn 1.000000 0.000000 0.000000
vn 1.000000 0.000000 0.000000
vn 1.000000 0.000000 0.000000
vn 1.000000 0.000000 0.000000
vn 1.000000 0.000000 0.000000
vn 1.000000 0.000000 0.000000
vn 1.000000 0.000000 0.000000
vn 1.000000 0.000000 0.000000
vn 1.000000 0.000000 0.000000
vn 1.000000 0.000000 0.000000
vn 1.000000 0.000000 0.000000
vn 1.000000 0.000000 0.000000
vn 1.000000 0.000000 0.000000
vn 1.000000 0.000000 0.000000
vn 1.000000 0.000000 0.000000
vn 1.000000 0.000000 0.000000
vn 1.000000 0.000000 0.000000
vn 1.000000 0.000000 0.000000
vn 1.000000 0.000000 0.000000
vn 1.000000 0.000000 0.000000
vn 1.000000 0.000000 0.000000
vn 1.000000 0.000000 0.000000
vn 1.000000 0.000000 0.000000
vn 1.000000 0.000000 0.000000
vn 1.000000 0.000000 0.000000
vn 1.000000 0.000000 0.000000
vn 1.000000 0.000000 0.000000
vn 1.000000 0.000000 0.000000
vn 1.000000 0.000000 0.000000
vn 1.000000 0.000000 0.000000
vn 1.000000 0.000000 0.000000
vn 1.000000 0.000000 0.000000
vn 1.000000 0.000000 0.000000
vn 1.000000 0.000000 0.000000
vn 1.000000 0.000000 0.000000
vn 1.000000 0.000000 0.000000
vn 1.000000 0.000000 0.000000
vn 1.000000 0.000000 0.000000
vn 1.000000 0.000000 0.000000
vn -0.000000 1.000000 0.000000
vn 0.000000 1.000000 0.000000
vn 0.222521 0.974928 0.000000
vn 0.222521 0.974928 0.000000
vn 0.433884 0.900969 0.000000
vn 0.433884 0.900969 0.000000
vn 0.623490 0.781831 0.000000
vn 0.623490 0.781831 0.000000
vn 0.781831 0.623490 0.000000
vn 0.781831 0.623490 0.000000
vn 0.900969 0.433884 0.000000
vn 0.900969 0.433884 0.000000
vn 0.974928 0.222521 0.000000
vn 0.974928 0.222521 0.000000
vn 1.000000 0.000000 0.000000
vn 1.000000 0.000000 0.000000
vn 0.974928 0.222521 0.000000
vn 0.900969 0.433884 0.000000
vn 0.781831 0.623490 0.000000
vn 0.623490 0.781831 0.000000
vn 0.433884 0.900969 0.000000
vn 0.222521 0.974928 0.000000
vn -0.000000 1.000000 0.000000
vn -0.000000 1.000000 0.000000
vn 0.000000 0.242171 -0.970234
vn 0.000000 0.242171 -0.970234
vn 0.000000 0.242171 -0.970234
vn 0.000000 0.242171 -0.970234
vn 0.000000 0.242171 -0.970234
vn 0.000000 0.242171 -0.970234
vn 0.000000 0.242171 -0.970234
vn 0.000000 0.242171 -0.970234
vn 0.000000 0.242171 -0.970234
vn 0.000000 0.242171 -0.970234
vn 0.000000 0.242171 -0.970234
vn 0.000000 0.242171 -0.970234
vn 0.000000 0.242171 -0.970234
vn 0.000000 0.242171 -0.970234
vn 0.000000 0.242171 -0.970234
vn 0.000000 0.242171 -0.970234
vn 0.000000 0.242171 -0.970234
vn 0.000000 0.242171 -0.970234
vn 0.000000 0.242171 -0.970234
vn 0.000000 0.242171 -0.970234
vn 0.000000 0.242171 -0.970234
vn 0.000000 0.242171 -0.970234
vn 0.000000 0.242171 -0.970234
vn 0.000000 0.242171 -0.970234
vn 0.000000 0.242171 -0.970234
vn 0.000000 0.242171 -0.970234
vn 0.000000 0.242171 -0.970234
vn 0.000000 0.242171 -0.970234
vn 0.000000 0.242171 -0.970234
vn 0.000000 0.242171 -0.970234
vn 0.000000 0.242171 -0.970234
vn 0.000000 0.242171 -0.970234
vn 0.000000 0.242171 -0.970234
vn 0.000000 0.242171 -0.970234
vn 0.000000 0.242171 -0.970234
vn 0.000000 0.242171 -0.970234
vn 0.000000 0.242171 -0.970234
vn 0.000000 0.242171 -0.970234
vn -0.000000 1.000000 0.000000
vn -0.000000 1.000000 0.000000
vn -0.222521 0.974928 0.000000
vn -0.222521 0.974928 0.000000
vn -0.433884 0.900969 0.000000
vn -0.433884 0.900969 0.000000
vn -0.623490 0.781831 0.000000
vn -0.623490 0.781831 0.000000
vn -0.781831 0.623490 0.000000
vn -0.781831 0.623490 0.000000
vn -0.900969 0.433884 0.000000
vn -0.900969 0.433884 0.000000
vn -0.974928 0.222521 0.000000
vn -0.974928 0.222521 0.000000
vn -1.000000 -0.000000 -0.000000
vn -1.000000 0.000000 -0.000000
vn -0.974928 0.222521 0.000000
vn -0.900969 0.433884 0.000000
vn -0.781831 0.623490 0.000000
vn -0.623490 0.781831 0.000000
vn -0.433884 0.900969 0.000000
vn -0.222521 0.974928 0.000000
vn -0.000000 1.000000 0.000000
vn -0.000000 1.000000 0.000000
vn -0.000000 -0.091057 0.995846
vn -0.000000 -0.051389 0.998679
vn -0.000000 -0.000000 1.000000
vn -0.000000 -0.033789 0.999429
vn -0.000000 -0.019340 0.999813
vn -0.000000 -0.181358 0.983417
vn -0.000000 -0.116891 0.993145
vn -0.000000 -0.094367 0.995537
vn -0.000000 -0.071998 0.997405
vn -0.000000 -0.200481 0.979698
vn -0.000000 -0.270152 0.962818
vn -0.000000 -0.282633 0.959228
vn -0.000000 -0.356701 0.934219
vn -0.000000 -0.362760 0.931883
vn -0.000000 -0.440286 0.897857
vn -0.000000 -0.440286 0.897857
vn -0.000000 -0.008225 0.999966
vn -0.000000 -0.001477 0.999999
vn -0.000000 -0.000000 1.000000
vn -0.000000 0.000756 1.000000
vn -0.000000 0.000252 1.000000
vn -0.000000 0.000504 1.000000
vn -0.000000 0.000756 1.000000
vn -0.000000 -0.000000 1.000000
vn -0.000000 -0.000000 1.000000
vn -0.000000 -0.000000 1.000000
vn -0.000000 -0.000000 1.000000
vn -0.000000 -0.000000 1.000000
vn -0.000000 -0.000000 1.000000
vn -0.000000 -0.000000 1.000000
vn -0.000000 -0.000000 1.000000
vn -0.000000 -0.000000 1.000000
vn -0.000000 -0.000000 1.000000
vn -0.000000 -0.000000 1.000000
vn -0.000000 -0.000000 1.000000
vn -0.000000 -0.000000 1.000000
vn -0.000000 -0.000000 1.000000
vn -0.000000 -0.000000 1.000000
vn -0.000000 -0.000000 1.000000
vn -0.000000 -0.000000 1.000000
vn -0.000000 -0.000000 1.000000
vn -0.000000 -0.000000 1.000000
vn -0.000000 -0.000000 1.000000
vn -0.000000 -0.000000 1.000000
vn -0.000000 -0.000000 1.000000
vn -0.000000 -0.000000 1.000000
vn -0.000000 -0.000000 1.000000
vn -0.000000 -0.000000 1.000000
vn -0.000000 -0.000000 1.000000
vn -0.000000 -0.000000 1.000000
vn -0.000000 -0.000000 1.000000
vn -0.000000 -0.000000 1.000000
vn -0.000000 -0.000000 1.000000
vn 0.000000 0.000000 -1.000000
vn 0.000000 0.000000 -1.000000
vn 0.000000 -0.078459 -0.996917
vn 0.000000 -0.078459 -0.996917
vn 0.000000 -0.156434 -0.987688
vn 0.000000 -0.156434 -0.987688
vn 0.000000 -0.233445 -0.972370
vn 0.000000 -0.233445 -0.972370
vn 0.000000 -0.309017 -0.951057
vn 0.000000 -0.309017 -0.951057
vn 0.000000 -0.382683 -0.923880
vn 0.000000 -0.382683 -0.923880
vn 0.000000 -0.453990 -0.891007
vn 0.000000 -0.453990 -0.891007
vn 0.000000 -0.522499 -0.852640
vn 0.000000 -0.522499 -0.852640
vn 0.000000 -0.587785 -0.809017
vn 0.000000 -0.587785 -0.809017
vn 0.000000 -0.649448 -0.760406
vn 0.000000 -0.649448 -0.760406
vn 0.000000 -0.707107 -0.707107
vn 0.000000 -0.707107 -0.707107
vn 0.000000 -0.707107 -0.707107
vn 0.000000 -0.707107 -0.707107
vn 0.000000 0.000000 -1.000000
vn 0.000000 0.000000 -1.000000
vn 0.000000 -0.078459 -0.996917
vn 0.000000 -0.078459 -0.996917
vn 0.000000 -0.156434 -0.987688
vn 0.000000 -0.156434 -0.987688
vn 0.000000 -0.233445 -0.972370
vn 0.000000 -0.233445 -0.972370
vn 0.000000 -0.309017 -0.951057
vn 0.000000 -0.309017 -0.951057
vn 0.000000 -0.382683 -0.923880
vn 0.000000 -0.382683 -0.923880
vn 0.000000 -0.453990 -0.891007
vn 0.000000 -0.453990 -0.891007
vn 0.000000 -0.522499 -0.852640
vn 0.000000 -0.522499 -0.852640
vn 0.000000 -0.587785 -0.809017
vn 0.000000 -0.587785 -0.809017
vn 0.000000 -0.649448 -0.760406
vn 0.000000 -0.649448 -0.760406
vn 0.000000 -0.707107 -0.707107
vn 0.000000 -0.707107 -0.707107
vn 0.000000 -0.707107 -0.707107
vn 0.000000 -0.707107 -0.707107
vn -0.000000 -0.000000 1.000000
vn -0.000000 -0.000000 1.000000
vn -0.000000 0.071439 0.997445
vn -0.000000 0.071439 0.997445
vn -0.000000 0.142513 0.989793
vn -0.000000 0.142513 0.989793
vn -0.000000 0.212859 0.977083
vn -0.000000 0.212859 0.977083
vn -0.000000 0.282117 0.959380
vn -0.000000 0.282117 0.959380
vn -0.000000 0.349934 0.936774
vn -0.000000 0.349934 0.936774
vn -0.000000 0.415962 0.909382
vn -0.000000 0.415962 0.909382
vn -0.000000 0.479865 0.877342
vn -0.000000 0.479865 0.877342
vn -0.000000 0.541316 0.840819
vn -0.000000 0.541316 0.840819
vn -0.000000 0.600000 0.800000
vn -0.000000 0.600000 0.800000
vn -0.000000 -0.000000 1.000000
vn -0.000000 -0.000000 1.000000
vn -0.000000 0.071439 0.997445
vn -0.000000 0.071439 0.997445
vn -0.000000 0.142513 0.989793
vn -0.000000 0.142513 0.989793
vn -0.000000 0.212859 0.977083
vn -0.000000 0.212859 0.977083
vn -0.000000 0.282117 0.959380
vn -0.000000 0.282117 0.959380
vn -0.000000 0.349934 0.936774
vn -0.000000 0.349934 0.936774
vn -0.000000 0.415962 0.909382
vn -0.000000 0.415962 0.909382
vn -0.000000 0.479865 0.877342
vn -0.000000 0.479865 0.877342
vn -0.000000 0.541316 0.840819
vn -0.000000 0.541316 0.840819
vn -0.000000 0.600000 0.800000
vn -0.000000 0.600000 0.800000
vn -0.000000 1.000000 0.000000
vn -0.000000 1.000000 0.000000
vn -0.000000 1.000000 0.000000
vn -0.000000 1.000000 0.000000
vn -0.000000 -0.440286 0.897857
vn -0.000000 -0.440286 0.897857
vn -0.000000 -0.362760 0.931883
vn -0.000000 -0.356701 0.934219
vn -0.000000 -0.282633 0.959228
vn -0.000000 -0.270152 0.962818
vn -0.000000 -0.200481 0.979698
vn -0.000000 -0.181358 0.983417
vn -0.000000 -0.116891 0.993145
vn -0.000000 -0.091057 0.995846
vn -0.000000 -0.094367 0.995537
vn -0.000000 -0.071998 0.997405
vn -0.000000 -0.051389 0.998679
vn -0.000000 -0.033789 0.999429
vn -0.000000 -0.019340 0.999813
vn -0.000000 -0.008225 0.999966
vn -0.000000 -0.001477 0.999999
vn -0.000000 0.000252 1.000000
vn -0.000000 0.000504 1.000000
vn -0.000000 0.000756 1.000000
vn -0.000000 0.000756 1.000000
vn 0.000000 -1.000000 -0.000000
vn 0.000000 -1.000000 0.000000
vn -0.000000 -0.997383 0.072303
vn -0.000000 -0.993304 0.115528
vn -0.000000 -0.989544 0.144228
vn -0.000000 -0.973307 0.229508
vn -0.000000 -0.976526 0.215398
vn -0.000000 -0.958397 0.285440
vn -0.000000 -0.940275 0.340416
vn -0.000000 -0.935250 0.353988
vn -0.000000 -0.907208 0.420683
vn -0.000000 -0.894652 0.446764
vn -0.000000 -0.874416 0.485176
vn -0.000000 -0.837048 0.547130
vn -0.000000 -0.837048 0.547130
vn -0.000000 -0.795298 0.606219
vn -0.000000 -0.768235 0.640168
vn -0.000000 -0.749385 0.662135
vn -0.000000 -0.689133 0.724634
vn -0.000000 -0.699549 0.714585
vn -0.000000 -0.646051 0.763294
vn -0.000000 -0.600804 0.799397
vn -0.000000 -0.589171 0.808008
vn -0.000000 -0.529208 0.848492
vn -0.000000 -0.504429 0.863453
vn -0.000000 -0.466474 0.884535
vn -0.000000 -0.401298 0.915947
vn -0.000000 -0.401298 0.915947
vn -0.000000 -0.401298 0.915947
vn -0.000000 -0.304773 0.952425
vn -0.000000 -0.304773 0.952425
vn -0.000000 -0.205003 0.978761
vn -0.000000 -0.205003 0.978761
vn -0.000000 -0.103050 0.994676
vn -0.000000 -0.103050 0.994676
vn -0.000000 -0.000000 1.000000
vn -0.000000 -0.000000 1.000000
vn 0.000000 -1.000000 0.000000
vn 0.000000 -1.000000 0.000000
vn -0.000000 -0.993304 0.115528
vn -0.000000 -0.993304 0.115528
vn -0.000000 -0.973307 0.229508
vn -0.000000 -0.973307 0.229508
vn -0.000000 -0.940275 0.340416
vn -0.000000 -0.940275 0.340416
vn -0.000000 -0.894652 0.446764
vn -0.000000 -0.894652 0.446764
vn -0.000000 -0.837048 0.547130
vn -0.000000 -0.837048 0.547130
vn -0.000000 -0.768235 0.640168
vn -0.000000 -0.768235 0.640168
vn -0.000000 -0.689133 0.724634
vn -0.000000 -0.689133 0.724634
vn -0.000000 -0.600804 0.799397
vn -0.000000 -0.600804 0.799397
vn -0.000000 -0.504429 0.863453
vn -0.000000 -0.504429 0.863453
vn -0.000000 -0.401298 0.915947
vn -0.000000 -0.401298 0.915947
vn 1.000000 0.000000 0.000000
vn 1.000000 0.000000 0.000000
vn 1.000000 0.000000 0.000000
vn 1.000000 0.000000 0.000000
vn 1.000000 0.000000 0.000000
vn 1.000000 0.000000 0.000000
vn 1.000000 0.000000 0.000000
vn 1.000000 0.000000 0.000000
vn 1.000000 0.000000 0.000000
vn 1.000000 0.000000 0.000000
vn 1.000000 0.000000 0.000000
vn 1.000000 0.000000 0.000000
vn 1.000000 0.000000 0.000000
vn 1.000000 0.000000 0.000000
vn 1.000000 0.000000 0.000000
vn 1.000000 0.000000 0.000000
vn 1.000000 0.000000 0.000000
vn 1.000000 0.000000 0.000000
vn 1.000000 0.000000 0.000000
vn 1.000000 0.000000 0.000000
vn 1.000000 0.000000 0.000000
vn 1.000000 0.000000 0.000000
vn 1.000000 0.000000 0.000000
vn 1.000000 0.000000 0.000000
vn 1.000000 0.000000 0.000000
vn 1.000000 0.000000 0.000000
vn 1.000000 0.000000 0.000000
vn 1.000000 0.000000 0.000000
vn 1.000000 0.000000 0.000000
vn 1.000000 0.000000 0.000000
vn 1.000000 0.000000 0.000000
vn 1.000000 0.000000 0.000000
vn 1.000000 0.000000 0.000000
vn 1.000000 0.000000 0.000000
vn 1.000000 0.000000 0.000000
vn 1.000000 0.000000 0.000000
vn 1.000000 0.000000 0.000000
vn 1.000000 0.000000 0.000000
vn 1.000000 0.000000 0.000000
vn 1.000000 0.000000 0.000000
vn 1.000000 0.000000 0.000000
vn 1.000000 0.000000 0.000000
vn 1.000000 0.000000 0.000000
vn 1.000000 0.000000 0.000000
vn 1.000000 0.000000 0.000000
vn 1.000000 0.000000 0.000000
vn 1.000000 0.000000 0.000000
vn 1.000000 0.000000 0.000000
vn 1.000000 0.000000 0.000000
vn 1.000000 0.000000 0.000000
vn 1.000000 0.000000 0.000000
vn 1.000000 0.000000 0.000000
vn 1.000000 0.000000 0.000000
vn 1.000000 0.000000 0.000000
vn 1.000000 0.000000 0.000000
vn 1.000000 0.000000 0.000000
vn 1.000000 0.000000 0.000000
vn 1.000000 0.000000 0.000000
vn 1.000000 0.000000 0.000000
vn 1.000000 0.000000 0.000000
vn 1.000000 0.000000 0.000000
vn 1.000000 0.000000 0.000000
vn 1.000000 0.000000 0.000000
vn 1.000000 0.000000 0.000000
vn 1.000000 0.000000 0.000000
vn 1.000000 0.000000 0.000000
vn 1.000000 0.000000 0.000000
vn 1.000000 0.000000 0.000000
vn 1.000000 0.000000 0.000000
vn 1.000000 0.000000 0.000000
vn 1.000000 0.000000 0.000000
vn 1.000000 0.000000 0.000000
vn 1.000000 0.000000 0.000000
vn 1.000000 0.000000 0.000000
vn 1.000000 0.000000 0.000000
vn 1.000000 0.000000 0.000000
vn 1.000000 0.000000 0.000000
vn 1.000000 0.000000 0.000000
vn 1.000000 0.000000 0.000000
vn 1.000000 0.000000 0.000000
vn 1.000000 0.000000 0.000000
vn 1.000000 0.000000 0.000000
vn 1.000000 0.000000 0.000000
vn 1.000000 0.000000 0.000000
vn 1.000000 0.000000 0.000000
vn 1.000000 0.000000 0.000000
vn 1.000000 0.000000 0.000000
vn 1.000000 0.000000 0.000000
vn 1.000000 0.000000 0.000000
vn 1.000000 0.000000 0.000000
vn 1.000000 0.000000 0.000000
vn 1.000000 0.000000 0.000000
vn 1.000000 0.000000 0.000000
vn 1.000000 0.000000 0.000000
vn 1.000000 0.000000 0.000000
vn 1.000000 0.000000 0.000000
vn 1.000000 0.000000 0.000000
vn 1.000000 0.000000 0.000000
vn 1.000000 0.000000 0.000000
vn 1.000000 0.000000 0.000000
vn 1.000000 0.000000 0.000000
vn 1.000000 0.000000 0.000000
vn 1.000000 0.000000 0.000000
vn 1.000000 0.000000 0.000000
vn 1.000000 0.000000 0.000000
vn 1.000000 0.000000 0.000000
vn 1.000000 0.000000 0.000000
vn 1.000000 0.000000 0.000000
vn 1.000000 0.000000 0.000000
vn 1.000000 0.000000 0.000000
vn 1.000000 0.000000 0.000000
vn 1.000000 0.000000 0.000000
vn 1.000000 0.000000 0.000000
vn 1.000000 0.000000 0.000000
vn 1.000000 0.000000 0.000000
vn 1.000000 0.000000 0.000000
vn 1.000000 0.000000 0.000000
vn 1.000000 0.000000 0.000000
vn 1.000000 0.000000 0.000000
vn 1.000000 0.000000 0.000000
vn 1.000000 0.000000 0.000000
vn 1.000000 0.000000 0.000000
vn 1.000000 0.000000 0.000000
vn 1.000000 0.000000 0.000000
vn 1.000000 0.000000 0.000000
vn 1.000000 0.000000 0.000000
vn 1.000000 0.000000 0.000000
vn 1.000000 0.000000 0.000000
vn 1.000000 0.000000 0.000000
vn 1.000000 0.000000 0.000000
vn 1.000000 0.000000 0.000000
vn 1.000000 0.000000 0.000000
vn 1.000000 0.000000 0.000000
vn 1.000000 0.000000 0.000000
vn 1.000000 0.000000 0.000000
vn 1.000000 0.000000 0.000000
vn 1.000000 0.000000 0.000000
vn 1.000000 0.000000 0.000000
vn 1.000000 0.000000 0.000000
vn 1.000000 0.000000 0.000000
vn 1.000000 0.000000 0.000000
vn 1.000000 0.000000 0.000000
vn 1.000000 0.000000 0.000000
vn 1.000000 0.000000 0.000000
vn 1.000000 0.000000 0.000000
vn 1.000000 0.000000 0.000000
vn 1.000000 0.000000 0.000000
vn 1.000000 0.000000 0.000000
vn 1.000000 0.000000 0.000000
vn 1.000000 0.000000 0.000000
vn 1.000000 0.000000 0.000000
vn 1.000000 0.000000 0.000000
vn 1.000000 0.000000 0.000000
vn 1.000000 0.000000 0.000000
vn 1.000000 0.000000 0.000000
vn 1.000000 0.000000 0.000000
vn 1.000000 0.000000 0.000000
vn 1.000000 0.000000 0.000000
vn 1.000000 0.000000 0.000000
vn 1.000000 0.000000 0.000000
vn 0.000000 0.241837 -0.970317
vn 0.000000 0.172084 -0.985082
vn 0.000000 0.241837 -0.970317
vn 0.000000 0.172084 -0.985082
vn 0.000000 0.101457 -0.994840
vn 0.000000 0.101457 -0.994840
vn 0.000000 0.030313 -0.999540
vn 0.000000 0.030313 -0.999540
vn 0.000000 -0.040984 -0.999160
vn 0.000000 -0.040984 -0.999160
vn 0.000000 -0.054991 -0.998487
vn 0.000000 -0.054991 -0.998487
vn -1.000000 -0.000000 0.000000
vn -1.000000 -0.000000 0.000000
vn -1.000000 -0.000000 0.000000
vn -1.000000 -0.000000 0.000000
vn -1.000000 -0.000000 0.000000
vn -1.000000 -0.000000 0.000000
vn -1.000000 -0.000000 0.000000
vn -1.000000 -0.000000 0.000000
vn -1.000000 -0.000000 0.000000
vn -1.000000 -0.000000 0.000000
vn -1.000000 -0.000000 0.000000
vn -1.000000 -0.000000 0.000000
vn -1.000000 -0.000000 0.000000
vn -0.000000 -0.414380 0.910104
vn -0.000000 -0.404533 0.914523
vn -0.000000 -0.403456 0.914999
vn -0.000000 -0.402377 0.915474
vn -0.000000 -0.427377 0.904073
vn -0.000000 -0.416524 0.909125
vn -0.000000 -0.404533 0.914523
vn -0.000000 -0.428442 0.903569
vn 0.000000 -0.239593 -0.970873
vn 0.000000 -0.171197 -0.985237
vn 0.000000 -0.239593 -0.970873
vn 0.000000 -0.120019 -0.992772
vn 0.000000 -0.101965 -0.994788
vn 0.000000 -0.032235 -0.999480
vn 0.000000 0.001328 -0.999999
vn 0.000000 0.037653 -0.999291
vn 0.000000 0.054991 -0.998487
vn 0.000000 0.054991 -0.998487
vn 0.000000 0.117938 -0.993021
vn 0.000000 0.122656 -0.992449
vn 0.000000 0.180414 -0.983591
vn 0.000000 -0.239593 -0.970873
vn 0.000000 -0.239593 -0.970873
vn 0.000000 -0.120019 -0.992772
vn 0.000000 -0.120019 -0.992772
vn 0.000000 0.001328 -0.999999
vn 0.000000 0.001328 -0.999999
vn 0.000000 0.122656 -0.992449
vn 0.000000 0.122656 -0.992449
vn 0.000000 -0.393700 -0.919239
vn 0.000000 -0.393700 -0.919239
vn 0.000000 -0.392667 -0.919681
vn 0.000000 -0.392667 -0.919681
vn 0.000000 -0.391633 -0.920121
vn 0.000000 -0.391633 -0.920121
vn 0.000000 -0.390599 -0.920561
vn 0.000000 -0.390599 -0.920561
vn -1.000000 -0.000000 0.000000
vn -1.000000 -0.000000 0.000000
vn -1.000000 -0.000000 0.000000
vn -1.000000 -0.000000 0.000000
vn -1.000000 -0.000000 0.000000
vn -1.000000 -0.000000 0.000000
vn -1.000000 -0.000000 0.000000
vn -1.000000 -0.000000 0.000000
vn -1.000000 -0.000000 0.000000
vn -1.000000 -0.000000 0.000000
vn -1.000000 -0.000000 0.000000
vn -1.000000 -0.000000 0.000000
vn -1.000000 -0.000000 0.000000
vn 0.000000 -0.000000 -1.000000
vn 0.000000 -0.000000 -1.000000
vn 0.000000 -0.000000 -1.000000
vn 0.000000 -0.000000 -1.000000
vn -1.000000 -0.000000 -0.000000
vn -1.000000 -0.000000 -0.000000
vn -1.000000 -0.000000 -0.000000
vn -1.000000 -0.000000 -0.000000
vn -1.000000 -0.000000 -0.000000
vn -1.000000 -0.000000 -0.000000
vn -1.000000 -0.000000 -0.000000
vn -1.000000 -0.000000 -0.000000
vn -1.000000 -0.000000 -0.000000
vn -1.000000 -0.000000 -0.000000
vn -1.000000 -0.000000 -0.000000
vn -1.000000 -0.000000 -0.000000
vn -1.000000 -0.000000 -0.000000
vn -1.000000 -0.000000 -0.000000
vn -1.000000 -0.000000 -0.000000
vn -1.000000 -0.000000 -0.000000
vn -1.000000 -0.000000 -0.000000
vn -1.000000 -0.000000 -0.000000
vn -1.000000 -0.000000 -0.000000
vn -1.000000 -0.000000 -0.000000
vn -1.000000 -0.000000 -0.000000
vn -1.000000 -0.000000 -0.000000
vn -1.000000 -0.000000 -0.000000
vn -1.000000 -0.000000 -0.000000
vn -1.000000 -0.000000 -0.000000
vn -1.000000 -0.000000 -0.000000
vn -1.000000 -0.000000 -0.000000
vn -1.000000 -0.000000 -0.000000
vn -1.000000 -0.000000 -0.000000
vn -1.000000 -0.000000 -0.000000
vn -1.000000 -0.000000 -0.000000
vn -1.000000 -0.000000 -0.000000
vn -1.000000 -0.000000 -0.000000
vn -1.000000 -0.000000 -0.000000
vn -1.000000 -0.000000 -0.000000
vn -1.000000 -0.000000 -0.000000
vn -1.000000 -0.000000 -0.000000
vn -1.000000 -0.000000 -0.000000
vn -1.000000 -0.000000 -0.000000
vn -1.000000 -0.000000 -0.000000
vn -1.000000 -0.000000 -0.000000
vn -1.000000 -0.000000 -0.000000
vn -1.000000 -0.000000 -0.000000
vn -1.000000 -0.000000 -0.000000
vn -1.000000 -0.000000 -0.000000
vn -1.000000 -0.000000 -0.000000
vn -1.000000 -0.000000 -0.000000
vn -1.000000 -0.000000 -0.000000
vn -1.000000 -0.000000 -0.000000
vn -1.000000 -0.000000 -0.000000
vn -1.000000 -0.000000 -0.000000
vn -1.000000 -0.000000 -0.000000
vn -1.000000 -0.000000 -0.000000
vn -1.000000 -0.000000 -0.000000
vn -1.000000 -0.000000 -0.000000
vn -1.000000 -0.000000 -0.000000
vn -1.000000 -0.000000 -0.000000
vn -1.000000 -0.000000 -0.000000
vn -1.000000 -0.000000 -0.000000
vn -1.000000 -0.000000 -0.000000
vn -1.000000 -0.000000 -0.000000
vn -1.000000 -0.000000 -0.000000
vn -1.000000 -0.000000 -0.000000
vn -1.000000 -0.000000 -0.000000
vn -1.000000 -0.000000 -0.000000
vn -1.000000 -0.000000 -0.000000
vn -1.000000 -0.000000 -0.000000
vn -1.000000 -0.000000 -0.000000
vn -1.000000 -0.000000 -0.000000
vn -1.000000 -0.000000 -0.000000
vn -1.000000 -0.000000 -0.000000
vn -1.000000 -0.000000 -0.000000
vn -1.000000 -0.000000 -0.000000
vn -1.000000 -0.000000 -0.000000
vn -1.000000 -0.000000 -0.000000
vn -1.000000 -0.000000 -0.000000
vn -1.000000 -0.000000 -0.000000
vn -1.000000 -0.000000 -0.000000
vn -1.000000 -0.000000 -0.000000
vn -1.000000 -0.000000 -0.000000
vn -1.000000 -0.000000 -0.000000
vn -1.000000 -0.000000 -0.000000
vn -1.000000 -0.000000 -0.000000
vn -1.000000 -0.000000 -0.000000
vn -1.000000 -0.000000 -0.000000
vn -1.000000 -0.000000 -0.000000
vn -1.000000 -0.000000 -0.000000
vn -1.000000 -0.000000 -0.000000
vn -1.000000 -0.000000 -0.000000
vn -1.000000 -0.000000 -0.000000
vn -1.000000 -0.000000 -0.000000
vn -1.000000 -0.000000 -0.000000
vn -1.000000 -0.000000 -0.000000
vn -1.000000 -0.000000 -0.000000
vn -1.000000 -0.000000 -0.000000
vn -1.000000 -0.000000 -0.000000
vn -1.000000 -0.000000 -0.000000
vn -1.000000 -0.000000 -0.000000
vn -1.000000 -0.000000 -0.000000
vn -1.000000 -0.000000 -0.000000
vn -1.000000 -0.000000 -0.000000
vn -1.000000 -0.000000 -0.000000
vn -1.000000 -0.000000 -0.000000
vn -1.000000 -0.000000 -0.000000
vn -1.000000 -0.000000 -0.000000
vn -1.000000 -0.000000 -0.000000
vn -1.000000 -0.000000 -0.000000
vn -1.000000 -0.000000 -0.000000
vn -1.000000 -0.000000 -0.000000
vn -1.000000 -0.000000 -0.000000
vn -1.000000 -0.000000 -0.000000
vn -1.000000 -0.000000 -0.000000
vn -1.000000 -0.000000 -0.000000
vn -1.000000 -0.000000 -0.000000
vn -1.000000 -0.000000 -0.000000
vn -1.000000 -0.000000 -0.000000
vn -1.000000 -0.000000 -0.000000
vn -1.000000 -0.000000 -0.000000
vn -1.000000 -0.000000 -0.000000
vn -1.000000 -0.000000 -0.000000
vn -1.000000 -0.000000 -0.000000
vn -1.000000 -0.000000 -0.000000
vn -1.000000 -0.000000 -0.000000
vn -1.000000 -0.000000 -0.000000
vn -1.000000 -0.000000 -0.000000
vn -1.000000 -0.000000 -0.000000
vn -1.000000 -0.000000 -0.000000
vn -1.000000 -0.000000 -0.000000
vn -1.000000 -0.000000 -0.000000
vn -1.000000 -0.000000 -0.000000
vn -1.000000 -0.000000 -0.000000
vn -1.000000 -0.000000 -0.000000
vn -1.000000 -0.000000 -0.000000
vn -1.000000 -0.000000 -0.000000
vn -1.000000 -0.000000 -0.000000
vn -1.000000 -0.000000 -0.000000
vn -1.000000 -0.000000 -0.000000
vn -1.000000 -0.000000 -0.000000
vn -1.000000 -0.000000 -0.000000
vn -1.000000 -0.000000 -0.000000
vn -1.000000 -0.000000 -0.000000
vn -1.000000 -0.000000 -0.000000
vn -1.000000 -0.000000 -0.000000
vn -1.000000 -0.000000 -0.000000
vn -1.000000 -0.000000 -0.000000
vn -1.000000 -0.000000 -0.000000
vn -1.000000 -0.000000 -0.000000
vn -1.000000 -0.000000 -0.000000
vn -1.000000 -0.000000 -0.000000
vn -1.000000 -0.000000 -0.000000
vn -1.000000 -0.000000 -0.000000
vn -1.000000 -0.000000 -0.000000
vn -1.000000 -0.000000 -0.000000
vn -1.000000 -0.000000 -0.000000
vn -1.000000 -0.000000 -0.000000
vn -1.000000 -0.000000 -0.000000
vn -1.000000 -0.000000 -0.000000
vn -1.000000 -0.000000 -0.000000
vn -1.000000 -0.000000 -0.000000
vn -1.000000 -0.000000 -0.000000
vn -1.000000 -0.000000 -0.000000
vn -1.000000 -0.000000 -0.000000
vn -1.000000 -0.000000 -0.000000
vn -1.000000 -0.000000 -0.000000
vn -1.000000 -0.000000 -0.000000
vn -1.000000 -0.000000 -0.000000
vn -1.000000 -0.000000 -0.000000
vn -1.000000 -0.000000 -0.000000
vn -1.000000 -0.000000 -0.000000
vn -1.000000 -0.000000 -0.000000
vn -1.000000 -0.000000 -0.000000
vn -1.000000 -0.000000 -0.000000
vn -1.000000 -0.000000 -0.000000
vn -1.000000 -0.000000 -0.000000
vn -1.000000 -0.000000 -0.000000
vn -1.000000 -0.000000 -0.000000
vn -1.000000 -0.000000 -0.000000
vn -1.000000 -0.000000 -0.000000
vn -1.000000 -0.000000 -0.000000
vn -1.000000 -0.000000 -0.000000
vn -1.000000 -0.000000 -0.000000
vn -1.000000 -0.000000 -0.000000
vn -1.000000 -0.000000 -0.000000
vn -1.000000 -0.000000 -0.000000
vn -1.000000 -0.000000 -0.000000
vn -1.000000 -0.000000 -0.000000
vn -1.000000 -0.000000 -0.000000
vn -1.000000 -0.000000 -0.000000
vn -1.000000 -0.000000 -0.000000
vn -1.000000 -0.000000 -0.000000
vn -1.000000 -0.000000 -0.000000
vn -1.000000 -0.000000 -0.000000
vn -1.000000 -0.000000 -0.000000
vn -1.000000 -0.000000 -0.000000
vn -1.000000 -0.000000 -0.000000
vn -1.000000 -0.000000 -0.000000
vn -1.000000 -0.000000 -0.000000
vn -1.000000 -0.000000 -0.000000
vn -1.000000 -0.000000 -0.000000
vn -1.000000 -0.000000 -0.000000
vn -1.000000 -0.000000 -0.000000
vn -1.000000 -0.000000 -0.000000
vn -1.000000 -0.000000 -0.000000
vn -1.000000 -0.000000 -0.000000
vn -1.000000 -0.000000 -0.000000
vn -1.000000 -0.000000 -0.000000
vn -1.000000 -0.000000 -0.000000
vn -1.000000 -0.000000 -0.000000
vn -1.000000 -0.000000 -0.000000
vn -1.000000 -0.000000 -0.000000
vn -1.000000 -0.000000 -0.000000
vn -1.000000 -0.000000 -0.000000
vn -1.000000 -0.000000 -0.000000
vn -1.000000 -0.000000 -0.000000
vn -1.000000 -0.000000 -0.000000
vn -1.000000 -0.000000 -0.000000
vn -1.000000 -0.000000 -0.000000
vn -1.000000 -0.000000 -0.000000
vn -1.000000 -0.000000 -0.000000
vn -1.000000 -0.000000 -0.000000
vn -1.000000 -0.000000 -0.000000
vn -1.000000 -0.000000 -0.000000
vn -1.000000 -0.000000 -0.000000
vn -1.000000 -0.000000 -0.000000
vn -1.000000 -0.000000 -0.000000
vn -1.000000 -0.000000 -0.000000
vn -1.000000 -0.000000 -0.000000
vn -1.000000 -0.000000 -0.000000
vn -1.000000 -0.000000 -0.000000
vn -1.000000 -0.000000 -0.000000
vn -1.000000 -0.000000 -0.000000
vn -1.000000 -0.000000 -0.000000
vn -1.000000 -0.000000 -0.000000
vn -1.000000 -0.000000 -0.000000
vn -1.000000 -0.000000 -0.000000
vn -1.000000 -0.000000 -0.000000
vn -1.000000 -0.000000 -0.000000
vn -1.000000 -0.000000 -0.000000
vn -1.000000 -0.000000 -0.000000
vn -1.000000 -0.000000 -0.000000
vn -1.000000 -0.000000 -0.000000
vn -1.000000 -0.000000 -0.000000
vn -1.000000 -0.000000 -0.000000
vn -1.000000 -0.000000 -0.000000
vn -1.000000 -0.000000 -0.000000
vn -1.000000 -0.000000 -0.000000
vn -1.000000 -0.000000 -0.000000
vn -1.000000 -0.000000 -0.000000
vn -1.000000 -0.000000 -0.000000
vn -1.000000 -0.000000 -0.000000
vn -1.000000 -0.000000 -0.000000
vn -1.000000 -0.000000 -0.000000
vn -1.000000 -0.000000 -0.000000
vn -1.000000 -0.000000 -0.000000
vn -1.000000 -0.000000 -0.000000
vn -1.000000 -0.000000 -0.000000
vn -1.000000 -0.000000 -0.000000
vn -1.000000 -0.000000 -0.000000
vn -1.000000 -0.000000 -0.000000
vn -1.000000 -0.000000 -0.000000
vn -1.000000 -0.000000 -0.000000
vn -1.000000 -0.000000 -0.000000
vn -1.000000 -0.000000 -0.000000
vn -1.000000 -0.000000 -0.000000
vn -1.000000 -0.000000 -0.000000
vn -1.000000 -0.000000 -0.000000
vn -1.000000 -0.000000 -0.000000
vn -1.000000 -0.000000 -0.000000
vn -1.000000 -0.000000 -0.000000
vn -1.000000 -0.000000 -0.000000
vn -1.000000 -0.000000 -0.000000
vn -1.000000 -0.000000 -0.000000
vn -1.000000 -0.000000 -0.000000
vn -1.000000 -0.000000 -0.000000
vn -1.000000 -0.000000 -0.000000
vn -1.000000 -0.000000 -0.000000
vn -1.000000 -0.000000 -0.000000
vn -1.000000 -0.000000 -0.000000
vn -1.000000 -0.000000 -0.000000
vn -1.000000 -0.000000 -0.000000
vn -1.000000 -0.000000 -0.000000
vn -1.000000 -0.000000 -0.000000
vn -1.000000 -0.000000 -0.000000
vn -1.000000 -0.000000 -0.000000
vn -1.000000 -0.000000 -0.000000
vn -1.000000 -0.000000 -0.000000
vn -1.000000 -0.000000 -0.000000
vn -1.000000 -0.000000 -0.000000
vn -1.000000 -0.000000 -0.000000
vn -1.000000 -0.000000 -0.000000
vn -1.000000 -0.000000 -0.000000
vn -1.000000 -0.000000 -0.000000
vn -1.000000 -0.000000 -0.000000
vn -1.000000 -0.000000 -0.000000
vn -1.000000 -0.000000 -0.000000
vn -1.000000 -0.000000 -0.000000
vn -1.000000 -0.000000 -0.000000
vn -1.000000 -0.000000 -0.000000
vn -1.000000 -0.000000 -0.000000
vn -1.000000 -0.000000 -0.000000
vn -1.000000 -0.000000 -0.000000
vn -1.000000 -0.000000 -0.000000
vn -1.000000 -0.000000 -0.000000
vn -1.000000 -0.000000 -0.000000
vn -1.000000 -0.000000 -0.000000
vn -1.000000 -0.000000 -0.000000
vn -1.000000 -0.000000 -0.000000
vn -1.000000 -0.000000 -0.000000
vn -1.000000 -0.000000 -0.000000
vn -1.000000 -0.000000 -0.000000
vn -1.000000 -0.000000 -0.000000
vn -1.000000 -0.000000 -0.000000
vn -1.000000 -0.000000 -0.000000
vn -1.000000 -0.000000 -0.000000
vn -1.000000 -0.000000 -0.000000
vn -1.000000 -0.000000 -0.000000
vn -1.000000 -0.000000 -0.000000
vn -1.000000 -0.000000 -0.000000
vn -1.000000 -0.000000 -0.000000
vn -1.000000 -0.000000 -0.000000
vn -1.000000 -0.000000 -0.000000
vn -1.000000 -0.000000 -0.000000
vn -1.000000 -0.000000 -0.000000
vn -1.000000 -0.000000 -0.000000
vn -1.000000 -0.000000 -0.000000
vn -1.000000 -0.000000 -0.000000
vn -1.000000 -0.000000 -0.000000
vn -1.000000 -0.000000 -0.000000
vn -1.000000 -0.000000 -0.000000
vn -1.000000 -0.000000 -0.000000
vn -1.000000 -0.000000 -0.000000
vn -1.000000 -0.000000 -0.000000
vn -1.000000 -0.000000 -0.000000
vn -1.000000 -0.000000 -0.000000
vn -1.000000 -0.000000 -0.000000
vn -1.000000 -0.000000 -0.000000
vn -1.000000 -0.000000 -0.000000
vn -1.000000 -0.000000 -0.000000
vn -1.000000 -0.000000 -0.000000
vn -1.000000 -0.000000 -0.000000
vn -1.000000 -0.000000 -0.000000
vn -1.000000 -0.000000 -0.000000
vn -0.000000 0.000000 1.000000
vn -0.000000 0.000000 1.000000
vn -0.000000 0.965926 -0.258819
vn -0.000000 0.965926 -0.258819
vn -0.000000 1.000000 0.000000
vn -0.000000 1.000000 0.000000
vn -0.000000 0.965926 0.258819
vn -0.000000 0.965926 0.258819
vn -0.000000 0.866025 0.500000
vn -0.000000 0.866025 0.500000
vn -0.000000 0.707107 0.707107
vn -0.000000 0.707107 0.707107
vn -0.000000 0.500000 0.866025
vn -0.000000 0.500000 0.866025
vn -0.000000 0.258819 0.965926
vn -0.000000 0.258819 0.965926
vn -0.000000 0.000000 1.000000
vn -0.000000 -0.000000 1.000000
vn -0.000000 -0.258819 0.965926
vn -0.000000 -0.258819 0.965926
vn -0.000000 -0.500000 0.866025
vn -0.000000 -0.500000 0.866025
vn 0.000000 -0.707107 0.707107
vn 0.000000 -0.707107 0.707107
vn 0.000000 -0.866025 0.500000
vn 0.000000 -0.866025 0.500000
vn 0.000000 -0.965926 0.258819
vn 0.000000 -0.965926 0.258819
vn 0.000000 -1.000000 0.000000
vn 0.000000 -1.000000 -0.000000
vn 0.000000 -0.965926 -0.258819
vn 0.000000 -0.965926 -0.258819
vn 0.000000 -0.866025 -0.500000
vn 0.000000 -0.866025 -0.500000
vn 0.000000 -0.707107 -0.707107
vn 0.000000 -0.707107 -0.707107
vn 0.000000 -0.500000 -0.866025
vn 0.000000 -0.500000 -0.866025
vn 0.000000 -0.258819 -0.965926
vn 0.000000 -0.258819 -0.965926
vn 0.000000 0.000000 -1.000000
vn 0.000000 -0.000000 -1.000000
vn 0.000000 0.258819 -0.965926
vn 0.000000 0.258819 -0.965926
vn 0.000000 0.500000 -0.866025
vn 0.000000 0.500000 -0.866025
vn -0.000000 0.707107 -0.707107
vn -0.000000 0.707107 -0.707107
vn -0.000000 0.866025 -0.500000
vn -0.000000 0.866025 -0.500000
vn -0.000000 0.965926 -0.258819
vn -0.000000 0.965926 -0.258819
vn -0.000000 1.000000 0.000000
vn -0.000000 1.000000 0.000000
vn -0.000000 0.965926 0.258819
vn -0.000000 0.965926 0.258819
vn -0.000000 0.866025 0.500000
vn -0.000000 0.866025 0.500000
vn -0.000000 0.707107 0.707107
vn -0.000000 0.707107 0.707107
vn -0.000000 0.500000 0.866025
vn -0.000000 0.500000 0.866025
vn -0.000000 0.258819 0.965926
vn -0.000000 0.258819 0.965926
vn -0.000000 0.000000 1.000000
vn -0.000000 -0.000000 1.000000
vn -0.000000 -0.258819 0.965926
vn -0.000000 -0.258819 0.965926
vn -0.000000 -0.500000 0.866025
vn -0.000000 -0.500000 0.866025
vn 0.000000 -0.707107 0.707107
vn 0.000000 -0.707107 0.707107
vn 0.000000 -0.866025 0.500000
vn 0.000000 -0.866025 0.500000
vn 0.000000 -0.965926 0.258819
vn 0.000000 -0.965926 0.258819
vn 0.000000 -1.000000 -0.000000
vn 0.000000 -1.000000 0.000000
vn 0.000000 -0.965926 -0.258819
vn 0.000000 -0.965926 -0.258819
vn 0.000000 -0.866025 -0.500000
vn 0.000000 -0.866025 -0.500000
vn 0.000000 -0.707107 -0.707107
vn 0.000000 -0.707107 -0.707107
vn 0.000000 -0.500000 -0.866025
vn 0.000000 -0.500000 -0.866025
vn 0.000000 -0.258819 -0.965926
vn 0.000000 -0.258819 -0.965926
vn 0.000000 0.000000 -1.000000
vn 0.000000 -0.000000 -1.000000
vn 0.000000 0.258819 -0.965926
vn 0.000000 0.258819 -0.965926
vn 0.000000 0.500000 -0.866025
vn 0.000000 0.500000 -0.866025
vn -0.000000 0.707107 -0.707107
vn -0.000000 0.707107 -0.707107
vn -0.000000 0.866025 -0.500000
vn -0.000000 0.866025 -0.500000
vn -0.000000 0.965926 -0.258819
vn -0.000000 0.965926 -0.258819
vn -0.000000 1.000000 0.000000
vn -0.000000 1.000000 0.000000
vn -0.000000 0.965926 0.258819
vn -0.000000 0.965926 0.258819
vn -0.000000 0.866025 0.500000
vn -0.000000 0.866025 0.500000
vn -0.000000 0.707107 0.707107
vn -0.000000 0.707107 0.707107
vn -0.000000 0.500000 0.866025
vn -0.000000 0.500000 0.866025
vn -0.000000 0.258819 0.965926
vn -0.000000 0.258819 0.965926
vn -0.000000 0.000000 1.000000
vn -0.000000 -0.000000 1.000000
vn -0.000000 -0.258819 0.965926
vn -0.000000 -0.258819 0.965926
vn -0.000000 -0.500000 0.866025
vn -0.000000 -0.500000 0.866025
vn 0.000000 -0.707107 0.707107
vn 0.000000 -0.707107 0.707107
vn 0.000000 -0.866025 0.500000
vn 0.000000 -0.866025 0.500000
vn 0.000000 -0.965926 0.258819
vn 0.000000 -0.965926 0.258819
vn 0.000000 -1.000000 0.000000
vn 0.000000 -1.000000 0.000000
vn 0.000000 -0.965926 -0.258819
vn 0.000000 -0.965926 -0.258819
vn 0.000000 -0.866025 -0.500000
vn 0.000000 -0.866025 -0.500000
vn 0.000000 -0.707107 -0.707107
vn 0.000000 -0.707107 -0.707107
vn 0.000000 -0.500000 -0.866025
vn 0.000000 -0.500000 -0.866025
vn 0.000000 -0.258819 -0.965926
vn 0.000000 -0.258819 -0.965926
vn 0.000000 0.000000 -1.000000
vn 0.000000 -0.000000 -1.000000
vn 0.000000 0.258819 -0.965926
vn 0.000000 0.258819 -0.965926
vn 0.000000 0.500000 -0.866025
vn 0.000000 0.500000 -0.866025
vn -0.000000 0.707107 -0.707107
vn -0.000000 0.707107 -0.707107
vn -0.000000 0.866025 -0.500000
vn -0.000000 0.866025 -0.500000
vn -0.000000 0.965926 -0.258819
vn -0.000000 0.965926 -0.258819
vn -0.000000 1.000000 0.000000
vn -0.000000 1.000000 0.000000
vn -0.000000 0.965926 0.258819
vn -0.000000 0.965926 0.258819
vn -0.000000 0.866025 0.500000
vn -0.000000 0.866025 0.500000
vn -0.000000 0.707107 0.707107
vn -0.000000 0.707107 0.707107
vn -0.000000 0.500000 0.866025
vn -0.000000 0.500000 0.866025
vn -0.000000 0.258819 0.965926
vn -0.000000 0.258819 0.965926
vn -0.000000 -0.000000 1.000000
vn -0.000000 -0.000000 1.000000
vn -0.000000 -0.258819 0.965926
vn -0.000000 -0.258819 0.965926
vn -0.000000 -0.500000 0.866025
vn -0.000000 -0.500000 0.866025
vn 0.000000 -0.707107 0.707107
vn 0.000000 -0.707107 0.707107
vn 0.000000 -0.866025 0.500000
vn 0.000000 -0.866025 0.500000
vn 0.000000 -0.965926 0.258819
vn 0.000000 -0.965926 0.258819
vn 0.000000 -1.000000 0.000000
vn 0.000000 -1.000000 -0.000000
vn 0.000000 -0.965926 -0.258819
vn 0.000000 -0.965926 -0.258819
vn 0.000000 -0.866025 -0.500000
vn 0.000000 -0.866025 -0.500000
vn 0.000000 -0.707107 -0.707107
vn 0.000000 -0.707107 -0.707107
vn 0.000000 -0.500000 -0.866025
vn 0.000000 -0.500000 -0.866025
vn 0.000000 -0.258819 -0.965926
vn 0.000000 -0.258819 -0.965926
vn 0.000000 -0.000000 -1.000000
vn 0.000000 -0.000000 -1.000000
vn 0.000000 0.258819 -0.965926
vn 0.000000 0.258819 -0.965926
vn 0.000000 0.500000 -0.866025
vn 0.000000 0.500000 -0.866025
vn -0.000000 0.707107 -0.707107
vn -0.000000 0.707107 -0.707107
vn -0.000000 0.866025 -0.500000
vn -0.000000 0.866025 -0.500000
vn -0.000000 0.976621 -0.214970
vn -0.000000 0.976621 -0.214970
vn -0.000000 1.000000 0.000000
vn -0.000000 1.000000 0.000000
vn -0.000000 0.976621 0.214970
vn -0.000000 0.976621 0.214970
vn -0.000000 0.907575 0.419889
vn -0.000000 0.907575 0.419889
vn -0.000000 0.796093 0.605174
vn -0.000000 0.796093 0.605174
vn -0.000000 0.647386 0.762162
vn -0.000000 0.647386 0.762162
vn -0.000000 0.468408 0.883512
vn -0.000000 0.468408 0.883512
vn -0.000000 0.267528 0.963550
vn -0.000000 0.267528 0.963550
vn -0.000000 0.054139 0.998533
vn -0.000000 0.054139 0.998533
vn -0.000000 -0.161782 0.986827
vn -0.000000 -0.161782 0.986827
vn -0.000000 -0.370138 0.928977
vn -0.000000 -0.370138 0.928977
vn 0.000000 -0.561187 0.827689
vn 0.000000 -0.561187 0.827689
vn 0.000000 -0.725995 0.687699
vn 0.000000 -0.725995 0.687699
vn 0.000000 -0.856857 0.515554
vn 0.000000 -0.856857 0.515554
vn 0.000000 -0.947653 0.319302
vn 0.000000 -0.947653 0.319302
vn 0.000000 -0.994138 0.108119
vn 0.000000 -0.994138 0.108119
vn 0.000000 -0.994138 -0.108119
vn 0.000000 -0.994138 -0.108119
vn 0.000000 -0.947653 -0.319302
vn 0.000000 -0.947653 -0.319302
vn 0.000000 -0.856857 -0.515554
vn 0.000000 -0.856857 -0.515554
vn 0.000000 -0.725995 -0.687699
vn 0.000000 -0.725995 -0.687699
vn 0.000000 -0.561187 -0.827689
vn 0.000000 -0.561187 -0.827689
vn 0.000000 -0.370138 -0.928977
vn 0.000000 -0.370138 -0.928977
vn 0.000000 -0.161782 -0.986827
vn 0.000000 -0.161782 -0.986827
vn 0.000000 0.054139 -0.998533
vn 0.000000 0.054139 -0.998533
vn 0.000000 0.267528 -0.963550
vn 0.000000 0.267528 -0.963550
vn 0.000000 0.468408 -0.883512
vn 0.000000 0.468408 -0.883512
vn -0.000000 0.647386 -0.762162
vn -0.000000 0.647386 -0.762162
vn -0.000000 0.796093 -0.605174
vn -0.000000 0.796093 -0.605174
vn -0.000000 0.907575 -0.419889
vn -0.000000 0.907575 -0.419889
vn 0.000000 -0.100152 -0.994972
vn 0.000000 -0.100152 -0.994972
vn 0.000000 -0.199297 -0.979939
vn 0.000000 -0.199297 -0.979939
vn 0.000000 -0.296439 -0.955052
vn 0.000000 -0.296439 -0.955052
vn 0.000000 -0.390599 -0.920561
vn 0.000000 -0.452326 -0.891853
vn 0.000000 -0.498900 -0.866659
vn 0.000000 -0.599901 -0.800074
vn 0.000000 -0.569214 -0.822189
vn 0.000000 -0.511956 -0.859012
vn 0.000000 -0.623834 -0.781557
vn 0.000000 -0.692122 -0.721781
vn 0.000000 -0.675563 -0.737302
vn 0.000000 -0.724161 -0.689630
vn 0.000000 -0.774214 -0.632924
vn 0.000000 -0.769404 -0.638763
vn 0.000000 -0.811080 -0.584935
vn 0.000000 -0.844976 -0.534804
vn 0.000000 -0.848998 -0.528396
vn 0.000000 -0.882981 -0.469409
vn 0.000000 -0.903372 -0.428858
vn 0.000000 -0.912872 -0.408246
vn 0.000000 -0.938532 -0.345191
vn 0.000000 -0.948547 -0.316636
vn 0.000000 -0.959843 -0.280537
vn 0.000000 -0.979841 -0.199780
vn 0.000000 -0.976706 -0.214582
vn 0.000000 -0.989042 -0.147633
vn 0.000000 -0.996795 -0.080000
vn 0.000000 -0.996795 -0.080000
vn 0.000000 -0.996795 -0.080000
vn 0.000000 -0.996795 -0.080000
vn 0.000000 -0.979841 -0.199780
vn 0.000000 -0.979841 -0.199780
vn 0.000000 -0.948547 -0.316636
vn 0.000000 -0.948547 -0.316636
vn 0.000000 -0.903372 -0.428858
vn 0.000000 -0.903372 -0.428858
vn 0.000000 -0.844976 -0.534804
vn 0.000000 -0.844976 -0.534804
vn 0.000000 -0.774214 -0.632924
vn 0.000000 -0.774214 -0.632924
vn 0.000000 -0.692122 -0.721781
vn 0.000000 -0.692122 -0.721781
vn 0.000000 -0.599901 -0.800074
vn 0.000000 -0.599901 -0.800074
vn 0.000000 -0.498900 -0.866659
vn 0.000000 -0.498900 -0.866659
vn 0.000000 -0.390599 -0.920561
vn 0.000000 -0.390599 -0.920561
vn -0.000000 0.965926 -0.258819
vn -0.000000 0.965926 -0.258819
vn -0.000000 1.000000 0.000000
vn -0.000000 1.000000 0.000000
vn -0.000000 0.965926 0.258819
vn -0.000000 0.965926 0.258819
vn -0.000000 0.866025 0.500000
vn -0.000000 0.866025 0.500000
vn -0.000000 0.707107 0.707107
vn -0.000000 0.707107 0.707107
vn -0.000000 0.500000 0.866025
vn -0.000000 0.500000 0.866025
vn -0.000000 0.258819 0.965926
vn -0.000000 0.258819 0.965926
vn -0.000000 -0.000000 1.000000
vn -0.000000 -0.000000 1.000000
vn -0.000000 -0.258819 0.965926
vn -0.000000 -0.258819 0.965926
vn -0.000000 -0.500000 0.866025
vn -0.000000 -0.500000 0.866025
vn 0.000000 -0.707107 0.707107
vn 0.000000 -0.707107 0.707107
vn 0.000000 -0.866025 0.500000
vn 0.000000 -0.866025 0.500000
vn 0.000000 -0.965926 0.258819
vn 0.000000 -0.965926 0.258819
vn 0.000000 -1.000000 -0.000000
vn 0.000000 -1.000000 -0.000000
vn 0.000000 -0.965926 -0.258819
vn 0.000000 -0.965926 -0.258819
vn 0.000000 -0.866025 -0.500000
vn 0.000000 -0.866025 -0.500000
vn 0.000000 -0.707107 -0.707107
vn 0.000000 -0.707107 -0.707107
vn 0.000000 -0.500000 -0.866025
vn 0.000000 -0.500000 -0.866025
vn 0.000000 -0.258819 -0.965926
vn 0.000000 -0.258819 -0.965926
vn 0.000000 0.000000 -1.000000
vn 0.000000 -0.000000 -1.000000
vn 0.000000 0.258819 -0.965926
vn 0.000000 0.258819 -0.965926
vn 0.000000 0.500000 -0.866025
vn 0.000000 0.500000 -0.866025
vn -0.000000 0.707107 -0.707107
vn -0.000000 0.707107 -0.707107
vn -0.000000 0.866025 -0.500000
vn -0.000000 0.866025 -0.500000
vn -0.000000 0.965926 -0.258819
vn -0.000000 0.965926 -0.258819
vn -0.000000 1.000000 0.000000
vn -0.000000 1.000000 0.000000
vn -0.000000 0.965926 0.258819
vn -0.000000 0.965926 0.258819
vn -0.000000 0.866025 0.500000
vn -0.000000 0.866025 0.500000
vn -0.000000 0.707107 0.707107
vn -0.000000 0.707107 0.707107
vn -0.000000 0.500000 0.866025
vn -0.000000 0.500000 0.866025
vn -0.000000 0.258819 0.965926
vn -0.000000 0.258819 0.965926
vn -0.000000 -0.000000 1.000000
vn -0.000000 -0.000000 1.000000
vn -0.000000 -0.258819 0.965926
vn -0.000000 -0.258819 0.965926
vn -0.000000 -0.500000 0.866025
vn -0.000000 -0.500000 0.866025
vn 0.000000 -0.707107 0.707107
vn 0.000000 -0.707107 0.707107
vn 0.000000 -0.866025 0.500000
vn 0.000000 -0.866025 0.500000
vn 0.000000 -0.965926 0.258819
vn 0.000000 -0.965926 0.258819
vn 0.000000 -1.000000 -0.000000
vn 0.000000 -1.000000 0.000000
vn 0.000000 -0.965926 -0.258819
vn 0.000000 -0.965926 -0.258819
vn 0.000000 -0.866025 -0.500000
vn 0.000000 -0.866025 -0.500000
vn 0.000000 -0.707107 -0.707107
vn 0.000000 -0.707107 -0.707107
vn 0.000000 -0.500000 -0.866025
vn 0.000000 -0.500000 -0.866025
vn 0.000000 -0.258819 -0.965926
vn 0.000000 -0.258819 -0.965926
vn 0.000000 0.000000 -1.000000
vn 0.000000 -0.000000 -1.000000
vn 0.000000 0.258819 -0.965926
vn 0.000000 0.258819 -0.965926
vn 0.000000 0.500000 -0.866025
vn 0.000000 0.500000 -0.866025
vn -0.000000 0.707107 -0.707107
vn -0.000000 0.707107 -0.707107
vn -0.000000 0.866025 -0.500000
vn -0.000000 0.866025 -0.500000
vn -0.000000 0.965926 -0.258819
vn -0.000000 0.965926 -0.258819
vn -0.000000 1.000000 0.000000
vn -0.000000 1.000000 0.000000
vn -0.000000 0.965926 0.258819
vn -0.000000 0.965926 0.258819
vn -0.000000 0.866025 0.500000
vn -0.000000 0.866025 0.500000
vn -0.000000 0.707107 0.707107
vn -0.000000 0.707107 0.707107
vn -0.000000 0.500000 0.866025
vn -0.000000 0.500000 0.866025
vn -0.000000 0.258819 0.965926
vn -0.000000 0.258819 0.965926
vn -0.000000 -0.000000 1.000000
vn -0.000000 -0.000000 1.000000
vn -0.000000 -0.258819 0.965926
vn -0.000000 -0.258819 0.965926
vn -0.000000 -0.500000 0.866025
vn -0.000000 -0.500000 0.866025
vn 0.000000 -0.707107 0.707107
vn 0.000000 -0.707107 0.707107
vn 0.000000 -0.866025 0.500000
vn 0.000000 -0.866025 0.500000
vn 0.000000 -0.965926 0.258819
vn 0.000000 -0.965926 0.258819
vn 0.000000 -1.000000 -0.000000
vn 0.000000 -1.000000 0.000000
vn 0.000000 -0.965926 -0.258819
vn 0.000000 -0.965926 -0.258819
vn 0.000000 -0.866025 -0.500000
vn 0.000000 -0.866025 -0.500000
vn 0.000000 -0.707107 -0.707107
vn 0.000000 -0.707107 -0.707107
vn 0.000000 -0.500000 -0.866025
vn 0.000000 -0.500000 -0.866025
vn 0.000000 -0.258819 -0.965926
vn 0.000000 -0.258819 -0.965926
vn 0.000000 0.000000 -1.000000
vn 0.000000 -0.000000 -1.000000
vn 0.000000 0.258819 -0.965926
vn 0.000000 0.258819 -0.965926
vn 0.000000 0.500000 -0.866025
vn 0.000000 0.500000 -0.866025
vn -0.000000 0.707107 -0.707107
vn -0.000000 0.707107 -0.707107
vn -0.000000 0.866025 -0.500000
vn -0.000000 0.866025 -0.500000
vn -0.000000 0.965926 -0.258819
vn -0.000000 0.965926 -0.258819
vn -0.000000 1.000000 0.000000
vn -0.000000 1.000000 0.000000
vn -0.000000 0.965926 0.258819
vn -0.000000 0.965926 0.258819
vn -0.000000 0.866025 0.500000
vn -0.000000 0.866025 0.500000
vn -0.000000 0.707107 0.707107
vn -0.000000 0.707107 0.707107
vn -0.000000 0.500000 0.866025
vn -0.000000 0.500000 0.866025
vn -0.000000 0.258819 0.965926
vn -0.000000 0.258819 0.965926
vn -0.000000 -0.000000 1.000000
vn -0.000000 -0.000000 1.000000
vn -0.000000 -0.258819 0.965926
vn -0.000000 -0.258819 0.965926
vn -0.000000 -0.500000 0.866025
vn -0.000000 -0.500000 0.866025
vn 0.000000 -0.707107 0.707107
vn 0.000000 -0.707107 0.707107
vn 0.000000 -0.866025 0.500000
vn 0.000000 -0.866025 0.500000
vn 0.000000 -0.965926 0.258819
vn 0.000000 -0.965926 0.258819
vn 0.000000 -1.000000 -0.000000
vn 0.000000 -1.000000 -0.000000
vn 0.000000 -0.965926 -0.258819
vn 0.000000 -0.965926 -0.258819
vn 0.000000 -0.866025 -0.500000
vn 0.000000 -0.866025 -0.500000
vn 0.000000 -0.707107 -0.707107
vn 0.000000 -0.707107 -0.707107
vn 0.000000 -0.500000 -0.866025
vn 0.000000 -0.500000 -0.866025
vn 0.000000 -0.258819 -0.965926
vn 0.000000 -0.258819 -0.965926
vn 0.000000 0.000000 -1.000000
vn 0.000000 -0.000000 -1.000000
vn 0.000000 0.258819 -0.965926
vn 0.000000 0.258819 -0.965926
vn 0.000000 0.500000 -0.866025
vn 0.000000 0.500000 -0.866025
vn -0.000000 0.707107 -0.707107
vn -0.000000 0.707107 -0.707107
vn -0.000000 0.866025 -0.500000
vn -0.000000 0.866025 -0.500000
vn -0.000000 0.976621 -0.214970
vn -0.000000 0.976621 -0.214970
vn -0.000000 1.000000 0.000000
vn -0.000000 1.000000 0.000000
vn -0.000000 0.976621 0.214970
vn -0.000000 0.976621 0.214970
vn -0.000000 0.907575 0.419889
vn -0.000000 0.907575 0.419889
vn -0.000000 0.796093 0.605174
vn -0.000000 0.796093 0.605174
vn -0.000000 0.647386 0.762162
vn -0.000000 0.647386 0.762162
vn -0.000000 0.468408 0.883512
vn -0.000000 0.468408 0.883512
vn -0.000000 0.267528 0.963550
vn -0.000000 0.267528 0.963550
vn -0.000000 0.054139 0.998533
vn -0.000000 0.054139 0.998533
vn -0.000000 -0.161782 0.986827
vn -0.000000 -0.161782 0.986827
vn -0.000000 -0.370138 0.928977
vn -0.000000 -0.370138 0.928977
vn 0.000000 -0.561187 0.827689
vn 0.000000 -0.561187 0.827689
vn 0.000000 -0.725995 0.687699
vn 0.000000 -0.725995 0.687699
vn 0.000000 -0.856857 0.515554
vn 0.000000 -0.856857 0.515554
vn 0.000000 -0.947653 0.319302
vn 0.000000 -0.947653 0.319302
vn 0.000000 -0.994138 0.108119
vn 0.000000 -0.994138 0.108119
vn 0.000000 -0.994138 -0.108119
vn 0.000000 -0.994138 -0.108119
vn 0.000000 -0.947653 -0.319302
vn 0.000000 -0.947653 -0.319302
vn 0.000000 -0.856857 -0.515554
vn 0.000000 -0.856857 -0.515554
vn 0.000000 -0.725995 -0.687699
vn 0.000000 -0.725995 -0.687699
vn 0.000000 -0.561187 -0.827689
vn 0.000000 -0.561187 -0.827689
vn 0.000000 -0.370138 -0.928977
vn 0.000000 -0.370138 -0.928977
vn 0.000000 -0.161782 -0.986827
vn 0.000000 -0.161782 -0.986827
vn 0.000000 0.054139 -0.998533
vn 0.000000 0.054139 -0.998533
vn 0.000000 0.267528 -0.963550
vn 0.000000 0.267528 -0.963550
vn 0.000000 0.468408 -0.883512
vn 0.000000 0.468408 -0.883512
vn -0.000000 0.647386 -0.762162
vn -0.000000 0.647386 -0.762162
vn -0.000000 0.796093 -0.605174
vn -0.000000 0.796093 -0.605174
vn -0.000000 0.907575 -0.419889
vn -0.000000 0.907575 -0.419889
vn -0.000000 -0.427377 0.904073
vn -0.000000 -0.427377 0.904073
vn -0.000000 -0.414380 0.910104
vn -0.000000 -0.414380 0.910104
vn 0.000000 -0.393700 -0.919239
vn 0.000000 -0.393700 -0.919239
vn 0.000000 -0.392667 -0.919681
vn 0.000000 -0.392667 -0.919681
vn 0.000000 -0.391633 -0.920121
vn 0.000000 -0.391633 -0.920121
vn 0.000000 0.000000 -1.000000
vn 0.000000 0.000000 -1.000000
vn -1.000000 0.000000 0.000000
vn -1.000000 0.000000 0.000000
vn -1.000000 0.000000 0.000000
vn -1.000000 0.000000 0.000000
vn -1.000000 0.000000 0.000000
vn -1.000000 0.000000 0.000000
vn -1.000000 0.000000 0.000000
vn -1.000000 0.000000 0.000000
vn -1.000000 0.000000 0.000000
vn -1.000000 0.000000 0.000000
vn -1.000000 0.000000 0.000000
vn -1.000000 0.000000 0.000000
vn -1.000000 0.000000 0.000000
vn -1.000000 0.000000 0.000000
vn -1.000000 0.000000 0.000000
vn -1.000000 0.000000 0.000000
vn -1.000000 0.000000 0.000000
vn -1.000000 0.000000 0.000000
vn -1.000000 0.000000 0.000000
vn -1.000000 0.000000 0.000000
vn -1.000000 0.000000 0.000000
vn -1.000000 0.000000 0.000000
vn -1.000000 0.000000 0.000000
vn -1.000000 0.000000 0.000000
vn -1.000000 0.000000 0.000000
vn -1.000000 0.000000 0.000000
vn -1.000000 0.000000 0.000000
vn -1.000000 0.000000 0.000000
vn -1.000000 0.000000 0.000000
vn -1.000000 0.000000 0.000000
vn -1.000000 0.000000 0.000000
vn -1.000000 0.000000 0.000000
vn -1.000000 0.000000 0.000000
vn -1.000000 0.000000 0.000000
vn -1.000000 0.000000 0.000000
vn -1.000000 0.000000 0.000000
vn -1.000000 0.000000 0.000000
vn -1.000000 0.000000 0.000000
vn -1.000000 0.000000 0.000000
vn -1.000000 0.000000 0.000000
vn -1.000000 0.000000 0.000000
vn -1.000000 0.000000 0.000000
vn -1.000000 0.000000 0.000000
vn -1.000000 0.000000 0.000000
vn -0.000000 -0.000000 1.000000
vn -0.000000 -0.000000 1.000000
vn 1.000000 -0.000000 -0.000000
vn 1.000000 -0.000000 -0.000000
vn 1.000000 -0.000000 -0.000000
vn 1.000000 -0.000000 -0.000000
vn 1.000000 -0.000000 -0.000000
vn 1.000000 -0.000000 -0.000000
vn 1.000000 -0.000000 -0.000000
vn 1.000000 -0.000000 -0.000000
vn 1.000000 -0.000000 -0.000000
vn 1.000000 -0.000000 -0.000000
vn 1.000000 -0.000000 -0.000000
vn 1.000000 -0.000000 -0.000000
vn 1.000000 -0.000000 -0.000000
vn 1.000000 -0.000000 -0.000000
vn 1.000000 -0.000000 -0.000000
vn 1.000000 -0.000000 -0.000000
vn 1.000000 -0.000000 -0.000000
vn 1.000000 -0.000000 -0.000000
vn 1.000000 -0.000000 -0.000000
vn 1.000000 -0.000000 -0.000000
vn 1.000000 -0.000000 -0.000000
vn 1.000000 -0.000000 -0.000000
vn 1.000000 -0.000000 -0.000000
vn 1.000000 -0.000000 -0.000000
vn 1.000000 -0.000000 -0.000000
vn 1.000000 -0.000000 -0.000000
vn 1.000000 -0.000000 -0.000000
vn 1.000000 -0.000000 -0.000000
vn 1.000000 -0.000000 -0.000000
vn 1.000000 -0.000000 -0.000000
vn 1.000000 -0.000000 -0.000000
vn 1.000000 -0.000000 -0.000000
vn 1.000000 -0.000000 -0.000000
vn 1.000000 -0.000000 -0.000000
vn 1.000000 -0.000000 -0.000000
vn 1.000000 -0.000000 -0.000000
vn 1.000000 -0.000000 -0.000000
vn 1.000000 -0.000000 -0.000000
vn 1.000000 -0.000000 -0.000000
vn 1.000000 -0.000000 -0.000000
vn 1.000000 -0.000000 -0.000000
vn 1.000000 -0.000000 -0.000000
vn 1.000000 -0.000000 -0.000000
vn 1.000000 -0.000000 -0.000000
vn -0.000000 -0.000000 1.000000
vn -0.000000 -0.000000 1.000000
vn 0.000000 0.000000 -1.000000
vn 0.000000 0.000000 -1.000000
vn 0.948780 -0.315937 0.000000
vn 0.951057 -0.309017 0.000000
vn 0.986373 -0.164524 0.000000
vn 0.987688 -0.156434 0.000000
vn 0.996658 -0.081689 0.000000
vn 1.000000 -0.000000 0.000000
vn 1.000000 -0.000000 0.000000
vn 0.987688 -0.156434 0.000000
vn 0.951057 -0.309017 0.000000
vn 0.891007 -0.453990 0.000000
vn 0.891007 -0.453990 0.000000
vn 0.809017 -0.587785 0.000000
vn 0.809017 -0.587785 0.000000
vn 0.707107 -0.707107 0.000000
vn 0.707107 -0.707107 0.000000
vn 0.587785 -0.809017 0.000000
vn 0.587785 -0.809017 0.000000
vn 0.453990 -0.891007 0.000000
vn 0.453990 -0.891007 0.000000
vn 0.309017 -0.951057 0.000000
vn 0.309017 -0.951057 0.000000
vn 0.156434 -0.987688 0.000000
vn 0.156016 -0.987755 0.000000
vn -0.000000 -1.000000 -0.000000
vn 0.155535 -0.987830 0.000000
vn 0.000000 -1.000000 0.000000
vn 0.888094 -0.459661 0.000000
vn 0.805793 -0.592197 0.000000
vn 0.703880 -0.710319 0.000000
vn 0.584834 -0.811153 0.000000
vn 0.451555 -0.892243 0.000000
vn 0.307284 -0.951618 0.000000
vn 0.000000 -0.242171 -0.970234
vn 0.000000 -0.242171 -0.970234
vn 0.000000 -0.242171 -0.970234
vn 0.000000 -0.242171 -0.970234
vn 0.000000 -0.242171 -0.970234
vn 0.000000 -0.242171 -0.970234
vn 0.000000 -0.242171 -0.970234
vn 0.000000 -0.242171 -0.970234
vn 0.000000 -0.242171 -0.970234
vn 0.000000 -0.242171 -0.970234
vn 0.000000 -0.242171 -0.970234
vn 0.000000 -0.242171 -0.970234
vn 0.000000 -0.242171 -0.970234
vn 0.000000 -0.242171 -0.970234
vn 0.000000 -0.242171 -0.970234
vn 0.000000 -0.242171 -0.970234
vn 0.000000 -0.242171 -0.970234
vn 0.000000 -0.242171 -0.970234
vn 0.000000 -0.242171 -0.970234
vn 0.000000 -0.242171 -0.970234
vn 0.000000 -0.242171 -0.970234
vn 0.000000 -0.242171 -0.970234
vn 0.000000 -0.242171 -0.970234
vn 0.000000 -0.242171 -0.970234
vn 0.000000 -0.242171 -0.970234
vn 0.000000 -0.242171 -0.970234
vn 0.000000 -0.242171 -0.970234
vn 0.000000 -0.242171 -0.970234
vn 0.000000 -0.242171 -0.970234
vn 0.000000 -0.242171 -0.970234
vn 0.000000 -0.242171 -0.970234
vn 0.000000 -0.242171 -0.970234
vn 0.000000 -0.242171 -0.970234
vn 0.000000 -0.242171 -0.970234
vn 0.000000 -0.242171 -0.970234
vn 0.000000 -0.242171 -0.970234
vn 0.000000 -0.242171 -0.970234
vn 0.000000 -0.242171 -0.970234
vn 0.000000 -0.242171 -0.970234
vn 0.000000 -0.242171 -0.970234
vn 0.000000 -0.242171 -0.970234
vn 0.000000 -0.242171 -0.970234
vn 0.000000 -0.242171 -0.970234
vn 0.000000 -0.242171 -0.970234
vn 0.000000 -0.242171 -0.970234
vn 0.000000 -0.242171 -0.970234
vn 0.000000 -0.242171 -0.970234
vn 0.000000 -0.242171 -0.970234
vn 0.000000 -0.242171 -0.970234
vn 0.000000 -0.242171 -0.970234
vn 0.000000 -0.242171 -0.970234
vn 0.000000 -0.242171 -0.970234
vn -0.000000 -1.000000 0.000000
vn -0.000000 -1.000000 0.000000
vn -0.000000 0.000000 1.000000
vn -0.000000 0.000000 1.000000
vn -0.000000 0.000000 1.000000
vn -0.000000 0.000000 1.000000
vn -0.000000 0.000000 1.000000
vn -0.000000 0.000000 1.000000
vn -0.000000 0.000000 1.000000
vn -0.000000 0.000000 1.000000
vn -0.000000 0.000000 1.000000
vn -0.000000 0.000000 1.000000
vn -0.000000 0.000000 1.000000
vn -0.000000 0.000000 1.000000
vn -0.000000 0.000000 1.000000
vn -0.000000 0.000000 1.000000
vn -0.000000 0.000000 1.000000
vn -0.000000 0.000000 1.000000
vn -0.000000 0.000000 1.000000
vn -0.000000 0.000000 1.000000
vn -0.000000 0.000000 1.000000
vn -0.000000 0.000000 1.000000
vn -0.000000 0.000000 1.000000
vn -0.000000 0.000000 1.000000
vn -0.000000 0.000000 1.000000
vn -0.000000 0.000000 1.000000
vn -0.000000 0.000000 1.000000
vn -0.000000 0.000000 1.000000
vn -0.000000 0.000000 1.000000
vn -0.000000 0.000000 1.000000
vn -0.000000 0.000000 1.000000
vn -0.000000 0.000000 1.000000
vn -0.000000 0.000000 1.000000
vn -0.000000 0.000000 1.000000
vn -0.987688 -0.156434 -0.000000
vn -0.987688 -0.156434 -0.000000
vn -1.000000 -0.000000 -0.000000
vn -0.996658 -0.081689 -0.000000
vn -1.000000 0.000000 -0.000000
vn -0.951057 -0.309017 -0.000000
vn -0.951057 -0.309017 -0.000000
vn -0.986373 -0.164524 -0.000000
vn -0.948780 -0.315937 -0.000000
vn -0.891007 -0.453990 -0.000000
vn -0.888094 -0.459661 -0.000000
vn -0.809017 -0.587785 -0.000000
vn -0.805793 -0.592197 -0.000000
vn -0.707107 -0.707107 -0.000000
vn -0.703880 -0.710319 -0.000000
vn -0.587785 -0.809017 -0.000000
vn -0.584834 -0.811153 -0.000000
vn -0.453990 -0.891007 -0.000000
vn -0.451555 -0.892243 -0.000000
vn -0.309017 -0.951057 -0.000000
vn -0.307284 -0.951618 -0.000000
vn -0.156016 -0.987755 -0.000000
vn -0.155535 -0.987830 -0.000000
vn 0.000000 -1.000000 0.000000
vn 0.000000 -1.000000 0.000000
vn -0.156434 -0.987688 -0.000000
vn -0.309017 -0.951057 -0.000000
vn -0.453990 -0.891007 -0.000000
vn -0.587785 -0.809017 -0.000000
vn -0.707107 -0.707107 -0.000000
vn -0.809017 -0.587785 -0.000000
vn -0.891007 -0.453990 -0.000000
vn -0.000000 0.029236 0.999573
vn -0.000000 0.042426 0.999100
vn -0.000000 0.058067 0.998313
vn -0.000000 0.060985 0.998139
vn -0.000000 0.082058 0.996628
vn -0.000000 0.026873 0.999639
vn -0.000000 0.014744 0.999891
vn -0.000000 0.006115 0.999981
vn -0.000000 0.000957 1.000000
vn -0.000000 -0.000756 1.000000
vn -0.000000 -0.000252 1.000000
vn -0.000000 -0.000504 1.000000
vn -0.000000 -0.000756 1.000000
vn -0.000000 0.105160 0.994455
vn -0.000000 0.137229 0.990539
vn -0.000000 0.130709 0.991421
vn -0.000000 0.158826 0.987307
vn -0.000000 0.189019 0.981973
vn -0.000000 0.215523 0.976499
vn -0.000000 0.220802 0.975319
vn -0.000000 0.253659 0.967294
vn -0.000000 0.292453 0.956280
vn -0.000000 0.286944 0.957947
vn -0.000000 0.319998 0.947418
vn -0.000000 0.367532 0.930011
vn -0.000000 0.352185 0.935930
vn -0.000000 0.381953 0.924182
vn -0.000000 0.411330 0.911486
vn -0.000000 0.440286 0.897857
vn -0.000000 0.440286 0.897857
vn -0.000000 -1.000000 0.000000
vn -0.000000 -1.000000 0.000000
vn 0.000000 1.000000 0.000000
vn -0.000000 1.000000 -0.000000
vn -0.156434 0.987688 -0.000000
vn -0.096830 0.995301 -0.000000
vn -0.195030 0.980797 -0.000000
vn -0.309017 0.951057 -0.000000
vn -0.292657 0.956217 -0.000000
vn -0.387860 0.921718 -0.000000
vn -0.453990 0.891007 -0.000000
vn -0.479035 0.877796 -0.000000
vn -0.564708 0.825291 -0.000000
vn -0.587785 0.809017 -0.000000
vn -0.643479 0.765464 -0.000000
vn -0.707107 0.707107 -0.000000
vn -0.714234 0.699907 -0.000000
vn -0.778501 0.627643 -0.000000
vn -0.809017 0.587785 -0.000000
vn -0.836458 0.548032 -0.000000
vn -0.891007 0.453990 -0.000000
vn -0.886679 0.462385 -0.000000
vn -0.928132 0.372252 -0.000000
vn -0.951057 0.309017 -0.000000
vn -0.960224 0.279230 -0.000000
vn -0.982748 0.184952 -0.000000
vn -0.987688 0.156434 -0.000000
vn -0.995829 0.091243 -0.000000
vn -1.000000 0.000000 -0.000000
vn -1.000000 0.000000 -0.000000
vn -0.987688 0.156434 -0.000000
vn -0.951057 0.309017 -0.000000
vn -0.891007 0.453990 -0.000000
vn -0.809017 0.587785 -0.000000
vn -0.707107 0.707107 -0.000000
vn -0.587785 0.809017 -0.000000
vn -0.453990 0.891007 -0.000000
vn -0.309017 0.951057 -0.000000
vn -0.156434 0.987688 -0.000000
vn 0.000000 1.000000 -0.000000
vn 0.000000 1.000000 -0.000000
vn 1.000000 -0.000000 0.000000
vn 1.000000 -0.000000 0.000000
vn 0.987688 0.156434 0.000000
vn 0.995829 0.091243 0.000000
vn 0.982748 0.184952 0.000000
vn 0.951057 0.309017 0.000000
vn 0.960224 0.279230 0.000000
vn 0.928131 0.372253 0.000000
vn 0.891007 0.453990 0.000000
vn 0.886679 0.462386 0.000000
vn 0.836457 0.548033 0.000000
vn 0.809017 0.587785 0.000000
vn 0.778501 0.627644 0.000000
vn 0.707107 0.707107 0.000000
vn 0.714234 0.699907 0.000000
vn 0.643478 0.765465 0.000000
vn 0.587785 0.809017 0.000000
vn 0.564707 0.825292 0.000000
vn 0.453990 0.891007 0.000000
vn 0.479034 0.877796 0.000000
vn 0.387859 0.921719 0.000000
vn 0.309017 0.951057 0.000000
vn 0.292657 0.956218 0.000000
vn 0.195029 0.980797 0.000000
vn 0.156434 0.987688 0.000000
vn 0.096830 0.995301 0.000000
vn 0.156434 0.987688 0.000000
vn 0.309017 0.951057 0.000000
vn 0.453990 0.891007 0.000000
vn 0.587785 0.809017 0.000000
vn 0.707107 0.707107 0.000000
vn 0.809017 0.587785 0.000000
vn 0.891007 0.453990 0.000000
vn 0.951057 0.309017 0.000000
vn 0.987688 0.156434 0.000000
vn 0.000000 0.707107 -0.707107
vn 0.000000 0.707107 -0.707107
vn 0.000000 0.649448 -0.760406
vn 0.000000 0.649448 -0.760406
vn 0.000000 0.587785 -0.809017
vn 0.000000 0.587785 -0.809017
vn 0.000000 0.522499 -0.852640
vn 0.000000 0.522499 -0.852640
vn 0.000000 0.453990 -0.891007
vn 0.000000 0.453990 -0.891007
vn 0.000000 0.382683 -0.923880
vn 0.000000 0.382683 -0.923880
vn 0.000000 0.309017 -0.951057
vn 0.000000 0.309017 -0.951057
vn 0.000000 0.233445 -0.972370
vn 0.000000 0.233445 -0.972370
vn 0.000000 0.156434 -0.987688
vn 0.000000 0.156434 -0.987688
vn 0.000000 0.078459 -0.996917
vn 0.000000 0.078459 -0.996917
vn 1.000000 -0.000000 -0.000000
vn 1.000000 -0.000000 -0.000000
vn 1.000000 -0.000000 -0.000000
vn 1.000000 -0.000000 -0.000000
vn 1.000000 -0.000000 -0.000000
vn 1.000000 -0.000000 -0.000000
vn 1.000000 -0.000000 -0.000000
vn 1.000000 -0.000000 -0.000000
vn 1.000000 -0.000000 -0.000000
vn 1.000000 -0.000000 -0.000000
vn 1.000000 -0.000000 -0.000000
vn 1.000000 -0.000000 -0.000000
vn 1.000000 -0.000000 -0.000000
vn 1.000000 -0.000000 -0.000000
vn 1.000000 -0.000000 -0.000000
vn 1.000000 -0.000000 -0.000000
vn 1.000000 -0.000000 -0.000000
vn 1.000000 -0.000000 -0.000000
vn 1.000000 -0.000000 -0.000000
vn 1.000000 -0.000000 -0.000000
vn 1.000000 -0.000000 -0.000000
vn 1.000000 -0.000000 -0.000000
vn 1.000000 -0.000000 -0.000000
vn 1.000000 -0.000000 -0.000000
vn 1.000000 -0.000000 -0.000000
vn 1.000000 -0.000000 -0.000000
vn 1.000000 -0.000000 -0.000000
vn 1.000000 -0.000000 -0.000000
vn 1.000000 -0.000000 -0.000000
vn 1.000000 -0.000000 -0.000000
vn 1.000000 -0.000000 -0.000000
vn 1.000000 -0.000000 -0.000000
vn 1.000000 -0.000000 -0.000000
vn 1.000000 -0.000000 -0.000000
vn 1.000000 -0.000000 -0.000000
vn 1.000000 -0.000000 -0.000000
vn 1.000000 -0.000000 -0.000000
vn 1.000000 -0.000000 -0.000000
vn 1.000000 -0.000000 -0.000000
vn 1.000000 -0.000000 -0.000000
vn 1.000000 -0.000000 -0.000000
vn 1.000000 -0.000000 -0.000000
vn 1.000000 -0.000000 -0.000000
vn 1.000000 -0.000000 -0.000000
vn 0.000000 0.707107 -0.707107
vn 0.000000 0.707107 -0.707107
vn 0.000000 0.707107 -0.707107
vn 0.000000 0.707107 -0.707107
vn 0.000000 0.649448 -0.760406
vn 0.000000 0.649448 -0.760406
vn 0.000000 0.587785 -0.809017
vn 0.000000 0.587785 -0.809017
vn 0.000000 0.522499 -0.852640
vn 0.000000 0.522499 -0.852640
vn 0.000000 0.453990 -0.891007
vn 0.000000 0.453990 -0.891007
vn 0.000000 0.382683 -0.923880
vn 0.000000 0.382683 -0.923880
vn 0.000000 0.309017 -0.951057
vn 0.000000 0.309017 -0.951057
vn 0.000000 0.233445 -0.972370
vn 0.000000 0.233445 -0.972370
vn 0.000000 0.156434 -0.987688
vn 0.000000 0.156434 -0.987688
vn 0.000000 0.078459 -0.996917
vn 0.000000 0.078459 -0.996917
vn 0.000000 0.707107 -0.707107
vn 0.000000 0.707107 -0.707107
vn -0.000000 -0.600000 0.800000
vn -0.000000 -0.600000 0.800000
vn -0.000000 -0.541316 0.840819
vn -0.000000 -0.541316 0.840819
vn -0.000000 -0.479865 0.877342
vn -0.000000 -0.479865 0.877342
vn -0.000000 -0.415962 0.909382
vn -0.000000 -0.415962 0.909382
vn -0.000000 -0.349934 0.936774
vn -0.000000 -0.349934 0.936774
vn -0.000000 -0.282117 0.959380
vn -0.000000 -0.282117 0.959380
vn -0.000000 -0.212859 0.977083
vn -0.000000 -0.212859 0.977083
vn -0.000000 -0.142513 0.989793
vn -0.000000 -0.142513 0.989793
vn -0.000000 -0.071439 0.997445
vn -0.000000 -0.071439 0.997445
vn -0.000000 -0.600000 0.800000
vn -0.000000 -0.600000 0.800000
vn -0.000000 -0.541316 0.840819
vn -0.000000 -0.541316 0.840819
vn -0.000000 -0.479865 0.877342
vn -0.000000 -0.479865 0.877342
vn -0.000000 -0.415962 0.909382
vn -0.000000 -0.415962 0.909382
vn -0.000000 -0.349934 0.936774
vn -0.000000 -0.349934 0.936774
vn -0.000000 -0.282117 0.959380
vn -0.000000 -0.282117 0.959380
vn -0.000000 -0.212859 0.977083
vn -0.000000 -0.212859 0.977083
vn -0.000000 -0.142513 0.989793
vn -0.000000 -0.142513 0.989793
vn -0.000000 -0.071439 0.997445
vn -0.000000 -0.071439 0.997445
vn -0.000000 -1.000000 0.000000
vn -0.000000 -1.000000 0.000000
vn -0.000000 -1.000000 0.000000
vn -0.000000 -1.000000 0.000000
vn -0.000000 0.029236 0.999573
vn -0.000000 0.014745 0.999891
vn -0.000000 0.006115 0.999981
vn -0.000000 0.000957 1.000000
vn -0.000000 0.058067 0.998313
vn -0.000000 0.042426 0.999100
vn -0.000000 0.026873 0.999639
vn -0.000000 0.137229 0.990539
vn -0.000000 0.105160 0.994455
vn -0.000000 0.082058 0.996628
vn -0.000000 0.060986 0.998139
vn -0.000000 0.215523 0.976499
vn -0.000000 0.189019 0.981973
vn -0.000000 0.158826 0.987307
vn -0.000000 0.130710 0.991421
vn -0.000000 0.292453 0.956280
vn -0.000000 0.253659 0.967294
vn -0.000000 0.220802 0.975319
vn 0.000000 0.367532 0.930011
vn -0.000000 0.319998 0.947418
vn -0.000000 0.286944 0.957947
vn 0.000000 0.440286 0.897857
vn 0.000000 0.411330 0.911486
vn 0.000000 0.381953 0.924182
vn 0.000000 0.352185 0.935930
vn 0.000000 0.440286 0.897857
vn -0.000000 -0.000756 1.000000
vn -0.000000 -0.000756 1.000000
vn -0.000000 0.401298 0.915947
vn -0.000000 0.401298 0.915947
vn -0.000000 0.466474 0.884535
vn -0.000000 0.504429 0.863453
vn -0.000000 0.529208 0.848492
vn -0.000000 0.600804 0.799397
vn -0.000000 0.589171 0.808008
vn -0.000000 0.646051 0.763294
vn -0.000000 0.689133 0.724634
vn -0.000000 0.699549 0.714585
vn -0.000000 0.749385 0.662135
vn -0.000000 0.768235 0.640168
vn -0.000000 0.795298 0.606219
vn -0.000000 0.837048 0.547130
vn -0.000000 0.837048 0.547130
vn -0.000000 0.874416 0.485176
vn -0.000000 0.894652 0.446764
vn -0.000000 0.907208 0.420683
vn -0.000000 0.940275 0.340416
vn -0.000000 0.935250 0.353988
vn -0.000000 0.958397 0.285440
vn -0.000000 0.973307 0.229508
vn -0.000000 0.976526 0.215398
vn -0.000000 0.989544 0.144228
vn -0.000000 0.993304 0.115528
vn -0.000000 0.997383 0.072303
vn 0.000000 1.000000 0.000000
vn 0.000000 1.000000 0.000000
vn -0.000000 0.401298 0.915947
vn -0.000000 0.304773 0.952425
vn -0.000000 0.304773 0.952425
vn -0.000000 0.205003 0.978761
vn -0.000000 0.205003 0.978761
vn -0.000000 0.103050 0.994676
vn -0.000000 0.103050 0.994676
vn -0.000000 -0.000000 1.000000
vn -0.000000 -0.000000 1.000000
vn -0.000000 0.401298 0.915947
vn -0.000000 0.401298 0.915947
vn -0.000000 0.504429 0.863453
vn -0.000000 0.504429 0.863453
vn -0.000000 0.600804 0.799397
vn -0.000000 0.600804 0.799397
vn -0.000000 0.689133 0.724634
vn -0.000000 0.689133 0.724634
vn -0.000000 0.768235 0.640168
vn -0.000000 0.768235 0.640168
vn -0.000000 0.837048 0.547130
vn -0.000000 0.837048 0.547130
vn -0.000000 0.894652 0.446764
vn -0.000000 0.894652 0.446764
vn -0.000000 0.940275 0.340416
vn -0.000000 0.940275 0.340416
vn -0.000000 0.973307 0.229508
vn -0.000000 0.973307 0.229508
vn -0.000000 0.993304 0.115528
vn -0.000000 0.993304 0.115528
vn 0.000000 1.000000 0.000000
vn 0.000000 1.000000 0.000000
vn 1.000000 -0.000000 0.000000
vn 1.000000 -0.000000 0.000000
vn 1.000000 -0.000000 0.000000
vn 1.000000 -0.000000 0.000000
vn 1.000000 -0.000000 0.000000
vn 1.000000 -0.000000 0.000000
vn 1.000000 -0.000000 0.000000
vn 1.000000 -0.000000 0.000000
vn 1.000000 -0.000000 0.000000
vn 1.000000 -0.000000 0.000000
vn 1.000000 -0.000000 0.000000
vn 1.000000 -0.000000 0.000000
vn 1.000000 -0.000000 0.000000
vn 1.000000 -0.000000 0.000000
vn 1.000000 -0.000000 0.000000
vn 1.000000 -0.000000 0.000000
vn 1.000000 -0.000000 0.000000
vn 1.000000 -0.000000 0.000000
vn 1.000000 -0.000000 0.000000
vn 1.000000 -0.000000 0.000000
vn 1.000000 -0.000000 0.000000
vn 1.000000 -0.000000 0.000000
vn 1.000000 -0.000000 0.000000
vn 1.000000 -0.000000 0.000000
vn 1.000000 -0.000000 0.000000
vn 1.000000 -0.000000 0.000000
vn 1.000000 -0.000000 0.000000
vn 1.000000 -0.000000 0.000000
vn 1.000000 -0.000000 0.000000
vn 1.000000 -0.000000 0.000000
vn 1.000000 -0.000000 0.000000
vn 1.000000 -0.000000 0.000000
vn 1.000000 -0.000000 0.000000
vn 1.000000 -0.000000 0.000000
vn 1.000000 -0.000000 0.000000
vn 1.000000 -0.000000 0.000000
vn 1.000000 -0.000000 0.000000
vn 1.000000 -0.000000 0.000000
vn 1.000000 -0.000000 0.000000
vn 1.000000 -0.000000 0.000000
vn 1.000000 -0.000000 0.000000
vn 1.000000 -0.000000 0.000000
vn 1.000000 -0.000000 0.000000
vn 1.000000 -0.000000 0.000000
vn 1.000000 -0.000000 0.000000
vn 1.000000 -0.000000 0.000000
vn 1.000000 -0.000000 0.000000
vn 1.000000 -0.000000 0.000000
vn 1.000000 -0.000000 0.000000
vn 1.000000 -0.000000 0.000000
vn 1.000000 -0.000000 0.000000
vn 1.000000 -0.000000 0.000000
vn 1.000000 -0.000000 0.000000
vn 1.000000 -0.000000 0.000000
vn 1.000000 -0.000000 0.000000
vn 1.000000 -0.000000 0.000000
vn 1.000000 -0.000000 0.000000
vn 1.000000 -0.000000 0.000000
vn 1.000000 -0.000000 0.000000
vn 1.000000 -0.000000 0.000000
vn 1.000000 -0.000000 0.000000
vn 1.000000 -0.000000 0.000000
vn 1.000000 -0.000000 0.000000
vn 1.000000 -0.000000 0.000000
vn 1.000000 -0.000000 0.000000
vn 1.000000 -0.000000 0.000000
vn 1.000000 -0.000000 0.000000
vn 1.000000 -0.000000 0.000000
vn 1.000000 -0.000000 0.000000
vn 1.000000 -0.000000 0.000000
vn 1.000000 -0.000000 0.000000
vn 1.000000 -0.000000 0.000000
vn 1.000000 -0.000000 0.000000
vn 1.000000 -0.000000 0.000000
vn 1.000000 -0.000000 0.000000
vn 1.000000 -0.000000 0.000000
vn 1.000000 -0.000000 0.000000
vn 1.000000 -0.000000 0.000000
vn 1.000000 -0.000000 0.000000
vn 1.000000 -0.000000 0.000000
vn 1.000000 -0.000000 0.000000
vn 1.000000 -0.000000 0.000000
vn 1.000000 -0.000000 0.000000
vn 1.000000 -0.000000 0.000000
vn 1.000000 -0.000000 0.000000
vn 1.000000 -0.000000 0.000000
vn 1.000000 -0.000000 0.000000
vn 1.000000 -0.000000 0.000000
vn 1.000000 -0.000000 0.000000
vn 1.000000 -0.000000 0.000000
vn 1.000000 -0.000000 0.000000
vn 1.000000 -0.000000 0.000000
vn 1.000000 -0.000000 0.000000
vn 1.000000 -0.000000 0.000000
vn 1.000000 -0.000000 0.000000
vn 1.000000 -0.000000 0.000000
vn 1.000000 -0.000000 0.000000
vn 1.000000 -0.000000 0.000000
vn 1.000000 -0.000000 0.000000
vn 1.000000 -0.000000 0.000000
vn 1.000000 -0.000000 0.000000
vn 1.000000 -0.000000 0.000000
vn 1.000000 -0.000000 0.000000
vn 1.000000 -0.000000 0.000000
vn 1.000000 -0.000000 0.000000
vn 1.000000 -0.000000 0.000000
vn 1.000000 -0.000000 0.000000
vn 1.000000 -0.000000 0.000000
vn 1.000000 -0.000000 0.000000
vn 1.000000 -0.000000 0.000000
vn 1.000000 -0.000000 0.000000
vn 1.000000 -0.000000 0.000000
vn 1.000000 -0.000000 0.000000
vn 1.000000 -0.000000 0.000000
vn 1.000000 -0.000000 0.000000
vn 1.000000 -0.000000 0.000000
vn 1.000000 -0.000000 0.000000
vn 1.000000 -0.000000 0.000000
vn 1.000000 -0.000000 0.000000
vn 1.000000 -0.000000 0.000000
vn 1.000000 -0.000000 0.000000
vn 1.000000 -0.000000 0.000000
vn 1.000000 -0.000000 0.000000
vn 1.000000 -0.000000 0.000000
vn 1.000000 -0.000000 0.000000
vn 1.000000 -0.000000 0.000000
vn 1.000000 -0.000000 0.000000
vn 1.000000 -0.000000 0.000000
vn 1.000000 -0.000000 0.000000
vn 1.000000 -0.000000 0.000000
vn 1.000000 -0.000000 0.000000
vn 1.000000 -0.000000 0.000000
vn 1.000000 -0.000000 0.000000
vn 1.000000 -0.000000 0.000000
vn 1.000000 -0.000000 0.000000
vn 1.000000 -0.000000 0.000000
vn 1.000000 -0.000000 0.000000
vn 1.000000 -0.000000 0.000000
vn 1.000000 -0.000000 0.000000
vn 1.000000 -0.000000 0.000000
vn 1.000000 -0.000000 0.000000
vn 1.000000 -0.000000 0.000000
vn 1.000000 -0.000000 0.000000
vn 1.000000 -0.000000 0.000000
vn 1.000000 -0.000000 0.000000
vn 1.000000 -0.000000 0.000000
vn 1.000000 -0.000000 0.000000
vn 1.000000 -0.000000 0.000000
vn 1.000000 -0.000000 0.000000
vn 1.000000 -0.000000 0.000000
vn 1.000000 -0.000000 0.000000
vn 1.000000 -0.000000 0.000000
vn 1.000000 -0.000000 0.000000
vn 1.000000 -0.000000 0.000000
vn 1.000000 -0.000000 0.000000
vn 1.000000 -0.000000 0.000000
vn 1.000000 -0.000000 0.000000
vn 1.000000 -0.000000 0.000000
vn 1.000000 -0.000000 0.000000
vn 0.000000 -0.241837 -0.970317
vn 0.000000 -0.172084 -0.985082
vn 0.000000 -0.241837 -0.970317
vn 0.000000 -0.172084 -0.985082
vn 0.000000 -0.101457 -0.994840
vn 0.000000 -0.101457 -0.994840
vn 0.000000 -0.030313 -0.999540
vn 0.000000 -0.030313 -0.999540
vn 0.000000 0.040984 -0.999160
vn 0.000000 0.040984 -0.999160
vn 0.000000 0.054991 -0.998487
vn 0.000000 0.054991 -0.998487
vn -1.000000 0.000000 0.000000
vn -1.000000 0.000000 0.000000
vn -1.000000 0.000000 0.000000
vn -1.000000 0.000000 0.000000
vn -1.000000 0.000000 0.000000
vn -1.000000 0.000000 0.000000
vn -1.000000 0.000000 0.000000
vn -1.000000 0.000000 0.000000
vn -1.000000 0.000000 0.000000
vn -1.000000 0.000000 0.000000
vn -1.000000 0.000000 0.000000
vn -1.000000 0.000000 0.000000
vn -1.000000 0.000000 0.000000
vn -0.000000 0.428442 0.903569
vn -0.000000 0.427377 0.904073
vn -0.000000 0.416524 0.909125
vn -0.000000 0.414380 0.910104
vn -0.000000 0.404533 0.914523
vn -0.000000 0.404533 0.914523
vn -0.000000 0.403456 0.914999
vn -0.000000 0.402377 0.915474
vn 0.000000 -0.037653 -0.999291
vn 0.000000 -0.001328 -0.999999
vn 0.000000 -0.054991 -0.998487
vn 0.000000 -0.122656 -0.992449
vn 0.000000 -0.117938 -0.993021
vn 0.000000 -0.180414 -0.983591
vn 0.000000 0.032235 -0.999480
vn 0.000000 0.120019 -0.992772
vn 0.000000 0.101965 -0.994788
vn 0.000000 0.171197 -0.985237
vn 0.000000 0.239593 -0.970873
vn 0.000000 0.239593 -0.970873
vn 0.000000 -0.054991 -0.998487
vn 0.000000 -0.122656 -0.992449
vn 0.000000 -0.122656 -0.992449
vn 0.000000 -0.001328 -0.999999
vn 0.000000 -0.001328 -0.999999
vn 0.000000 0.120019 -0.992772
vn 0.000000 0.120019 -0.992772
vn 0.000000 0.239593 -0.970873
vn 0.000000 0.239593 -0.970873
vn -1.000000 0.000000 0.000000
vn -1.000000 0.000000 0.000000
vn -1.000000 0.000000 0.000000
vn -1.000000 0.000000 0.000000
vn -1.000000 0.000000 0.000000
vn -1.000000 0.000000 0.000000
vn -1.000000 0.000000 0.000000
vn -1.000000 0.000000 0.000000
vn -1.000000 0.000000 0.000000
vn -1.000000 0.000000 0.000000
vn -1.000000 0.000000 0.000000
vn -1.000000 0.000000 0.000000
vn -1.000000 0.000000 0.000000
vn -1.000000 0.000000 0.000000
vn -1.000000 0.000000 0.000000
vn -1.000000 0.000000 0.000000
vn -1.000000 0.000000 0.000000
vn -1.000000 0.000000 0.000000
vn -1.000000 0.000000 0.000000
vn -1.000000 0.000000 0.000000
vn -1.000000 0.000000 0.000000
vn -1.000000 0.000000 0.000000
vn -1.000000 0.000000 0.000000
vn -1.000000 0.000000 0.000000
vn -1.000000 0.000000 0.000000
vn -1.000000 0.000000 0.000000
vn -1.000000 0.000000 0.000000
vn -1.000000 0.000000 0.000000
vn -1.000000 0.000000 0.000000
vn -1.000000 0.000000 0.000000
vn -1.000000 0.000000 0.000000
vn -1.000000 0.000000 0.000000
vn -1.000000 0.000000 0.000000
vn -1.000000 0.000000 0.000000
vn -1.000000 0.000000 0.000000
vn -1.000000 0.000000 0.000000
vn -1.000000 0.000000 0.000000
vn -1.000000 0.000000 0.000000
vn -1.000000 0.000000 0.000000
vn -1.000000 0.000000 0.000000
vn -1.000000 0.000000 0.000000
vn -1.000000 0.000000 0.000000
vn -1.000000 0.000000 0.000000
vn -1.000000 0.000000 0.000000
vn 0.000000 0.393700 -0.919239
vn 0.000000 0.393700 -0.919239
vn 0.000000 0.392667 -0.919681
vn 0.000000 0.392667 -0.919681
vn 0.000000 0.391633 -0.920121
vn 0.000000 0.391633 -0.920121
vn 0.000000 0.390599 -0.920561
vn 0.000000 0.390599 -0.920561
vn -1.000000 0.000000 0.000000
vn -1.000000 0.000000 0.000000
vn -1.000000 0.000000 0.000000
vn -1.000000 0.000000 0.000000
vn -1.000000 0.000000 0.000000
vn -1.000000 0.000000 0.000000
vn -1.000000 0.000000 0.000000
vn -1.000000 0.000000 0.000000
vn -1.000000 0.000000 0.000000
vn -1.000000 0.000000 0.000000
vn -1.000000 0.000000 0.000000
vn -1.000000 0.000000 0.000000
vn -1.000000 0.000000 0.000000
vn 0.000000 0.000000 -1.000000
vn 0.000000 0.000000 -1.000000
vn 0.000000 0.000000 -1.000000
vn 0.000000 0.000000 -1.000000
vn -1.000000 0.000000 -0.000000
vn -1.000000 0.000000 -0.000000
vn -1.000000 0.000000 -0.000000
vn -1.000000 0.000000 -0.000000
vn -1.000000 0.000000 -0.000000
vn -1.000000 0.000000 -0.000000
vn -1.000000 0.000000 -0.000000
vn -1.000000 0.000000 -0.000000
vn -1.000000 0.000000 -0.000000
vn -1.000000 0.000000 -0.000000
vn -1.000000 0.000000 -0.000000
vn -1.000000 0.000000 -0.000000
vn -1.000000 0.000000 -0.000000
vn -1.000000 0.000000 -0.000000
vn -1.000000 0.000000 -0.000000
vn -1.000000 0.000000 -0.000000
vn -1.000000 0.000000 -0.000000
vn -1.000000 0.000000 -0.000000
vn -1.000000 0.000000 -0.000000
vn -1.000000 0.000000 -0.000000
vn -1.000000 0.000000 -0.000000
vn -1.000000 0.000000 -0.000000
vn -1.000000 0.000000 -0.000000
vn -1.000000 0.000000 -0.000000
vn -1.000000 0.000000 -0.000000
vn -1.000000 0.000000 -0.000000
vn -1.000000 0.000000 -0.000000
vn -1.000000 0.000000 -0.000000
vn -1.000000 0.000000 -0.000000
vn -1.000000 0.000000 -0.000000
vn -1.000000 0.000000 -0.000000
vn -1.000000 0.000000 -0.000000
vn -1.000000 0.000000 -0.000000
vn -1.000000 0.000000 -0.000000
vn -1.000000 0.000000 -0.000000
vn -1.000000 0.000000 -0.000000
vn -1.000000 0.000000 -0.000000
vn -1.000000 0.000000 -0.000000
vn -1.000000 0.000000 -0.000000
vn -1.000000 0.000000 -0.000000
vn -1.000000 0.000000 -0.000000
vn -1.000000 0.000000 -0.000000
vn -1.000000 0.000000 -0.000000
vn -1.000000 0.000000 -0.000000
vn -1.000000 0.000000 -0.000000
vn -1.000000 0.000000 -0.000000
vn -1.000000 0.000000 -0.000000
vn -1.000000 0.000000 -0.000000
vn -1.000000 0.000000 -0.000000
vn -1.000000 0.000000 -0.000000
vn -1.000000 0.000000 -0.000000
vn -1.000000 0.000000 -0.000000
vn -1.000000 0.000000 -0.000000
vn -1.000000 0.000000 -0.000000
vn -1.000000 0.000000 -0.000000
vn -1.000000 0.000000 -0.000000
vn -1.000000 0.000000 -0.000000
vn -1.000000 0.000000 -0.000000
vn -1.000000 0.000000 -0.000000
vn -1.000000 0.000000 -0.000000
vn -1.000000 0.000000 -0.000000
vn -1.000000 0.000000 -0.000000
vn -1.000000 0.000000 -0.000000
vn -1.000000 0.000000 -0.000000
vn -1.000000 0.000000 -0.000000
vn -1.000000 0.000000 -0.000000
vn -1.000000 0.000000 -0.000000
vn -1.000000 0.000000 -0.000000
vn -1.000000 0.000000 -0.000000
vn -1.000000 0.000000 -0.000000
vn -1.000000 0.000000 -0.000000
vn -1.000000 0.000000 -0.000000
vn -1.000000 0.000000 -0.000000
vn -1.000000 0.000000 -0.000000
vn -1.000000 0.000000 -0.000000
vn -1.000000 0.000000 -0.000000
vn -1.000000 0.000000 -0.000000
vn -1.000000 0.000000 -0.000000
vn -1.000000 0.000000 -0.000000
vn -1.000000 0.000000 -0.000000
vn -1.000000 0.000000 -0.000000
vn -1.000000 0.000000 -0.000000
vn -1.000000 0.000000 -0.000000
vn -1.000000 0.000000 -0.000000
vn -1.000000 0.000000 -0.000000
vn -1.000000 0.000000 -0.000000
vn -1.000000 0.000000 -0.000000
vn -1.000000 0.000000 -0.000000
vn -1.000000 0.000000 -0.000000
vn -1.000000 0.000000 -0.000000
vn -1.000000 0.000000 -0.000000
vn -1.000000 0.000000 -0.000000
vn -1.000000 0.000000 -0.000000
vn -1.000000 0.000000 -0.000000
vn -1.000000 0.000000 -0.000000
vn -1.000000 0.000000 -0.000000
vn -1.000000 0.000000 -0.000000
vn -1.000000 0.000000 -0.000000
vn -1.000000 0.000000 -0.000000
vn -1.000000 0.000000 -0.000000
vn -1.000000 0.000000 -0.000000
vn -1.000000 0.000000 -0.000000
vn -1.000000 0.000000 -0.000000
vn -1.000000 0.000000 -0.000000
vn -1.000000 0.000000 -0.000000
vn -1.000000 0.000000 -0.000000
vn -1.000000 0.000000 -0.000000
vn -1.000000 0.000000 -0.000000
vn -1.000000 0.000000 -0.000000
vn -1.000000 0.000000 -0.000000
vn -1.000000 0.000000 -0.000000
vn -1.000000 0.000000 -0.000000
vn -1.000000 0.000000 -0.000000
vn -1.000000 0.000000 -0.000000
vn -1.000000 0.000000 -0.000000
vn -1.000000 0.000000 -0.000000
vn -1.000000 0.000000 -0.000000
vn -1.000000 0.000000 -0.000000
vn -1.000000 0.000000 -0.000000
vn -1.000000 0.000000 -0.000000
vn -1.000000 0.000000 -0.000000
vn -1.000000 0.000000 -0.000000
vn -1.000000 0.000000 -0.000000
vn -1.000000 0.000000 -0.000000
vn -1.000000 0.000000 -0.000000
vn -1.000000 0.000000 -0.000000
vn -1.000000 0.000000 -0.000000
vn -1.000000 0.000000 -0.000000
vn -1.000000 0.000000 -0.000000
vn -1.000000 0.000000 -0.000000
vn -1.000000 0.000000 -0.000000
vn -1.000000 0.000000 -0.000000
vn -1.000000 0.000000 -0.000000
vn -1.000000 0.000000 -0.000000
vn -1.000000 0.000000 -0.000000
vn -1.000000 0.000000 -0.000000
vn -1.000000 0.000000 -0.000000
vn -1.000000 0.000000 -0.000000
vn -1.000000 0.000000 -0.000000
vn -1.000000 0.000000 -0.000000
vn -1.000000 0.000000 -0.000000
vn -1.000000 0.000000 -0.000000
vn -1.000000 0.000000 -0.000000
vn -1.000000 0.000000 -0.000000
vn -1.000000 0.000000 -0.000000
vn -1.000000 0.000000 -0.000000
vn -1.000000 0.000000 -0.000000
vn -1.000000 0.000000 -0.000000
vn -1.000000 0.000000 -0.000000
vn -1.000000 0.000000 -0.000000
vn -1.000000 0.000000 -0.000000
vn -1.000000 0.000000 -0.000000
vn -1.000000 0.000000 -0.000000
vn -1.000000 0.000000 -0.000000
vn -1.000000 0.000000 -0.000000
vn -1.000000 0.000000 -0.000000
vn -1.000000 0.000000 -0.000000
vn -1.000000 0.000000 -0.000000
vn -1.000000 0.000000 -0.000000
vn -1.000000 0.000000 -0.000000
vn -1.000000 0.000000 -0.000000
vn -1.000000 0.000000 -0.000000
vn -1.000000 0.000000 -0.000000
vn -1.000000 0.000000 -0.000000
vn -1.000000 0.000000 -0.000000
vn -1.000000 0.000000 -0.000000
vn -1.000000 0.000000 -0.000000
vn -1.000000 0.000000 -0.000000
vn -1.000000 0.000000 -0.000000
vn -1.000000 0.000000 -0.000000
vn -1.000000 0.000000 -0.000000
vn -1.000000 0.000000 -0.000000
vn -1.000000 0.000000 -0.000000
vn -1.000000 0.000000 -0.000000
vn -1.000000 0.000000 -0.000000
vn -1.000000 0.000000 -0.000000
vn -1.000000 0.000000 -0.000000
vn -1.000000 0.000000 -0.000000
vn -1.000000 0.000000 -0.000000
vn -1.000000 0.000000 -0.000000
vn -1.000000 0.000000 -0.000000
vn 1.000000 -0.000000 0.000000
vn 1.000000 -0.000000 0.000000
vn 1.000000 -0.000000 0.000000
vn 1.000000 -0.000000 0.000000
vn 1.000000 -0.000000 0.000000
vn 1.000000 -0.000000 0.000000
vn 1.000000 -0.000000 0.000000
vn 1.000000 -0.000000 0.000000
vn 1.000000 -0.000000 0.000000
vn 1.000000 -0.000000 0.000000
vn 1.000000 -0.000000 0.000000
vn 1.000000 -0.000000 0.000000
vn 1.000000 -0.000000 0.000000
vn 1.000000 -0.000000 0.000000
vn 1.000000 -0.000000 0.000000
vn 1.000000 -0.000000 0.000000
vn 1.000000 -0.000000 0.000000
vn 1.000000 -0.000000 0.000000
vn 1.000000 -0.000000 0.000000
vn 1.000000 -0.000000 0.000000
vn 1.000000 -0.000000 0.000000
vn 1.000000 -0.000000 0.000000
vn 1.000000 -0.000000 0.000000
vn 1.000000 -0.000000 0.000000
vn 1.000000 -0.000000 0.000000
vn 1.000000 -0.000000 0.000000
vn 1.000000 -0.000000 0.000000
vn 1.000000 -0.000000 0.000000
vn 1.000000 -0.000000 0.000000
vn 1.000000 -0.000000 0.000000
vn 1.000000 -0.000000 0.000000
vn 1.000000 -0.000000 0.000000
vn 1.000000 -0.000000 0.000000
vn 1.000000 -0.000000 0.000000
vn 1.000000 -0.000000 0.000000
vn 1.000000 -0.000000 0.000000
vn 1.000000 -0.000000 0.000000
vn 1.000000 -0.000000 0.000000
vn 1.000000 -0.000000 0.000000
vn 1.000000 -0.000000 0.000000
vn 1.000000 -0.000000 0.000000
vn 1.000000 -0.000000 0.000000
vn 1.000000 -0.000000 0.000000
vn 1.000000 -0.000000 0.000000
vn 1.000000 -0.000000 0.000000
vn 1.000000 -0.000000 0.000000
vn 1.000000 -0.000000 0.000000
vn 1.000000 -0.000000 0.000000
vn 1.000000 -0.000000 0.000000
vn 1.000000 -0.000000 0.000000
vn 1.000000 -0.000000 0.000000
vn 1.000000 -0.000000 0.000000
vn 1.000000 -0.000000 0.000000
vn 1.000000 -0.000000 0.000000
vn 1.000000 -0.000000 0.000000
vn 1.000000 -0.000000 0.000000
vn 1.000000 -0.000000 0.000000
vn 1.000000 -0.000000 0.000000
vn 1.000000 -0.000000 0.000000
vn 1.000000 -0.000000 0.000000
vn 1.000000 -0.000000 0.000000
vn 1.000000 -0.000000 0.000000
vn 1.000000 -0.000000 0.000000
vn 1.000000 -0.000000 0.000000
vn 1.000000 -0.000000 0.000000
vn 1.000000 -0.000000 0.000000
vn 1.000000 -0.000000 0.000000
vn 1.000000 -0.000000 0.000000
vn 1.000000 -0.000000 0.000000
vn 1.000000 -0.000000 0.000000
vn 1.000000 -0.000000 0.000000
vn 1.000000 -0.000000 0.000000
vn 1.000000 -0.000000 0.000000
vn 1.000000 -0.000000 0.000000
vn 1.000000 -0.000000 0.000000
vn 1.000000 -0.000000 0.000000
vn 1.000000 -0.000000 0.000000
vn 1.000000 -0.000000 0.000000
vn 1.000000 -0.000000 0.000000
vn 1.000000 -0.000000 0.000000
vn 1.000000 -0.000000 0.000000
vn 1.000000 -0.000000 0.000000
vn 1.000000 -0.000000 0.000000
vn 1.000000 -0.000000 0.000000
vn 1.000000 -0.000000 0.000000
vn 1.000000 -0.000000 0.000000
vn 1.000000 -0.000000 0.000000
vn 1.000000 -0.000000 0.000000
vn 1.000000 -0.000000 0.000000
vn 1.000000 -0.000000 0.000000
vn 1.000000 -0.000000 0.000000
vn 1.000000 -0.000000 0.000000
vn 1.000000 -0.000000 0.000000
vn 1.000000 -0.000000 0.000000
vn 1.000000 -0.000000 0.000000
vn 1.000000 -0.000000 0.000000
vn 1.000000 -0.000000 0.000000
vn 1.000000 -0.000000 0.000000
vn 1.000000 -0.000000 0.000000
vn 1.000000 -0.000000 0.000000
vn 1.000000 -0.000000 0.000000
vn 1.000000 -0.000000 0.000000
vn 1.000000 -0.000000 0.000000
vn 1.000000 -0.000000 0.000000
vn 1.000000 -0.000000 0.000000
vn 1.000000 -0.000000 0.000000
vn 1.000000 -0.000000 0.000000
vn 1.000000 -0.000000 0.000000
vn 1.000000 -0.000000 0.000000
vn 1.000000 -0.000000 0.000000
vn 1.000000 -0.000000 0.000000
vn 1.000000 -0.000000 0.000000
vn 1.000000 -0.000000 0.000000
vn 1.000000 -0.000000 0.000000
vn 1.000000 -0.000000 0.000000
vn 1.000000 -0.000000 0.000000
vn 1.000000 -0.000000 0.000000
vn 1.000000 -0.000000 0.000000
vn 1.000000 -0.000000 0.000000
vn 1.000000 -0.000000 0.000000
vn 1.000000 -0.000000 0.000000
vn 1.000000 -0.000000 0.000000
vn 1.000000 -0.000000 0.000000
vn 1.000000 -0.000000 0.000000
vn 1.000000 -0.000000 0.000000
vn 1.000000 -0.000000 0.000000
vn 1.000000 -0.000000 0.000000
vn 1.000000 -0.000000 0.000000
vn 1.000000 -0.000000 0.000000
vn 1.000000 -0.000000 0.000000
vn 1.000000 -0.000000 0.000000
vn 1.000000 -0.000000 0.000000
vn 1.000000 -0.000000 0.000000
vn 1.000000 -0.000000 0.000000
vn 1.000000 -0.000000 0.000000
vn 1.000000 -0.000000 0.000000
vn 1.000000 -0.000000 0.000000
vn 1.000000 -0.000000 0.000000
vn 1.000000 -0.000000 0.000000
vn 1.000000 -0.000000 0.000000
vn 1.000000 -0.000000 0.000000
vn 1.000000 -0.000000 0.000000
vn 1.000000 -0.000000 0.000000
vn 1.000000 -0.000000 0.000000
vn 1.000000 -0.000000 0.000000
vn 1.000000 -0.000000 0.000000
vn 1.000000 -0.000000 0.000000
vn 1.000000 -0.000000 0.000000
vn 1.000000 -0.000000 0.000000
vn 1.000000 -0.000000 0.000000
vn 1.000000 -0.000000 0.000000
vn 1.000000 -0.000000 0.000000
vn 1.000000 -0.000000 0.000000
vn 1.000000 -0.000000 0.000000
vn 1.000000 -0.000000 0.000000
vn 1.000000 -0.000000 0.000000
vn 1.000000 -0.000000 0.000000
vn -1.000000 0.000000 -0.000000
vn -1.000000 0.000000 -0.000000
vn -1.000000 0.000000 -0.000000
vn -1.000000 0.000000 -0.000000
vn -1.000000 0.000000 -0.000000
vn -1.000000 0.000000 -0.000000
vn -1.000000 0.000000 -0.000000
vn -1.000000 0.000000 -0.000000
vn -1.000000 0.000000 -0.000000
vn -1.000000 0.000000 -0.000000
vn -1.000000 0.000000 -0.000000
vn -1.000000 0.000000 -0.000000
vn -1.000000 0.000000 -0.000000
vn -1.000000 0.000000 -0.000000
vn -1.000000 0.000000 -0.000000
vn -1.000000 0.000000 -0.000000
vn -1.000000 0.000000 -0.000000
vn -1.000000 0.000000 -0.000000
vn -1.000000 0.000000 -0.000000
vn -1.000000 0.000000 -0.000000
vn -1.000000 0.000000 -0.000000
vn -1.000000 0.000000 -0.000000
vn -1.000000 0.000000 -0.000000
vn -1.000000 0.000000 -0.000000
vn -1.000000 0.000000 -0.000000
vn -1.000000 0.000000 -0.000000
vn -1.000000 0.000000 -0.000000
vn -1.000000 0.000000 -0.000000
vn -1.000000 0.000000 -0.000000
vn -1.000000 0.000000 -0.000000
vn -1.000000 0.000000 -0.000000
vn -1.000000 0.000000 -0.000000
vn -1.000000 0.000000 -0.000000
vn -1.000000 0.000000 -0.000000
vn -1.000000 0.000000 -0.000000
vn -1.000000 0.000000 -0.000000
vn -1.000000 0.000000 -0.000000
vn -1.000000 0.000000 -0.000000
vn -1.000000 0.000000 -0.000000
vn -1.000000 0.000000 -0.000000
vn -1.000000 0.000000 -0.000000
vn -1.000000 0.000000 -0.000000
vn -1.000000 0.000000 -0.000000
vn -1.000000 0.000000 -0.000000
vn -1.000000 0.000000 -0.000000
vn -1.000000 0.000000 -0.000000
vn -1.000000 0.000000 -0.000000
vn -1.000000 0.000000 -0.000000
vn -1.000000 0.000000 -0.000000
vn -1.000000 0.000000 -0.000000
vn -1.000000 0.000000 -0.000000
vn -1.000000 0.000000 -0.000000
vn -1.000000 0.000000 -0.000000
vn -1.000000 0.000000 -0.000000
vn -1.000000 0.000000 -0.000000
vn -1.000000 0.000000 -0.000000
vn -1.000000 0.000000 -0.000000
vn -1.000000 0.000000 -0.000000
vn -1.000000 0.000000 -0.000000
vn -1.000000 0.000000 -0.000000
vn -1.000000 0.000000 -0.000000
vn -1.000000 0.000000 -0.000000
vn -1.000000 0.000000 -0.000000
vn -1.000000 0.000000 -0.000000
vn -1.000000 0.000000 -0.000000
vn -1.000000 0.000000 -0.000000
vn -1.000000 0.000000 -0.000000
vn -1.000000 0.000000 -0.000000
vn -1.000000 0.000000 -0.000000
vn -1.000000 0.000000 -0.000000
vn -1.000000 0.000000 -0.000000
vn -1.000000 0.000000 -0.000000
vn -1.000000 0.000000 -0.000000
vn -1.000000 0.000000 -0.000000
vn -1.000000 0.000000 -0.000000
vn -1.000000 0.000000 -0.000000
vn -1.000000 0.000000 -0.000000
vn -1.000000 0.000000 -0.000000
vn -1.000000 0.000000 -0.000000
vn -1.000000 0.000000 -0.000000
vn -1.000000 0.000000 -0.000000
vn -1.000000 0.000000 -0.000000
vn -1.000000 0.000000 -0.000000
vn -1.000000 0.000000 -0.000000
vn -1.000000 0.000000 -0.000000
vn -1.000000 0.000000 -0.000000
vn -1.000000 0.000000 -0.000000
vn -1.000000 0.000000 -0.000000
vn -1.000000 0.000000 -0.000000
vn -1.000000 0.000000 -0.000000
vn -1.000000 0.000000 -0.000000
vn -1.000000 0.000000 -0.000000
vn -1.000000 0.000000 -0.000000
vn -1.000000 0.000000 -0.000000
vn -1.000000 0.000000 -0.000000
vn -1.000000 0.000000 -0.000000
vn -1.000000 0.000000 -0.000000
vn -1.000000 0.000000 -0.000000
vn -1.000000 0.000000 -0.000000
vn -1.000000 0.000000 -0.000000
vn -1.000000 0.000000 -0.000000
vn -1.000000 0.000000 -0.000000
vn -1.000000 0.000000 -0.000000
vn -1.000000 0.000000 -0.000000
vn -1.000000 0.000000 -0.000000
vn -1.000000 0.000000 -0.000000
vn -1.000000 0.000000 -0.000000
vn -1.000000 0.000000 -0.000000
vn -1.000000 0.000000 -0.000000
vn -1.000000 0.000000 -0.000000
vn -1.000000 0.000000 -0.000000
vn -1.000000 0.000000 -0.000000
vn -1.000000 0.000000 -0.000000
vn -1.000000 0.000000 -0.000000
vn -1.000000 0.000000 -0.000000
vn -1.000000 0.000000 -0.000000
vn -1.000000 0.000000 -0.000000
vn -1.000000 0.000000 -0.000000
vn -1.000000 0.000000 -0.000000
vn -1.000000 0.000000 -0.000000
vn -1.000000 0.000000 -0.000000
vn -1.000000 0.000000 -0.000000
vn -1.000000 0.000000 -0.000000
vn -1.000000 0.000000 -0.000000
vn -1.000000 0.000000 -0.000000
vn -1.000000 0.000000 -0.000000
vn -1.000000 0.000000 -0.000000
vn -1.000000 0.000000 -0.000000
vn -1.000000 0.000000 -0.000000
vn -1.000000 0.000000 -0.000000
vn -1.000000 0.000000 -0.000000
vn -1.000000 0.000000 -0.000000
vn -1.000000 0.000000 -0.000000
vn -1.000000 0.000000 -0.000000
vn -1.000000 0.000000 -0.000000
vn -1.000000 0.000000 -0.000000
vn -1.000000 0.000000 -0.000000
vn -1.000000 0.000000 -0.000000
vn -1.000000 0.000000 -0.000000
vn -1.000000 0.000000 -0.000000
vn -1.000000 0.000000 -0.000000
vn -1.000000 0.000000 -0.000000
vn -1.000000 0.000000 -0.000000
vn -1.000000 0.000000 -0.000000
vn -1.000000 0.000000 -0.000000
vn -1.000000 0.000000 -0.000000
vn -1.000000 0.000000 -0.000000
vn -1.000000 0.000000 -0.000000
vn -1.000000 0.000000 -0.000000
vn -1.000000 0.000000 -0.000000
vn -1.000000 0.000000 -0.000000
vn -1.000000 0.000000 -0.000000
vn -1.000000 0.000000 -0.000000
vn -1.000000 0.000000 -0.000000
vn -1.000000 0.000000 -0.000000
vn -1.000000 0.000000 -0.000000
vn -1.000000 0.000000 -0.000000
vn -1.000000 0.000000 -0.000000
vn -1.000000 0.000000 -0.000000
vn -0.000000 -0.000000 1.000000
vn -0.000000 -0.000000 1.000000
vn -0.000000 -0.965926 0.258819
vn -0.000000 -0.965926 0.258819
vn -0.000000 -1.000000 0.000000
vn -0.000000 -1.000000 0.000000
vn -0.000000 -0.965926 -0.258819
vn -0.000000 -0.965926 -0.258819
vn -0.000000 -0.866025 -0.500000
vn -0.000000 -0.866025 -0.500000
vn -0.000000 -0.707107 -0.707107
vn -0.000000 -0.707107 -0.707107
vn 0.000000 -0.500000 -0.866025
vn 0.000000 -0.500000 -0.866025
vn 0.000000 -0.258819 -0.965926
vn 0.000000 -0.258819 -0.965926
vn 0.000000 -0.000000 -1.000000
vn 0.000000 0.000000 -1.000000
vn 0.000000 0.258819 -0.965926
vn 0.000000 0.258819 -0.965926
vn 0.000000 0.500000 -0.866025
vn 0.000000 0.500000 -0.866025
vn 0.000000 0.707107 -0.707107
vn 0.000000 0.707107 -0.707107
vn 0.000000 0.866025 -0.500000
vn 0.000000 0.866025 -0.500000
vn 0.000000 0.965926 -0.258819
vn 0.000000 0.965926 -0.258819
vn 0.000000 1.000000 0.000000
vn 0.000000 1.000000 0.000000
vn 0.000000 0.965926 0.258819
vn 0.000000 0.965926 0.258819
vn 0.000000 0.866025 0.500000
vn 0.000000 0.866025 0.500000
vn 0.000000 0.707107 0.707107
vn 0.000000 0.707107 0.707107
vn -0.000000 0.500000 0.866025
vn -0.000000 0.500000 0.866025
vn -0.000000 0.258819 0.965926
vn -0.000000 0.258819 0.965926
vn -0.000000 -0.000000 1.000000
vn -0.000000 0.000000 1.000000
vn -0.000000 -0.258819 0.965926
vn -0.000000 -0.258819 0.965926
vn -0.000000 -0.500000 0.866025
vn -0.000000 -0.500000 0.866025
vn -0.000000 -0.707107 0.707107
vn -0.000000 -0.707107 0.707107
vn -0.000000 -0.866025 0.500000
vn -0.000000 -0.866025 0.500000
vn -0.000000 -0.965926 0.258819
vn -0.000000 -0.965926 0.258819
vn -0.000000 -1.000000 0.000000
vn -0.000000 -1.000000 0.000000
vn -0.000000 -0.965926 -0.258819
vn -0.000000 -0.965926 -0.258819
vn -0.000000 -0.866025 -0.500000
vn -0.000000 -0.866025 -0.500000
vn -0.000000 -0.707107 -0.707107
vn -0.000000 -0.707107 -0.707107
vn 0.000000 -0.500000 -0.866025
vn 0.000000 -0.500000 -0.866025
vn 0.000000 -0.258819 -0.965926
vn 0.000000 -0.258819 -0.965926
vn 0.000000 -0.000000 -1.000000
vn 0.000000 0.000000 -1.000000
vn 0.000000 0.258819 -0.965926
vn 0.000000 0.258819 -0.965926
vn 0.000000 0.500000 -0.866025
vn 0.000000 0.500000 -0.866025
vn 0.000000 0.707107 -0.707107
vn 0.000000 0.707107 -0.707107
vn 0.000000 0.866025 -0.500000
vn 0.000000 0.866025 -0.500000
vn 0.000000 0.965926 -0.258819
vn 0.000000 0.965926 -0.258819
vn 0.000000 1.000000 -0.000000
vn 0.000000 1.000000 0.000000
vn 0.000000 0.965926 0.258819
vn 0.000000 0.965926 0.258819
vn 0.000000 0.866025 0.500000
vn 0.000000 0.866025 0.500000
vn 0.000000 0.707107 0.707107
vn 0.000000 0.707107 0.707107
vn -0.000000 0.500000 0.866025
vn -0.000000 0.500000 0.866025
vn -0.000000 0.258819 0.965926
vn -0.000000 0.258819 0.965926
vn -0.000000 -0.000000 1.000000
vn -0.000000 0.000000 1.000000
vn -0.000000 -0.258819 0.965926
vn -0.000000 -0.258819 0.965926
vn -0.000000 -0.500000 0.866025
vn -0.000000 -0.500000 0.866025
vn -0.000000 -0.707107 0.707107
vn -0.000000 -0.707107 0.707107
vn -0.000000 -0.866025 0.500000
vn -0.000000 -0.866025 0.500000
vn -0.000000 -0.965926 0.258819
vn -0.000000 -0.965926 0.258819
vn -0.000000 -1.000000 0.000000
vn -0.000000 -1.000000 0.000000
vn -0.000000 -0.965926 -0.258819
vn -0.000000 -0.965926 -0.258819
vn -0.000000 -0.866025 -0.500000
vn -0.000000 -0.866025 -0.500000
vn -0.000000 -0.707107 -0.707107
vn -0.000000 -0.707107 -0.707107
vn 0.000000 -0.500000 -0.866025
vn 0.000000 -0.500000 -0.866025
vn 0.000000 -0.258819 -0.965926
vn 0.000000 -0.258819 -0.965926
vn 0.000000 -0.000000 -1.000000
vn 0.000000 0.000000 -1.000000
vn 0.000000 0.258819 -0.965926
vn 0.000000 0.258819 -0.965926
vn 0.000000 0.500000 -0.866025
vn 0.000000 0.500000 -0.866025
vn 0.000000 0.707107 -0.707107
vn 0.000000 0.707107 -0.707107
vn 0.000000 0.866025 -0.500000
vn 0.000000 0.866025 -0.500000
vn 0.000000 0.965926 -0.258819
vn 0.000000 0.965926 -0.258819
vn 0.000000 1.000000 0.000000
vn 0.000000 1.000000 0.000000
vn 0.000000 0.965926 0.258819
vn 0.000000 0.965926 0.258819
vn 0.000000 0.866025 0.500000
vn 0.000000 0.866025 0.500000
vn 0.000000 0.707107 0.707107
vn 0.000000 0.707107 0.707107
vn -0.000000 0.500000 0.866025
vn -0.000000 0.500000 0.866025
vn -0.000000 0.258819 0.965926
vn -0.000000 0.258819 0.965926
vn -0.000000 -0.000000 1.000000
vn -0.000000 0.000000 1.000000
vn -0.000000 -0.258819 0.965926
vn -0.000000 -0.258819 0.965926
vn -0.000000 -0.500000 0.866025
vn -0.000000 -0.500000 0.866025
vn -0.000000 -0.707107 0.707107
vn -0.000000 -0.707107 0.707107
vn -0.000000 -0.866025 0.500000
vn -0.000000 -0.866025 0.500000
vn -0.000000 -0.965926 0.258819
vn -0.000000 -0.965926 0.258819
vn -0.000000 -1.000000 0.000000
vn -0.000000 -1.000000 0.000000
vn -0.000000 -0.965926 -0.258819
vn -0.000000 -0.965926 -0.258819
vn -0.000000 -0.866025 -0.500000
vn -0.000000 -0.866025 -0.500000
vn -0.000000 -0.707107 -0.707107
vn -0.000000 -0.707107 -0.707107
vn 0.000000 -0.500000 -0.866025
vn 0.000000 -0.500000 -0.866025
vn 0.000000 -0.258819 -0.965926
vn 0.000000 -0.258819 -0.965926
vn 0.000000 -0.000000 -1.000000
vn 0.000000 0.000000 -1.000000
vn 0.000000 0.258819 -0.965926
vn 0.000000 0.258819 -0.965926
vn 0.000000 0.500000 -0.866025
vn 0.000000 0.500000 -0.866025
vn 0.000000 0.707107 -0.707107
vn 0.000000 0.707107 -0.707107
vn 0.000000 0.866025 -0.500000
vn 0.000000 0.866025 -0.500000
vn 0.000000 0.965926 -0.258819
vn 0.000000 0.965926 -0.258819
vn 0.000000 1.000000 0.000000
vn 0.000000 1.000000 0.000000
vn 0.000000 0.965926 0.258819
vn 0.000000 0.965926 0.258819
vn 0.000000 0.866025 0.500000
vn 0.000000 0.866025 0.500000
vn 0.000000 0.707107 0.707107
vn 0.000000 0.707107 0.707107
vn -0.000000 0.500000 0.866025
vn -0.000000 0.500000 0.866025
vn -0.000000 0.258819 0.965926
vn -0.000000 0.258819 0.965926
vn -0.000000 -0.000000 1.000000
vn -0.000000 0.000000 1.000000
vn -0.000000 -0.258819 0.965926
vn -0.000000 -0.258819 0.965926
vn -0.000000 -0.500000 0.866025
vn -0.000000 -0.500000 0.866025
vn -0.000000 -0.707107 0.707107
vn -0.000000 -0.707107 0.707107
vn -0.000000 -0.866025 0.500000
vn -0.000000 -0.866025 0.500000
vn -0.000000 -0.976621 0.214970
vn -0.000000 -0.976621 0.214970
vn -0.000000 -1.000000 0.000000
vn -0.000000 -1.000000 0.000000
vn -0.000000 -0.976621 -0.214970
vn -0.000000 -0.976621 -0.214970
vn -0.000000 -0.907575 -0.419889
vn -0.000000 -0.907575 -0.419889
vn -0.000000 -0.796093 -0.605174
vn -0.000000 -0.796093 -0.605174
vn -0.000000 -0.647386 -0.762162
vn -0.000000 -0.647386 -0.762162
vn 0.000000 -0.468408 -0.883512
vn 0.000000 -0.468408 -0.883512
vn 0.000000 -0.267528 -0.963550
vn 0.000000 -0.267528 -0.963550
vn 0.000000 -0.054139 -0.998533
vn 0.000000 -0.054139 -0.998533
vn 0.000000 0.161782 -0.986827
vn 0.000000 0.161782 -0.986827
vn 0.000000 0.370138 -0.928977
vn 0.000000 0.370138 -0.928977
vn 0.000000 0.561187 -0.827689
vn 0.000000 0.561187 -0.827689
vn 0.000000 0.725995 -0.687699
vn 0.000000 0.725995 -0.687699
vn 0.000000 0.856857 -0.515554
vn 0.000000 0.856857 -0.515554
vn 0.000000 0.947653 -0.319302
vn 0.000000 0.947653 -0.319302
vn 0.000000 0.994138 -0.108119
vn 0.000000 0.994138 -0.108119
vn 0.000000 0.994138 0.108119
vn 0.000000 0.994138 0.108119
vn 0.000000 0.947653 0.319302
vn 0.000000 0.947653 0.319302
vn 0.000000 0.856857 0.515554
vn 0.000000 0.856857 0.515554
vn 0.000000 0.725995 0.687699
vn 0.000000 0.725995 0.687699
vn 0.000000 0.561187 0.827689
vn 0.000000 0.561187 0.827689
vn -0.000000 0.370138 0.928977
vn -0.000000 0.370138 0.928977
vn -0.000000 0.161782 0.986827
vn -0.000000 0.161782 0.986827
vn -0.000000 -0.054139 0.998533
vn -0.000000 -0.054139 0.998533
vn -0.000000 -0.267528 0.963550
vn -0.000000 -0.267528 0.963550
vn -0.000000 -0.468408 0.883512
vn -0.000000 -0.468408 0.883512
vn -0.000000 -0.647386 0.762162
vn -0.000000 -0.647386 0.762162
vn -0.000000 -0.796093 0.605174
vn -0.000000 -0.796093 0.605174
vn -0.000000 -0.907575 0.419889
vn -0.000000 -0.907575 0.419889
vn 0.000000 0.296439 -0.955052
vn 0.000000 0.390599 -0.920561
vn 0.000000 0.452326 -0.891853
vn 0.000000 0.498900 -0.866659
vn 0.000000 0.511956 -0.859012
vn 0.000000 0.569214 -0.822189
vn 0.000000 0.296439 -0.955052
vn 0.000000 0.199297 -0.979939
vn 0.000000 0.199297 -0.979939
vn 0.000000 0.100152 -0.994972
vn 0.000000 0.100152 -0.994972
vn 0.000000 0.599901 -0.800074
vn 0.000000 0.623834 -0.781557
vn 0.000000 0.692122 -0.721781
vn 0.000000 0.675563 -0.737302
vn 0.000000 0.724161 -0.689630
vn 0.000000 0.774214 -0.632924
vn 0.000000 0.769404 -0.638763
vn 0.000000 0.811080 -0.584935
vn 0.000000 0.844976 -0.534804
vn 0.000000 0.848998 -0.528396
vn 0.000000 0.882981 -0.469409
vn 0.000000 0.903372 -0.428858
vn 0.000000 0.912872 -0.408246
vn 0.000000 0.938532 -0.345191
vn 0.000000 0.948547 -0.316636
vn 0.000000 0.959843 -0.280537
vn 0.000000 0.979841 -0.199780
vn 0.000000 0.976706 -0.214582
vn 0.000000 0.989042 -0.147633
vn 0.000000 0.996795 -0.080000
vn 0.000000 0.996795 -0.080000
vn 0.000000 0.390599 -0.920561
vn 0.000000 0.390599 -0.920561
vn 0.000000 0.498900 -0.866659
vn 0.000000 0.498900 -0.866659
vn 0.000000 0.599901 -0.800074
vn 0.000000 0.599901 -0.800074
vn 0.000000 0.692122 -0.721781
vn 0.000000 0.692122 -0.721781
vn 0.000000 0.774214 -0.632924
vn 0.000000 0.774214 -0.632924
vn 0.000000 0.844976 -0.534804
vn 0.000000 0.844976 -0.534804
vn 0.000000 0.903372 -0.428858
vn 0.000000 0.903372 -0.428858
vn 0.000000 0.948547 -0.316636
vn 0.000000 0.948547 -0.316636
vn 0.000000 0.979841 -0.199780
vn 0.000000 0.979841 -0.199780
vn 0.000000 0.996795 -0.080000
vn 0.000000 0.996795 -0.080000
vn -0.000000 -0.965926 0.258819
vn -0.000000 -0.965926 0.258819
vn -0.000000 -1.000000 0.000000
vn -0.000000 -1.000000 0.000000
vn -0.000000 -0.965926 -0.258819
vn -0.000000 -0.965926 -0.258819
vn -0.000000 -0.866025 -0.500000
vn -0.000000 -0.866025 -0.500000
vn -0.000000 -0.707107 -0.707107
vn -0.000000 -0.707107 -0.707107
vn 0.000000 -0.500000 -0.866025
vn 0.000000 -0.500000 -0.866025
vn 0.000000 -0.258819 -0.965926
vn 0.000000 -0.258819 -0.965926
vn 0.000000 -0.000000 -1.000000
vn 0.000000 0.000000 -1.000000
vn 0.000000 0.258819 -0.965926
vn 0.000000 0.258819 -0.965926
vn 0.000000 0.500000 -0.866025
vn 0.000000 0.500000 -0.866025
vn 0.000000 0.707107 -0.707107
vn 0.000000 0.707107 -0.707107
vn 0.000000 0.866025 -0.500000
vn 0.000000 0.866025 -0.500000
vn 0.000000 0.965926 -0.258819
vn 0.000000 0.965926 -0.258819
vn 0.000000 1.000000 -0.000000
vn 0.000000 1.000000 0.000000
vn 0.000000 0.965926 0.258819
vn 0.000000 0.965926 0.258819
vn 0.000000 0.866025 0.500000
vn 0.000000 0.866025 0.500000
vn 0.000000 0.707107 0.707107
vn 0.000000 0.707107 0.707107
vn -0.000000 0.500000 0.866025
vn -0.000000 0.500000 0.866025
vn -0.000000 0.258819 0.965926
vn -0.000000 0.258819 0.965926
vn -0.000000 0.000000 1.000000
vn -0.000000 0.000000 1.000000
vn -0.000000 -0.258819 0.965926
vn -0.000000 -0.258819 0.965926
vn -0.000000 -0.500000 0.866025
vn -0.000000 -0.500000 0.866025
vn -0.000000 -0.707107 0.707107
vn -0.000000 -0.707107 0.707107
vn -0.000000 -0.866025 0.500000
vn -0.000000 -0.866025 0.500000
vn -0.000000 -0.965926 0.258819
vn -0.000000 -0.965926 0.258819
vn -0.000000 -1.000000 0.000000
vn -0.000000 -1.000000 0.000000
vn -0.000000 -0.965926 -0.258819
vn -0.000000 -0.965926 -0.258819
vn -0.000000 -0.866025 -0.500000
vn -0.000000 -0.866025 -0.500000
vn -0.000000 -0.707107 -0.707107
vn -0.000000 -0.707107 -0.707107
vn 0.000000 -0.500000 -0.866025
vn 0.000000 -0.500000 -0.866025
vn 0.000000 -0.258819 -0.965926
vn 0.000000 -0.258819 -0.965926
vn 0.000000 -0.000000 -1.000000
vn 0.000000 0.000000 -1.000000
vn 0.000000 0.258819 -0.965926
vn 0.000000 0.258819 -0.965926
vn 0.000000 0.500000 -0.866025
vn 0.000000 0.500000 -0.866025
vn 0.000000 0.707107 -0.707107
vn 0.000000 0.707107 -0.707107
vn 0.000000 0.866025 -0.500000
vn 0.000000 0.866025 -0.500000
vn 0.000000 0.965926 -0.258819
vn 0.000000 0.965926 -0.258819
vn 0.000000 1.000000 -0.000000
vn 0.000000 1.000000 0.000000
vn 0.000000 0.965926 0.258819
vn 0.000000 0.965926 0.258819
vn 0.000000 0.866025 0.500000
vn 0.000000 0.866025 0.500000
vn 0.000000 0.707107 0.707107
vn 0.000000 0.707107 0.707107
vn -0.000000 0.500000 0.866025
vn -0.000000 0.500000 0.866025
vn -0.000000 0.258819 0.965926
vn -0.000000 0.258819 0.965926
vn -0.000000 0.000000 1.000000
vn -0.000000 0.000000 1.000000
vn -0.000000 -0.258819 0.965926
vn -0.000000 -0.258819 0.965926
vn -0.000000 -0.500000 0.866025
vn -0.000000 -0.500000 0.866025
vn -0.000000 -0.707107 0.707107
vn -0.000000 -0.707107 0.707107
vn -0.000000 -0.866025 0.500000
vn -0.000000 -0.866025 0.500000
vn -0.000000 -0.965926 0.258819
vn -0.000000 -0.965926 0.258819
vn -0.000000 -1.000000 0.000000
vn -0.000000 -1.000000 0.000000
vn -0.000000 -0.965926 -0.258819
vn -0.000000 -0.965926 -0.258819
vn -0.000000 -0.866025 -0.500000
vn -0.000000 -0.866025 -0.500000
vn -0.000000 -0.707107 -0.707107
vn -0.000000 -0.707107 -0.707107
vn 0.000000 -0.500000 -0.866025
vn 0.000000 -0.500000 -0.866025
vn 0.000000 -0.258819 -0.965926
vn 0.000000 -0.258819 -0.965926
vn 0.000000 -0.000000 -1.000000
vn 0.000000 0.000000 -1.000000
vn 0.000000 0.258819 -0.965926
vn 0.000000 0.258819 -0.965926
vn 0.000000 0.500000 -0.866025
vn 0.000000 0.500000 -0.866025
vn 0.000000 0.707107 -0.707107
vn 0.000000 0.707107 -0.707107
vn 0.000000 0.866025 -0.500000
vn 0.000000 0.866025 -0.500000
vn 0.000000 0.965926 -0.258819
vn 0.000000 0.965926 -0.258819
vn 0.000000 1.000000 -0.000000
vn 0.000000 1.000000 0.000000
vn 0.000000 0.965926 0.258819
vn 0.000000 0.965926 0.258819
vn 0.000000 0.866025 0.500000
vn 0.000000 0.866025 0.500000
vn 0.000000 0.707107 0.707107
vn 0.000000 0.707107 0.707107
vn -0.000000 0.500000 0.866025
vn -0.000000 0.500000 0.866025
vn -0.000000 0.258819 0.965926
vn -0.000000 0.258819 0.965926
vn -0.000000 0.000000 1.000000
vn -0.000000 0.000000 1.000000
vn -0.000000 -0.258819 0.965926
vn -0.000000 -0.258819 0.965926
vn -0.000000 -0.500000 0.866025
vn -0.000000 -0.500000 0.866025
vn -0.000000 -0.707107 0.707107
vn -0.000000 -0.707107 0.707107
vn -0.000000 -0.866025 0.500000
vn -0.000000 -0.866025 0.500000
vn -0.000000 -0.965926 0.258819
vn -0.000000 -0.965926 0.258819
vn -0.000000 -1.000000 0.000000
vn -0.000000 -1.000000 0.000000
vn -0.000000 -0.965926 -0.258819
vn -0.000000 -0.965926 -0.258819
vn -0.000000 -0.866025 -0.500000
vn -0.000000 -0.866025 -0.500000
vn -0.000000 -0.707107 -0.707107
vn -0.000000 -0.707107 -0.707107
vn 0.000000 -0.500000 -0.866025
vn 0.000000 -0.500000 -0.866025
vn 0.000000 -0.258819 -0.965926
vn 0.000000 -0.258819 -0.965926
vn 0.000000 -0.000000 -1.000000
vn 0.000000 0.000000 -1.000000
vn 0.000000 0.258819 -0.965926
vn 0.000000 0.258819 -0.965926
vn 0.000000 0.500000 -0.866025
vn 0.000000 0.500000 -0.866025
vn 0.000000 0.707107 -0.707107
vn 0.000000 0.707107 -0.707107
vn 0.000000 0.866025 -0.500000
vn 0.000000 0.866025 -0.500000
vn 0.000000 0.965926 -0.258819
vn 0.000000 0.965926 -0.258819
vn 0.000000 1.000000 -0.000000
vn 0.000000 1.000000 0.000000
vn 0.000000 0.965926 0.258819
vn 0.000000 0.965926 0.258819
vn 0.000000 0.866025 0.500000
vn 0.000000 0.866025 0.500000
vn 0.000000 0.707107 0.707107
vn 0.000000 0.707107 0.707107
vn -0.000000 0.500000 0.866025
vn -0.000000 0.500000 0.866025
vn -0.000000 0.258819 0.965926
vn -0.000000 0.258819 0.965926
vn -0.000000 0.000000 1.000000
vn -0.000000 0.000000 1.000000
vn -0.000000 -0.258819 0.965926
vn -0.000000 -0.258819 0.965926
vn -0.000000 -0.500000 0.866025
vn -0.000000 -0.500000 0.866025
vn -0.000000 -0.707107 0.707107
vn -0.000000 -0.707107 0.707107
vn -0.000000 -0.866025 0.500000
vn -0.000000 -0.866025 0.500000
vn -0.000000 -0.976621 0.214970
vn -0.000000 -0.976621 0.214970
vn -0.000000 -1.000000 0.000000
vn -0.000000 -1.000000 0.000000
vn -0.000000 -0.976621 -0.214970
vn -0.000000 -0.976621 -0.214970
vn -0.000000 -0.907575 -0.419889
vn -0.000000 -0.907575 -0.419889
vn -0.000000 -0.796093 -0.605174
vn -0.000000 -0.796093 -0.605174
vn -0.000000 -0.647386 -0.762162
vn -0.000000 -0.647386 -0.762162
vn 0.000000 -0.468408 -0.883512
vn 0.000000 -0.468408 -0.883512
vn 0.000000 -0.267528 -0.963550
vn 0.000000 -0.267528 -0.963550
vn 0.000000 -0.054139 -0.998533
vn 0.000000 -0.054139 -0.998533
vn 0.000000 0.161782 -0.986827
vn 0.000000 0.161782 -0.986827
vn 0.000000 0.370138 -0.928977
vn 0.000000 0.370138 -0.928977
vn 0.000000 0.561187 -0.827689
vn 0.000000 0.561187 -0.827689
vn 0.000000 0.725995 -0.687699
vn 0.000000 0.725995 -0.687699
vn 0.000000 0.856857 -0.515554
vn 0.000000 0.856857 -0.515554
vn 0.000000 0.947653 -0.319302
vn 0.000000 0.947653 -0.319302
vn 0.000000 0.994138 -0.108119
vn 0.000000 0.994138 -0.108119
vn 0.000000 0.994138 0.108119
vn 0.000000 0.994138 0.108119
vn 0.000000 0.947653 0.319302
vn 0.000000 0.947653 0.319302
vn 0.000000 0.856857 0.515554
vn 0.000000 0.856857 0.515554
vn 0.000000 0.725995 0.687699
vn 0.000000 0.725995 0.687699
vn 0.000000 0.561187 0.827689
vn 0.000000 0.561187 0.827689
vn -0.000000 0.370138 0.928977
vn -0.000000 0.370138 0.928977
vn -0.000000 0.161782 0.986827
vn -0.000000 0.161782 0.986827
vn -0.000000 -0.054139 0.998533
vn -0.000000 -0.054139 0.998533
vn -0.000000 -0.267528 0.963550
vn -0.000000 -0.267528 0.963550
vn -0.000000 -0.468408 0.883512
vn -0.000000 -0.468408 0.883512
vn -0.000000 -0.647386 0.762162
vn -0.000000 -0.647386 0.762162
vn -0.000000 -0.796093 0.605174
vn -0.000000 -0.796093 0.605174
vn -0.000000 -0.907575 0.419889
vn -0.000000 -0.907575 0.419889
vn -0.000000 0.427377 0.904073
vn -0.000000 0.427377 0.904073
vn -0.000000 0.414380 0.910104
vn -0.000000 0.414380 0.910104
vn 0.000000 0.393700 -0.919239
vn 0.000000 0.393700 -0.919239
vn 0.000000 0.392667 -0.919681
vn 0.000000 0.392667 -0.919681
vn 0.000000 0.391633 -0.920121
vn 0.000000 0.391633 -0.920121
usemtl ABS_(White)
f 16/1/1 1/2/2 17/3/3
f 17/3/3 1/2/2 2/4/4
f 17/3/3 2/4/4 3/5/5
f 17/3/3 3/5/5 18/6/6
f 18/6/6 3/5/5 4/7/7
f 18/6/6 4/7/7 19/8/8
f 19/8/8 4/7/7 5/9/9
f 19/8/8 5/9/9 6/10/10
f 19/8/8 6/10/10 20/11/11
f 20/11/11 6/10/10 7/12/12
f 20/11/11 7/12/12 21/13/13
f 21/13/13 7/12/12 8/14/14
f 21/13/13 8/14/14 10/15/15
f 10/15/15 8/14/14 9/16/16
f 10/15/15 11/17/17 21/13/13
f 21/13/13 11/17/17 20/11/11
f 11/17/17 12/18/18 20/11/11
f 20/11/11 12/18/18 13/19/19
f 20/11/11 13/19/19 19/8/8
f 19/8/8 13/19/19 18/6/6
f 13/19/19 14/20/20 18/6/6
f 18/6/6 14/20/20 17/3/3
f 14/20/20 15/21/21 17/3/3
f 17/3/3 15/21/21 16/1/1
f 9/22/16 22/23/22 10/24/15
f 10/24/15 22/23/22 23/25/23
f 23/26/23 22/27/22 38/28/24
f 38/28/24 22/27/22 24/29/25
f 38/28/24 24/29/25 25/30/26
f 38/28/24 25/30/26 39/31/27
f 39/31/27 25/30/26 26/32/28
f 39/31/27 26/32/28 40/33/29
f 40/33/29 26/32/28 27/34/30
f 40/33/29 27/34/30 28/35/31
f 40/33/29 28/35/31 41/36/32
f 41/36/32 28/35/31 29/37/33
f 41/36/32 29/37/33 42/38/34
f 42/38/34 29/37/33 30/39/35
f 42/38/34 30/39/35 32/40/36
f 32/40/36 30/39/35 31/41/37
f 32/40/36 33/42/38 42/38/34
f 42/38/34 33/42/38 34/43/39
f 42/38/34 34/43/39 41/36/32
f 41/36/32 34/43/39 40/33/29
f 34/43/39 35/44/40 40/33/29
f 40/33/29 35/44/40 39/31/27
f 35/44/40 36/45/41 39/31/27
f 39/31/27 36/45/41 37/46/42
f 39/31/27 37/46/42 38/28/24
f 38/28/24 37/46/42 23/26/23
f 31/47/37 43/48/43 32/49/36
f 32/49/36 43/48/43 187/50/44
f 32/49/36 187/50/44 188/51/45
f 43/48/43 44/52/46 187/50/44
f 187/50/44 44/52/46 45/53/47
f 187/50/44 45/53/47 46/54/48
f 47/55/49 185/56/50 46/54/48
f 46/54/48 185/56/50 186/57/51
f 46/54/48 186/57/51 187/50/44
f 48/58/52 164/59/53 47/55/49
f 47/55/49 164/59/53 165/60/54
f 47/55/49 165/60/54 183/61/55
f 183/61/55 165/60/54 182/62/56
f 182/62/56 165/60/54 166/63/57
f 182/62/56 166/63/57 87/64/58
f 87/64/58 166/63/57 86/65/59
f 86/65/59 166/63/57 167/66/60
f 86/65/59 167/66/60 168/67/61
f 49/68/62 158/69/63 48/58/52
f 48/58/52 158/69/63 159/70/64
f 48/58/52 159/70/64 160/71/65
f 50/72/66 153/73/67 49/68/62
f 49/68/62 153/73/67 154/74/68
f 49/68/62 154/74/68 155/75/69
f 153/73/67 50/72/66 176/76/70
f 176/76/70 50/72/66 51/77/71
f 176/76/70 51/77/71 175/78/72
f 175/78/72 51/77/71 80/79/73
f 175/78/72 80/79/73 81/80/74
f 51/77/71 52/81/75 80/79/73
f 80/79/73 52/81/75 79/82/76
f 79/82/76 52/81/75 53/83/77
f 79/82/76 53/83/77 113/84/78
f 113/84/78 53/83/77 54/85/79
f 113/84/78 54/85/79 112/86/80
f 112/86/80 54/85/79 55/87/81
f 112/86/80 55/87/81 111/88/82
f 111/88/82 55/87/81 56/89/83
f 111/88/82 56/89/83 110/90/84
f 110/90/84 56/89/83 109/91/85
f 109/91/85 56/89/83 57/92/86
f 109/91/85 57/92/86 108/93/87
f 108/93/87 57/92/86 107/94/88
f 107/94/88 57/92/86 58/95/89
f 107/94/88 58/95/89 106/96/90
f 106/96/90 58/95/89 105/97/91
f 105/97/91 58/95/89 59/98/92
f 105/97/91 59/98/92 128/99/93
f 128/99/93 59/98/92 127/100/94
f 127/100/94 59/98/92 60/101/95
f 127/100/94 60/101/95 126/102/96
f 126/102/96 60/101/95 125/103/97
f 125/103/97 60/101/95 61/104/98
f 125/103/97 61/104/98 124/105/99
f 124/105/99 61/104/98 62/106/100
f 124/105/99 62/106/100 123/107/101
f 123/107/101 62/106/100 63/108/102
f 123/107/101 63/108/102 122/109/103
f 122/109/103 63/108/102 64/110/104
f 122/109/103 64/110/104 121/111/105
f 121/111/105 64/110/104 102/112/106
f 121/111/105 102/112/106 103/113/107
f 64/110/104 65/114/108 102/112/106
f 102/112/106 65/114/108 101/115/109
f 101/115/109 65/114/108 66/116/110
f 101/115/109 66/116/110 131/117/111
f 131/117/111 66/116/110 130/118/112
f 130/118/112 66/116/110 67/119/113
f 130/118/112 67/119/113 129/120/114
f 129/120/114 67/119/113 68/121/115
f 129/120/114 68/121/115 152/122/116
f 152/122/116 68/121/115 69/123/117
f 152/122/116 69/123/117 70/124/118
f 152/122/116 70/124/118 151/125/119
f 151/125/119 70/124/118 71/126/120
f 151/125/119 71/126/120 150/127/121
f 150/127/121 71/126/120 72/128/122
f 150/127/121 72/128/122 149/129/123
f 149/129/123 72/128/122 148/130/124
f 148/130/124 72/128/122 73/131/125
f 148/130/124 73/131/125 147/132/126
f 147/132/126 73/131/125 146/133/127
f 146/133/127 73/131/125 74/134/128
f 146/133/127 74/134/128 145/135/129
f 145/135/129 74/134/128 144/136/130
f 144/136/130 74/134/128 75/137/131
f 144/136/130 75/137/131 143/138/132
f 143/138/132 75/137/131 142/139/133
f 142/139/133 75/137/131 141/140/134
f 141/140/134 75/137/131 140/141/135
f 140/141/135 75/137/131 196/142/136
f 140/141/135 196/142/136 94/143/137
f 94/143/137 196/142/136 197/144/138
f 94/143/137 197/144/138 93/145/139
f 93/145/139 197/144/138 198/146/140
f 93/145/139 198/146/140 92/147/141
f 92/147/141 198/146/140 199/148/142
f 92/147/141 199/148/142 200/149/143
f 32/49/36 194/150/144 75/137/131
f 75/137/131 194/150/144 195/151/145
f 75/137/131 195/151/145 196/142/136
f 77/152/146 116/153/147 76/154/148
f 76/154/148 116/153/147 117/155/149
f 76/154/148 117/155/149 118/156/150
f 116/153/147 77/152/146 115/157/151
f 115/157/151 77/152/146 78/158/152
f 115/157/151 78/158/152 114/159/153
f 114/159/153 78/158/152 113/84/78
f 113/84/78 78/158/152 79/82/76
f 175/78/72 81/80/74 174/160/154
f 174/160/154 81/80/74 82/161/155
f 174/160/154 82/161/155 173/162/156
f 173/162/156 82/161/155 172/163/157
f 172/163/157 82/161/155 83/164/158
f 172/163/157 83/164/158 171/165/159
f 171/165/159 83/164/158 84/166/160
f 171/165/159 84/166/160 170/167/161
f 170/167/161 84/166/160 169/168/162
f 169/168/162 84/166/160 85/169/163
f 169/168/162 85/169/163 168/67/61
f 168/67/61 85/169/163 86/65/59
f 182/62/56 87/64/58 181/170/164
f 181/170/164 87/64/58 88/171/165
f 181/170/164 88/171/165 180/172/166
f 180/172/166 88/171/165 89/173/167
f 180/172/166 89/173/167 179/174/168
f 179/174/168 89/173/167 178/175/169
f 178/175/169 89/173/167 90/176/170
f 178/175/169 90/176/170 177/177/171
f 177/177/171 90/176/170 91/178/172
f 177/177/171 91/178/172 200/149/143
f 200/149/143 91/178/172 92/147/141
f 94/143/137 95/179/173 140/141/135
f 140/141/135 95/179/173 139/180/174
f 139/180/174 95/179/173 138/181/175
f 138/181/175 95/179/173 96/182/176
f 138/181/175 96/182/176 137/183/177
f 137/183/177 96/182/176 97/184/178
f 137/183/177 97/184/178 136/185/179
f 136/185/179 97/184/178 135/186/180
f 135/186/180 97/184/178 98/187/181
f 135/186/180 98/187/181 134/188/182
f 134/188/182 98/187/181 99/189/183
f 134/188/182 99/189/183 133/190/184
f 133/190/184 99/189/183 132/191/185
f 132/191/185 99/189/183 100/192/186
f 132/191/185 100/192/186 131/117/111
f 131/117/111 100/192/186 101/115/109
f 104/193/187 119/194/188 103/113/107
f 103/113/107 119/194/188 120/195/189
f 103/113/107 120/195/189 121/111/105
f 119/194/188 104/193/187 118/156/150
f 118/156/150 104/193/187 76/154/148
f 155/75/69 156/196/190 49/68/62
f 49/68/62 156/196/190 157/197/191
f 49/68/62 157/197/191 158/69/63
f 160/71/65 161/198/192 48/58/52
f 48/58/52 161/198/192 162/199/193
f 48/58/52 162/199/193 163/200/194
f 163/200/194 164/59/53 48/58/52
f 183/61/55 184/201/195 47/55/49
f 47/55/49 184/201/195 185/56/50
f 188/51/45 189/202/196 32/49/36
f 32/49/36 189/202/196 190/203/197
f 32/49/36 190/203/197 191/204/198
f 191/204/198 192/205/199 32/49/36
f 32/49/36 192/205/199 193/206/200
f 32/49/36 193/206/200 194/150/144
f 216/207/201 201/208/202 217/209/203
f 217/209/203 201/208/202 202/210/204
f 217/209/203 202/210/204 218/211/205
f 218/211/205 202/210/204 203/212/206
f 218/211/205 203/212/206 219/213/207
f 219/213/207 203/212/206 204/214/208
f 219/213/207 204/214/208 220/215/209
f 220/215/209 204/214/208 205/216/210
f 220/215/209 205/216/210 221/217/211
f 221/217/211 205/216/210 206/218/212
f 221/217/211 206/218/212 222/219/213
f 222/219/213 206/218/212 207/220/214
f 222/219/213 207/220/214 208/221/215
f 208/221/215 209/222/216 222/219/213
f 222/219/213 209/222/216 210/223/217
f 222/219/213 210/223/217 211/224/218
f 222/219/213 211/224/218 221/217/211
f 221/217/211 211/224/218 212/225/219
f 221/217/211 212/225/219 220/215/209
f 220/215/209 212/225/219 213/226/220
f 220/215/209 213/226/220 219/213/207
f 219/213/207 213/226/220 214/227/221
f 219/213/207 214/227/221 218/211/205
f 218/211/205 214/227/221 215/228/222
f 218/211/205 215/228/222 217/209/203
f 217/209/203 215/228/222 216/207/201
f 201/229/202 216/230/201 224/231/223
f 224/231/223 216/230/201 223/232/224
f 215/233/225 214/234/226 216/235/227
f 216/235/227 214/234/226 213/236/228
f 216/235/227 213/236/228 212/237/229
f 212/237/229 211/238/230 216/235/227
f 216/235/227 211/238/230 10/239/231
f 216/235/227 10/239/231 223/240/232
f 223/240/232 10/239/231 238/241/233
f 238/241/233 10/239/231 23/242/234
f 238/241/233 23/242/234 237/243/235
f 237/243/235 23/242/234 236/244/236
f 236/244/236 23/242/234 235/245/237
f 235/245/237 23/242/234 230/246/238
f 235/245/237 230/246/238 231/247/239
f 211/238/230 210/248/240 10/239/231
f 10/239/231 210/248/240 209/249/241
f 10/239/231 209/249/241 11/250/242
f 11/250/242 209/249/241 12/251/243
f 12/251/243 209/249/241 13/252/244
f 13/252/244 209/249/241 14/253/245
f 14/253/245 209/249/241 15/254/246
f 15/254/246 209/249/241 16/255/247
f 16/255/247 209/249/241 225/256/248
f 16/255/247 225/256/248 226/257/249
f 37/258/250 228/259/251 23/242/234
f 23/242/234 228/259/251 229/260/252
f 23/242/234 229/260/252 230/246/238
f 37/258/250 36/261/253 228/259/251
f 228/259/251 36/261/253 35/262/254
f 228/259/251 35/262/254 34/263/255
f 34/263/255 33/264/256 228/259/251
f 228/259/251 33/264/256 32/265/257
f 228/259/251 32/265/257 227/266/258
f 227/266/258 32/265/257 75/267/259
f 231/247/239 232/268/260 235/245/237
f 235/245/237 232/268/260 233/269/261
f 235/245/237 233/269/261 234/270/262
f 246/271/263 235/272/264 247/273/265
f 247/273/265 235/272/264 234/274/266
f 247/273/265 234/274/266 248/275/267
f 248/275/267 234/274/266 233/276/268
f 248/275/267 233/276/268 249/277/269
f 249/277/269 233/276/268 232/278/270
f 249/277/269 232/278/270 250/279/271
f 250/279/271 232/278/270 231/280/272
f 250/279/271 231/280/272 251/281/273
f 251/281/273 231/280/272 230/282/274
f 251/281/273 230/282/274 252/283/275
f 252/283/275 230/282/274 229/284/276
f 252/283/275 229/284/276 228/285/277
f 228/285/277 239/286/278 252/283/275
f 252/283/275 239/286/278 240/287/279
f 252/283/275 240/287/279 251/281/273
f 251/281/273 240/287/279 241/288/280
f 251/281/273 241/288/280 250/279/271
f 250/279/271 241/288/280 242/289/281
f 250/279/271 242/289/281 249/277/269
f 249/277/269 242/289/281 243/290/282
f 249/277/269 243/290/282 248/275/267
f 248/275/267 243/290/282 244/291/283
f 248/275/267 244/291/283 247/273/265
f 247/273/265 244/291/283 245/292/284
f 247/273/265 245/292/284 246/271/263
f 246/293/263 253/294/285 235/295/264
f 235/295/264 253/294/285 236/296/286
f 255/297/287 28/298/288 254/299/289
f 254/299/289 28/298/288 27/300/290
f 254/299/289 27/300/290 26/301/291
f 256/302/292 31/303/293 255/297/287
f 255/297/287 31/303/293 30/304/294
f 255/297/287 30/304/294 29/305/295
f 31/303/293 256/302/292 43/306/296
f 43/306/296 256/302/292 257/307/297
f 43/306/296 257/307/297 44/308/298
f 44/308/298 257/307/297 258/309/299
f 44/308/298 258/309/299 45/310/300
f 45/310/300 258/309/299 259/311/301
f 45/310/300 259/311/301 46/312/302
f 29/305/295 28/298/288 255/297/287
f 26/301/291 25/313/303 254/299/289
f 254/299/289 25/313/303 24/314/304
f 254/299/289 24/314/304 263/315/305
f 263/315/305 24/314/304 22/316/306
f 263/315/305 22/316/306 262/317/307
f 262/317/307 22/316/306 261/318/308
f 261/318/308 22/316/306 260/319/309
f 207/320/310 240/321/311 208/322/312
f 208/322/312 240/321/311 239/323/313
f 208/322/312 239/323/313 9/324/314
f 9/324/314 239/323/313 22/325/315
f 22/325/315 239/323/313 260/326/316
f 260/326/316 239/323/313 254/327/289
f 260/326/316 254/327/289 261/328/317
f 261/328/317 254/327/289 262/329/318
f 262/329/318 254/327/289 263/330/305
f 240/321/311 207/320/310 264/331/319
f 264/331/319 207/320/310 206/332/320
f 264/331/319 206/332/320 205/333/321
f 264/331/319 205/333/321 224/334/322
f 224/334/322 205/333/321 204/335/323
f 224/334/322 204/335/323 203/336/324
f 202/337/325 201/338/326 203/336/324
f 203/336/324 201/338/326 224/334/322
f 264/331/319 265/339/327 240/321/311
f 240/321/311 265/339/327 241/340/328
f 241/340/328 265/339/327 242/341/329
f 242/341/329 265/339/327 253/342/330
f 242/341/329 253/342/330 243/343/331
f 243/343/331 253/342/330 244/344/332
f 244/344/332 253/342/330 246/345/333
f 244/344/332 246/345/333 245/346/334
f 9/324/314 266/347/335 208/322/312
f 208/322/312 266/347/335 270/348/336
f 270/348/336 266/347/335 267/349/337
f 270/348/336 267/349/337 268/350/338
f 268/350/338 269/351/339 270/348/336
f 292/352/340 271/353/341 291/354/342
f 291/354/342 271/353/341 272/355/343
f 291/354/342 272/355/343 290/356/344
f 290/356/344 272/355/343 273/357/345
f 290/356/344 273/357/345 289/358/346
f 289/358/346 273/357/345 274/359/347
f 289/358/346 274/359/347 288/360/348
f 288/360/348 274/359/347 275/361/349
f 288/360/348 275/361/349 287/362/350
f 287/362/350 275/361/349 276/363/351
f 287/362/350 276/363/351 286/364/352
f 286/364/352 276/363/351 277/365/353
f 286/364/352 277/365/353 285/366/354
f 285/366/354 277/365/353 278/367/355
f 285/366/354 278/367/355 284/368/356
f 284/368/356 278/367/355 279/369/357
f 284/368/356 279/369/357 283/370/358
f 283/370/358 279/369/357 280/371/359
f 283/370/358 280/371/359 282/372/360
f 282/372/360 280/371/359 281/373/361
f 281/374/361 237/375/362 282/376/360
f 282/376/360 237/375/362 236/377/363
f 314/378/364 293/379/365 313/380/366
f 313/380/366 293/379/365 294/381/367
f 313/380/366 294/381/367 312/382/368
f 312/382/368 294/381/367 295/383/369
f 312/382/368 295/383/369 311/384/370
f 311/384/370 295/383/369 296/385/371
f 311/384/370 296/385/371 310/386/372
f 310/386/372 296/385/371 297/387/373
f 310/386/372 297/387/373 309/388/374
f 309/388/374 297/387/373 298/389/375
f 309/388/374 298/389/375 308/390/376
f 308/390/376 298/389/375 299/391/377
f 308/390/376 299/391/377 307/392/378
f 307/392/378 299/391/377 300/393/379
f 307/392/378 300/393/379 306/394/380
f 306/394/380 300/393/379 301/395/381
f 306/394/380 301/395/381 305/396/382
f 305/396/382 301/395/381 302/397/383
f 305/396/382 302/397/383 304/398/384
f 304/398/384 302/397/383 303/399/385
f 303/400/385 223/401/386 304/402/384
f 304/402/384 223/401/386 238/403/387
f 332/404/388 315/405/389 331/406/390
f 331/406/390 315/405/389 316/407/391
f 331/406/390 316/407/391 317/408/392
f 331/406/390 317/408/392 330/409/393
f 330/409/393 317/408/392 318/410/394
f 330/409/393 318/410/394 329/411/395
f 329/411/395 318/410/394 319/412/396
f 329/411/395 319/412/396 328/413/397
f 328/413/397 319/412/396 320/414/398
f 328/413/397 320/414/398 327/415/399
f 327/415/399 320/414/398 321/416/400
f 327/415/399 321/416/400 326/417/401
f 326/417/401 321/416/400 322/418/402
f 326/417/401 322/418/402 325/419/403
f 325/419/403 322/418/402 323/420/404
f 325/419/403 323/420/404 324/421/405
f 324/421/405 323/420/404 224/422/406
f 224/422/406 323/420/404 264/423/407
f 350/424/408 333/425/409 349/426/410
f 349/426/410 333/425/409 334/427/411
f 349/426/410 334/427/411 335/428/412
f 349/426/410 335/428/412 348/429/413
f 348/429/413 335/428/412 336/430/414
f 348/429/413 336/430/414 347/431/415
f 347/431/415 336/430/414 337/432/416
f 347/431/415 337/432/416 346/433/417
f 346/433/417 337/432/416 338/434/418
f 346/433/417 338/434/418 345/435/419
f 345/435/419 338/434/418 339/436/420
f 345/435/419 339/436/420 344/437/421
f 344/437/421 339/436/420 340/438/422
f 344/437/421 340/438/422 343/439/423
f 343/439/423 340/438/422 341/440/424
f 343/439/423 341/440/424 342/441/425
f 342/441/425 341/440/424 265/442/426
f 265/442/426 341/440/424 253/443/427
f 237/444/428 265/445/429 238/446/430
f 238/446/430 265/445/429 264/447/431
f 359/448/432 351/449/433 358/450/434
f 358/450/434 351/449/433 352/451/435
f 358/450/434 352/451/435 357/452/436
f 357/452/436 352/451/435 353/453/437
f 357/452/436 353/453/437 356/454/438
f 356/454/438 353/453/437 354/455/439
f 356/454/438 354/455/439 1/456/440
f 1/456/440 354/455/439 355/457/441
f 1/456/440 355/457/441 2/458/442
f 2/458/442 355/457/441 3/459/443
f 3/459/443 355/457/441 4/460/444
f 4/460/444 355/457/441 270/461/336
f 4/460/444 270/461/336 5/462/445
f 5/462/445 270/461/336 6/463/446
f 6/463/446 270/461/336 269/464/339
f 6/463/446 269/464/339 7/465/447
f 7/465/447 269/464/339 8/466/448
f 8/466/448 269/464/339 268/467/449
f 8/466/448 268/467/449 267/468/450
f 266/469/451 9/470/452 267/468/450
f 267/468/450 9/470/452 8/466/448
f 396/471/453 360/472/454 395/473/455
f 395/473/455 360/472/454 361/474/456
f 395/473/455 361/474/456 394/475/457
f 394/475/457 361/474/456 362/476/458
f 394/475/457 362/476/458 393/477/459
f 393/477/459 362/476/458 392/478/460
f 392/478/460 362/476/458 363/479/461
f 392/478/460 363/479/461 391/480/462
f 391/480/462 363/479/461 390/481/463
f 390/481/463 363/479/461 364/482/464
f 390/481/463 364/482/464 389/483/465
f 389/483/465 364/482/464 365/484/466
f 389/483/465 365/484/466 388/485/467
f 388/485/467 365/484/466 387/486/468
f 387/486/468 365/484/466 366/487/469
f 387/486/468 366/487/469 386/488/470
f 386/488/470 366/487/469 367/489/471
f 386/488/470 367/489/471 385/490/472
f 385/490/472 367/489/471 384/491/473
f 384/491/473 367/489/471 368/492/474
f 384/491/473 368/492/474 383/493/475
f 383/493/475 368/492/474 382/494/476
f 382/494/476 368/492/474 369/495/477
f 382/494/476 369/495/477 381/496/478
f 381/496/478 369/495/477 370/497/479
f 381/496/478 370/497/479 371/498/480
f 381/496/478 371/498/480 380/499/481
f 380/499/481 371/498/480 372/500/482
f 380/499/481 372/500/482 379/501/483
f 379/501/483 372/500/482 373/502/484
f 379/501/483 373/502/484 378/503/485
f 378/503/485 373/502/484 374/504/486
f 378/503/485 374/504/486 377/505/487
f 377/505/487 374/504/486 376/506/488
f 376/506/488 374/504/486 375/507/489
f 407/508/490 59/509/491 406/510/492
f 406/510/492 59/509/491 58/511/493
f 406/510/492 58/511/493 405/512/494
f 405/512/494 58/511/493 57/513/495
f 405/512/494 57/513/495 404/514/496
f 404/514/496 57/513/495 56/515/497
f 404/514/496 56/515/497 403/516/498
f 403/516/498 56/515/497 55/517/499
f 403/516/498 55/517/499 402/518/500
f 402/518/500 55/517/499 54/519/501
f 402/518/500 54/519/501 401/520/502
f 401/520/502 54/519/501 53/521/503
f 401/520/502 53/521/503 400/522/504
f 400/522/504 53/521/503 52/523/505
f 400/522/504 52/523/505 399/524/506
f 399/524/506 52/523/505 51/525/507
f 399/524/506 51/525/507 398/526/508
f 398/526/508 51/525/507 50/527/509
f 398/526/508 50/527/509 397/528/510
f 397/528/510 50/527/509 49/529/511
f 208/530/215 270/531/512 209/532/216
f 209/532/216 270/531/512 355/533/513
f 209/532/216 355/533/513 354/534/514
f 209/532/216 354/534/514 536/535/515
f 536/535/515 354/534/514 353/536/516
f 536/535/515 353/536/516 352/537/517
f 352/537/517 351/538/518 536/535/515
f 536/535/515 351/538/518 535/539/519
f 535/539/519 351/538/518 534/540/520
f 534/540/520 351/538/518 408/541/521
f 534/540/520 408/541/521 533/542/522
f 533/542/522 408/541/521 514/543/523
f 533/542/522 514/543/523 532/544/524
f 532/544/524 514/543/523 515/545/525
f 532/544/524 515/545/525 531/546/526
f 531/546/526 515/545/525 436/547/527
f 531/546/526 436/547/527 530/548/528
f 530/548/528 436/547/527 437/549/529
f 530/548/528 437/549/529 529/550/530
f 529/550/530 437/549/529 438/551/531
f 529/550/530 438/551/531 528/552/532
f 528/552/532 438/551/531 439/553/533
f 528/552/532 439/553/533 527/554/534
f 527/554/534 439/553/533 526/555/535
f 526/555/535 439/553/533 440/556/536
f 526/555/535 440/556/536 549/557/537
f 549/557/537 440/556/536 548/558/538
f 548/558/538 440/556/536 441/559/539
f 548/558/538 441/559/539 547/560/540
f 547/560/540 441/559/539 442/561/541
f 547/560/540 442/561/541 546/562/542
f 546/562/542 442/561/541 443/563/543
f 546/562/542 443/563/543 545/564/544
f 545/564/544 443/563/543 489/565/545
f 545/564/544 489/565/545 544/566/546
f 544/566/546 489/565/545 490/567/547
f 544/566/546 490/567/547 225/568/548
f 225/568/548 490/567/547 491/569/549
f 225/568/548 491/569/549 492/570/550
f 514/543/523 408/541/521 513/571/551
f 513/571/551 408/541/521 409/572/552
f 513/571/551 409/572/552 512/573/553
f 512/573/553 409/572/552 511/574/554
f 511/574/554 409/572/552 510/575/555
f 510/575/555 409/572/552 509/576/556
f 509/576/556 409/572/552 508/577/557
f 508/577/557 409/572/552 507/578/558
f 507/578/558 409/572/552 370/579/559
f 507/578/558 370/579/559 506/580/560
f 506/580/560 370/579/559 505/581/561
f 505/581/561 370/579/559 504/582/562
f 504/582/562 370/579/559 503/583/563
f 503/583/563 370/579/559 502/584/564
f 502/584/564 370/579/559 369/585/565
f 502/584/564 369/585/565 525/586/566
f 525/586/566 369/585/565 368/587/567
f 525/586/566 368/587/567 524/588/568
f 524/588/568 368/587/567 367/589/569
f 524/588/568 367/589/569 429/590/570
f 429/590/570 367/589/569 366/591/571
f 429/590/570 366/591/571 428/592/572
f 428/592/572 366/591/571 365/593/573
f 428/592/572 365/593/573 461/594/574
f 461/594/574 365/593/573 364/595/575
f 461/594/574 364/595/575 460/596/576
f 460/596/576 364/595/575 363/597/577
f 460/596/576 363/597/577 459/598/578
f 459/598/578 363/597/577 458/599/579
f 458/599/579 363/597/577 362/600/580
f 458/599/579 362/600/580 457/601/581
f 457/601/581 362/600/580 361/602/582
f 457/601/581 361/602/582 456/603/583
f 456/603/583 361/602/582 455/604/584
f 455/604/584 361/602/582 454/605/585
f 454/605/585 361/602/582 360/606/586
f 454/605/585 360/606/586 477/607/587
f 477/607/587 360/606/586 476/608/588
f 476/608/588 360/606/586 410/609/589
f 476/608/588 410/609/589 475/610/590
f 475/610/590 410/609/589 474/611/591
f 474/611/591 410/609/589 411/612/592
f 474/611/591 411/612/592 473/613/593
f 473/613/593 411/612/592 472/614/594
f 472/614/594 411/612/592 412/615/595
f 472/614/594 412/615/595 471/616/596
f 471/616/596 412/615/595 413/617/597
f 471/616/596 413/617/597 451/618/598
f 451/618/598 413/617/597 414/619/599
f 451/618/598 414/619/599 450/620/600
f 450/620/600 414/619/599 415/621/601
f 450/620/600 415/621/601 480/622/602
f 480/622/602 415/621/601 416/623/603
f 480/622/602 416/623/603 479/624/604
f 479/624/604 416/623/603 417/625/605
f 479/624/604 417/625/605 478/626/606
f 478/626/606 417/625/605 418/627/607
f 478/626/606 418/627/607 501/628/608
f 501/628/608 418/627/607 419/629/609
f 501/628/608 419/629/609 500/630/610
f 500/630/610 419/629/609 420/631/611
f 500/630/610 420/631/611 421/632/612
f 500/630/610 421/632/612 499/633/613
f 499/633/613 421/632/612 422/634/614
f 499/633/613 422/634/614 498/635/615
f 498/635/615 422/634/614 497/636/616
f 497/636/616 422/634/614 423/637/617
f 497/636/616 423/637/617 496/638/618
f 496/638/618 423/637/617 495/639/619
f 495/639/619 423/637/617 424/640/620
f 495/639/619 424/640/620 494/641/621
f 494/641/621 424/640/620 493/642/622
f 493/642/622 424/640/620 225/568/548
f 493/642/622 225/568/548 492/570/550
f 209/532/216 542/643/623 225/568/548
f 225/568/548 542/643/623 543/644/624
f 225/568/548 543/644/624 544/566/546
f 426/645/625 465/646/626 425/647/627
f 425/647/627 465/646/626 466/648/628
f 425/647/627 466/648/628 467/649/629
f 465/646/626 426/645/625 464/650/630
f 464/650/630 426/645/625 427/651/631
f 464/650/630 427/651/631 463/652/632
f 463/652/632 427/651/631 462/653/633
f 462/653/633 427/651/631 428/592/572
f 462/653/633 428/592/572 461/594/574
f 429/590/570 430/654/634 524/588/568
f 524/588/568 430/654/634 523/655/635
f 523/655/635 430/654/634 522/656/636
f 522/656/636 430/654/634 431/657/637
f 522/656/636 431/657/637 521/658/638
f 521/658/638 431/657/637 432/659/639
f 521/658/638 432/659/639 520/660/640
f 520/660/640 432/659/639 433/661/641
f 520/660/640 433/661/641 519/662/642
f 519/662/642 433/661/641 518/663/643
f 518/663/643 433/661/641 434/664/644
f 518/663/643 434/664/644 517/665/645
f 517/665/645 434/664/644 435/666/646
f 517/665/645 435/666/646 516/667/647
f 516/667/647 435/666/646 436/547/527
f 516/667/647 436/547/527 515/545/525
f 489/565/545 443/563/543 488/668/648
f 488/668/648 443/563/543 444/669/649
f 488/668/648 444/669/649 487/670/650
f 487/670/650 444/669/649 445/671/651
f 487/670/650 445/671/651 486/672/652
f 486/672/652 445/671/651 446/673/653
f 486/672/652 446/673/653 485/674/654
f 485/674/654 446/673/653 484/675/655
f 484/675/655 446/673/653 447/676/656
f 484/675/655 447/676/656 483/677/657
f 483/677/657 447/676/656 448/678/658
f 483/677/657 448/678/658 482/679/659
f 482/679/659 448/678/658 449/680/660
f 482/679/659 449/680/660 481/681/661
f 481/681/661 449/680/660 480/622/602
f 480/622/602 449/680/660 450/620/600
f 471/616/596 451/618/598 470/682/662
f 470/682/662 451/618/598 452/683/663
f 470/682/662 452/683/663 469/684/664
f 469/684/664 452/683/663 468/685/665
f 468/685/665 452/683/663 453/686/666
f 468/685/665 453/686/666 467/649/629
f 467/649/629 453/686/666 425/647/627
f 536/535/515 537/687/667 209/532/216
f 209/532/216 537/687/667 538/688/668
f 209/532/216 538/688/668 539/689/669
f 539/689/669 540/690/670 209/532/216
f 209/532/216 540/690/670 541/691/671
f 209/532/216 541/691/671 542/643/623
f 551/692/672 552/693/673 550/694/674
f 550/694/674 552/693/673 561/695/675
f 561/695/675 552/693/673 553/696/676
f 561/695/675 553/696/676 560/697/677
f 560/697/677 553/696/676 554/698/678
f 560/697/677 554/698/678 559/699/679
f 559/699/679 554/698/678 555/700/680
f 559/699/679 555/700/680 558/701/681
f 558/701/681 555/700/680 556/702/682
f 558/701/681 556/702/682 557/703/683
f 561/704/684 373/705/685 550/706/686
f 550/706/686 373/705/685 372/707/687
f 550/706/686 372/707/687 563/708/688
f 563/708/688 372/707/687 562/709/689
f 562/709/689 372/707/687 371/710/690
f 561/704/684 560/711/691 373/705/685
f 373/705/685 560/711/691 374/712/692
f 374/712/692 560/711/691 559/713/693
f 374/712/692 559/713/693 375/714/694
f 375/714/694 559/713/693 558/715/695
f 375/714/694 558/715/695 557/716/696
f 409/717/697 550/718/698 370/719/479
f 370/719/479 550/718/698 563/720/699
f 370/719/479 563/720/699 562/721/700
f 408/722/701 565/723/702 409/717/697
f 409/717/697 565/723/702 551/724/703
f 409/717/697 551/724/703 550/718/698
f 565/723/702 408/722/701 564/725/704
f 564/725/704 408/722/701 351/726/433
f 564/725/704 351/726/433 359/727/432
f 562/721/700 371/728/480 370/719/479
f 566/729/705 567/730/706 421/731/707
f 421/731/707 567/730/706 422/732/708
f 422/732/708 567/730/706 568/733/709
f 422/732/708 568/733/709 569/734/710
f 422/732/708 569/734/710 423/735/711
f 423/735/711 569/734/710 570/736/712
f 423/735/711 570/736/712 571/737/713
f 572/738/714 573/739/715 571/737/713
f 571/737/713 573/739/715 424/740/716
f 571/737/713 424/740/716 423/735/711
f 573/739/715 574/741/717 424/740/716
f 424/740/716 574/741/717 225/742/248
f 225/742/248 574/741/717 226/743/249
f 71/744/718 575/745/719 72/746/720
f 72/746/720 575/745/719 576/747/721
f 72/746/720 576/747/721 73/748/722
f 73/748/722 576/747/721 577/749/723
f 73/748/722 577/749/723 74/750/724
f 74/750/724 577/749/723 578/751/725
f 74/750/724 578/751/725 75/752/259
f 75/752/259 578/751/725 227/753/258
f 566/754/726 421/755/727 581/756/728
f 581/756/728 421/755/727 420/757/729
f 581/756/728 420/757/729 580/758/730
f 580/758/730 420/757/729 419/759/731
f 580/758/730 419/759/731 579/760/732
f 579/760/732 419/759/731 418/761/733
f 571/762/734 570/763/735 585/764/736
f 585/764/736 570/763/735 569/765/737
f 585/764/736 569/765/737 584/766/738
f 584/766/738 569/765/737 568/767/739
f 584/766/738 568/767/739 583/768/740
f 583/768/740 568/767/739 567/769/741
f 583/768/740 567/769/741 566/770/742
f 583/768/740 566/770/742 582/771/743
f 582/771/743 566/770/742 581/772/744
f 582/771/743 581/772/744 580/773/745
f 580/773/745 579/774/746 582/771/743
f 572/775/747 571/776/748 586/777/749
f 586/777/749 571/776/748 585/778/750
f 1/779/2 16/780/1 356/781/751
f 356/781/751 16/780/1 649/782/752
f 356/781/751 649/782/752 357/783/753
f 357/783/753 649/782/752 358/784/754
f 358/784/754 649/782/752 359/785/755
f 359/785/755 649/782/752 650/786/756
f 359/785/755 650/786/756 564/787/757
f 564/787/757 650/786/756 651/788/758
f 564/787/757 651/788/758 652/789/759
f 226/790/760 642/791/761 16/780/1
f 16/780/1 642/791/761 643/792/762
f 16/780/1 643/792/762 644/793/763
f 574/794/764 692/795/765 226/790/760
f 226/790/760 692/795/765 693/796/766
f 226/790/760 693/796/766 694/797/767
f 574/794/764 573/798/768 692/795/765
f 692/795/765 573/798/768 691/799/769
f 691/799/769 573/798/768 690/800/770
f 690/800/770 573/798/768 572/801/771
f 690/800/770 572/801/771 586/802/772
f 690/800/770 586/802/772 689/803/773
f 689/803/773 586/802/772 587/804/774
f 689/803/773 587/804/774 688/805/775
f 688/805/775 587/804/774 687/806/776
f 687/806/776 587/804/774 588/807/777
f 687/806/776 588/807/777 686/808/778
f 686/808/778 588/807/777 685/809/779
f 685/809/779 588/807/777 589/810/780
f 685/809/779 589/810/780 684/811/781
f 684/811/781 589/810/780 590/812/782
f 684/811/781 590/812/782 683/813/783
f 683/813/783 590/812/782 591/814/784
f 683/813/783 591/814/784 706/815/785
f 706/815/785 591/814/784 592/816/786
f 706/815/785 592/816/786 593/817/787
f 706/815/785 593/817/787 705/818/788
f 705/818/788 593/817/787 594/819/789
f 705/818/788 594/819/789 610/820/790
f 610/820/790 594/819/789 595/821/791
f 610/820/790 595/821/791 596/822/792
f 610/820/790 596/822/792 609/823/793
f 609/823/793 596/822/792 597/824/794
f 609/823/793 597/824/794 667/825/795
f 667/825/795 597/824/794 598/826/796
f 667/825/795 598/826/796 666/827/797
f 666/827/797 598/826/796 599/828/798
f 666/827/797 599/828/798 600/829/799
f 666/827/797 600/829/799 665/830/800
f 665/830/800 600/829/799 601/831/801
f 665/830/800 601/831/801 664/832/802
f 664/832/802 601/831/801 602/833/803
f 664/832/802 602/833/803 663/834/804
f 663/834/804 602/833/803 603/835/805
f 663/834/804 603/835/805 604/836/806
f 605/837/807 661/838/808 604/836/806
f 604/836/806 661/838/808 662/839/809
f 604/836/806 662/839/809 663/834/804
f 661/838/808 605/837/807 660/840/810
f 660/840/810 605/837/807 396/841/811
f 660/840/810 396/841/811 659/842/812
f 659/842/812 396/841/811 395/843/813
f 659/842/812 395/843/813 682/844/814
f 682/844/814 395/843/813 394/845/815
f 682/844/814 394/845/815 681/846/816
f 681/846/816 394/845/815 393/847/817
f 681/846/816 393/847/817 680/848/818
f 680/848/818 393/847/817 679/849/819
f 679/849/819 393/847/817 392/850/820
f 679/849/819 392/850/820 678/851/821
f 678/851/821 392/850/820 391/852/822
f 678/851/821 391/852/822 677/853/823
f 677/853/823 391/852/822 390/854/824
f 677/853/823 390/854/824 389/855/825
f 677/853/823 389/855/825 676/856/826
f 676/856/826 389/855/825 388/857/827
f 676/856/826 388/857/827 387/858/828
f 386/859/829 632/860/830 387/858/828
f 387/858/828 632/860/830 675/861/831
f 387/858/828 675/861/831 676/856/826
f 386/859/829 385/862/832 632/860/830
f 632/860/830 385/862/832 631/863/833
f 631/863/833 385/862/832 384/864/834
f 631/863/833 384/864/834 383/865/835
f 382/866/836 708/867/837 383/865/835
f 383/865/835 708/867/837 709/868/838
f 383/865/835 709/868/838 631/863/833
f 631/863/833 709/868/838 630/869/839
f 630/869/839 709/868/838 710/870/840
f 630/869/839 710/870/840 629/871/841
f 629/871/841 710/870/840 711/872/842
f 629/871/841 711/872/842 712/873/843
f 382/866/836 381/874/844 708/867/837
f 708/867/837 381/874/844 707/875/845
f 707/875/845 381/874/844 380/876/846
f 707/875/845 380/876/846 730/877/847
f 730/877/847 380/876/846 379/878/848
f 730/877/847 379/878/848 729/879/849
f 729/879/849 379/878/848 378/880/850
f 729/879/849 378/880/850 728/881/851
f 728/881/851 378/880/850 727/882/852
f 727/882/852 378/880/850 377/883/853
f 727/882/852 377/883/853 726/884/854
f 726/884/854 377/883/853 725/885/855
f 725/885/855 377/883/853 376/886/856
f 725/885/855 376/886/856 724/887/857
f 724/887/857 376/886/856 556/888/858
f 724/887/857 556/888/858 723/889/859
f 723/889/859 556/888/858 722/890/860
f 722/890/860 556/888/858 565/891/861
f 722/890/860 565/891/861 721/892/862
f 721/892/862 565/891/861 720/893/863
f 720/893/863 565/891/861 719/894/864
f 719/894/864 565/891/861 653/895/865
f 719/894/864 653/895/865 654/896/866
f 556/888/858 555/897/867 565/891/861
f 565/891/861 555/897/867 554/898/868
f 565/891/861 554/898/868 553/899/869
f 553/899/869 552/900/870 565/891/861
f 565/891/861 552/900/870 551/901/871
f 565/891/861 564/787/757 653/895/865
f 653/895/865 564/787/757 652/789/759
f 607/902/872 670/903/873 606/904/874
f 606/904/874 670/903/873 671/905/875
f 606/904/874 671/905/875 672/906/876
f 670/903/873 607/902/872 669/907/877
f 669/907/877 607/902/872 608/908/878
f 669/907/877 608/908/878 668/909/879
f 668/909/879 608/908/878 667/825/795
f 667/825/795 608/908/878 609/823/793
f 610/820/790 611/910/880 705/818/788
f 705/818/788 611/910/880 704/911/881
f 704/911/881 611/910/880 612/912/882
f 704/911/881 612/912/882 703/913/883
f 703/913/883 612/912/882 702/914/884
f 702/914/884 612/912/882 613/915/885
f 702/914/884 613/915/885 701/916/886
f 701/916/886 613/915/885 614/917/887
f 701/916/886 614/917/887 700/918/888
f 700/918/888 614/917/887 699/919/889
f 699/919/889 614/917/887 615/920/890
f 699/919/889 615/920/890 698/921/891
f 698/921/891 615/920/890 616/922/892
f 698/921/891 616/922/892 697/923/893
f 697/923/893 616/922/892 696/924/894
f 696/924/894 616/922/892 617/925/895
f 696/924/894 617/925/895 640/926/896
f 640/926/896 617/925/895 639/927/897
f 639/927/897 617/925/895 618/928/898
f 639/927/897 618/928/898 638/929/899
f 638/929/899 618/928/898 619/930/900
f 638/929/899 619/930/900 637/931/901
f 637/931/901 619/930/900 636/932/902
f 636/932/902 619/930/900 620/933/903
f 636/932/902 620/933/903 635/934/904
f 635/934/904 620/933/903 621/935/905
f 635/934/904 621/935/905 658/936/906
f 658/936/906 621/935/905 622/937/907
f 658/936/906 622/937/907 657/938/908
f 657/938/908 622/937/907 656/939/909
f 656/939/909 622/937/907 623/940/910
f 656/939/909 623/940/910 655/941/911
f 655/941/911 623/940/910 624/942/912
f 655/941/911 624/942/912 654/896/866
f 654/896/866 624/942/912 718/943/913
f 654/896/866 718/943/913 719/894/864
f 624/942/912 625/944/914 718/943/913
f 718/943/913 625/944/914 717/945/915
f 717/945/915 625/944/914 716/946/916
f 716/946/916 625/944/914 626/947/917
f 716/946/916 626/947/917 715/948/918
f 715/948/918 626/947/917 627/949/919
f 715/948/918 627/949/919 714/950/920
f 714/950/920 627/949/919 713/951/921
f 713/951/921 627/949/919 628/952/922
f 713/951/921 628/952/922 712/873/843
f 712/873/843 628/952/922 629/871/841
f 632/860/830 633/953/923 675/861/831
f 675/861/831 633/953/923 674/954/924
f 674/954/924 633/953/923 673/955/925
f 673/955/925 633/953/923 634/956/926
f 673/955/925 634/956/926 672/906/876
f 672/906/876 634/956/926 606/904/874
f 696/924/894 640/926/896 226/790/760
f 226/790/760 640/926/896 641/957/927
f 226/790/760 641/957/927 642/791/761
f 644/793/763 645/958/928 16/780/1
f 16/780/1 645/958/928 646/959/929
f 16/780/1 646/959/929 647/960/930
f 647/960/930 648/961/931 16/780/1
f 16/780/1 648/961/931 649/782/752
f 694/797/767 695/962/932 226/790/760
f 226/790/760 695/962/932 696/924/894
f 239/963/278 228/964/277 254/965/933
f 254/965/933 228/964/277 255/966/934
f 255/966/934 228/964/277 256/967/935
f 256/967/935 228/964/277 782/968/936
f 256/967/935 782/968/936 257/969/937
f 257/969/937 782/968/936 258/970/938
f 258/970/938 782/968/936 259/971/939
f 259/971/939 782/968/936 783/972/940
f 259/971/939 783/972/940 784/973/941
f 227/974/942 776/975/943 228/964/277
f 228/964/277 776/975/943 777/976/944
f 228/964/277 777/976/944 778/977/945
f 578/978/946 801/979/947 227/974/942
f 227/974/942 801/979/947 802/980/948
f 227/974/942 802/980/948 803/981/949
f 577/982/950 799/983/951 578/978/946
f 578/978/946 799/983/951 800/984/952
f 578/978/946 800/984/952 801/979/947
f 576/985/953 797/986/954 577/982/950
f 577/982/950 797/986/954 798/987/955
f 577/982/950 798/987/955 799/983/951
f 575/988/956 795/989/957 576/985/953
f 576/985/953 795/989/957 796/990/958
f 576/985/953 796/990/958 797/986/954
f 795/989/957 575/988/956 794/991/959
f 794/991/959 575/988/956 731/992/960
f 794/991/959 731/992/960 732/993/961
f 794/991/959 732/993/961 793/994/962
f 793/994/962 732/993/961 733/995/963
f 793/994/962 733/995/963 792/996/964
f 792/996/964 733/995/963 734/997/965
f 792/996/964 734/997/965 815/998/966
f 815/998/966 734/997/965 735/999/967
f 815/998/966 735/999/967 814/1000/968
f 814/1000/968 735/999/967 736/1001/969
f 814/1000/968 736/1001/969 844/1002/970
f 844/1002/970 736/1001/969 737/1003/971
f 844/1002/970 737/1003/971 843/1004/972
f 843/1004/972 737/1003/971 738/1005/973
f 843/1004/972 738/1005/973 751/1006/974
f 751/1006/974 738/1005/973 739/1007/975
f 751/1006/974 739/1007/975 750/1008/976
f 750/1008/976 739/1007/975 740/1009/977
f 750/1008/976 740/1009/977 749/1010/978
f 749/1010/978 740/1009/977 748/1011/979
f 748/1011/979 740/1009/977 741/1012/980
f 748/1011/979 741/1012/980 747/1013/981
f 747/1013/981 741/1012/980 746/1014/982
f 746/1014/982 741/1012/980 407/1015/983
f 746/1014/982 407/1015/983 745/1016/984
f 745/1016/984 407/1015/983 744/1017/985
f 744/1017/985 407/1015/983 406/1018/986
f 744/1017/985 406/1018/986 767/1019/987
f 767/1019/987 406/1018/986 766/1020/988
f 766/1020/988 406/1018/986 765/1021/989
f 765/1021/989 406/1018/986 405/1022/990
f 765/1021/989 405/1022/990 764/1023/991
f 764/1023/991 405/1022/990 404/1024/992
f 764/1023/991 404/1024/992 763/1025/993
f 763/1025/993 404/1024/992 762/1026/994
f 762/1026/994 404/1024/992 403/1027/995
f 762/1026/994 403/1027/995 761/1028/996
f 761/1028/996 403/1027/995 402/1029/997
f 761/1028/996 402/1029/997 866/1030/998
f 866/1030/998 402/1029/997 401/1031/999
f 866/1030/998 401/1031/999 865/1032/1000
f 865/1032/1000 401/1031/999 400/1033/1001
f 865/1032/1000 400/1033/1001 818/1034/1002
f 818/1034/1002 400/1033/1001 399/1035/1003
f 818/1034/1002 399/1035/1003 817/1036/1004
f 817/1036/1004 399/1035/1003 398/1037/1005
f 817/1036/1004 398/1037/1005 816/1038/1006
f 816/1038/1006 398/1037/1005 397/1039/1007
f 816/1038/1006 397/1039/1007 839/1040/1008
f 839/1040/1008 397/1039/1007 838/1041/1009
f 838/1041/1009 397/1039/1007 837/1042/1010
f 837/1042/1010 397/1039/1007 836/1043/1011
f 836/1043/1011 397/1039/1007 835/1044/1012
f 835/1044/1012 397/1039/1007 742/1045/1013
f 835/1044/1012 742/1045/1013 834/1046/1014
f 834/1046/1014 742/1045/1013 833/1047/1015
f 833/1047/1015 742/1045/1013 832/1048/1016
f 832/1048/1016 742/1045/1013 831/1049/1017
f 831/1049/1017 742/1045/1013 830/1050/1018
f 830/1050/1018 742/1045/1013 829/1051/1019
f 829/1051/1019 742/1045/1013 743/1052/1020
f 829/1051/1019 743/1052/1020 828/1053/1021
f 828/1053/1021 743/1052/1020 785/1054/1022
f 828/1053/1021 785/1054/1022 786/1055/1023
f 785/1054/1022 743/1052/1020 784/973/941
f 784/973/941 743/1052/1020 259/971/939
f 751/1006/974 752/1056/1024 843/1004/972
f 843/1004/972 752/1056/1024 842/1057/1025
f 842/1057/1025 752/1056/1024 753/1058/1026
f 842/1057/1025 753/1058/1026 754/1059/1027
f 842/1057/1025 754/1059/1027 841/1060/1028
f 841/1060/1028 754/1059/1027 755/1061/1029
f 841/1060/1028 755/1061/1029 840/1062/1030
f 840/1062/1030 755/1061/1029 756/1063/1031
f 840/1062/1030 756/1063/1031 757/1064/1032
f 840/1062/1030 757/1064/1032 868/1065/1033
f 868/1065/1033 757/1064/1032 758/1066/1034
f 868/1065/1033 758/1066/1034 867/1067/1035
f 867/1067/1035 758/1066/1034 759/1068/1036
f 867/1067/1035 759/1068/1036 760/1069/1037
f 867/1067/1035 760/1069/1037 866/1030/998
f 866/1030/998 760/1069/1037 761/1028/996
f 769/1070/1038 854/1071/1039 768/1072/1040
f 768/1072/1040 854/1071/1039 855/1073/1041
f 768/1072/1040 855/1073/1041 791/1074/1042
f 791/1074/1042 855/1073/1041 790/1075/1043
f 790/1075/1043 855/1073/1041 856/1076/1044
f 790/1075/1043 856/1076/1044 789/1077/1045
f 789/1077/1045 856/1076/1044 857/1078/1046
f 789/1077/1045 857/1078/1046 788/1079/1047
f 788/1079/1047 857/1078/1046 858/1080/1048
f 788/1079/1047 858/1080/1048 787/1081/1049
f 787/1081/1049 858/1080/1048 827/1082/1050
f 787/1081/1049 827/1082/1050 786/1055/1023
f 786/1055/1023 827/1082/1050 828/1053/1021
f 769/1070/1038 770/1083/1051 854/1071/1039
f 854/1071/1039 770/1083/1051 853/1084/1052
f 853/1084/1052 770/1083/1051 771/1085/1053
f 853/1084/1052 771/1085/1053 852/1086/1054
f 852/1086/1054 771/1085/1053 772/1087/1055
f 852/1086/1054 772/1087/1055 851/1088/1056
f 851/1088/1056 772/1087/1055 773/1089/1057
f 851/1088/1056 773/1089/1057 805/1090/1058
f 805/1090/1058 773/1089/1057 774/1091/1059
f 805/1090/1058 774/1091/1059 804/1092/1060
f 804/1092/1060 774/1091/1059 227/974/942
f 804/1092/1060 227/974/942 803/981/949
f 774/1091/1059 775/1093/1061 227/974/942
f 227/974/942 775/1093/1061 776/975/943
f 778/977/945 779/1094/1062 228/964/277
f 228/964/277 779/1094/1062 780/1095/1063
f 228/964/277 780/1095/1063 781/1096/1064
f 781/1096/1064 782/968/936 228/964/277
f 805/1090/1058 806/1097/1065 851/1088/1056
f 851/1088/1056 806/1097/1065 850/1098/1066
f 850/1098/1066 806/1097/1065 807/1099/1067
f 850/1098/1066 807/1099/1067 849/1100/1068
f 849/1100/1068 807/1099/1067 808/1101/1069
f 849/1100/1068 808/1101/1069 848/1102/1070
f 848/1102/1070 808/1101/1069 809/1103/1071
f 848/1102/1070 809/1103/1071 810/1104/1072
f 848/1102/1070 810/1104/1072 847/1105/1073
f 847/1105/1073 810/1104/1072 811/1106/1074
f 847/1105/1073 811/1106/1074 846/1107/1075
f 846/1107/1075 811/1106/1074 812/1108/1076
f 846/1107/1075 812/1108/1076 845/1109/1077
f 845/1109/1077 812/1108/1076 813/1110/1078
f 845/1109/1077 813/1110/1078 814/1000/968
f 865/1032/1000 818/1034/1002 864/1111/1079
f 864/1111/1079 818/1034/1002 819/1112/1080
f 864/1111/1079 819/1112/1080 820/1113/1081
f 864/1111/1079 820/1113/1081 863/1114/1082
f 863/1114/1082 820/1113/1081 821/1115/1083
f 863/1114/1082 821/1115/1083 862/1116/1084
f 862/1116/1084 821/1115/1083 822/1117/1085
f 862/1116/1084 822/1117/1085 861/1118/1086
f 861/1118/1086 822/1117/1085 823/1119/1087
f 861/1118/1086 823/1119/1087 824/1120/1088
f 861/1118/1086 824/1120/1088 860/1121/1089
f 860/1121/1089 824/1120/1088 825/1122/1090
f 860/1121/1089 825/1122/1090 859/1123/1091
f 859/1123/1091 825/1122/1090 826/1124/1092
f 859/1123/1091 826/1124/1092 858/1080/1048
f 858/1080/1048 826/1124/1092 827/1082/1050
f 844/1002/970 845/1109/1077 814/1000/968
f 557/1125/1093 556/1126/1094 375/1127/489
f 375/1127/489 556/1126/1094 376/1128/488
f 658/1129/1095 527/1130/1096 635/1131/1097
f 635/1131/1097 527/1130/1096 526/1132/1098
f 635/1133/1097 526/1134/1098 636/1135/1099
f 636/1135/1099 526/1134/1098 549/1136/1100
f 636/1135/1099 549/1136/1100 637/1137/1101
f 637/1137/1101 549/1136/1100 548/1138/1102
f 637/1137/1101 548/1138/1102 638/1139/1103
f 638/1139/1103 548/1138/1102 547/1140/1104
f 638/1139/1103 547/1140/1104 639/1141/1105
f 639/1141/1105 547/1140/1104 546/1142/1106
f 639/1141/1105 546/1142/1106 640/1143/1107
f 640/1143/1107 546/1142/1106 545/1144/1108
f 640/1143/1107 545/1144/1108 641/1145/1109
f 641/1145/1109 545/1144/1108 544/1146/1110
f 641/1145/1109 544/1146/1110 642/1147/1111
f 642/1147/1111 544/1146/1110 543/1148/1112
f 642/1147/1111 543/1148/1112 643/1149/1113
f 643/1149/1113 543/1148/1112 542/1150/1114
f 643/1149/1113 542/1150/1114 644/1151/1115
f 644/1151/1115 542/1150/1114 541/1152/1116
f 644/1151/1115 541/1152/1116 645/1153/1117
f 645/1153/1117 541/1152/1116 540/1154/1118
f 645/1153/1117 540/1154/1118 646/1155/1119
f 646/1155/1119 540/1154/1118 539/1156/1120
f 646/1155/1119 539/1156/1120 647/1157/1121
f 647/1157/1121 539/1156/1120 538/1158/1122
f 647/1157/1121 538/1158/1122 648/1159/1123
f 648/1159/1123 538/1158/1122 537/1160/1124
f 648/1159/1123 537/1160/1124 649/1161/1125
f 649/1161/1125 537/1160/1124 536/1162/1126
f 649/1161/1125 536/1162/1126 650/1163/1127
f 650/1163/1127 536/1162/1126 535/1164/1128
f 650/1163/1127 535/1164/1128 651/1165/1129
f 651/1165/1129 535/1164/1128 534/1166/1130
f 651/1165/1129 534/1166/1130 652/1167/1131
f 652/1167/1131 534/1166/1130 533/1168/1132
f 652/1167/1131 533/1168/1132 653/1169/1133
f 653/1169/1133 533/1168/1132 532/1170/1134
f 653/1169/1133 532/1170/1134 654/1171/1135
f 654/1171/1135 532/1170/1134 531/1172/1136
f 654/1171/1135 531/1172/1136 655/1173/1137
f 655/1173/1137 531/1172/1136 530/1174/1138
f 655/1173/1137 530/1174/1138 656/1175/1139
f 656/1175/1139 530/1174/1138 529/1176/1140
f 656/1175/1139 529/1176/1140 657/1177/1141
f 657/1177/1141 529/1176/1140 528/1178/1142
f 657/1177/1141 528/1178/1142 658/1129/1095
f 658/1129/1095 528/1178/1142 527/1130/1096
f 730/1179/1143 503/1180/1144 707/1181/1145
f 707/1181/1145 503/1180/1144 502/1182/1146
f 707/1183/1145 502/1184/1146 708/1185/1147
f 708/1185/1147 502/1184/1146 525/1186/1148
f 708/1185/1147 525/1186/1148 709/1187/1149
f 709/1187/1149 525/1186/1148 524/1188/1150
f 709/1187/1149 524/1188/1150 710/1189/1151
f 710/1189/1151 524/1188/1150 523/1190/1152
f 710/1189/1151 523/1190/1152 711/1191/1153
f 711/1191/1153 523/1190/1152 522/1192/1154
f 711/1191/1153 522/1192/1154 712/1193/1155
f 712/1193/1155 522/1192/1154 521/1194/1156
f 712/1193/1155 521/1194/1156 713/1195/1157
f 713/1195/1157 521/1194/1156 520/1196/1158
f 713/1195/1157 520/1196/1158 714/1197/1159
f 714/1197/1159 520/1196/1158 519/1198/1160
f 714/1197/1159 519/1198/1160 715/1199/1161
f 715/1199/1161 519/1198/1160 518/1200/1162
f 715/1199/1161 518/1200/1162 716/1201/1163
f 716/1201/1163 518/1200/1162 517/1202/1164
f 716/1201/1163 517/1202/1164 717/1203/1165
f 717/1203/1165 517/1202/1164 516/1204/1166
f 717/1203/1165 516/1204/1166 718/1205/1167
f 718/1205/1167 516/1204/1166 515/1206/1168
f 718/1205/1167 515/1206/1168 719/1207/1169
f 719/1207/1169 515/1206/1168 514/1208/1170
f 719/1207/1169 514/1208/1170 720/1209/1171
f 720/1209/1171 514/1208/1170 513/1210/1172
f 720/1209/1171 513/1210/1172 721/1211/1173
f 721/1211/1173 513/1210/1172 512/1212/1174
f 721/1211/1173 512/1212/1174 722/1213/1175
f 722/1213/1175 512/1212/1174 511/1214/1176
f 722/1213/1175 511/1214/1176 723/1215/1177
f 723/1215/1177 511/1214/1176 510/1216/1178
f 723/1215/1177 510/1216/1178 724/1217/1179
f 724/1217/1179 510/1216/1178 509/1218/1180
f 724/1217/1179 509/1218/1180 725/1219/1181
f 725/1219/1181 509/1218/1180 508/1220/1182
f 725/1219/1181 508/1220/1182 726/1221/1183
f 726/1221/1183 508/1220/1182 507/1222/1184
f 726/1221/1183 507/1222/1184 727/1223/1185
f 727/1223/1185 507/1222/1184 506/1224/1186
f 727/1223/1185 506/1224/1186 728/1225/1187
f 728/1225/1187 506/1224/1186 505/1226/1188
f 728/1225/1187 505/1226/1188 729/1227/1189
f 729/1227/1189 505/1226/1188 504/1228/1190
f 729/1227/1189 504/1228/1190 730/1179/1143
f 730/1179/1143 504/1228/1190 503/1180/1144
f 706/1229/1191 479/1230/1192 683/1231/1193
f 683/1231/1193 479/1230/1192 478/1232/1194
f 683/1233/1193 478/1234/1194 684/1235/1195
f 684/1235/1195 478/1234/1194 501/1236/1196
f 684/1235/1195 501/1236/1196 685/1237/1197
f 685/1237/1197 501/1236/1196 500/1238/1198
f 685/1237/1197 500/1238/1198 686/1239/1199
f 686/1239/1199 500/1238/1198 499/1240/1200
f 686/1239/1199 499/1240/1200 687/1241/1201
f 687/1241/1201 499/1240/1200 498/1242/1202
f 687/1241/1201 498/1242/1202 688/1243/1203
f 688/1243/1203 498/1242/1202 497/1244/1204
f 688/1243/1203 497/1244/1204 689/1245/1205
f 689/1245/1205 497/1244/1204 496/1246/1206
f 689/1245/1205 496/1246/1206 690/1247/1207
f 690/1247/1207 496/1246/1206 495/1248/1208
f 690/1247/1207 495/1248/1208 691/1249/1209
f 691/1249/1209 495/1248/1208 494/1250/1210
f 691/1249/1209 494/1250/1210 692/1251/1211
f 692/1251/1211 494/1250/1210 493/1252/1212
f 692/1251/1211 493/1252/1212 693/1253/1213
f 693/1253/1213 493/1252/1212 492/1254/1214
f 693/1253/1213 492/1254/1214 694/1255/1215
f 694/1255/1215 492/1254/1214 491/1256/1216
f 694/1255/1215 491/1256/1216 695/1257/1217
f 695/1257/1217 491/1256/1216 490/1258/1218
f 695/1257/1217 490/1258/1218 696/1259/1219
f 696/1259/1219 490/1258/1218 489/1260/1220
f 696/1259/1219 489/1260/1220 697/1261/1221
f 697/1261/1221 489/1260/1220 488/1262/1222
f 697/1261/1221 488/1262/1222 698/1263/1223
f 698/1263/1223 488/1262/1222 487/1264/1224
f 698/1263/1223 487/1264/1224 699/1265/1225
f 699/1265/1225 487/1264/1224 486/1266/1226
f 699/1265/1225 486/1266/1226 700/1267/1227
f 700/1267/1227 486/1266/1226 485/1268/1228
f 700/1267/1227 485/1268/1228 701/1269/1229
f 701/1269/1229 485/1268/1228 484/1270/1230
f 701/1269/1229 484/1270/1230 702/1271/1231
f 702/1271/1231 484/1270/1230 483/1272/1232
f 702/1271/1231 483/1272/1232 703/1273/1233
f 703/1273/1233 483/1272/1232 482/1274/1234
f 703/1273/1233 482/1274/1234 704/1275/1235
f 704/1275/1235 482/1274/1234 481/1276/1236
f 704/1275/1235 481/1276/1236 705/1277/1237
f 705/1277/1237 481/1276/1236 480/1278/1238
f 705/1277/1237 480/1278/1238 706/1229/1191
f 706/1229/1191 480/1278/1238 479/1230/1192
f 682/1279/1239 455/1280/1240 659/1281/1241
f 659/1281/1241 455/1280/1240 454/1282/1242
f 659/1283/1241 454/1284/1242 660/1285/1243
f 660/1285/1243 454/1284/1242 477/1286/1244
f 660/1285/1243 477/1286/1244 661/1287/1245
f 661/1287/1245 477/1286/1244 476/1288/1246
f 661/1287/1245 476/1288/1246 662/1289/1247
f 662/1289/1247 476/1288/1246 475/1290/1248
f 662/1289/1247 475/1290/1248 663/1291/1249
f 663/1291/1249 475/1290/1248 474/1292/1250
f 663/1291/1249 474/1292/1250 664/1293/1251
f 664/1293/1251 474/1292/1250 473/1294/1252
f 664/1293/1251 473/1294/1252 665/1295/1253
f 665/1295/1253 473/1294/1252 472/1296/1254
f 665/1295/1253 472/1296/1254 666/1297/1255
f 666/1297/1255 472/1296/1254 471/1298/1256
f 666/1297/1255 471/1298/1256 667/1299/1257
f 667/1299/1257 471/1298/1256 470/1300/1258
f 667/1299/1257 470/1300/1258 668/1301/1259
f 668/1301/1259 470/1300/1258 469/1302/1260
f 668/1301/1259 469/1302/1260 669/1303/1261
f 669/1303/1261 469/1302/1260 468/1304/1262
f 669/1303/1261 468/1304/1262 670/1305/1263
f 670/1305/1263 468/1304/1262 467/1306/1264
f 670/1305/1263 467/1306/1264 671/1307/1265
f 671/1307/1265 467/1306/1264 466/1308/1266
f 671/1307/1265 466/1308/1266 672/1309/1267
f 672/1309/1267 466/1308/1266 465/1310/1268
f 672/1309/1267 465/1310/1268 673/1311/1269
f 673/1311/1269 465/1310/1268 464/1312/1270
f 673/1311/1269 464/1312/1270 674/1313/1271
f 674/1313/1271 464/1312/1270 463/1314/1272
f 674/1313/1271 463/1314/1272 675/1315/1273
f 675/1315/1273 463/1314/1272 462/1316/1274
f 675/1315/1273 462/1316/1274 676/1317/1275
f 676/1317/1275 462/1316/1274 461/1318/1276
f 676/1317/1275 461/1318/1276 677/1319/1277
f 677/1319/1277 461/1318/1276 460/1320/1278
f 677/1319/1277 460/1320/1278 678/1321/1279
f 678/1321/1279 460/1320/1278 459/1322/1280
f 678/1321/1279 459/1322/1280 679/1323/1281
f 679/1323/1281 459/1322/1280 458/1324/1282
f 679/1323/1281 458/1324/1282 680/1325/1283
f 680/1325/1283 458/1324/1282 457/1326/1284
f 680/1325/1283 457/1326/1284 681/1327/1285
f 681/1327/1285 457/1326/1284 456/1328/1286
f 681/1327/1285 456/1328/1286 682/1279/1239
f 682/1279/1239 456/1328/1286 455/1280/1240
f 634/1329/1287 426/1330/1288 606/1331/1289
f 606/1331/1289 426/1330/1288 425/1332/1290
f 606/1333/1289 425/1334/1290 607/1335/1291
f 607/1335/1291 425/1334/1290 453/1336/1292
f 607/1335/1291 453/1336/1292 608/1337/1293
f 608/1337/1293 453/1336/1292 452/1338/1294
f 608/1337/1293 452/1338/1294 609/1339/1295
f 609/1339/1295 452/1338/1294 451/1340/1296
f 609/1339/1295 451/1340/1296 610/1341/1297
f 610/1341/1297 451/1340/1296 450/1342/1298
f 610/1341/1297 450/1342/1298 611/1343/1299
f 611/1343/1299 450/1342/1298 449/1344/1300
f 611/1343/1299 449/1344/1300 612/1345/1301
f 612/1345/1301 449/1344/1300 448/1346/1302
f 612/1345/1301 448/1346/1302 613/1347/1303
f 613/1347/1303 448/1346/1302 447/1348/1304
f 613/1347/1303 447/1348/1304 614/1349/1305
f 614/1349/1305 447/1348/1304 446/1350/1306
f 614/1349/1305 446/1350/1306 615/1351/1307
f 615/1351/1307 446/1350/1306 445/1352/1308
f 615/1351/1307 445/1352/1308 616/1353/1309
f 616/1353/1309 445/1352/1308 444/1354/1310
f 616/1353/1309 444/1354/1310 617/1355/1311
f 617/1355/1311 444/1354/1310 443/1356/1312
f 617/1355/1311 443/1356/1312 618/1357/1313
f 618/1357/1313 443/1356/1312 442/1358/1314
f 618/1357/1313 442/1358/1314 619/1359/1315
f 619/1359/1315 442/1358/1314 441/1360/1316
f 619/1359/1315 441/1360/1316 620/1361/1317
f 620/1361/1317 441/1360/1316 440/1362/1318
f 620/1361/1317 440/1362/1318 621/1363/1319
f 621/1363/1319 440/1362/1318 439/1364/1320
f 621/1363/1319 439/1364/1320 622/1365/1321
f 622/1365/1321 439/1364/1320 438/1366/1322
f 622/1365/1321 438/1366/1322 623/1367/1323
f 623/1367/1323 438/1366/1322 437/1368/1324
f 623/1367/1323 437/1368/1324 624/1369/1325
f 624/1369/1325 437/1368/1324 436/1370/1326
f 624/1369/1325 436/1370/1326 625/1371/1327
f 625/1371/1327 436/1370/1326 435/1372/1328
f 625/1371/1327 435/1372/1328 626/1373/1329
f 626/1373/1329 435/1372/1328 434/1374/1330
f 626/1373/1329 434/1374/1330 627/1375/1331
f 627/1375/1331 434/1374/1330 433/1376/1332
f 627/1375/1331 433/1376/1332 628/1377/1333
f 628/1377/1333 433/1376/1332 432/1378/1334
f 628/1377/1333 432/1378/1334 629/1379/1335
f 629/1379/1335 432/1378/1334 431/1380/1336
f 629/1379/1335 431/1380/1336 630/1381/1337
f 630/1381/1337 431/1380/1336 430/1382/1338
f 630/1381/1337 430/1382/1338 631/1383/1339
f 631/1383/1339 430/1382/1338 429/1384/1340
f 631/1383/1339 429/1384/1340 632/1385/1341
f 632/1385/1341 429/1384/1340 428/1386/1342
f 632/1385/1341 428/1386/1342 633/1387/1343
f 633/1387/1343 428/1386/1342 427/1388/1344
f 633/1387/1343 427/1388/1344 634/1329/1287
f 634/1329/1287 427/1388/1344 426/1330/1288
f 586/1389/749 585/1390/750 587/1391/1345
f 587/1391/1345 585/1390/750 584/1392/1346
f 587/1391/1345 584/1392/1346 583/1393/1347
f 587/1391/1345 583/1393/1347 588/1394/1348
f 588/1394/1348 583/1393/1347 582/1395/1349
f 588/1394/1348 582/1395/1349 589/1396/1350
f 589/1396/1350 582/1395/1349 579/1397/732
f 589/1396/1350 579/1397/732 590/1398/1351
f 590/1398/1351 579/1397/732 591/1399/1352
f 591/1399/1352 579/1397/732 418/1400/733
f 591/1399/1352 418/1400/733 417/1401/1353
f 416/1402/1354 593/1403/1355 417/1401/1353
f 417/1401/1353 593/1403/1355 592/1404/1356
f 417/1401/1353 592/1404/1356 591/1399/1352
f 593/1403/1355 416/1402/1354 594/1405/1357
f 594/1405/1357 416/1402/1354 415/1406/1358
f 594/1405/1357 415/1406/1358 595/1407/1359
f 595/1407/1359 415/1406/1358 596/1408/1360
f 596/1408/1360 415/1406/1358 414/1409/1361
f 596/1408/1360 414/1409/1361 597/1410/1362
f 597/1410/1362 414/1409/1361 598/1411/1363
f 598/1411/1363 414/1409/1361 413/1412/1364
f 598/1411/1363 413/1412/1364 599/1413/1365
f 599/1413/1365 413/1412/1364 600/1414/1366
f 600/1414/1366 413/1412/1364 412/1415/1367
f 600/1414/1366 412/1415/1367 601/1416/1368
f 601/1416/1368 412/1415/1367 602/1417/1369
f 602/1417/1369 412/1415/1367 411/1418/1370
f 602/1417/1369 411/1418/1370 603/1419/1371
f 603/1419/1371 411/1418/1370 410/1420/1372
f 603/1419/1371 410/1420/1372 604/1421/1373
f 604/1421/1373 410/1420/1372 605/1422/1374
f 605/1422/1374 410/1420/1372 360/1423/1375
f 605/1422/1374 360/1423/1375 396/1424/1376
f 59/1425/1377 407/1426/1378 60/1427/1379
f 60/1427/1379 407/1426/1378 741/1428/1380
f 60/1427/1379 741/1428/1380 61/1429/1381
f 61/1429/1381 741/1428/1380 740/1430/1382
f 61/1429/1381 740/1430/1382 62/1431/1383
f 62/1431/1383 740/1430/1382 739/1432/1384
f 62/1431/1383 739/1432/1384 63/1433/1385
f 63/1433/1385 739/1432/1384 738/1434/1386
f 63/1433/1385 738/1434/1386 64/1435/1387
f 64/1435/1387 738/1434/1386 737/1436/1388
f 64/1435/1387 737/1436/1388 65/1437/1389
f 65/1437/1389 737/1436/1388 736/1438/1390
f 65/1437/1389 736/1438/1390 66/1439/1391
f 66/1439/1391 736/1438/1390 735/1440/1392
f 66/1439/1391 735/1440/1392 67/1441/1393
f 67/1441/1393 735/1440/1392 734/1442/1394
f 67/1441/1393 734/1442/1394 68/1443/1395
f 68/1443/1395 734/1442/1394 733/1444/1396
f 791/1445/1397 178/1446/1398 768/1447/1399
f 768/1447/1399 178/1446/1398 177/1448/1400
f 768/1449/1399 177/1450/1400 769/1451/1401
f 769/1451/1401 177/1450/1400 200/1452/1402
f 769/1451/1401 200/1452/1402 770/1453/1403
f 770/1453/1403 200/1452/1402 199/1454/1404
f 770/1453/1403 199/1454/1404 771/1455/1405
f 771/1455/1405 199/1454/1404 198/1456/1406
f 771/1455/1405 198/1456/1406 772/1457/1407
f 772/1457/1407 198/1456/1406 197/1458/1408
f 772/1457/1407 197/1458/1408 773/1459/1409
f 773/1459/1409 197/1458/1408 196/1460/1410
f 773/1459/1409 196/1460/1410 774/1461/1411
f 774/1461/1411 196/1460/1410 195/1462/1412
f 774/1461/1411 195/1462/1412 775/1463/1413
f 775/1463/1413 195/1462/1412 194/1464/1414
f 775/1463/1413 194/1464/1414 776/1465/1415
f 776/1465/1415 194/1464/1414 193/1466/1416
f 776/1465/1415 193/1466/1416 777/1467/1417
f 777/1467/1417 193/1466/1416 192/1468/1418
f 777/1467/1417 192/1468/1418 778/1469/1419
f 778/1469/1419 192/1468/1418 191/1470/1420
f 778/1469/1419 191/1470/1420 779/1471/1421
f 779/1471/1421 191/1470/1420 190/1472/1422
f 779/1471/1421 190/1472/1422 780/1473/1423
f 780/1473/1423 190/1472/1422 189/1474/1424
f 780/1473/1423 189/1474/1424 781/1475/1425
f 781/1475/1425 189/1474/1424 188/1476/1426
f 781/1475/1425 188/1476/1426 782/1477/1427
f 782/1477/1427 188/1476/1426 187/1478/1428
f 782/1477/1427 187/1478/1428 783/1479/1429
f 783/1479/1429 187/1478/1428 186/1480/1430
f 783/1479/1429 186/1480/1430 784/1481/1431
f 784/1481/1431 186/1480/1430 185/1482/1432
f 784/1481/1431 185/1482/1432 785/1483/1433
f 785/1483/1433 185/1482/1432 184/1484/1434
f 785/1483/1433 184/1484/1434 786/1485/1435
f 786/1485/1435 184/1484/1434 183/1486/1436
f 786/1485/1435 183/1486/1436 787/1487/1437
f 787/1487/1437 183/1486/1436 182/1488/1438
f 787/1487/1437 182/1488/1438 788/1489/1439
f 788/1489/1439 182/1488/1438 181/1490/1440
f 788/1489/1439 181/1490/1440 789/1491/1441
f 789/1491/1441 181/1490/1440 180/1492/1442
f 789/1491/1441 180/1492/1442 790/1493/1443
f 790/1493/1443 180/1492/1442 179/1494/1444
f 790/1493/1443 179/1494/1444 791/1445/1397
f 791/1445/1397 179/1494/1444 178/1446/1398
f 839/1495/1445 154/1496/1446 816/1497/1447
f 816/1497/1447 154/1496/1446 153/1498/1448
f 816/1499/1447 153/1500/1448 817/1501/1449
f 817/1501/1449 153/1500/1448 176/1502/1450
f 817/1501/1449 176/1502/1450 818/1503/1451
f 818/1503/1451 176/1502/1450 175/1504/1452
f 818/1503/1451 175/1504/1452 819/1505/1453
f 819/1505/1453 175/1504/1452 174/1506/1454
f 819/1505/1453 174/1506/1454 820/1507/1455
f 820/1507/1455 174/1506/1454 173/1508/1456
f 820/1507/1455 173/1508/1456 821/1509/1457
f 821/1509/1457 173/1508/1456 172/1510/1458
f 821/1509/1457 172/1510/1458 822/1511/1459
f 822/1511/1459 172/1510/1458 171/1512/1460
f 822/1511/1459 171/1512/1460 823/1513/1461
f 823/1513/1461 171/1512/1460 170/1514/1462
f 823/1513/1461 170/1514/1462 824/1515/1463
f 824/1515/1463 170/1514/1462 169/1516/1464
f 824/1515/1463 169/1516/1464 825/1517/1465
f 825/1517/1465 169/1516/1464 168/1518/1466
f 825/1517/1465 168/1518/1466 826/1519/1467
f 826/1519/1467 168/1518/1466 167/1520/1468
f 826/1519/1467 167/1520/1468 827/1521/1469
f 827/1521/1469 167/1520/1468 166/1522/1470
f 827/1521/1469 166/1522/1470 828/1523/1471
f 828/1523/1471 166/1522/1470 165/1524/1472
f 828/1523/1471 165/1524/1472 829/1525/1473
f 829/1525/1473 165/1524/1472 164/1526/1474
f 829/1525/1473 164/1526/1474 830/1527/1475
f 830/1527/1475 164/1526/1474 163/1528/1476
f 830/1527/1475 163/1528/1476 831/1529/1477
f 831/1529/1477 163/1528/1476 162/1530/1478
f 831/1529/1477 162/1530/1478 832/1531/1479
f 832/1531/1479 162/1530/1478 161/1532/1480
f 832/1531/1479 161/1532/1480 833/1533/1481
f 833/1533/1481 161/1532/1480 160/1534/1482
f 833/1533/1481 160/1534/1482 834/1535/1483
f 834/1535/1483 160/1534/1482 159/1536/1484
f 834/1535/1483 159/1536/1484 835/1537/1485
f 835/1537/1485 159/1536/1484 158/1538/1486
f 835/1537/1485 158/1538/1486 836/1539/1487
f 836/1539/1487 158/1538/1486 157/1540/1488
f 836/1539/1487 157/1540/1488 837/1541/1489
f 837/1541/1489 157/1540/1488 156/1542/1490
f 837/1541/1489 156/1542/1490 838/1543/1491
f 838/1543/1491 156/1542/1490 155/1544/1492
f 838/1543/1491 155/1544/1492 839/1495/1445
f 839/1495/1445 155/1544/1492 154/1496/1446
f 815/1545/1493 130/1546/1494 792/1547/1495
f 792/1547/1495 130/1546/1494 129/1548/1496
f 792/1549/1495 129/1550/1496 793/1551/1497
f 793/1551/1497 129/1550/1496 152/1552/1498
f 793/1551/1497 152/1552/1498 794/1553/1499
f 794/1553/1499 152/1552/1498 151/1554/1500
f 794/1553/1499 151/1554/1500 795/1555/1501
f 795/1555/1501 151/1554/1500 150/1556/1502
f 795/1555/1501 150/1556/1502 796/1557/1503
f 796/1557/1503 150/1556/1502 149/1558/1504
f 796/1557/1503 149/1558/1504 797/1559/1505
f 797/1559/1505 149/1558/1504 148/1560/1506
f 797/1559/1505 148/1560/1506 798/1561/1507
f 798/1561/1507 148/1560/1506 147/1562/1508
f 798/1561/1507 147/1562/1508 799/1563/1509
f 799/1563/1509 147/1562/1508 146/1564/1510
f 799/1563/1509 146/1564/1510 800/1565/1511
f 800/1565/1511 146/1564/1510 145/1566/1512
f 800/1565/1511 145/1566/1512 801/1567/1513
f 801/1567/1513 145/1566/1512 144/1568/1514
f 801/1567/1513 144/1568/1514 802/1569/1515
f 802/1569/1515 144/1568/1514 143/1570/1516
f 802/1569/1515 143/1570/1516 803/1571/1517
f 803/1571/1517 143/1570/1516 142/1572/1518
f 803/1571/1517 142/1572/1518 804/1573/1519
f 804/1573/1519 142/1572/1518 141/1574/1520
f 804/1573/1519 141/1574/1520 805/1575/1521
f 805/1575/1521 141/1574/1520 140/1576/1522
f 805/1575/1521 140/1576/1522 806/1577/1523
f 806/1577/1523 140/1576/1522 139/1578/1524
f 806/1577/1523 139/1578/1524 807/1579/1525
f 807/1579/1525 139/1578/1524 138/1580/1526
f 807/1579/1525 138/1580/1526 808/1581/1527
f 808/1581/1527 138/1580/1526 137/1582/1528
f 808/1581/1527 137/1582/1528 809/1583/1529
f 809/1583/1529 137/1582/1528 136/1584/1530
f 809/1583/1529 136/1584/1530 810/1585/1531
f 810/1585/1531 136/1584/1530 135/1586/1532
f 810/1585/1531 135/1586/1532 811/1587/1533
f 811/1587/1533 135/1586/1532 134/1588/1534
f 811/1587/1533 134/1588/1534 812/1589/1535
f 812/1589/1535 134/1588/1534 133/1590/1536
f 812/1589/1535 133/1590/1536 813/1591/1537
f 813/1591/1537 133/1590/1536 132/1592/1538
f 813/1591/1537 132/1592/1538 814/1593/1539
f 814/1593/1539 132/1592/1538 131/1594/1540
f 814/1593/1539 131/1594/1540 815/1545/1493
f 815/1545/1493 131/1594/1540 130/1546/1494
f 767/1595/1541 106/1596/1542 744/1597/1543
f 744/1597/1543 106/1596/1542 105/1598/1544
f 744/1599/1543 105/1600/1544 745/1601/1545
f 745/1601/1545 105/1600/1544 128/1602/1546
f 745/1601/1545 128/1602/1546 746/1603/1547
f 746/1603/1547 128/1602/1546 127/1604/1548
f 746/1603/1547 127/1604/1548 747/1605/1549
f 747/1605/1549 127/1604/1548 126/1606/1550
f 747/1605/1549 126/1606/1550 748/1607/1551
f 748/1607/1551 126/1606/1550 125/1608/1552
f 748/1607/1551 125/1608/1552 749/1609/1553
f 749/1609/1553 125/1608/1552 124/1610/1554
f 749/1609/1553 124/1610/1554 750/1611/1555
f 750/1611/1555 124/1610/1554 123/1612/1556
f 750/1611/1555 123/1612/1556 751/1613/1557
f 751/1613/1557 123/1612/1556 122/1614/1558
f 751/1613/1557 122/1614/1558 752/1615/1559
f 752/1615/1559 122/1614/1558 121/1616/1560
f 752/1615/1559 121/1616/1560 753/1617/1561
f 753/1617/1561 121/1616/1560 120/1618/1562
f 753/1617/1561 120/1618/1562 754/1619/1563
f 754/1619/1563 120/1618/1562 119/1620/1564
f 754/1619/1563 119/1620/1564 755/1621/1565
f 755/1621/1565 119/1620/1564 118/1622/1566
f 755/1621/1565 118/1622/1566 756/1623/1567
f 756/1623/1567 118/1622/1566 117/1624/1568
f 756/1623/1567 117/1624/1568 757/1625/1569
f 757/1625/1569 117/1624/1568 116/1626/1570
f 757/1625/1569 116/1626/1570 758/1627/1571
f 758/1627/1571 116/1626/1570 115/1628/1572
f 758/1627/1571 115/1628/1572 759/1629/1573
f 759/1629/1573 115/1628/1572 114/1630/1574
f 759/1629/1573 114/1630/1574 760/1631/1575
f 760/1631/1575 114/1630/1574 113/1632/1576
f 760/1631/1575 113/1632/1576 761/1633/1577
f 761/1633/1577 113/1632/1576 112/1634/1578
f 761/1633/1577 112/1634/1578 762/1635/1579
f 762/1635/1579 112/1634/1578 111/1636/1580
f 762/1635/1579 111/1636/1580 763/1637/1581
f 763/1637/1581 111/1636/1580 110/1638/1582
f 763/1637/1581 110/1638/1582 764/1639/1583
f 764/1639/1583 110/1638/1582 109/1640/1584
f 764/1639/1583 109/1640/1584 765/1641/1585
f 765/1641/1585 109/1640/1584 108/1642/1586
f 765/1641/1585 108/1642/1586 766/1643/1587
f 766/1643/1587 108/1642/1586 107/1644/1588
f 766/1643/1587 107/1644/1588 767/1595/1541
f 767/1595/1541 107/1644/1588 106/1596/1542
f 868/1645/1589 77/1646/1590 840/1647/1591
f 840/1647/1591 77/1646/1590 76/1648/1592
f 840/1649/1591 76/1650/1592 841/1651/1593
f 841/1651/1593 76/1650/1592 104/1652/1594
f 841/1651/1593 104/1652/1594 842/1653/1595
f 842/1653/1595 104/1652/1594 103/1654/1596
f 842/1653/1595 103/1654/1596 843/1655/1597
f 843/1655/1597 103/1654/1596 102/1656/1598
f 843/1655/1597 102/1656/1598 844/1657/1599
f 844/1657/1599 102/1656/1598 101/1658/1600
f 844/1657/1599 101/1658/1600 845/1659/1601
f 845/1659/1601 101/1658/1600 100/1660/1602
f 845/1659/1601 100/1660/1602 846/1661/1603
f 846/1661/1603 100/1660/1602 99/1662/1604
f 846/1661/1603 99/1662/1604 847/1663/1605
f 847/1663/1605 99/1662/1604 98/1664/1606
f 847/1663/1605 98/1664/1606 848/1665/1607
f 848/1665/1607 98/1664/1606 97/1666/1608
f 848/1665/1607 97/1666/1608 849/1667/1609
f 849/1667/1609 97/1666/1608 96/1668/1610
f 849/1667/1609 96/1668/1610 850/1669/1611
f 850/1669/1611 96/1668/1610 95/1670/1612
f 850/1669/1611 95/1670/1612 851/1671/1613
f 851/1671/1613 95/1670/1612 94/1672/1614
f 851/1671/1613 94/1672/1614 852/1673/1615
f 852/1673/1615 94/1672/1614 93/1674/1616
f 852/1673/1615 93/1674/1616 853/1675/1617
f 853/1675/1617 93/1674/1616 92/1676/1618
f 853/1675/1617 92/1676/1618 854/1677/1619
f 854/1677/1619 92/1676/1618 91/1678/1620
f 854/1677/1619 91/1678/1620 855/1679/1621
f 855/1679/1621 91/1678/1620 90/1680/1622
f 855/1679/1621 90/1680/1622 856/1681/1623
f 856/1681/1623 90/1680/1622 89/1682/1624
f 856/1681/1623 89/1682/1624 857/1683/1625
f 857/1683/1625 89/1682/1624 88/1684/1626
f 857/1683/1625 88/1684/1626 858/1685/1627
f 858/1685/1627 88/1684/1626 87/1686/1628
f 858/1685/1627 87/1686/1628 859/1687/1629
f 859/1687/1629 87/1686/1628 86/1688/1630
f 859/1687/1629 86/1688/1630 860/1689/1631
f 860/1689/1631 86/1688/1630 85/1690/1632
f 860/1689/1631 85/1690/1632 861/1691/1633
f 861/1691/1633 85/1690/1632 84/1692/1634
f 861/1691/1633 84/1692/1634 862/1693/1635
f 862/1693/1635 84/1692/1634 83/1694/1636
f 862/1693/1635 83/1694/1636 863/1695/1637
f 863/1695/1637 83/1694/1636 82/1696/1638
f 863/1695/1637 82/1696/1638 864/1697/1639
f 864/1697/1639 82/1696/1638 81/1698/1640
f 864/1697/1639 81/1698/1640 865/1699/1641
f 865/1699/1641 81/1698/1640 80/1700/1642
f 865/1699/1641 80/1700/1642 866/1701/1643
f 866/1701/1643 80/1700/1642 79/1702/1644
f 866/1701/1643 79/1702/1644 867/1703/1645
f 867/1703/1645 79/1702/1644 78/1704/1646
f 867/1703/1645 78/1704/1646 868/1645/1589
f 868/1645/1589 78/1704/1646 77/1646/1590
f 46/1705/302 259/1706/301 47/1707/1647
f 47/1707/1647 259/1706/301 743/1708/1648
f 47/1707/1647 743/1708/1648 48/1709/1649
f 48/1709/1649 743/1708/1648 742/1710/1650
f 48/1709/1649 742/1710/1650 49/1711/511
f 49/1711/511 742/1710/1650 397/1712/510
f 575/1713/1651 71/1714/1652 731/1715/1653
f 731/1715/1653 71/1714/1652 70/1716/1654
f 731/1715/1653 70/1716/1654 732/1717/1655
f 732/1717/1655 70/1716/1654 69/1718/1656
f 732/1717/1655 69/1718/1656 733/1719/1396
f 733/1719/1396 69/1718/1656 68/1720/1395
f 292/1721/340 869/1722/1657 271/1723/341
f 271/1723/341 869/1722/1657 870/1724/1658
f 871/1725/1659 869/1726/1660 333/1727/1661
f 333/1727/1661 869/1726/1660 292/1728/1662
f 333/1727/1661 292/1728/1662 291/1729/1663
f 872/1730/1664 881/1731/1665 871/1725/1659
f 871/1725/1659 881/1731/1665 882/1732/1666
f 871/1725/1659 882/1732/1666 883/1733/1667
f 872/1730/1664 873/1734/1668 881/1731/1665
f 881/1731/1665 873/1734/1668 874/1735/1669
f 881/1731/1665 874/1735/1669 875/1736/1670
f 875/1736/1670 876/1737/1671 881/1731/1665
f 881/1731/1665 876/1737/1671 877/1738/1672
f 881/1731/1665 877/1738/1672 878/1739/1673
f 878/1739/1673 879/1740/1674 881/1731/1665
f 881/1731/1665 879/1740/1674 880/1741/1675
f 883/1733/1667 884/1742/1676 871/1725/1659
f 871/1725/1659 884/1742/1676 885/1743/1677
f 871/1725/1659 885/1743/1677 886/1744/1678
f 886/1744/1678 887/1745/1679 871/1725/1659
f 871/1725/1659 887/1745/1679 888/1746/1680
f 871/1725/1659 888/1746/1680 889/1747/1681
f 889/1747/1681 890/1748/1682 871/1725/1659
f 871/1725/1659 890/1748/1682 891/1749/1683
f 871/1725/1659 891/1749/1683 869/1726/1660
f 291/1729/1663 290/1750/1684 333/1727/1661
f 333/1727/1661 290/1750/1684 289/1751/1685
f 333/1727/1661 289/1751/1685 288/1752/1686
f 288/1752/1686 287/1753/1687 333/1727/1661
f 333/1727/1661 287/1753/1687 286/1754/1688
f 333/1727/1661 286/1754/1688 285/1755/1689
f 285/1755/1689 284/1756/1690 333/1727/1661
f 333/1727/1661 284/1756/1690 283/1757/1691
f 333/1727/1661 283/1757/1691 282/1758/1692
f 282/1758/1692 236/1759/1693 333/1727/1661
f 333/1727/1661 236/1759/1693 334/1760/1694
f 334/1760/1694 236/1759/1693 335/1761/1695
f 335/1761/1695 236/1759/1693 336/1762/1696
f 336/1762/1696 236/1759/1693 337/1763/1697
f 337/1763/1697 236/1759/1693 338/1764/1698
f 338/1764/1698 236/1759/1693 339/1765/1699
f 339/1765/1699 236/1759/1693 340/1766/1700
f 340/1766/1700 236/1759/1693 341/1767/1701
f 341/1767/1701 236/1759/1693 253/1768/1702
f 332/1769/388 892/1770/1703 315/1771/389
f 315/1771/389 892/1770/1703 893/1772/1704
f 294/1773/1705 293/1774/1706 332/1775/1707
f 332/1775/1707 293/1774/1706 894/1776/1708
f 332/1775/1707 894/1776/1708 892/1777/1709
f 892/1777/1709 894/1776/1708 895/1778/1710
f 892/1777/1709 895/1778/1710 896/1779/1711
f 896/1779/1711 897/1780/1712 892/1777/1709
f 892/1777/1709 897/1780/1712 898/1781/1713
f 892/1777/1709 898/1781/1713 899/1782/1714
f 899/1782/1714 900/1783/1715 892/1777/1709
f 892/1777/1709 900/1783/1715 901/1784/1716
f 892/1777/1709 901/1784/1716 902/1785/1717
f 902/1785/1717 903/1786/1718 892/1777/1709
f 892/1777/1709 903/1786/1718 904/1787/1719
f 892/1777/1709 904/1787/1719 905/1788/1720
f 906/1789/1721 907/1790/1722 905/1788/1720
f 905/1788/1720 907/1790/1722 908/1791/1723
f 905/1788/1720 908/1791/1723 909/1792/1724
f 909/1792/1724 910/1793/1725 905/1788/1720
f 905/1788/1720 910/1793/1725 911/1794/1726
f 905/1788/1720 911/1794/1726 912/1795/1727
f 912/1795/1727 913/1796/1728 905/1788/1720
f 905/1788/1720 913/1796/1728 914/1797/1729
f 905/1788/1720 914/1797/1729 892/1777/1709
f 331/1798/1730 223/1799/1731 332/1775/1707
f 332/1775/1707 223/1799/1731 303/1800/1732
f 332/1775/1707 303/1800/1732 302/1801/1733
f 331/1798/1730 330/1802/1734 223/1799/1731
f 223/1799/1731 330/1802/1734 329/1803/1735
f 223/1799/1731 329/1803/1735 328/1804/1736
f 328/1804/1736 327/1805/1737 223/1799/1731
f 223/1799/1731 327/1805/1737 326/1806/1738
f 223/1799/1731 326/1806/1738 325/1807/1739
f 325/1807/1739 324/1808/1740 223/1799/1731
f 223/1799/1731 324/1808/1740 224/1809/1741
f 302/1801/1733 301/1810/1742 332/1775/1707
f 332/1775/1707 301/1810/1742 300/1811/1743
f 332/1775/1707 300/1811/1743 299/1812/1744
f 299/1812/1744 298/1813/1745 332/1775/1707
f 332/1775/1707 298/1813/1745 297/1814/1746
f 332/1775/1707 297/1814/1746 296/1815/1747
f 296/1815/1747 295/1816/1748 332/1775/1707
f 332/1775/1707 295/1816/1748 294/1773/1705
f 350/1817/408 915/1818/1749 333/1819/409
f 333/1819/409 915/1818/1749 871/1820/1750
f 314/1821/364 916/1822/1751 293/1823/365
f 293/1823/365 916/1822/1751 894/1824/1752
f 918/1825/1753 940/1826/1754 917/1827/1755
f 917/1827/1755 940/1826/1754 941/1828/1756
f 917/1827/1755 941/1828/1756 939/1829/1757
f 939/1829/1757 941/1828/1756 938/1830/1758
f 938/1830/1758 941/1828/1756 937/1831/1759
f 937/1831/1759 941/1828/1756 936/1832/1760
f 936/1832/1760 941/1828/1756 935/1833/1761
f 935/1833/1761 941/1828/1756 940/1826/1754
f 935/1833/1761 940/1826/1754 934/1834/1762
f 934/1834/1762 940/1826/1754 942/1835/1763
f 934/1834/1762 942/1835/1763 933/1836/1764
f 933/1836/1764 942/1835/1763 943/1837/1765
f 933/1836/1764 943/1837/1765 932/1838/1766
f 932/1838/1766 943/1837/1765 944/1839/1767
f 932/1838/1766 944/1839/1767 931/1840/1768
f 931/1840/1768 944/1839/1767 945/1841/1769
f 931/1840/1768 945/1841/1769 930/1842/1770
f 930/1842/1770 945/1841/1769 946/1843/1771
f 930/1842/1770 946/1843/1771 929/1844/1772
f 929/1844/1772 946/1843/1771 947/1845/1773
f 929/1844/1772 947/1845/1773 928/1846/1774
f 928/1846/1774 947/1845/1773 948/1847/1775
f 928/1846/1774 948/1847/1775 927/1848/1776
f 927/1848/1776 948/1847/1775 925/1849/1777
f 927/1848/1776 925/1849/1777 926/1850/1778
f 940/1826/1754 918/1825/1753 942/1835/1763
f 942/1835/1763 918/1825/1753 919/1851/1779
f 942/1835/1763 919/1851/1779 943/1837/1765
f 943/1837/1765 919/1851/1779 920/1852/1780
f 943/1837/1765 920/1852/1780 944/1839/1767
f 944/1839/1767 920/1852/1780 921/1853/1781
f 944/1839/1767 921/1853/1781 945/1841/1769
f 945/1841/1769 921/1853/1781 922/1854/1782
f 945/1841/1769 922/1854/1782 946/1843/1771
f 946/1843/1771 922/1854/1782 923/1855/1783
f 946/1843/1771 923/1855/1783 947/1845/1773
f 947/1845/1773 923/1855/1783 924/1856/1784
f 947/1845/1773 924/1856/1784 948/1847/1775
f 948/1847/1775 924/1856/1784 925/1849/1777
f 936/1857/1785 979/1858/1786 937/1859/1787
f 937/1859/1787 979/1858/1786 980/1860/1788
f 937/1859/1787 980/1860/1788 981/1861/1789
f 936/1857/1785 935/1862/1790 979/1858/1786
f 979/1858/1786 935/1862/1790 978/1863/1791
f 978/1863/1791 935/1862/1790 934/1864/1792
f 978/1863/1791 934/1864/1792 977/1865/1793
f 977/1865/1793 934/1864/1792 933/1866/1794
f 977/1865/1793 933/1866/1794 932/1867/1795
f 977/1865/1793 932/1867/1795 976/1868/1796
f 976/1868/1796 932/1867/1795 931/1869/1797
f 976/1868/1796 931/1869/1797 930/1870/1798
f 976/1868/1796 930/1870/1798 927/1871/1799
f 927/1871/1799 930/1870/1798 929/1872/1800
f 927/1871/1799 929/1872/1800 928/1873/1801
f 927/1871/1799 905/1874/1802 976/1868/1796
f 976/1868/1796 905/1874/1802 975/1875/1803
f 975/1875/1803 905/1874/1802 949/1876/1804
f 975/1875/1803 949/1876/1804 974/1877/1805
f 974/1877/1805 949/1876/1804 950/1878/1806
f 974/1877/1805 950/1878/1806 881/1879/1807
f 974/1877/1805 881/1879/1807 973/1880/1808
f 973/1880/1808 881/1879/1807 951/1881/1809
f 973/1880/1808 951/1881/1809 954/1882/1810
f 954/1882/1810 951/1881/1809 953/1883/1811
f 953/1883/1811 951/1881/1809 952/1884/1812
f 954/1882/1810 955/1885/1813 973/1880/1808
f 973/1880/1808 955/1885/1813 956/1886/1814
f 973/1880/1808 956/1886/1814 972/1887/1815
f 972/1887/1815 956/1886/1814 957/1888/1816
f 972/1887/1815 957/1888/1816 958/1889/1817
f 972/1887/1815 958/1889/1817 971/1890/1818
f 971/1890/1818 958/1889/1817 959/1891/1819
f 971/1890/1818 959/1891/1819 970/1892/1820
f 970/1892/1820 959/1891/1819 960/1893/1821
f 970/1892/1820 960/1893/1821 961/1894/1822
f 962/1895/1823 964/1896/1824 961/1894/1822
f 961/1894/1822 964/1896/1824 965/1897/1825
f 961/1894/1822 965/1897/1825 966/1898/1826
f 962/1895/1823 963/1899/1827 964/1896/1824
f 966/1898/1826 967/1900/1828 961/1894/1822
f 961/1894/1822 967/1900/1828 968/1901/1829
f 961/1894/1822 968/1901/1829 969/1902/1830
f 969/1902/1830 970/1892/1820 961/1894/1822
f 981/1861/1789 982/1903/1831 937/1859/1787
f 937/1859/1787 982/1903/1831 983/1904/1832
f 937/1859/1787 983/1904/1832 984/1905/1833
f 984/1905/1833 985/1906/1834 937/1859/1787
f 937/1859/1787 985/1906/1834 987/1907/1835
f 987/1907/1835 985/1906/1834 986/1908/1836
f 926/1909/1778 906/1910/1837 927/1911/1776
f 927/1911/1776 906/1910/1837 905/1912/1838
f 925/1913/1839 924/1914/1840 926/1915/1841
f 926/1915/1841 924/1914/1840 906/1916/1842
f 906/1916/1842 924/1914/1840 923/1917/1843
f 906/1916/1842 923/1917/1843 1007/1918/1844
f 1007/1918/1844 923/1917/1843 922/1919/1845
f 1007/1918/1844 922/1919/1845 921/1920/1846
f 920/1921/1847 999/1922/1848 921/1920/1846
f 921/1920/1846 999/1922/1848 1000/1923/1849
f 921/1920/1846 1000/1923/1849 1007/1918/1844
f 1007/1918/1844 1000/1923/1849 1006/1924/1850
f 1006/1924/1850 1000/1923/1849 1001/1925/1851
f 1006/1924/1850 1001/1925/1851 1002/1926/1852
f 999/1922/1848 920/1921/1847 998/1927/1853
f 998/1927/1853 920/1921/1847 919/1928/1854
f 998/1927/1853 919/1928/1854 990/1929/1855
f 990/1929/1855 919/1928/1854 918/1930/1856
f 990/1929/1855 918/1930/1856 989/1931/1857
f 989/1931/1857 918/1930/1856 917/1932/1858
f 989/1931/1857 917/1932/1858 988/1933/1859
f 990/1929/1855 991/1934/1860 998/1927/1853
f 998/1927/1853 991/1934/1860 997/1935/1861
f 997/1935/1861 991/1934/1860 992/1936/1862
f 997/1935/1861 992/1936/1862 996/1937/1863
f 996/1937/1863 992/1936/1862 993/1938/1864
f 996/1937/1863 993/1938/1864 994/1939/1865
f 994/1939/1865 995/1940/1866 996/1937/1863
f 1006/1924/1850 1002/1926/1852 880/1941/1867
f 880/1941/1867 1002/1926/1852 1003/1942/1868
f 880/1941/1867 1003/1942/1868 1005/1943/1869
f 1005/1943/1869 1003/1942/1868 1004/1944/1870
f 960/1945/1871 1010/1946/1872 961/1947/1873
f 961/1947/1873 1010/1946/1872 1008/1948/1874
f 961/1947/1873 1008/1948/1874 1009/1949/1875
f 960/1945/1871 959/1950/1876 1010/1946/1872
f 1010/1946/1872 959/1950/1876 1011/1951/1877
f 1010/1946/1872 1011/1951/1877 996/1952/1878
f 996/1952/1878 1011/1951/1877 997/1953/1879
f 997/1953/1879 1011/1951/1877 1012/1954/1880
f 997/1953/1879 1012/1954/1880 998/1955/1881
f 998/1955/1881 1012/1954/1880 1013/1956/1882
f 998/1955/1881 1013/1956/1882 999/1957/1883
f 999/1957/1883 1013/1956/1882 1014/1958/1884
f 999/1957/1883 1014/1958/1884 1000/1959/1885
f 1000/1959/1885 1014/1958/1884 1015/1960/1886
f 1000/1959/1885 1015/1960/1886 1001/1961/1887
f 1001/1961/1887 1015/1960/1886 1016/1962/1888
f 1001/1961/1887 1016/1962/1888 1002/1963/1889
f 1002/1963/1889 1016/1962/1888 1017/1964/1890
f 1002/1963/1889 1017/1964/1890 1003/1965/1891
f 1003/1965/1891 1017/1964/1890 1018/1966/1892
f 1003/1965/1891 1018/1966/1892 1004/1967/1893
f 1004/1967/1893 1018/1966/1892 1005/1968/1894
f 1005/1968/1894 1018/1966/1892 951/1969/1895
f 951/1969/1895 1018/1966/1892 952/1970/1896
f 952/1970/1896 1018/1966/1892 1017/1964/1890
f 952/1970/1896 1017/1964/1890 953/1971/1897
f 953/1971/1897 1017/1964/1890 1016/1962/1888
f 953/1971/1897 1016/1962/1888 954/1972/1898
f 954/1972/1898 1016/1962/1888 1015/1960/1886
f 954/1972/1898 1015/1960/1886 955/1973/1899
f 955/1973/1899 1015/1960/1886 1014/1958/1884
f 955/1973/1899 1014/1958/1884 956/1974/1900
f 956/1974/1900 1014/1958/1884 1013/1956/1882
f 956/1974/1900 1013/1956/1882 957/1975/1901
f 957/1975/1901 1013/1956/1882 1012/1954/1880
f 957/1975/1901 1012/1954/1880 958/1976/1902
f 958/1976/1902 1012/1954/1880 1011/1951/1877
f 958/1976/1902 1011/1951/1877 959/1950/1876
f 996/1952/1878 1008/1948/1874 1010/1946/1872
f 1008/1977/1903 1023/1978/1904 1009/1979/1905
f 1009/1979/1905 1023/1978/1904 1024/1980/1906
f 1009/1979/1905 1024/1980/1906 1025/1981/1907
f 1023/1978/1904 1008/1977/1903 1022/1982/1908
f 1022/1982/1908 1008/1977/1903 996/1983/1863
f 1022/1982/1908 996/1983/1863 1021/1984/1909
f 1021/1984/1909 996/1983/1863 1020/1985/1910
f 1020/1985/1910 996/1983/1863 1019/1986/1911
f 1019/1986/1911 996/1983/1863 995/1987/1866
f 1019/1986/1911 995/1987/1866 991/1988/1912
f 991/1988/1912 995/1987/1866 994/1989/1913
f 991/1988/1912 994/1989/1913 993/1990/1914
f 993/1990/1914 992/1991/1915 991/1988/1912
f 1025/1981/1907 1026/1992/1916 1009/1979/1905
f 1009/1979/1905 1026/1992/1916 1042/1993/1917
f 1042/1993/1917 1026/1992/1916 1027/1994/1918
f 1042/1993/1917 1027/1994/1918 1028/1995/1919
f 1028/1995/1919 1029/1996/1920 1042/1993/1917
f 1042/1993/1917 1029/1996/1920 1041/1997/1921
f 1041/1997/1921 1029/1996/1920 1030/1998/1922
f 1041/1997/1921 1030/1998/1922 1031/1999/1923
f 1041/1997/1921 1031/1999/1923 1040/2000/1924
f 1040/2000/1924 1031/1999/1923 1032/2001/1925
f 1040/2000/1924 1032/2001/1925 1033/2002/1926
f 1040/2000/1924 1033/2002/1926 1039/2003/1927
f 1039/2003/1927 1033/2002/1926 1034/2004/1928
f 1039/2003/1927 1034/2004/1928 1035/2005/1929
f 1035/2005/1929 1036/2006/1930 1039/2003/1927
f 1039/2003/1927 1036/2006/1930 1038/2007/1931
f 1038/2007/1931 1036/2006/1930 1037/2008/1932
f 1005/2009/1894 951/2010/1895 880/2011/1933
f 880/2011/1933 951/2010/1895 881/2012/1934
f 975/2013/1935 990/2014/1936 1059/2015/1937
f 1059/2015/1937 990/2014/1936 1043/2016/1938
f 1059/2015/1937 1043/2016/1938 1044/2017/1939
f 1059/2015/1937 1044/2017/1939 1060/2018/1940
f 1060/2018/1940 1044/2017/1939 1045/2019/1941
f 1060/2018/1940 1045/2019/1941 1046/2020/1942
f 1060/2018/1940 1046/2020/1942 1061/2021/1943
f 1061/2021/1943 1046/2020/1942 1047/2022/1944
f 1061/2021/1943 1047/2022/1944 1048/2023/1945
f 1061/2021/1943 1048/2023/1945 1062/2024/1946
f 1062/2024/1946 1048/2023/1945 1049/2025/1947
f 1062/2024/1946 1049/2025/1947 1063/2026/1948
f 1063/2026/1948 1049/2025/1947 1050/2027/1949
f 1063/2026/1948 1050/2027/1949 1051/2028/1950
f 1063/2026/1948 1051/2028/1950 1064/2029/1951
f 1064/2029/1951 1051/2028/1950 1052/2030/1952
f 1064/2029/1951 1052/2030/1952 1065/2031/1953
f 1065/2031/1953 1052/2030/1952 1053/2032/1954
f 1065/2031/1953 1053/2032/1954 1054/2033/1955
f 1065/2031/1953 1054/2033/1955 1066/2034/1956
f 1066/2034/1956 1054/2033/1955 1055/2035/1957
f 1066/2034/1956 1055/2035/1957 1056/2036/1958
f 1066/2034/1956 1056/2036/1958 1067/2037/1959
f 1067/2037/1959 1056/2036/1958 1057/2038/1960
f 1067/2037/1959 1057/2038/1960 985/2039/1961
f 985/2039/1961 1057/2038/1960 1058/2040/1962
f 985/2039/1961 984/2041/1963 1067/2037/1959
f 1067/2037/1959 984/2041/1963 983/2042/1964
f 1067/2037/1959 983/2042/1964 1066/2034/1956
f 1066/2034/1956 983/2042/1964 982/2043/1965
f 1066/2034/1956 982/2043/1965 1065/2031/1953
f 1065/2031/1953 982/2043/1965 981/2044/1966
f 1065/2031/1953 981/2044/1966 1064/2029/1951
f 1064/2029/1951 981/2044/1966 980/2045/1967
f 1064/2029/1951 980/2045/1967 1063/2026/1948
f 1063/2026/1948 980/2045/1967 979/2046/1968
f 1063/2026/1948 979/2046/1968 1062/2024/1946
f 1062/2024/1946 979/2046/1968 978/2047/1969
f 1062/2024/1946 978/2047/1969 1061/2021/1943
f 1061/2021/1943 978/2047/1969 977/2048/1970
f 1061/2021/1943 977/2048/1970 1060/2018/1940
f 1060/2018/1940 977/2048/1970 976/2049/1971
f 1060/2018/1940 976/2049/1971 1059/2015/1937
f 1059/2015/1937 976/2049/1971 975/2013/1935
f 975/2050/1935 974/2051/1972 990/2052/1936
f 990/2052/1936 974/2051/1972 991/2053/1973
f 964/2054/1974 1034/2055/1975 1068/2056/1976
f 1068/2056/1976 1034/2055/1975 1033/2057/1977
f 1068/2056/1976 1033/2057/1977 1032/2058/1978
f 1068/2056/1976 1032/2058/1978 1069/2059/1979
f 1069/2059/1979 1032/2058/1978 1031/2060/1980
f 1069/2059/1979 1031/2060/1980 1030/2061/1981
f 1069/2059/1979 1030/2061/1981 1070/2062/1982
f 1070/2062/1982 1030/2061/1981 1029/2063/1983
f 1070/2062/1982 1029/2063/1983 1028/2064/1984
f 1070/2062/1982 1028/2064/1984 1071/2065/1985
f 1071/2065/1985 1028/2064/1984 1027/2066/1986
f 1071/2065/1985 1027/2066/1986 1072/2067/1987
f 1072/2067/1987 1027/2066/1986 1026/2068/1988
f 1072/2067/1987 1026/2068/1988 1025/2069/1989
f 1072/2067/1987 1025/2069/1989 1073/2070/1990
f 1073/2070/1990 1025/2069/1989 1024/2071/1991
f 1073/2070/1990 1024/2071/1991 1074/2072/1992
f 1074/2072/1992 1024/2071/1991 1023/2073/1993
f 1074/2072/1992 1023/2073/1993 1022/2074/1994
f 1074/2072/1992 1022/2074/1994 1075/2075/1995
f 1075/2075/1995 1022/2074/1994 1021/2076/1996
f 1075/2075/1995 1021/2076/1996 1020/2077/1997
f 1075/2075/1995 1020/2077/1997 1076/2078/1998
f 1076/2078/1998 1020/2077/1997 1019/2079/1999
f 1076/2078/1998 1019/2079/1999 974/2080/1972
f 974/2080/1972 1019/2079/1999 991/2081/1973
f 974/2080/1972 973/2082/2000 1076/2078/1998
f 1076/2078/1998 973/2082/2000 1075/2075/1995
f 973/2082/2000 972/2083/2001 1075/2075/1995
f 1075/2075/1995 972/2083/2001 1074/2072/1992
f 972/2083/2001 971/2084/2002 1074/2072/1992
f 1074/2072/1992 971/2084/2002 1073/2070/1990
f 971/2084/2002 970/2085/2003 1073/2070/1990
f 1073/2070/1990 970/2085/2003 1072/2067/1987
f 970/2085/2003 969/2086/2004 1072/2067/1987
f 1072/2067/1987 969/2086/2004 1071/2065/1985
f 969/2086/2004 968/2087/2005 1071/2065/1985
f 1071/2065/1985 968/2087/2005 1070/2062/1982
f 968/2087/2005 967/2088/2006 1070/2062/1982
f 1070/2062/1982 967/2088/2006 1069/2059/1979
f 967/2088/2006 966/2089/2007 1069/2059/1979
f 1069/2059/1979 966/2089/2007 1068/2056/1976
f 966/2089/2007 965/2090/2008 1068/2056/1976
f 1068/2056/1976 965/2090/2008 964/2054/1974
f 882/2091/2009 1077/2092/2010 883/2093/2011
f 883/2093/2011 1077/2092/2010 1078/2094/2012
f 883/2093/2011 1078/2094/2012 884/2095/2013
f 884/2095/2013 1078/2094/2012 1079/2096/2014
f 884/2095/2013 1079/2096/2014 885/2097/2015
f 885/2097/2015 1079/2096/2014 1080/2098/2016
f 885/2097/2015 1080/2098/2016 886/2099/2017
f 886/2099/2017 1080/2098/2016 1081/2100/2018
f 886/2099/2017 1081/2100/2018 887/2101/2019
f 887/2101/2019 1081/2100/2018 1082/2102/2020
f 887/2101/2019 1082/2102/2020 888/2103/2021
f 888/2103/2021 1082/2102/2020 1083/2104/2022
f 888/2103/2021 1083/2104/2022 889/2105/2023
f 889/2105/2023 1083/2104/2022 1084/2106/2024
f 889/2105/2023 1084/2106/2024 890/2107/2025
f 890/2107/2025 1084/2106/2024 1085/2108/2026
f 890/2107/2025 1085/2108/2026 891/2109/2027
f 891/2109/2027 1085/2108/2026 1086/2110/2028
f 891/2109/2027 1086/2110/2028 869/2111/1657
f 869/2111/1657 1086/2110/2028 870/2112/1658
f 272/2113/2029 271/2114/2030 350/2115/2031
f 350/2115/2031 271/2114/2030 870/2116/2032
f 350/2115/2031 870/2116/2032 915/2117/2033
f 915/2117/2033 870/2116/2032 1086/2118/2034
f 915/2117/2033 1086/2118/2034 1085/2119/2035
f 1085/2119/2035 1084/2120/2036 915/2117/2033
f 915/2117/2033 1084/2120/2036 1083/2121/2037
f 915/2117/2033 1083/2121/2037 1082/2122/2038
f 1082/2122/2038 1081/2123/2039 915/2117/2033
f 915/2117/2033 1081/2123/2039 1080/2124/2040
f 915/2117/2033 1080/2124/2040 1079/2125/2041
f 1079/2125/2041 1078/2126/2042 915/2117/2033
f 915/2117/2033 1078/2126/2042 1077/2127/2043
f 915/2117/2033 1077/2127/2043 950/2128/2044
f 1006/2129/2045 1087/2130/2046 950/2128/2044
f 950/2128/2044 1087/2130/2046 1088/2131/2047
f 950/2128/2044 1088/2131/2047 1089/2132/2048
f 1089/2132/2048 1090/2133/2049 950/2128/2044
f 950/2128/2044 1090/2133/2049 1091/2134/2050
f 950/2128/2044 1091/2134/2050 1092/2135/2051
f 1092/2135/2051 1093/2136/2052 950/2128/2044
f 950/2128/2044 1093/2136/2052 1094/2137/2053
f 950/2128/2044 1094/2137/2053 915/2117/2033
f 349/2138/2054 237/2139/2055 350/2115/2031
f 350/2115/2031 237/2139/2055 281/2140/2056
f 350/2115/2031 281/2140/2056 280/2141/2057
f 349/2138/2054 348/2142/2058 237/2139/2055
f 237/2139/2055 348/2142/2058 347/2143/2059
f 237/2139/2055 347/2143/2059 346/2144/2060
f 346/2144/2060 345/2145/2061 237/2139/2055
f 237/2139/2055 345/2145/2061 344/2146/2062
f 237/2139/2055 344/2146/2062 343/2147/2063
f 343/2147/2063 342/2148/2064 237/2139/2055
f 237/2139/2055 342/2148/2064 265/2149/2065
f 280/2141/2057 279/2150/2066 350/2115/2031
f 350/2115/2031 279/2150/2066 278/2151/2067
f 350/2115/2031 278/2151/2067 277/2152/2068
f 277/2152/2068 276/2153/2069 350/2115/2031
f 350/2115/2031 276/2153/2069 275/2154/2070
f 350/2115/2031 275/2154/2070 274/2155/2071
f 274/2155/2071 273/2156/2072 350/2115/2031
f 350/2115/2031 273/2156/2072 272/2113/2029
f 882/2157/2009 881/2158/2073 1077/2159/2010
f 1077/2159/2010 881/2158/2073 950/2160/2074
f 1104/2161/2075 904/2162/2076 1103/2163/2077
f 1103/2163/2077 904/2162/2076 903/2164/2078
f 1103/2163/2077 903/2164/2078 1102/2165/2079
f 1102/2165/2079 903/2164/2078 902/2166/2080
f 1102/2165/2079 902/2166/2080 1101/2167/2081
f 1101/2167/2081 902/2166/2080 901/2168/2082
f 1101/2167/2081 901/2168/2082 1100/2169/2083
f 1100/2169/2083 901/2168/2082 900/2170/2084
f 1100/2169/2083 900/2170/2084 1099/2171/2085
f 1099/2171/2085 900/2170/2084 899/2172/2086
f 1099/2171/2085 899/2172/2086 1098/2173/2087
f 1098/2173/2087 899/2172/2086 898/2174/2088
f 1098/2173/2087 898/2174/2088 1097/2175/2089
f 1097/2175/2089 898/2174/2088 897/2176/2090
f 1097/2175/2089 897/2176/2090 1096/2177/2091
f 1096/2177/2091 897/2176/2090 896/2178/2092
f 1096/2177/2091 896/2178/2092 1095/2179/2093
f 1095/2179/2093 896/2178/2092 895/2180/2094
f 1095/2179/2093 895/2180/2094 916/2181/1751
f 916/2181/1751 895/2180/2094 894/2182/1752
f 1104/2183/2075 949/2184/2095 904/2185/2076
f 904/2185/2076 949/2184/2095 905/2186/2096
f 906/2187/2097 1007/2188/2098 907/2189/2099
f 907/2189/2099 1007/2188/2098 1105/2190/2100
f 907/2189/2099 1105/2190/2100 1106/2191/2101
f 907/2189/2099 1106/2191/2101 908/2192/2102
f 908/2192/2102 1106/2191/2101 1107/2193/2103
f 908/2192/2102 1107/2193/2103 909/2194/2104
f 909/2194/2104 1107/2193/2103 1108/2195/2105
f 909/2194/2104 1108/2195/2105 910/2196/2106
f 910/2196/2106 1108/2195/2105 1109/2197/2107
f 910/2196/2106 1109/2197/2107 911/2198/2108
f 911/2198/2108 1109/2197/2107 1110/2199/2109
f 911/2198/2108 1110/2199/2109 912/2200/2110
f 912/2200/2110 1110/2199/2109 1111/2201/2111
f 912/2200/2110 1111/2201/2111 913/2202/2112
f 913/2202/2112 1111/2201/2111 1112/2203/2113
f 913/2202/2112 1112/2203/2113 914/2204/2114
f 914/2204/2114 1112/2203/2113 892/2205/1703
f 892/2205/1703 1112/2203/2113 893/2206/1704
f 1006/2207/2115 880/2208/2116 1087/2209/2117
f 1087/2209/2117 880/2208/2116 879/2210/2118
f 1087/2209/2117 879/2210/2118 878/2211/2119
f 1087/2209/2117 878/2211/2119 1088/2212/2120
f 1088/2212/2120 878/2211/2119 877/2213/2121
f 1088/2212/2120 877/2213/2121 1089/2214/2122
f 1089/2214/2122 877/2213/2121 876/2215/2123
f 1089/2214/2122 876/2215/2123 1090/2216/2124
f 1090/2216/2124 876/2215/2123 875/2217/2125
f 1090/2216/2124 875/2217/2125 1091/2218/2126
f 1091/2218/2126 875/2217/2125 874/2219/2127
f 1091/2218/2126 874/2219/2127 1092/2220/2128
f 1092/2220/2128 874/2219/2127 873/2221/2129
f 1092/2220/2128 873/2221/2129 1093/2222/2130
f 1093/2222/2130 873/2221/2129 872/2223/2131
f 1093/2222/2130 872/2223/2131 1094/2224/2132
f 1094/2224/2132 872/2223/2131 915/2225/1749
f 915/2225/1749 872/2223/2131 871/2226/1750
f 1006/2227/2133 950/2228/2134 1007/2229/2135
f 1007/2229/2135 950/2228/2134 949/2230/2136
f 939/2231/2137 1045/2232/2138 917/2233/1858
f 917/2233/1858 1045/2232/2138 1044/2234/2139
f 917/2233/1858 1044/2234/2139 1043/2235/2140
f 938/2236/2141 1047/2237/2142 939/2231/2137
f 939/2231/2137 1047/2237/2142 1046/2238/2143
f 939/2231/2137 1046/2238/2143 1045/2232/2138
f 1113/2239/2144 1050/2240/2145 938/2236/2141
f 938/2236/2141 1050/2240/2145 1049/2241/2146
f 938/2236/2141 1049/2241/2146 1048/2242/2147
f 1114/2243/2148 1053/2244/2149 1113/2239/2144
f 1113/2239/2144 1053/2244/2149 1052/2245/2150
f 1113/2239/2144 1052/2245/2150 1051/2246/2151
f 1115/2247/2152 1055/2248/2153 1114/2243/2148
f 1114/2243/2148 1055/2248/2153 1054/2249/2154
f 1114/2243/2148 1054/2249/2154 1053/2244/2149
f 1116/2250/2155 1057/2251/2156 1115/2247/2152
f 1115/2247/2152 1057/2251/2156 1056/2252/2157
f 1115/2247/2152 1056/2252/2157 1055/2248/2153
f 1117/2253/2158 1119/2254/2159 1116/2250/2155
f 1116/2250/2155 1119/2254/2159 1120/2255/2160
f 1116/2250/2155 1120/2255/2160 1058/2256/2161
f 1117/2253/2158 1118/2257/2162 1119/2254/2159
f 1058/2256/2161 1057/2251/2156 1116/2250/2155
f 1051/2246/2151 1050/2240/2145 1113/2239/2144
f 1048/2242/2147 1047/2237/2142 938/2236/2141
f 990/2258/2163 989/2259/2164 1043/2235/2140
f 1043/2235/2140 989/2259/2164 988/2260/1859
f 1043/2235/2140 988/2260/1859 917/2233/1858
f 1157/2261/2165 1121/2262/2166 1147/2263/2167
f 1147/2263/2167 1121/2262/2166 1122/2264/2168
f 1147/2263/2167 1122/2264/2168 1146/2265/2169
f 1146/2265/2169 1122/2264/2168 1123/2266/2170
f 1146/2265/2169 1123/2266/2170 1145/2267/2171
f 1145/2267/2171 1123/2266/2170 1144/2268/2172
f 1144/2268/2172 1123/2266/2170 1124/2269/2173
f 1144/2268/2172 1124/2269/2173 1143/2270/2174
f 1143/2270/2174 1124/2269/2173 1142/2271/2175
f 1142/2271/2175 1124/2269/2173 1125/2272/2176
f 1142/2271/2175 1125/2272/2176 1141/2273/2177
f 1141/2273/2177 1125/2272/2176 1126/2274/2178
f 1141/2273/2177 1126/2274/2178 1140/2275/2179
f 1140/2275/2179 1126/2274/2178 1139/2276/2180
f 1139/2276/2180 1126/2274/2178 1127/2277/2181
f 1139/2276/2180 1127/2277/2181 1138/2278/2182
f 1138/2278/2182 1127/2277/2181 1128/2279/2183
f 1138/2278/2182 1128/2279/2183 1137/2280/2184
f 1137/2280/2184 1128/2279/2183 1136/2281/2185
f 1136/2281/2185 1128/2279/2183 1129/2282/2186
f 1136/2281/2185 1129/2282/2186 1135/2283/2187
f 1135/2283/2187 1129/2282/2186 1134/2284/2188
f 1134/2284/2188 1129/2282/2186 1130/2285/2189
f 1134/2284/2188 1130/2285/2189 1133/2286/2190
f 1133/2286/2190 1130/2285/2189 1131/2287/2191
f 1133/2286/2190 1131/2287/2191 1132/2288/2192
f 1147/2263/2167 1148/2289/2193 1157/2261/2165
f 1157/2261/2165 1148/2289/2193 1149/2290/2194
f 1157/2261/2165 1149/2290/2194 1156/2291/2195
f 1156/2291/2195 1149/2290/2194 1150/2292/2196
f 1156/2291/2195 1150/2292/2196 1155/2293/2197
f 1155/2293/2197 1150/2292/2196 1151/2294/2198
f 1155/2293/2197 1151/2294/2198 1154/2295/2199
f 1154/2295/2199 1151/2294/2198 1153/2296/2200
f 1153/2296/2200 1151/2294/2198 1152/2297/2201
f 1179/2298/2202 1158/2299/2203 1178/2300/2204
f 1178/2300/2204 1158/2299/2203 1159/2301/2205
f 1178/2300/2204 1159/2301/2205 1177/2302/2206
f 1177/2302/2206 1159/2301/2205 1160/2303/2207
f 1177/2302/2206 1160/2303/2207 1176/2304/2208
f 1176/2304/2208 1160/2303/2207 1161/2305/2209
f 1176/2304/2208 1161/2305/2209 1175/2306/2210
f 1175/2306/2210 1161/2305/2209 1162/2307/2211
f 1175/2306/2210 1162/2307/2211 1174/2308/2212
f 1174/2308/2212 1162/2307/2211 1163/2309/2213
f 1174/2308/2212 1163/2309/2213 1173/2310/2214
f 1173/2310/2214 1163/2309/2213 1164/2311/2215
f 1173/2310/2214 1164/2311/2215 1172/2312/2216
f 1172/2312/2216 1164/2311/2215 1165/2313/2217
f 1172/2312/2216 1165/2313/2217 1171/2314/2218
f 1171/2314/2218 1165/2313/2217 1166/2315/2219
f 1171/2314/2218 1166/2315/2219 1170/2316/2220
f 1170/2316/2220 1166/2315/2219 1167/2317/2221
f 1170/2316/2220 1167/2317/2221 1169/2318/2222
f 1169/2318/2222 1167/2317/2221 1168/2319/2223
f 938/2320/1758 937/2321/1759 1113/2322/2224
f 1113/2322/2224 937/2321/1759 1114/2323/2225
f 1114/2323/2225 937/2321/1759 1312/2324/2226
f 1114/2323/2225 1312/2324/2226 1115/2325/2227
f 1115/2325/2227 1312/2324/2226 1116/2326/2228
f 1116/2326/2228 1312/2324/2226 1117/2327/2229
f 1117/2327/2229 1312/2324/2226 1313/2328/2230
f 1117/2327/2229 1313/2328/2230 1314/2329/2231
f 987/2330/2232 1305/2331/2233 937/2321/1759
f 937/2321/1759 1305/2331/2233 1306/2332/2234
f 937/2321/1759 1306/2332/2234 1307/2333/2235
f 1180/2334/2236 1259/2335/2237 987/2330/2232
f 987/2330/2232 1259/2335/2237 1260/2336/2238
f 987/2330/2232 1260/2336/2238 1261/2337/2239
f 1181/2338/2240 1257/2339/2241 1180/2334/2236
f 1180/2334/2236 1257/2339/2241 1258/2340/2242
f 1180/2334/2236 1258/2340/2242 1259/2335/2237
f 1182/2341/2243 1255/2342/2244 1181/2338/2240
f 1181/2338/2240 1255/2342/2244 1256/2343/2245
f 1181/2338/2240 1256/2343/2245 1257/2339/2241
f 1183/2344/2246 1253/2345/2247 1182/2341/2243
f 1182/2341/2243 1253/2345/2247 1254/2346/2248
f 1182/2341/2243 1254/2346/2248 1255/2342/2244
f 1253/2345/2247 1183/2344/2246 1252/2347/2249
f 1252/2347/2249 1183/2344/2246 1184/2348/2250
f 1252/2347/2249 1184/2348/2250 1251/2349/2251
f 1251/2349/2251 1184/2348/2250 1185/2350/2252
f 1251/2349/2251 1185/2350/2252 1186/2351/2253
f 1251/2349/2251 1186/2351/2253 1250/2352/2254
f 1250/2352/2254 1186/2351/2253 1187/2353/2255
f 1250/2352/2254 1187/2353/2255 1273/2354/2256
f 1273/2354/2256 1187/2353/2255 1188/2355/2257
f 1273/2354/2256 1188/2355/2257 1272/2356/2258
f 1272/2356/2258 1188/2355/2257 1201/2357/2259
f 1272/2356/2258 1201/2357/2259 1202/2358/2260
f 1188/2355/2257 1189/2359/2261 1201/2357/2259
f 1201/2357/2259 1189/2359/2261 1190/2360/2262
f 1201/2357/2259 1190/2360/2262 1200/2361/2263
f 1200/2361/2263 1190/2360/2262 1234/2362/2264
f 1200/2361/2263 1234/2362/2264 1199/2363/2265
f 1199/2363/2265 1234/2362/2264 1235/2364/2266
f 1199/2363/2265 1235/2364/2266 1236/2365/2267
f 1190/2360/2262 1191/2366/2268 1234/2362/2264
f 1234/2362/2264 1191/2366/2268 1233/2367/2269
f 1233/2367/2269 1191/2366/2268 1192/2368/2270
f 1233/2367/2269 1192/2368/2270 1232/2369/2271
f 1232/2369/2271 1192/2368/2270 1231/2370/2272
f 1231/2370/2272 1192/2368/2270 1193/2371/2273
f 1231/2370/2272 1193/2371/2273 1230/2372/2274
f 1230/2372/2274 1193/2371/2273 1194/2373/2275
f 1230/2372/2274 1194/2373/2275 1229/2374/2276
f 1229/2374/2276 1194/2373/2275 1228/2375/2277
f 1228/2375/2277 1194/2373/2275 1131/2376/2278
f 1228/2375/2277 1131/2376/2278 1227/2377/2279
f 1227/2377/2279 1131/2376/2278 1226/2378/2280
f 1226/2378/2280 1131/2376/2278 1130/2379/2281
f 1226/2378/2280 1130/2379/2281 1249/2380/2282
f 1249/2380/2282 1130/2379/2281 1248/2381/2283
f 1248/2381/2283 1130/2379/2281 1129/2382/2284
f 1248/2381/2283 1129/2382/2284 1247/2383/2285
f 1247/2383/2285 1129/2382/2284 1246/2384/2286
f 1246/2384/2286 1129/2382/2284 1128/2385/2287
f 1246/2384/2286 1128/2385/2287 1245/2386/2288
f 1245/2386/2288 1128/2385/2287 1244/2387/2289
f 1244/2387/2289 1128/2385/2287 1127/2388/2290
f 1244/2387/2289 1127/2388/2290 1243/2389/2291
f 1243/2389/2291 1127/2388/2290 1126/2390/2292
f 1243/2389/2291 1126/2390/2292 1242/2391/2293
f 1242/2391/2293 1126/2390/2292 1223/2392/2294
f 1242/2391/2293 1223/2392/2294 1224/2393/2295
f 1126/2390/2292 1125/2394/2296 1223/2392/2294
f 1223/2392/2294 1125/2394/2296 1222/2395/2297
f 1222/2395/2297 1125/2394/2296 1124/2396/2298
f 1222/2395/2297 1124/2396/2298 1123/2397/2299
f 1122/2398/2300 1275/2399/2301 1123/2397/2299
f 1123/2397/2299 1275/2399/2301 1276/2400/2302
f 1123/2397/2299 1276/2400/2302 1222/2395/2297
f 1222/2395/2297 1276/2400/2302 1221/2401/2303
f 1221/2401/2303 1276/2400/2302 1277/2402/2304
f 1221/2401/2303 1277/2402/2304 1220/2403/2305
f 1220/2403/2305 1277/2402/2304 1278/2404/2306
f 1220/2403/2305 1278/2404/2306 1279/2405/2307
f 1275/2399/2301 1122/2398/2300 1274/2406/2308
f 1274/2406/2308 1122/2398/2300 1121/2407/2309
f 1274/2406/2308 1121/2407/2309 1297/2408/2310
f 1297/2408/2310 1121/2407/2309 1296/2409/2311
f 1296/2409/2311 1121/2407/2309 1295/2410/2312
f 1295/2410/2312 1121/2407/2309 1294/2411/2313
f 1294/2411/2313 1121/2407/2309 1293/2412/2314
f 1293/2412/2314 1121/2407/2309 1195/2413/2315
f 1293/2412/2314 1195/2413/2315 1292/2414/2316
f 1292/2414/2316 1195/2413/2315 1291/2415/2317
f 1291/2415/2317 1195/2413/2315 1290/2416/2318
f 1290/2416/2318 1195/2413/2315 1289/2417/2319
f 1289/2417/2319 1195/2413/2315 1288/2418/2320
f 1288/2418/2320 1195/2413/2315 1287/2419/2321
f 1287/2419/2321 1195/2413/2315 1196/2420/2322
f 1287/2419/2321 1196/2420/2322 1286/2421/2323
f 1286/2421/2323 1196/2420/2322 1316/2422/2324
f 1286/2421/2323 1316/2422/2324 1285/2423/2325
f 1285/2423/2325 1316/2422/2324 1317/2424/2326
f 1285/2423/2325 1317/2424/2326 1215/2425/2327
f 1215/2425/2327 1317/2424/2326 1318/2426/2328
f 1215/2425/2327 1318/2426/2328 1214/2427/2329
f 1214/2427/2329 1318/2426/2328 1319/2428/2330
f 1214/2427/2329 1319/2428/2330 1213/2429/2331
f 1213/2429/2331 1319/2428/2330 1320/2430/2332
f 1213/2429/2331 1320/2430/2332 1321/2431/2333
f 1117/2327/2229 1314/2329/2231 1196/2420/2322
f 1196/2420/2322 1314/2329/2231 1315/2432/2334
f 1196/2420/2322 1315/2432/2334 1316/2422/2324
f 1198/2433/2335 1237/2434/2336 1197/2435/2337
f 1197/2435/2337 1237/2434/2336 1238/2436/2338
f 1197/2435/2337 1238/2436/2338 1239/2437/2339
f 1237/2434/2336 1198/2433/2335 1236/2365/2267
f 1236/2365/2267 1198/2433/2335 1199/2363/2265
f 1272/2356/2258 1202/2358/2260 1271/2438/2340
f 1271/2438/2340 1202/2358/2260 1203/2439/2341
f 1271/2438/2340 1203/2439/2341 1270/2440/2342
f 1270/2440/2342 1203/2439/2341 1269/2441/2343
f 1269/2441/2343 1203/2439/2341 1204/2442/2344
f 1269/2441/2343 1204/2442/2344 1268/2443/2345
f 1268/2443/2345 1204/2442/2344 1205/2444/2346
f 1268/2443/2345 1205/2444/2346 1267/2445/2347
f 1267/2445/2347 1205/2444/2346 1266/2446/2348
f 1266/2446/2348 1205/2444/2346 1206/2447/2349
f 1266/2446/2348 1206/2447/2349 1265/2448/2350
f 1265/2448/2350 1206/2447/2349 1207/2449/2351
f 1265/2448/2350 1207/2449/2351 1264/2450/2352
f 1264/2450/2352 1207/2449/2351 1208/2451/2353
f 1264/2450/2352 1208/2451/2353 1263/2452/2354
f 1263/2452/2354 1208/2451/2353 1303/2453/2355
f 1263/2452/2354 1303/2453/2355 1304/2454/2356
f 1303/2453/2355 1208/2451/2353 1302/2455/2357
f 1302/2455/2357 1208/2451/2353 1209/2456/2358
f 1302/2455/2357 1209/2456/2358 1301/2457/2359
f 1301/2457/2359 1209/2456/2358 1210/2458/2360
f 1301/2457/2359 1210/2458/2360 1300/2459/2361
f 1300/2459/2361 1210/2458/2360 1299/2460/2362
f 1299/2460/2362 1210/2458/2360 1211/2461/2363
f 1299/2460/2362 1211/2461/2363 1298/2462/2364
f 1298/2462/2364 1211/2461/2363 1212/2463/2365
f 1298/2462/2364 1212/2463/2365 1321/2431/2333
f 1321/2431/2333 1212/2463/2365 1213/2429/2331
f 1285/2423/2325 1215/2425/2327 1284/2464/2366
f 1284/2464/2366 1215/2425/2327 1216/2465/2367
f 1284/2464/2366 1216/2465/2367 1283/2466/2368
f 1283/2466/2368 1216/2465/2367 1217/2467/2369
f 1283/2466/2368 1217/2467/2369 1282/2468/2370
f 1282/2468/2370 1217/2467/2369 1218/2469/2371
f 1282/2468/2370 1218/2469/2371 1281/2470/2372
f 1281/2470/2372 1218/2469/2371 1280/2471/2373
f 1280/2471/2373 1218/2469/2371 1219/2472/2374
f 1280/2471/2373 1219/2472/2374 1279/2405/2307
f 1279/2405/2307 1219/2472/2374 1220/2403/2305
f 1225/2473/2375 1240/2474/2376 1224/2393/2295
f 1224/2393/2295 1240/2474/2376 1241/2475/2377
f 1224/2393/2295 1241/2475/2377 1242/2391/2293
f 1240/2474/2376 1225/2473/2375 1239/2437/2339
f 1239/2437/2339 1225/2473/2375 1197/2435/2337
f 1261/2337/2239 1262/2476/2378 987/2330/2232
f 987/2330/2232 1262/2476/2378 1263/2452/2354
f 987/2330/2232 1263/2452/2354 1304/2454/2356
f 1304/2454/2356 1305/2331/2233 987/2330/2232
f 1307/2333/2235 1308/2477/2379 937/2321/1759
f 937/2321/1759 1308/2477/2379 1309/2478/2380
f 937/2321/1759 1309/2478/2380 1310/2479/2381
f 1310/2479/2381 1311/2480/2382 937/2321/1759
f 937/2321/1759 1311/2480/2382 1312/2324/2226
f 1323/2481/2383 1324/2482/2384 1322/2483/2385
f 1322/2483/2385 1324/2482/2384 1333/2484/2386
f 1333/2484/2386 1324/2482/2384 1325/2485/2387
f 1333/2484/2386 1325/2485/2387 1332/2486/2388
f 1332/2486/2388 1325/2485/2387 1326/2487/2389
f 1332/2486/2388 1326/2487/2389 1331/2488/2390
f 1331/2488/2390 1326/2487/2389 1327/2489/2391
f 1331/2488/2390 1327/2489/2391 1330/2490/2392
f 1330/2490/2392 1327/2489/2391 1328/2491/2393
f 1330/2490/2392 1328/2491/2393 1329/2492/2394
f 1328/2493/2395 1327/2494/2396 1153/2495/2397
f 1153/2495/2397 1327/2494/2396 1326/2496/2398
f 1153/2495/2397 1326/2496/2398 1154/2497/2399
f 1154/2497/2399 1326/2496/2398 1325/2498/2400
f 1154/2497/2399 1325/2498/2400 1155/2499/2401
f 1155/2499/2401 1325/2498/2400 1324/2500/2402
f 1155/2499/2401 1324/2500/2402 1323/2501/2403
f 1155/2499/2401 1323/2501/2403 1156/2502/2404
f 1156/2502/2404 1323/2501/2403 1334/2503/2405
f 1156/2502/2404 1334/2503/2405 1335/2504/2406
f 1335/2504/2406 1157/2505/2407 1156/2502/2404
f 1118/2506/2162 1117/2507/2158 1337/2508/2408
f 1337/2508/2408 1117/2507/2158 1196/2509/2409
f 1337/2508/2408 1196/2509/2409 1336/2510/2410
f 1336/2510/2410 1196/2509/2409 1195/2511/2411
f 1336/2510/2410 1195/2511/2411 1322/2512/2412
f 1322/2512/2412 1195/2511/2411 1323/2513/2413
f 1323/2513/2413 1195/2511/2411 1121/2514/2166
f 1323/2513/2413 1121/2514/2166 1334/2515/2414
f 1334/2515/2414 1121/2514/2166 1335/2516/2415
f 1335/2516/2415 1121/2514/2166 1157/2517/2165
f 1339/2518/2416 1181/2519/2417 1338/2520/2418
f 1338/2520/2418 1181/2519/2417 1180/2521/2419
f 1338/2520/2418 1180/2521/2419 1345/2522/2420
f 1345/2522/2420 1180/2521/2419 1344/2523/2421
f 1344/2523/2421 1180/2521/2419 987/2524/1835
f 1344/2523/2421 987/2524/1835 986/2525/1836
f 1339/2518/2416 1340/2526/2422 1181/2519/2417
f 1181/2519/2417 1340/2526/2422 1182/2527/2423
f 1182/2527/2423 1340/2526/2422 1341/2528/2424
f 1182/2527/2423 1341/2528/2424 1342/2529/2425
f 1343/2530/2426 1183/2531/2427 1342/2529/2425
f 1342/2529/2425 1183/2531/2427 1182/2527/2423
f 1345/2522/2420 1346/2532/2428 1338/2520/2418
f 963/2533/1827 962/2534/1823 1354/2535/2429
f 1354/2535/2429 962/2534/1823 1347/2536/2430
f 1354/2535/2429 1347/2536/2430 1353/2537/2431
f 1353/2537/2431 1347/2536/2430 1348/2538/2432
f 1353/2537/2431 1348/2538/2432 1352/2539/2433
f 1352/2539/2433 1348/2538/2432 1349/2540/2434
f 1352/2539/2433 1349/2540/2434 1351/2541/2435
f 1351/2541/2435 1349/2540/2434 1350/2542/2436
f 893/2543/2437 916/2544/2438 315/2545/2439
f 315/2545/2439 916/2544/2438 314/2546/2440
f 315/2545/2439 314/2546/2440 313/2547/2441
f 1112/2548/2442 949/2549/2443 893/2543/2437
f 893/2543/2437 949/2549/2443 1104/2550/2444
f 893/2543/2437 1104/2550/2444 1103/2551/2445
f 1112/2548/2442 1111/2552/2446 949/2549/2443
f 949/2549/2443 1111/2552/2446 1110/2553/2447
f 949/2549/2443 1110/2553/2447 1109/2554/2448
f 1109/2554/2448 1108/2555/2449 949/2549/2443
f 949/2549/2443 1108/2555/2449 1107/2556/2450
f 949/2549/2443 1107/2556/2450 1106/2557/2451
f 1106/2557/2451 1105/2558/2452 949/2549/2443
f 949/2549/2443 1105/2558/2452 1007/2559/2453
f 1103/2551/2445 1102/2560/2454 893/2543/2437
f 893/2543/2437 1102/2560/2454 1101/2561/2455
f 893/2543/2437 1101/2561/2455 1100/2562/2456
f 1100/2562/2456 1099/2563/2457 893/2543/2437
f 893/2543/2437 1099/2563/2457 1098/2564/2458
f 893/2543/2437 1098/2564/2458 1097/2565/2459
f 1097/2565/2459 1096/2566/2460 893/2543/2437
f 893/2543/2437 1096/2566/2460 1095/2567/2461
f 893/2543/2437 1095/2567/2461 916/2544/2438
f 313/2547/2441 312/2568/2462 315/2545/2439
f 315/2545/2439 312/2568/2462 311/2569/2463
f 315/2545/2439 311/2569/2463 310/2570/2464
f 310/2570/2464 309/2571/2465 315/2545/2439
f 315/2545/2439 309/2571/2465 308/2572/2466
f 315/2545/2439 308/2572/2466 307/2573/2467
f 307/2573/2467 306/2574/2468 315/2545/2439
f 315/2545/2439 306/2574/2468 305/2575/2469
f 315/2545/2439 305/2575/2469 304/2576/2470
f 304/2576/2470 238/2577/2471 315/2545/2439
f 315/2545/2439 238/2577/2471 316/2578/2472
f 316/2578/2472 238/2577/2471 317/2579/2473
f 317/2579/2473 238/2577/2471 318/2580/2474
f 318/2580/2474 238/2577/2471 319/2581/2475
f 319/2581/2475 238/2577/2471 320/2582/2476
f 320/2582/2476 238/2577/2471 321/2583/2477
f 321/2583/2477 238/2577/2471 322/2584/2478
f 322/2584/2478 238/2577/2471 323/2585/2479
f 323/2585/2479 238/2577/2471 264/2586/2480
f 1183/2587/2481 1343/2588/2482 1184/2589/2483
f 1184/2589/2483 1343/2588/2482 1355/2590/2484
f 1184/2589/2483 1355/2590/2484 1185/2591/2485
f 1185/2591/2485 1355/2590/2484 1356/2592/2486
f 1185/2591/2485 1356/2592/2486 1186/2593/2487
f 1186/2593/2487 1356/2592/2486 1357/2594/2488
f 1342/2595/2489 1360/2596/2490 1343/2597/2491
f 1343/2597/2491 1360/2596/2490 1361/2598/2492
f 1343/2597/2491 1361/2598/2492 1355/2599/2493
f 1355/2599/2493 1361/2598/2492 1356/2600/2494
f 1356/2600/2494 1361/2598/2492 1357/2601/2495
f 1342/2595/2489 1341/2602/2496 1360/2596/2490
f 1360/2596/2490 1341/2602/2496 1359/2603/2497
f 1359/2603/2497 1341/2602/2496 1340/2604/2498
f 1359/2603/2497 1340/2604/2498 1358/2605/2499
f 1358/2605/2499 1340/2604/2498 1339/2606/2500
f 1358/2605/2499 1339/2606/2500 1338/2607/2501
f 1338/2608/2502 1346/2609/2503 1358/2610/2504
f 1358/2610/2504 1346/2609/2503 1362/2611/2505
f 1058/2612/1962 1494/2613/2506 985/2614/1961
f 985/2614/1961 1494/2613/2506 1495/2615/2507
f 985/2614/1961 1495/2615/2507 1496/2616/2508
f 1494/2613/2506 1058/2612/1962 1493/2617/2509
f 1493/2617/2509 1058/2612/1962 1120/2618/2510
f 1493/2617/2509 1120/2618/2510 1119/2619/2511
f 1119/2619/2511 1118/2620/2512 1493/2617/2509
f 1493/2617/2509 1118/2620/2512 1492/2621/2513
f 1492/2621/2513 1118/2620/2512 1337/2622/2514
f 1492/2621/2513 1337/2622/2514 1491/2623/2515
f 1491/2623/2515 1337/2622/2514 1490/2624/2516
f 1490/2624/2516 1337/2622/2514 1489/2625/2517
f 1489/2625/2517 1337/2622/2514 1336/2626/2518
f 1489/2625/2517 1336/2626/2518 1471/2627/2519
f 1471/2627/2519 1336/2626/2518 1470/2628/2520
f 1470/2628/2520 1336/2626/2518 1469/2629/2521
f 1469/2629/2521 1336/2626/2518 1468/2630/2522
f 1468/2630/2522 1336/2626/2518 1329/2631/2523
f 1468/2630/2522 1329/2631/2523 1467/2632/2524
f 1467/2632/2524 1329/2631/2523 1466/2633/2525
f 1466/2633/2525 1329/2631/2523 1152/2634/2526
f 1466/2633/2525 1152/2634/2526 1465/2635/2527
f 1465/2635/2527 1152/2634/2526 1151/2636/2528
f 1465/2635/2527 1151/2636/2528 1464/2637/2529
f 1464/2637/2529 1151/2636/2528 1463/2638/2530
f 1463/2638/2530 1151/2636/2528 1150/2639/2531
f 1463/2638/2530 1150/2639/2531 1462/2640/2532
f 1462/2640/2532 1150/2639/2531 1461/2641/2533
f 1461/2641/2533 1150/2639/2531 1149/2642/2534
f 1461/2641/2533 1149/2642/2534 1460/2643/2535
f 1460/2643/2535 1149/2642/2534 1148/2644/2536
f 1460/2643/2535 1148/2644/2536 1459/2645/2537
f 1459/2645/2537 1148/2644/2536 1147/2646/2538
f 1459/2645/2537 1147/2646/2538 1482/2647/2539
f 1482/2647/2539 1147/2646/2538 1146/2648/2540
f 1482/2647/2539 1146/2648/2540 1386/2649/2541
f 1386/2649/2541 1146/2648/2540 1145/2650/2542
f 1386/2649/2541 1145/2650/2542 1144/2651/2543
f 1322/2652/2544 1333/2653/2545 1336/2626/2518
f 1336/2626/2518 1333/2653/2545 1332/2654/2546
f 1336/2626/2518 1332/2654/2546 1331/2655/2547
f 1331/2655/2547 1330/2656/2548 1336/2626/2518
f 1336/2626/2518 1330/2656/2548 1329/2631/2523
f 1386/2649/2541 1144/2651/2543 1385/2657/2549
f 1385/2657/2549 1144/2651/2543 1143/2658/2550
f 1385/2657/2549 1143/2658/2550 1142/2659/2551
f 1385/2657/2549 1142/2659/2551 1419/2660/2552
f 1419/2660/2552 1142/2659/2551 1141/2661/2553
f 1419/2660/2552 1141/2661/2553 1418/2662/2554
f 1418/2662/2554 1141/2661/2553 1140/2663/2555
f 1418/2662/2554 1140/2663/2555 1139/2664/2556
f 1418/2662/2554 1139/2664/2556 1417/2665/2557
f 1417/2665/2557 1139/2664/2556 1138/2666/2558
f 1417/2665/2557 1138/2666/2558 1416/2667/2559
f 1416/2667/2559 1138/2666/2558 1137/2668/2560
f 1416/2667/2559 1137/2668/2560 1415/2669/2561
f 1415/2669/2561 1137/2668/2560 1136/2670/2562
f 1415/2669/2561 1136/2670/2562 1414/2671/2563
f 1414/2671/2563 1136/2670/2562 1135/2672/2564
f 1414/2671/2563 1135/2672/2564 1413/2673/2565
f 1413/2673/2565 1135/2672/2564 1134/2674/2566
f 1413/2673/2565 1134/2674/2566 1412/2675/2567
f 1412/2675/2567 1134/2674/2566 1133/2676/2568
f 1412/2675/2567 1133/2676/2568 1411/2677/2569
f 1411/2677/2569 1133/2676/2568 1132/2678/2570
f 1411/2677/2569 1132/2678/2570 1434/2679/2571
f 1434/2679/2571 1132/2678/2570 1363/2680/2572
f 1434/2679/2571 1363/2680/2572 1433/2681/2573
f 1433/2681/2573 1363/2680/2572 1364/2682/2574
f 1433/2681/2573 1364/2682/2574 1432/2683/2575
f 1432/2683/2575 1364/2682/2574 1365/2684/2576
f 1432/2683/2575 1365/2684/2576 1431/2685/2577
f 1431/2685/2577 1365/2684/2576 1366/2686/2578
f 1431/2685/2577 1366/2686/2578 1430/2687/2579
f 1430/2687/2579 1366/2686/2578 1367/2688/2580
f 1430/2687/2579 1367/2688/2580 1429/2689/2581
f 1429/2689/2581 1367/2688/2580 1368/2690/2582
f 1429/2689/2581 1368/2690/2582 1369/2691/2583
f 1429/2689/2581 1369/2691/2583 1428/2692/2584
f 1428/2692/2584 1369/2691/2583 1370/2693/2585
f 1428/2692/2584 1370/2693/2585 1371/2694/2586
f 1428/2692/2584 1371/2694/2586 1427/2695/2587
f 1427/2695/2587 1371/2694/2586 1372/2696/2588
f 1427/2695/2587 1372/2696/2588 1408/2697/2589
f 1408/2697/2589 1372/2696/2588 1373/2698/2590
f 1408/2697/2589 1373/2698/2590 1374/2699/2591
f 1408/2697/2589 1374/2699/2591 1407/2700/2592
f 1407/2700/2592 1374/2699/2591 1375/2701/2593
f 1407/2700/2592 1375/2701/2593 1436/2702/2594
f 1436/2702/2594 1375/2701/2593 1376/2703/2595
f 1436/2702/2594 1376/2703/2595 1377/2704/2596
f 1436/2702/2594 1377/2704/2596 1435/2705/2597
f 1435/2705/2597 1377/2704/2596 1378/2706/2598
f 1435/2705/2597 1378/2706/2598 1458/2707/2599
f 1458/2707/2599 1378/2706/2598 1379/2708/2600
f 1458/2707/2599 1379/2708/2600 1457/2709/2601
f 1457/2709/2601 1379/2708/2600 1380/2710/2602
f 1457/2709/2601 1380/2710/2602 1456/2711/2603
f 1456/2711/2603 1380/2710/2602 1455/2712/2604
f 1455/2712/2604 1380/2710/2602 1381/2713/2605
f 1455/2712/2604 1381/2713/2605 1454/2714/2606
f 1454/2714/2606 1381/2713/2605 1453/2715/2607
f 1453/2715/2607 1381/2713/2605 1362/2716/2608
f 1453/2715/2607 1362/2716/2608 1452/2717/2609
f 1452/2717/2609 1362/2716/2608 1346/2718/2610
f 1452/2717/2609 1346/2718/2610 1451/2719/2611
f 1451/2719/2611 1346/2718/2610 1345/2720/2612
f 1451/2719/2611 1345/2720/2612 1450/2721/2613
f 1450/2721/2613 1345/2720/2612 1344/2722/2614
f 1450/2721/2613 1344/2722/2614 1449/2723/2615
f 1449/2723/2615 1344/2722/2614 986/2724/2616
f 1449/2723/2615 986/2724/2616 1448/2725/2617
f 1448/2725/2617 986/2724/2616 1447/2726/2618
f 1447/2726/2618 986/2724/2616 1446/2727/2619
f 1446/2727/2619 986/2724/2616 1502/2728/2620
f 1446/2727/2619 1502/2728/2620 1400/2729/2621
f 1400/2729/2621 1502/2728/2620 1503/2730/2622
f 1400/2729/2621 1503/2730/2622 1399/2731/2623
f 1399/2731/2623 1503/2730/2622 1504/2732/2624
f 1399/2731/2623 1504/2732/2624 1398/2733/2625
f 1398/2733/2625 1504/2732/2624 1505/2734/2626
f 1398/2733/2625 1505/2734/2626 1506/2735/2627
f 985/2614/1961 1500/2736/2628 986/2724/2616
f 986/2724/2616 1500/2736/2628 1501/2737/2629
f 986/2724/2616 1501/2737/2629 1502/2728/2620
f 1383/2738/2630 1422/2739/2631 1382/2740/2632
f 1382/2740/2632 1422/2739/2631 1423/2741/2633
f 1382/2740/2632 1423/2741/2633 1424/2742/2634
f 1422/2739/2631 1383/2738/2630 1421/2743/2635
f 1421/2743/2635 1383/2738/2630 1384/2744/2636
f 1421/2743/2635 1384/2744/2636 1420/2745/2637
f 1420/2745/2637 1384/2744/2636 1385/2657/2549
f 1420/2745/2637 1385/2657/2549 1419/2660/2552
f 1482/2647/2539 1386/2649/2541 1481/2746/2638
f 1481/2746/2638 1386/2649/2541 1387/2747/2639
f 1481/2746/2638 1387/2747/2639 1480/2748/2640
f 1480/2748/2640 1387/2747/2639 1388/2749/2641
f 1480/2748/2640 1388/2749/2641 1479/2750/2642
f 1479/2750/2642 1388/2749/2641 1478/2751/2643
f 1478/2751/2643 1388/2749/2641 1389/2752/2644
f 1478/2751/2643 1389/2752/2644 1477/2753/2645
f 1477/2753/2645 1389/2752/2644 1390/2754/2646
f 1477/2753/2645 1390/2754/2646 1476/2755/2647
f 1476/2755/2647 1390/2754/2646 1475/2756/2648
f 1475/2756/2648 1390/2754/2646 1391/2757/2649
f 1475/2756/2648 1391/2757/2649 1474/2758/2650
f 1474/2758/2650 1391/2757/2649 1392/2759/2651
f 1474/2758/2650 1392/2759/2651 1473/2760/2652
f 1473/2760/2652 1392/2759/2651 1472/2761/2653
f 1472/2761/2653 1392/2759/2651 1393/2762/2654
f 1472/2761/2653 1393/2762/2654 1488/2763/2655
f 1488/2763/2655 1393/2762/2654 1487/2764/2656
f 1487/2764/2656 1393/2762/2654 1394/2765/2657
f 1487/2764/2656 1394/2765/2657 1486/2766/2658
f 1486/2766/2658 1394/2765/2657 1395/2767/2659
f 1486/2766/2658 1395/2767/2659 1485/2768/2660
f 1485/2768/2660 1395/2767/2659 1484/2769/2661
f 1484/2769/2661 1395/2767/2659 1396/2770/2662
f 1484/2769/2661 1396/2770/2662 1483/2771/2663
f 1483/2771/2663 1396/2770/2662 1397/2772/2664
f 1483/2771/2663 1397/2772/2664 1506/2735/2627
f 1506/2735/2627 1397/2772/2664 1398/2733/2625
f 1400/2729/2621 1401/2773/2665 1446/2727/2619
f 1446/2727/2619 1401/2773/2665 1445/2774/2666
f 1445/2774/2666 1401/2773/2665 1444/2775/2667
f 1444/2775/2667 1401/2773/2665 1402/2776/2668
f 1444/2775/2667 1402/2776/2668 1443/2777/2669
f 1443/2777/2669 1402/2776/2668 1403/2778/2670
f 1443/2777/2669 1403/2778/2670 1442/2779/2671
f 1442/2779/2671 1403/2778/2670 1441/2780/2672
f 1441/2780/2672 1403/2778/2670 1404/2781/2673
f 1441/2780/2672 1404/2781/2673 1440/2782/2674
f 1440/2782/2674 1404/2781/2673 1405/2783/2675
f 1440/2782/2674 1405/2783/2675 1439/2784/2676
f 1439/2784/2676 1405/2783/2675 1438/2785/2677
f 1438/2785/2677 1405/2783/2675 1406/2786/2678
f 1438/2785/2677 1406/2786/2678 1437/2787/2679
f 1437/2787/2679 1406/2786/2678 1407/2700/2592
f 1437/2787/2679 1407/2700/2592 1436/2702/2594
f 1427/2695/2587 1408/2697/2589 1426/2788/2680
f 1426/2788/2680 1408/2697/2589 1409/2789/2681
f 1426/2788/2680 1409/2789/2681 1425/2790/2682
f 1425/2790/2682 1409/2789/2681 1410/2791/2683
f 1425/2790/2682 1410/2791/2683 1424/2742/2634
f 1424/2742/2634 1410/2791/2683 1382/2740/2632
f 1489/2625/2517 1471/2627/2519 1488/2763/2655
f 1488/2763/2655 1471/2627/2519 1472/2761/2653
f 1496/2616/2508 1497/2792/2684 985/2614/1961
f 985/2614/1961 1497/2792/2684 1498/2793/2685
f 985/2614/1961 1498/2793/2685 1499/2794/2686
f 1499/2794/2686 1500/2736/2628 985/2614/1961
f 964/2795/1974 1634/2796/2687 1034/2797/1975
f 1034/2797/1975 1634/2796/2687 1635/2798/2688
f 1034/2797/1975 1635/2798/2688 1035/2799/2689
f 1035/2799/2689 1635/2798/2688 1036/2800/2690
f 1036/2800/2690 1635/2798/2688 1037/2801/2691
f 1037/2801/2691 1635/2798/2688 1636/2802/2692
f 1037/2801/2691 1636/2802/2692 1519/2803/2693
f 1519/2803/2693 1636/2802/2692 1637/2804/2694
f 1519/2803/2693 1637/2804/2694 1638/2805/2695
f 963/2806/2696 1628/2807/2697 964/2795/1974
f 964/2795/1974 1628/2807/2697 1629/2808/2698
f 964/2795/1974 1629/2808/2698 1630/2809/2699
f 1354/2810/2700 1582/2811/2701 963/2806/2696
f 963/2806/2696 1582/2811/2701 1583/2812/2702
f 963/2806/2696 1583/2812/2702 1584/2813/2703
f 1353/2814/2704 1580/2815/2705 1354/2810/2700
f 1354/2810/2700 1580/2815/2705 1581/2816/2706
f 1354/2810/2700 1581/2816/2706 1582/2811/2701
f 1352/2817/2707 1578/2818/2708 1353/2814/2704
f 1353/2814/2704 1578/2818/2708 1579/2819/2709
f 1353/2814/2704 1579/2819/2709 1580/2815/2705
f 1351/2820/2710 1576/2821/2711 1352/2817/2707
f 1352/2817/2707 1576/2821/2711 1577/2822/2712
f 1352/2817/2707 1577/2822/2712 1578/2818/2708
f 1576/2821/2711 1351/2820/2710 1575/2823/2713
f 1575/2823/2713 1351/2820/2710 1507/2824/2714
f 1575/2823/2713 1507/2824/2714 1574/2825/2715
f 1574/2825/2715 1507/2824/2714 1508/2826/2716
f 1574/2825/2715 1508/2826/2716 1573/2827/2717
f 1573/2827/2717 1508/2826/2716 1509/2828/2718
f 1573/2827/2717 1509/2828/2718 1596/2829/2719
f 1596/2829/2719 1509/2828/2718 1510/2830/2720
f 1596/2829/2719 1510/2830/2720 1524/2831/2721
f 1524/2831/2721 1510/2830/2720 1511/2832/2722
f 1524/2831/2721 1511/2832/2722 1523/2833/2723
f 1523/2833/2723 1511/2832/2722 1512/2834/2724
f 1523/2833/2723 1512/2834/2724 1513/2835/2725
f 1514/2836/2726 1556/2837/2727 1513/2835/2725
f 1513/2835/2725 1556/2837/2727 1557/2838/2728
f 1513/2835/2725 1557/2838/2728 1523/2833/2723
f 1523/2833/2723 1557/2838/2728 1558/2839/2729
f 1523/2833/2723 1558/2839/2729 1522/2840/2730
f 1522/2840/2730 1558/2839/2729 1559/2841/2731
f 1522/2840/2730 1559/2841/2731 1521/2842/2732
f 1521/2842/2732 1559/2841/2731 1560/2843/2733
f 1521/2842/2732 1560/2843/2733 1520/2844/2734
f 1520/2844/2734 1560/2843/2733 1561/2845/2735
f 1520/2844/2734 1561/2845/2735 1562/2846/2736
f 1556/2837/2727 1514/2836/2726 1555/2847/2737
f 1555/2847/2737 1514/2836/2726 1515/2848/2738
f 1555/2847/2737 1515/2848/2738 1554/2849/2739
f 1554/2849/2739 1515/2848/2738 1516/2850/2740
f 1554/2849/2739 1516/2850/2740 1553/2851/2741
f 1553/2851/2741 1516/2850/2740 1552/2852/2742
f 1552/2852/2742 1516/2850/2740 1517/2853/2743
f 1552/2852/2742 1517/2853/2743 1551/2854/2744
f 1551/2854/2744 1517/2853/2743 1168/2855/2745
f 1551/2854/2744 1168/2855/2745 1550/2856/2746
f 1550/2856/2746 1168/2855/2745 1549/2857/2747
f 1549/2857/2747 1168/2855/2745 1167/2858/2748
f 1549/2857/2747 1167/2858/2748 1572/2859/2749
f 1572/2859/2749 1167/2858/2748 1571/2860/2750
f 1571/2860/2750 1167/2858/2748 1166/2861/2751
f 1571/2860/2750 1166/2861/2751 1570/2862/2752
f 1570/2862/2752 1166/2861/2751 1569/2863/2753
f 1569/2863/2753 1166/2861/2751 1165/2864/2754
f 1569/2863/2753 1165/2864/2754 1568/2865/2755
f 1568/2865/2755 1165/2864/2754 1164/2866/2756
f 1568/2865/2755 1164/2866/2756 1567/2867/2757
f 1567/2867/2757 1164/2866/2756 1163/2868/2758
f 1567/2867/2757 1163/2868/2758 1566/2869/2759
f 1566/2869/2759 1163/2868/2758 1162/2870/2760
f 1566/2869/2759 1162/2870/2760 1565/2871/2761
f 1565/2871/2761 1162/2870/2760 1546/2872/2762
f 1565/2871/2761 1546/2872/2762 1564/2873/2763
f 1564/2873/2763 1546/2872/2762 1547/2874/2764
f 1564/2873/2763 1547/2874/2764 1563/2875/2765
f 1563/2875/2765 1547/2874/2764 1548/2876/2766
f 1563/2875/2765 1548/2876/2766 1562/2846/2736
f 1562/2846/2736 1548/2876/2766 1520/2844/2734
f 1162/2870/2760 1161/2877/2767 1546/2872/2762
f 1546/2872/2762 1161/2877/2767 1160/2878/2768
f 1546/2872/2762 1160/2878/2768 1545/2879/2769
f 1545/2879/2769 1160/2878/2768 1159/2880/2770
f 1545/2879/2769 1159/2880/2770 1598/2881/2771
f 1598/2881/2771 1159/2880/2770 1158/2882/2772
f 1598/2881/2771 1158/2882/2772 1597/2883/2773
f 1597/2883/2773 1158/2882/2772 1620/2884/2774
f 1620/2884/2774 1158/2882/2772 1619/2885/2775
f 1619/2885/2775 1158/2882/2772 1618/2886/2776
f 1618/2886/2776 1158/2882/2772 1617/2887/2777
f 1617/2887/2777 1158/2882/2772 1518/2888/2778
f 1617/2887/2777 1518/2888/2778 1616/2889/2779
f 1616/2889/2779 1518/2888/2778 1615/2890/2780
f 1615/2890/2780 1518/2888/2778 1614/2891/2781
f 1614/2891/2781 1518/2888/2778 1613/2892/2782
f 1613/2892/2782 1518/2888/2778 1612/2893/2783
f 1612/2893/2783 1518/2888/2778 1611/2894/2784
f 1611/2894/2784 1518/2888/2778 1610/2895/2785
f 1610/2895/2785 1518/2888/2778 1519/2803/2693
f 1610/2895/2785 1519/2803/2693 1609/2896/2786
f 1609/2896/2786 1519/2803/2693 1639/2897/2787
f 1609/2896/2786 1639/2897/2787 1640/2898/2788
f 1596/2829/2719 1524/2831/2721 1595/2899/2789
f 1595/2899/2789 1524/2831/2721 1525/2900/2790
f 1595/2899/2789 1525/2900/2790 1594/2901/2791
f 1594/2901/2791 1525/2900/2790 1526/2902/2792
f 1594/2901/2791 1526/2902/2792 1593/2903/2793
f 1593/2903/2793 1526/2902/2792 1592/2904/2794
f 1592/2904/2794 1526/2902/2792 1527/2905/2795
f 1592/2904/2794 1527/2905/2795 1591/2906/2796
f 1591/2906/2796 1527/2905/2795 1528/2907/2797
f 1591/2906/2796 1528/2907/2797 1590/2908/2798
f 1590/2908/2798 1528/2907/2797 1589/2909/2799
f 1589/2909/2799 1528/2907/2797 1529/2910/2800
f 1589/2909/2799 1529/2910/2800 1588/2911/2801
f 1588/2911/2801 1529/2910/2800 1530/2912/2802
f 1588/2911/2801 1530/2912/2802 1587/2913/2803
f 1587/2913/2803 1530/2912/2802 1586/2914/2804
f 1586/2914/2804 1530/2912/2802 1531/2915/2805
f 1586/2914/2804 1531/2915/2805 1626/2916/2806
f 1626/2916/2806 1531/2915/2805 1625/2917/2807
f 1625/2917/2807 1531/2915/2805 1532/2918/2808
f 1625/2917/2807 1532/2918/2808 1624/2919/2809
f 1624/2919/2809 1532/2918/2808 1533/2920/2810
f 1624/2919/2809 1533/2920/2810 1623/2921/2811
f 1623/2921/2811 1533/2920/2810 1622/2922/2812
f 1622/2922/2812 1533/2920/2810 1534/2923/2813
f 1622/2922/2812 1534/2923/2813 1621/2924/2814
f 1621/2924/2814 1534/2923/2813 1535/2925/2815
f 1621/2924/2814 1535/2925/2815 1644/2926/2816
f 1644/2926/2816 1535/2925/2815 1536/2927/2817
f 1644/2926/2816 1536/2927/2817 1643/2928/2818
f 1643/2928/2818 1536/2927/2817 1642/2929/2819
f 1642/2929/2819 1536/2927/2817 1537/2930/2820
f 1642/2929/2819 1537/2930/2820 1641/2931/2821
f 1641/2931/2821 1537/2930/2820 1538/2932/2822
f 1641/2931/2821 1538/2932/2822 1640/2898/2788
f 1640/2898/2788 1538/2932/2822 1608/2933/2823
f 1640/2898/2788 1608/2933/2823 1609/2896/2786
f 1538/2932/2822 1539/2934/2824 1608/2933/2823
f 1608/2933/2823 1539/2934/2824 1607/2935/2825
f 1607/2935/2825 1539/2934/2824 1606/2936/2826
f 1606/2936/2826 1539/2934/2824 1540/2937/2827
f 1606/2936/2826 1540/2937/2827 1605/2938/2828
f 1605/2938/2828 1540/2937/2827 1541/2939/2829
f 1605/2938/2828 1541/2939/2829 1604/2940/2830
f 1604/2940/2830 1541/2939/2829 1603/2941/2831
f 1603/2941/2831 1541/2939/2829 1542/2942/2832
f 1603/2941/2831 1542/2942/2832 1602/2943/2833
f 1602/2943/2833 1542/2942/2832 1543/2944/2834
f 1602/2943/2833 1543/2944/2834 1601/2945/2835
f 1601/2945/2835 1543/2944/2834 1600/2946/2836
f 1600/2946/2836 1543/2944/2834 1544/2947/2837
f 1600/2946/2836 1544/2947/2837 1599/2948/2838
f 1599/2948/2838 1544/2947/2837 1545/2879/2769
f 1599/2948/2838 1545/2879/2769 1598/2881/2771
f 1584/2813/2703 1585/2949/2839 963/2806/2696
f 963/2806/2696 1585/2949/2839 1586/2914/2804
f 963/2806/2696 1586/2914/2804 1626/2916/2806
f 1626/2916/2806 1627/2950/2840 963/2806/2696
f 963/2806/2696 1627/2950/2840 1628/2807/2697
f 1630/2809/2699 1631/2951/2841 964/2795/1974
f 964/2795/1974 1631/2951/2841 1632/2952/2842
f 964/2795/1974 1632/2952/2842 1633/2953/2843
f 1633/2953/2843 1634/2796/2687 964/2795/1974
f 1638/2805/2695 1639/2897/2787 1519/2803/2693
f 1009/2954/1875 1042/2955/2844 961/2956/1873
f 961/2956/1873 1042/2955/2844 1041/2957/2845
f 961/2956/1873 1041/2957/2845 1692/2958/2846
f 1692/2958/2846 1041/2957/2845 1040/2959/2847
f 1692/2958/2846 1040/2959/2847 1039/2960/2848
f 1039/2960/2848 1038/2961/2849 1692/2958/2846
f 1692/2958/2846 1038/2961/2849 1691/2962/2850
f 1691/2962/2850 1038/2961/2849 1690/2963/2851
f 1690/2963/2851 1038/2961/2849 1645/2964/2852
f 1690/2963/2851 1645/2964/2852 1689/2965/2853
f 1689/2965/2853 1645/2964/2852 1688/2966/2854
f 1688/2966/2854 1645/2964/2852 1742/2967/2855
f 1688/2966/2854 1742/2967/2855 1743/2968/2856
f 1742/2967/2855 1645/2964/2852 1741/2969/2857
f 1741/2969/2857 1645/2964/2852 1646/2970/2858
f 1741/2969/2857 1646/2970/2858 1740/2971/2859
f 1740/2971/2859 1646/2970/2858 1739/2972/2860
f 1739/2972/2860 1646/2970/2858 1738/2973/2861
f 1738/2973/2861 1646/2970/2858 1737/2974/2862
f 1737/2974/2862 1646/2970/2858 1736/2975/2863
f 1736/2975/2863 1646/2970/2858 1735/2976/2864
f 1735/2976/2864 1646/2970/2858 1179/2977/2865
f 1735/2976/2864 1179/2977/2865 1734/2978/2866
f 1734/2978/2866 1179/2977/2865 1733/2979/2867
f 1733/2979/2867 1179/2977/2865 1732/2980/2868
f 1732/2980/2868 1179/2977/2865 1731/2981/2869
f 1731/2981/2869 1179/2977/2865 1730/2982/2870
f 1730/2982/2870 1179/2977/2865 1178/2983/2871
f 1730/2982/2870 1178/2983/2871 1753/2984/2872
f 1753/2984/2872 1178/2983/2871 1177/2985/2873
f 1753/2984/2872 1177/2985/2873 1752/2986/2874
f 1752/2986/2874 1177/2985/2873 1758/2987/2875
f 1752/2986/2874 1758/2987/2875 1759/2988/2876
f 1177/2985/2873 1176/2989/2877 1758/2987/2875
f 1758/2987/2875 1176/2989/2877 1175/2990/2878
f 1758/2987/2875 1175/2990/2878 1757/2991/2879
f 1757/2991/2879 1175/2990/2878 1174/2992/2880
f 1757/2991/2879 1174/2992/2880 1666/2993/2881
f 1666/2993/2881 1174/2992/2880 1665/2994/2882
f 1665/2994/2882 1174/2992/2880 1173/2995/2883
f 1665/2994/2882 1173/2995/2883 1664/2996/2884
f 1664/2996/2884 1173/2995/2883 1172/2997/2885
f 1664/2996/2884 1172/2997/2885 1663/2998/2886
f 1663/2998/2886 1172/2997/2885 1662/2999/2887
f 1662/2999/2887 1172/2997/2885 1171/3000/2888
f 1662/2999/2887 1171/3000/2888 1661/3001/2889
f 1661/3001/2889 1171/3000/2888 1660/3002/2890
f 1660/3002/2890 1171/3000/2888 1170/3003/2891
f 1660/3002/2890 1170/3003/2891 1659/3004/2892
f 1659/3004/2892 1170/3003/2891 1658/3005/2893
f 1658/3005/2893 1170/3003/2891 1169/3006/2894
f 1658/3005/2893 1169/3006/2894 1681/3007/2895
f 1681/3007/2895 1169/3006/2894 1680/3008/2896
f 1680/3008/2896 1169/3006/2894 1647/3009/2897
f 1680/3008/2896 1647/3009/2897 1679/3010/2898
f 1679/3010/2898 1647/3009/2897 1678/3011/2899
f 1678/3011/2899 1647/3009/2897 1648/3012/2900
f 1678/3011/2899 1648/3012/2900 1677/3013/2901
f 1677/3013/2901 1648/3012/2900 1649/3014/2902
f 1677/3013/2901 1649/3014/2902 1676/3015/2903
f 1676/3015/2903 1649/3014/2902 1675/3016/2904
f 1675/3016/2904 1649/3014/2902 1650/3017/2905
f 1675/3016/2904 1650/3017/2905 1674/3018/2906
f 1674/3018/2906 1650/3017/2905 1651/3019/2907
f 1674/3018/2906 1651/3019/2907 1780/3020/2908
f 1780/3020/2908 1651/3019/2907 1779/3021/2909
f 1779/3021/2909 1651/3019/2907 1652/3022/2910
f 1779/3021/2909 1652/3022/2910 1653/3023/2911
f 1654/3024/2912 1707/3025/2913 1653/3023/2911
f 1653/3023/2911 1707/3025/2913 1708/3026/2914
f 1653/3023/2911 1708/3026/2914 1779/3021/2909
f 1779/3021/2909 1708/3026/2914 1778/3027/2915
f 1778/3027/2915 1708/3026/2914 1709/3028/2916
f 1778/3027/2915 1709/3028/2916 1777/3029/2917
f 1777/3029/2917 1709/3028/2916 1710/3030/2918
f 1777/3029/2917 1710/3030/2918 1711/3031/2919
f 1707/3025/2913 1654/3024/2912 1706/3032/2920
f 1706/3032/2920 1654/3024/2912 1655/3033/2921
f 1706/3032/2920 1655/3033/2921 1729/3034/2922
f 1729/3034/2922 1655/3033/2921 1656/3035/2923
f 1729/3034/2922 1656/3035/2923 1657/3036/2924
f 1729/3034/2922 1657/3036/2924 1728/3037/2925
f 1728/3037/2925 1657/3036/2924 1350/3038/2926
f 1728/3037/2925 1350/3038/2926 1727/3039/2927
f 1727/3039/2927 1350/3038/2926 1349/3040/2928
f 1727/3039/2927 1349/3040/2928 1726/3041/2929
f 1726/3041/2929 1349/3040/2928 1725/3042/2930
f 1725/3042/2930 1349/3040/2928 1348/3043/2931
f 1725/3042/2930 1348/3043/2931 1724/3044/2932
f 1724/3044/2932 1348/3043/2931 1723/3045/2933
f 1723/3045/2933 1348/3043/2931 1347/3046/2934
f 1723/3045/2933 1347/3046/2934 1722/3047/2935
f 1722/3047/2935 1347/3046/2934 1721/3048/2936
f 1721/3048/2936 1347/3046/2934 962/3049/2937
f 1721/3048/2936 962/3049/2937 1720/3050/2938
f 1720/3050/2938 962/3049/2937 1719/3051/2939
f 1719/3051/2939 962/3049/2937 1718/3052/2940
f 1718/3052/2940 962/3049/2937 1717/3053/2941
f 1717/3053/2941 962/3049/2937 1700/3054/2942
f 1717/3053/2941 1700/3054/2942 1701/3055/2943
f 1700/3054/2942 962/3049/2937 1699/3056/2944
f 1699/3056/2944 962/3049/2937 961/2956/1873
f 1699/3056/2944 961/2956/1873 1698/3057/2945
f 1698/3057/2945 961/2956/1873 1697/3058/2946
f 1697/3058/2946 961/2956/1873 1696/3059/2947
f 1696/3059/2947 961/2956/1873 1695/3060/2948
f 1695/3060/2948 961/2956/1873 1694/3061/2949
f 1694/3061/2949 961/2956/1873 1693/3062/2950
f 1693/3062/2950 961/2956/1873 1692/2958/2846
f 1757/2991/2879 1666/2993/2881 1756/3063/2951
f 1756/3063/2951 1666/2993/2881 1667/3064/2952
f 1756/3063/2951 1667/3064/2952 1668/3065/2953
f 1756/3063/2951 1668/3065/2953 1755/3066/2954
f 1755/3066/2954 1668/3065/2953 1669/3067/2955
f 1755/3066/2954 1669/3067/2955 1754/3068/2956
f 1754/3068/2956 1669/3067/2955 1670/3069/2957
f 1754/3068/2956 1670/3069/2957 1671/3070/2958
f 1754/3068/2956 1671/3070/2958 1782/3071/2959
f 1782/3071/2959 1671/3070/2958 1672/3072/2960
f 1782/3071/2959 1672/3072/2960 1781/3073/2961
f 1781/3073/2961 1672/3072/2960 1673/3074/2962
f 1781/3073/2961 1673/3074/2962 1674/3018/2906
f 1683/3075/2963 1768/3076/2964 1682/3077/2965
f 1682/3077/2965 1768/3076/2964 1769/3078/2966
f 1682/3077/2965 1769/3078/2966 1705/3079/2967
f 1705/3079/2967 1769/3078/2966 1770/3080/2968
f 1705/3079/2967 1770/3080/2968 1704/3081/2969
f 1704/3081/2969 1770/3080/2968 1703/3082/2970
f 1703/3082/2970 1770/3080/2968 1771/3083/2971
f 1703/3082/2970 1771/3083/2971 1702/3084/2972
f 1702/3084/2972 1771/3083/2971 1772/3085/2973
f 1702/3084/2972 1772/3085/2973 1701/3055/2943
f 1701/3055/2943 1772/3085/2973 1717/3053/2941
f 1768/3076/2964 1683/3075/2963 1767/3086/2974
f 1767/3086/2974 1683/3075/2963 1684/3087/2975
f 1767/3086/2974 1684/3087/2975 1685/3088/2976
f 1767/3086/2974 1685/3088/2976 1766/3089/2977
f 1766/3089/2977 1685/3088/2976 1686/3090/2978
f 1766/3089/2977 1686/3090/2978 1765/3091/2979
f 1765/3091/2979 1686/3090/2978 1687/3092/2980
f 1765/3091/2979 1687/3092/2980 1743/2968/2856
f 1743/2968/2856 1687/3092/2980 1688/2966/2854
f 1777/3029/2917 1711/3031/2919 1776/3093/2981
f 1776/3093/2981 1711/3031/2919 1712/3094/2982
f 1776/3093/2981 1712/3094/2982 1775/3095/2983
f 1775/3095/2983 1712/3094/2982 1713/3096/2984
f 1775/3095/2983 1713/3096/2984 1714/3097/2985
f 1775/3095/2983 1714/3097/2985 1774/3098/2986
f 1774/3098/2986 1714/3097/2985 1715/3099/2987
f 1774/3098/2986 1715/3099/2987 1773/3100/2988
f 1773/3100/2988 1715/3099/2987 1716/3101/2989
f 1773/3100/2988 1716/3101/2989 1772/3085/2973
f 1772/3085/2973 1716/3101/2989 1717/3053/2941
f 1743/2968/2856 1744/3102/2990 1765/3091/2979
f 1765/3091/2979 1744/3102/2990 1764/3103/2991
f 1764/3103/2991 1744/3102/2990 1745/3104/2992
f 1764/3103/2991 1745/3104/2992 1763/3105/2993
f 1763/3105/2993 1745/3104/2992 1746/3106/2994
f 1763/3105/2993 1746/3106/2994 1762/3107/2995
f 1762/3107/2995 1746/3106/2994 1747/3108/2996
f 1762/3107/2995 1747/3108/2996 1748/3109/2997
f 1762/3107/2995 1748/3109/2997 1761/3110/2998
f 1761/3110/2998 1748/3109/2997 1749/3111/2999
f 1761/3110/2998 1749/3111/2999 1760/3112/3000
f 1760/3112/3000 1749/3111/2999 1750/3113/3001
f 1760/3112/3000 1750/3113/3001 1751/3114/3002
f 1760/3112/3000 1751/3114/3002 1759/2988/2876
f 1759/2988/2876 1751/3114/3002 1752/2986/2874
f 1780/3020/2908 1781/3073/2961 1674/3018/2906
f 1329/3115/3003 1328/3116/3004 1152/3117/2201
f 1152/3117/2201 1328/3116/3004 1153/3118/2200
f 1506/3119/3005 1299/3120/3006 1483/3121/3007
f 1483/3121/3007 1299/3120/3006 1298/3122/3008
f 1483/3123/3007 1298/3124/3008 1484/3125/3009
f 1484/3125/3009 1298/3124/3008 1321/3126/3010
f 1484/3125/3009 1321/3126/3010 1485/3127/3011
f 1485/3127/3011 1321/3126/3010 1320/3128/3012
f 1485/3127/3011 1320/3128/3012 1486/3129/3013
f 1486/3129/3013 1320/3128/3012 1319/3130/3014
f 1486/3129/3013 1319/3130/3014 1487/3131/3015
f 1487/3131/3015 1319/3130/3014 1318/3132/3016
f 1487/3131/3015 1318/3132/3016 1488/3133/3017
f 1488/3133/3017 1318/3132/3016 1317/3134/3018
f 1488/3133/3017 1317/3134/3018 1489/3135/3019
f 1489/3135/3019 1317/3134/3018 1316/3136/3020
f 1489/3135/3019 1316/3136/3020 1490/3137/3021
f 1490/3137/3021 1316/3136/3020 1315/3138/3022
f 1490/3137/3021 1315/3138/3022 1491/3139/3023
f 1491/3139/3023 1315/3138/3022 1314/3140/3024
f 1491/3139/3023 1314/3140/3024 1492/3141/3025
f 1492/3141/3025 1314/3140/3024 1313/3142/3026
f 1492/3141/3025 1313/3142/3026 1493/3143/3027
f 1493/3143/3027 1313/3142/3026 1312/3144/3028
f 1493/3143/3027 1312/3144/3028 1494/3145/3029
f 1494/3145/3029 1312/3144/3028 1311/3146/3030
f 1494/3145/3029 1311/3146/3030 1495/3147/3031
f 1495/3147/3031 1311/3146/3030 1310/3148/3032
f 1495/3147/3031 1310/3148/3032 1496/3149/3033
f 1496/3149/3033 1310/3148/3032 1309/3150/3034
f 1496/3149/3033 1309/3150/3034 1497/3151/3035
f 1497/3151/3035 1309/3150/3034 1308/3152/3036
f 1497/3151/3035 1308/3152/3036 1498/3153/3037
f 1498/3153/3037 1308/3152/3036 1307/3154/3038
f 1498/3153/3037 1307/3154/3038 1499/3155/3039
f 1499/3155/3039 1307/3154/3038 1306/3156/3040
f 1499/3155/3039 1306/3156/3040 1500/3157/3041
f 1500/3157/3041 1306/3156/3040 1305/3158/3042
f 1500/3157/3041 1305/3158/3042 1501/3159/3043
f 1501/3159/3043 1305/3158/3042 1304/3160/3044
f 1501/3159/3043 1304/3160/3044 1502/3161/3045
f 1502/3161/3045 1304/3160/3044 1303/3162/3046
f 1502/3161/3045 1303/3162/3046 1503/3163/3047
f 1503/3163/3047 1303/3162/3046 1302/3164/3048
f 1503/3163/3047 1302/3164/3048 1504/3165/3049
f 1504/3165/3049 1302/3164/3048 1301/3166/3050
f 1504/3165/3049 1301/3166/3050 1505/3167/3051
f 1505/3167/3051 1301/3166/3050 1300/3168/3052
f 1505/3167/3051 1300/3168/3052 1506/3119/3005
f 1506/3119/3005 1300/3168/3052 1299/3120/3006
f 1482/3169/3053 1275/3170/3054 1459/3171/3055
f 1459/3171/3055 1275/3170/3054 1274/3172/3056
f 1459/3173/3055 1274/3174/3056 1460/3175/3057
f 1460/3175/3057 1274/3174/3056 1297/3176/3058
f 1460/3175/3057 1297/3176/3058 1461/3177/3059
f 1461/3177/3059 1297/3176/3058 1296/3178/3060
f 1461/3177/3059 1296/3178/3060 1462/3179/3061
f 1462/3179/3061 1296/3178/3060 1295/3180/3062
f 1462/3179/3061 1295/3180/3062 1463/3181/3063
f 1463/3181/3063 1295/3180/3062 1294/3182/3064
f 1463/3181/3063 1294/3182/3064 1464/3183/3065
f 1464/3183/3065 1294/3182/3064 1293/3184/3066
f 1464/3183/3065 1293/3184/3066 1465/3185/3067
f 1465/3185/3067 1293/3184/3066 1292/3186/3068
f 1465/3185/3067 1292/3186/3068 1466/3187/3069
f 1466/3187/3069 1292/3186/3068 1291/3188/3070
f 1466/3187/3069 1291/3188/3070 1467/3189/3071
f 1467/3189/3071 1291/3188/3070 1290/3190/3072
f 1467/3189/3071 1290/3190/3072 1468/3191/3073
f 1468/3191/3073 1290/3190/3072 1289/3192/3074
f 1468/3191/3073 1289/3192/3074 1469/3193/3075
f 1469/3193/3075 1289/3192/3074 1288/3194/3076
f 1469/3193/3075 1288/3194/3076 1470/3195/3077
f 1470/3195/3077 1288/3194/3076 1287/3196/3078
f 1470/3195/3077 1287/3196/3078 1471/3197/3079
f 1471/3197/3079 1287/3196/3078 1286/3198/3080
f 1471/3197/3079 1286/3198/3080 1472/3199/3081
f 1472/3199/3081 1286/3198/3080 1285/3200/3082
f 1472/3199/3081 1285/3200/3082 1473/3201/3083
f 1473/3201/3083 1285/3200/3082 1284/3202/3084
f 1473/3201/3083 1284/3202/3084 1474/3203/3085
f 1474/3203/3085 1284/3202/3084 1283/3204/3086
f 1474/3203/3085 1283/3204/3086 1475/3205/3087
f 1475/3205/3087 1283/3204/3086 1282/3206/3088
f 1475/3205/3087 1282/3206/3088 1476/3207/3089
f 1476/3207/3089 1282/3206/3088 1281/3208/3090
f 1476/3207/3089 1281/3208/3090 1477/3209/3091
f 1477/3209/3091 1281/3208/3090 1280/3210/3092
f 1477/3209/3091 1280/3210/3092 1478/3211/3093
f 1478/3211/3093 1280/3210/3092 1279/3212/3094
f 1478/3211/3093 1279/3212/3094 1479/3213/3095
f 1479/3213/3095 1279/3212/3094 1278/3214/3096
f 1479/3213/3095 1278/3214/3096 1480/3215/3097
f 1480/3215/3097 1278/3214/3096 1277/3216/3098
f 1480/3215/3097 1277/3216/3098 1481/3217/3099
f 1481/3217/3099 1277/3216/3098 1276/3218/3100
f 1481/3217/3099 1276/3218/3100 1482/3169/3053
f 1482/3169/3053 1276/3218/3100 1275/3170/3054
f 1458/3219/3101 1251/3220/3102 1435/3221/3103
f 1435/3221/3103 1251/3220/3102 1250/3222/3104
f 1435/3223/3103 1250/3224/3104 1436/3225/3105
f 1436/3225/3105 1250/3224/3104 1273/3226/3106
f 1436/3225/3105 1273/3226/3106 1437/3227/3107
f 1437/3227/3107 1273/3226/3106 1272/3228/3108
f 1437/3227/3107 1272/3228/3108 1438/3229/3109
f 1438/3229/3109 1272/3228/3108 1271/3230/3110
f 1438/3229/3109 1271/3230/3110 1439/3231/3111
f 1439/3231/3111 1271/3230/3110 1270/3232/3112
f 1439/3231/3111 1270/3232/3112 1440/3233/3113
f 1440/3233/3113 1270/3232/3112 1269/3234/3114
f 1440/3233/3113 1269/3234/3114 1441/3235/3115
f 1441/3235/3115 1269/3234/3114 1268/3236/3116
f 1441/3235/3115 1268/3236/3116 1442/3237/3117
f 1442/3237/3117 1268/3236/3116 1267/3238/3118
f 1442/3237/3117 1267/3238/3118 1443/3239/3119
f 1443/3239/3119 1267/3238/3118 1266/3240/3120
f 1443/3239/3119 1266/3240/3120 1444/3241/3121
f 1444/3241/3121 1266/3240/3120 1265/3242/3122
f 1444/3241/3121 1265/3242/3122 1445/3243/3123
f 1445/3243/3123 1265/3242/3122 1264/3244/3124
f 1445/3243/3123 1264/3244/3124 1446/3245/3125
f 1446/3245/3125 1264/3244/3124 1263/3246/3126
f 1446/3245/3125 1263/3246/3126 1447/3247/3127
f 1447/3247/3127 1263/3246/3126 1262/3248/3128
f 1447/3247/3127 1262/3248/3128 1448/3249/3129
f 1448/3249/3129 1262/3248/3128 1261/3250/3130
f 1448/3249/3129 1261/3250/3130 1449/3251/3131
f 1449/3251/3131 1261/3250/3130 1260/3252/3132
f 1449/3251/3131 1260/3252/3132 1450/3253/3133
f 1450/3253/3133 1260/3252/3132 1259/3254/3134
f 1450/3253/3133 1259/3254/3134 1451/3255/3135
f 1451/3255/3135 1259/3254/3134 1258/3256/3136
f 1451/3255/3135 1258/3256/3136 1452/3257/3137
f 1452/3257/3137 1258/3256/3136 1257/3258/3138
f 1452/3257/3137 1257/3258/3138 1453/3259/3139
f 1453/3259/3139 1257/3258/3138 1256/3260/3140
f 1453/3259/3139 1256/3260/3140 1454/3261/3141
f 1454/3261/3141 1256/3260/3140 1255/3262/3142
f 1454/3261/3141 1255/3262/3142 1455/3263/3143
f 1455/3263/3143 1255/3262/3142 1254/3264/3144
f 1455/3263/3143 1254/3264/3144 1456/3265/3145
f 1456/3265/3145 1254/3264/3144 1253/3266/3146
f 1456/3265/3145 1253/3266/3146 1457/3267/3147
f 1457/3267/3147 1253/3266/3146 1252/3268/3148
f 1457/3267/3147 1252/3268/3148 1458/3219/3101
f 1458/3219/3101 1252/3268/3148 1251/3220/3102
f 1434/3269/3149 1227/3270/3150 1411/3271/3151
f 1411/3271/3151 1227/3270/3150 1226/3272/3152
f 1411/3273/3151 1226/3274/3152 1412/3275/3153
f 1412/3275/3153 1226/3274/3152 1249/3276/3154
f 1412/3275/3153 1249/3276/3154 1413/3277/3155
f 1413/3277/3155 1249/3276/3154 1248/3278/3156
f 1413/3277/3155 1248/3278/3156 1414/3279/3157
f 1414/3279/3157 1248/3278/3156 1247/3280/3158
f 1414/3279/3157 1247/3280/3158 1415/3281/3159
f 1415/3281/3159 1247/3280/3158 1246/3282/3160
f 1415/3281/3159 1246/3282/3160 1416/3283/3161
f 1416/3283/3161 1246/3282/3160 1245/3284/3162
f 1416/3283/3161 1245/3284/3162 1417/3285/3163
f 1417/3285/3163 1245/3284/3162 1244/3286/3164
f 1417/3285/3163 1244/3286/3164 1418/3287/3165
f 1418/3287/3165 1244/3286/3164 1243/3288/3166
f 1418/3287/3165 1243/3288/3166 1419/3289/3167
f 1419/3289/3167 1243/3288/3166 1242/3290/3168
f 1419/3289/3167 1242/3290/3168 1420/3291/3169
f 1420/3291/3169 1242/3290/3168 1241/3292/3170
f 1420/3291/3169 1241/3292/3170 1421/3293/3171
f 1421/3293/3171 1241/3292/3170 1240/3294/3172
f 1421/3293/3171 1240/3294/3172 1422/3295/3173
f 1422/3295/3173 1240/3294/3172 1239/3296/3174
f 1422/3295/3173 1239/3296/3174 1423/3297/3175
f 1423/3297/3175 1239/3296/3174 1238/3298/3176
f 1423/3297/3175 1238/3298/3176 1424/3299/3177
f 1424/3299/3177 1238/3298/3176 1237/3300/3178
f 1424/3299/3177 1237/3300/3178 1425/3301/3179
f 1425/3301/3179 1237/3300/3178 1236/3302/3180
f 1425/3301/3179 1236/3302/3180 1426/3303/3181
f 1426/3303/3181 1236/3302/3180 1235/3304/3182
f 1426/3303/3181 1235/3304/3182 1427/3305/3183
f 1427/3305/3183 1235/3304/3182 1234/3306/3184
f 1427/3305/3183 1234/3306/3184 1428/3307/3185
f 1428/3307/3185 1234/3306/3184 1233/3308/3186
f 1428/3307/3185 1233/3308/3186 1429/3309/3187
f 1429/3309/3187 1233/3308/3186 1232/3310/3188
f 1429/3309/3187 1232/3310/3188 1430/3311/3189
f 1430/3311/3189 1232/3310/3188 1231/3312/3190
f 1430/3311/3189 1231/3312/3190 1431/3313/3191
f 1431/3313/3191 1231/3312/3190 1230/3314/3192
f 1431/3313/3191 1230/3314/3192 1432/3315/3193
f 1432/3315/3193 1230/3314/3192 1229/3316/3194
f 1432/3315/3193 1229/3316/3194 1433/3317/3195
f 1433/3317/3195 1229/3316/3194 1228/3318/3196
f 1433/3317/3195 1228/3318/3196 1434/3269/3149
f 1434/3269/3149 1228/3318/3196 1227/3270/3150
f 1410/3319/3197 1198/3320/3198 1382/3321/3199
f 1382/3321/3199 1198/3320/3198 1197/3322/3200
f 1382/3323/3199 1197/3324/3200 1383/3325/3201
f 1383/3325/3201 1197/3324/3200 1225/3326/3202
f 1383/3325/3201 1225/3326/3202 1384/3327/3203
f 1384/3327/3203 1225/3326/3202 1224/3328/3204
f 1384/3327/3203 1224/3328/3204 1385/3329/3205
f 1385/3329/3205 1224/3328/3204 1223/3330/3206
f 1385/3329/3205 1223/3330/3206 1386/3331/3207
f 1386/3331/3207 1223/3330/3206 1222/3332/3208
f 1386/3331/3207 1222/3332/3208 1387/3333/3209
f 1387/3333/3209 1222/3332/3208 1221/3334/3210
f 1387/3333/3209 1221/3334/3210 1388/3335/3211
f 1388/3335/3211 1221/3334/3210 1220/3336/3212
f 1388/3335/3211 1220/3336/3212 1389/3337/3213
f 1389/3337/3213 1220/3336/3212 1219/3338/3214
f 1389/3337/3213 1219/3338/3214 1390/3339/3215
f 1390/3339/3215 1219/3338/3214 1218/3340/3216
f 1390/3339/3215 1218/3340/3216 1391/3341/3217
f 1391/3341/3217 1218/3340/3216 1217/3342/3218
f 1391/3341/3217 1217/3342/3218 1392/3343/3219
f 1392/3343/3219 1217/3342/3218 1216/3344/3220
f 1392/3343/3219 1216/3344/3220 1393/3345/3221
f 1393/3345/3221 1216/3344/3220 1215/3346/3222
f 1393/3345/3221 1215/3346/3222 1394/3347/3223
f 1394/3347/3223 1215/3346/3222 1214/3348/3224
f 1394/3347/3223 1214/3348/3224 1395/3349/3225
f 1395/3349/3225 1214/3348/3224 1213/3350/3226
f 1395/3349/3225 1213/3350/3226 1396/3351/3227
f 1396/3351/3227 1213/3350/3226 1212/3352/3228
f 1396/3351/3227 1212/3352/3228 1397/3353/3229
f 1397/3353/3229 1212/3352/3228 1211/3354/3230
f 1397/3353/3229 1211/3354/3230 1398/3355/3231
f 1398/3355/3231 1211/3354/3230 1210/3356/3232
f 1398/3355/3231 1210/3356/3232 1399/3357/3233
f 1399/3357/3233 1210/3356/3232 1209/3358/3234
f 1399/3357/3233 1209/3358/3234 1400/3359/3235
f 1400/3359/3235 1209/3358/3234 1208/3360/3236
f 1400/3359/3235 1208/3360/3236 1401/3361/3237
f 1401/3361/3237 1208/3360/3236 1207/3362/3238
f 1401/3361/3237 1207/3362/3238 1402/3363/3239
f 1402/3363/3239 1207/3362/3238 1206/3364/3240
f 1402/3363/3239 1206/3364/3240 1403/3365/3241
f 1403/3365/3241 1206/3364/3240 1205/3366/3242
f 1403/3365/3241 1205/3366/3242 1404/3367/3243
f 1404/3367/3243 1205/3366/3242 1204/3368/3244
f 1404/3367/3243 1204/3368/3244 1405/3369/3245
f 1405/3369/3245 1204/3368/3244 1203/3370/3246
f 1405/3369/3245 1203/3370/3246 1406/3371/3247
f 1406/3371/3247 1203/3370/3246 1202/3372/3248
f 1406/3371/3247 1202/3372/3248 1407/3373/3249
f 1407/3373/3249 1202/3372/3248 1201/3374/3250
f 1407/3373/3249 1201/3374/3250 1408/3375/3251
f 1408/3375/3251 1201/3374/3250 1200/3376/3252
f 1408/3375/3251 1200/3376/3252 1409/3377/3253
f 1409/3377/3253 1200/3376/3252 1199/3378/3254
f 1409/3377/3253 1199/3378/3254 1410/3319/3197
f 1410/3319/3197 1199/3378/3254 1198/3320/3198
f 1361/3379/3255 1378/3380/3256 1357/3381/2488
f 1357/3381/2488 1378/3380/3256 1377/3382/3257
f 1357/3381/2488 1377/3382/3257 1186/3383/2487
f 1186/3383/2487 1377/3382/3257 1187/3384/3258
f 1187/3384/3258 1377/3382/3257 1376/3385/3259
f 1187/3384/3258 1376/3385/3259 1375/3386/3260
f 1378/3380/3256 1361/3379/3255 1379/3387/3261
f 1379/3387/3261 1361/3379/3255 1360/3388/3262
f 1379/3387/3261 1360/3388/3262 1380/3389/3263
f 1380/3389/3263 1360/3388/3262 1359/3390/3264
f 1380/3389/3263 1359/3390/3264 1381/3391/3265
f 1381/3391/3265 1359/3390/3264 1362/3392/2505
f 1362/3392/2505 1359/3390/3264 1358/3393/2504
f 1187/3384/3258 1375/3386/3260 1188/3394/3266
f 1188/3394/3266 1375/3386/3260 1374/3395/3267
f 1188/3394/3266 1374/3395/3267 1189/3396/3268
f 1189/3396/3268 1374/3395/3267 1373/3397/3269
f 1189/3396/3268 1373/3397/3269 1372/3398/3270
f 1189/3396/3268 1372/3398/3270 1190/3399/3271
f 1190/3399/3271 1372/3398/3270 1371/3400/3272
f 1190/3399/3271 1371/3400/3272 1370/3401/3273
f 1190/3399/3271 1370/3401/3273 1191/3402/3274
f 1191/3402/3274 1370/3401/3273 1369/3403/3275
f 1191/3402/3274 1369/3403/3275 1368/3404/3276
f 1191/3402/3274 1368/3404/3276 1192/3405/3277
f 1192/3405/3277 1368/3404/3276 1367/3406/3278
f 1192/3405/3277 1367/3406/3278 1366/3407/3279
f 1192/3405/3277 1366/3407/3279 1193/3408/3280
f 1193/3408/3280 1366/3407/3279 1365/3409/3281
f 1193/3408/3280 1365/3409/3281 1194/3410/3282
f 1194/3410/3282 1365/3409/3281 1364/3411/3283
f 1194/3410/3282 1364/3411/3283 1363/3412/3284
f 1132/3413/3285 1131/3414/3286 1363/3412/3284
f 1363/3412/3284 1131/3414/3286 1194/3410/3282
f 1509/3415/3287 1655/3416/3288 1510/3417/3289
f 1510/3417/3289 1655/3416/3288 1654/3418/3290
f 1510/3417/3289 1654/3418/3290 1511/3419/3291
f 1511/3419/3291 1654/3418/3290 1653/3420/3292
f 1511/3419/3291 1653/3420/3292 1512/3421/3293
f 1512/3421/3293 1653/3420/3292 1652/3422/3294
f 1512/3421/3293 1652/3422/3294 1513/3423/3295
f 1513/3423/3295 1652/3422/3294 1651/3424/3296
f 1513/3423/3295 1651/3424/3296 1514/3425/3297
f 1514/3425/3297 1651/3424/3296 1650/3426/3298
f 1514/3425/3297 1650/3426/3298 1515/3427/3299
f 1515/3427/3299 1650/3426/3298 1649/3428/3300
f 1515/3427/3299 1649/3428/3300 1516/3429/3301
f 1516/3429/3301 1649/3428/3300 1648/3430/3302
f 1516/3429/3301 1648/3430/3302 1517/3431/3303
f 1517/3431/3303 1648/3430/3302 1647/3432/3304
f 1517/3431/3303 1647/3432/3304 1168/3433/3305
f 1168/3433/3305 1647/3432/3304 1169/3434/3306
f 1705/3435/3307 1622/3436/3308 1682/3437/3309
f 1682/3437/3309 1622/3436/3308 1621/3438/3310
f 1682/3439/3309 1621/3440/3310 1683/3441/3311
f 1683/3441/3311 1621/3440/3310 1644/3442/3312
f 1683/3441/3311 1644/3442/3312 1684/3443/3313
f 1684/3443/3313 1644/3442/3312 1643/3444/3314
f 1684/3443/3313 1643/3444/3314 1685/3445/3315
f 1685/3445/3315 1643/3444/3314 1642/3446/3316
f 1685/3445/3315 1642/3446/3316 1686/3447/3317
f 1686/3447/3317 1642/3446/3316 1641/3448/3318
f 1686/3447/3317 1641/3448/3318 1687/3449/3319
f 1687/3449/3319 1641/3448/3318 1640/3450/3320
f 1687/3449/3319 1640/3450/3320 1688/3451/3321
f 1688/3451/3321 1640/3450/3320 1639/3452/3322
f 1688/3451/3321 1639/3452/3322 1689/3453/3323
f 1689/3453/3323 1639/3452/3322 1638/3454/3324
f 1689/3453/3323 1638/3454/3324 1690/3455/3325
f 1690/3455/3325 1638/3454/3324 1637/3456/3326
f 1690/3455/3325 1637/3456/3326 1691/3457/3327
f 1691/3457/3327 1637/3456/3326 1636/3458/3328
f 1691/3457/3327 1636/3458/3328 1692/3459/3329
f 1692/3459/3329 1636/3458/3328 1635/3460/3330
f 1692/3459/3329 1635/3460/3330 1693/3461/3331
f 1693/3461/3331 1635/3460/3330 1634/3462/3332
f 1693/3461/3331 1634/3462/3332 1694/3463/3333
f 1694/3463/3333 1634/3462/3332 1633/3464/3334
f 1694/3463/3333 1633/3464/3334 1695/3465/3335
f 1695/3465/3335 1633/3464/3334 1632/3466/3336
f 1695/3465/3335 1632/3466/3336 1696/3467/3337
f 1696/3467/3337 1632/3466/3336 1631/3468/3338
f 1696/3467/3337 1631/3468/3338 1697/3469/3339
f 1697/3469/3339 1631/3468/3338 1630/3470/3340
f 1697/3469/3339 1630/3470/3340 1698/3471/3341
f 1698/3471/3341 1630/3470/3340 1629/3472/3342
f 1698/3471/3341 1629/3472/3342 1699/3473/3343
f 1699/3473/3343 1629/3472/3342 1628/3474/3344
f 1699/3473/3343 1628/3474/3344 1700/3475/3345
f 1700/3475/3345 1628/3474/3344 1627/3476/3346
f 1700/3475/3345 1627/3476/3346 1701/3477/3347
f 1701/3477/3347 1627/3476/3346 1626/3478/3348
f 1701/3477/3347 1626/3478/3348 1702/3479/3349
f 1702/3479/3349 1626/3478/3348 1625/3480/3350
f 1702/3479/3349 1625/3480/3350 1703/3481/3351
f 1703/3481/3351 1625/3480/3350 1624/3482/3352
f 1703/3481/3351 1624/3482/3352 1704/3483/3353
f 1704/3483/3353 1624/3482/3352 1623/3484/3354
f 1704/3483/3353 1623/3484/3354 1705/3435/3307
f 1705/3435/3307 1623/3484/3354 1622/3436/3308
f 1753/3485/3355 1598/3486/3356 1730/3487/3357
f 1730/3487/3357 1598/3486/3356 1597/3488/3358
f 1730/3489/3357 1597/3490/3358 1731/3491/3359
f 1731/3491/3359 1597/3490/3358 1620/3492/3360
f 1731/3491/3359 1620/3492/3360 1732/3493/3361
f 1732/3493/3361 1620/3492/3360 1619/3494/3362
f 1732/3493/3361 1619/3494/3362 1733/3495/3363
f 1733/3495/3363 1619/3494/3362 1618/3496/3364
f 1733/3495/3363 1618/3496/3364 1734/3497/3365
f 1734/3497/3365 1618/3496/3364 1617/3498/3366
f 1734/3497/3365 1617/3498/3366 1735/3499/3367
f 1735/3499/3367 1617/3498/3366 1616/3500/3368
f 1735/3499/3367 1616/3500/3368 1736/3501/3369
f 1736/3501/3369 1616/3500/3368 1615/3502/3370
f 1736/3501/3369 1615/3502/3370 1737/3503/3371
f 1737/3503/3371 1615/3502/3370 1614/3504/3372
f 1737/3503/3371 1614/3504/3372 1738/3505/3373
f 1738/3505/3373 1614/3504/3372 1613/3506/3374
f 1738/3505/3373 1613/3506/3374 1739/3507/3375
f 1739/3507/3375 1613/3506/3374 1612/3508/3376
f 1739/3507/3375 1612/3508/3376 1740/3509/3377
f 1740/3509/3377 1612/3508/3376 1611/3510/3378
f 1740/3509/3377 1611/3510/3378 1741/3511/3379
f 1741/3511/3379 1611/3510/3378 1610/3512/3380
f 1741/3511/3379 1610/3512/3380 1742/3513/3381
f 1742/3513/3381 1610/3512/3380 1609/3514/3382
f 1742/3513/3381 1609/3514/3382 1743/3515/3383
f 1743/3515/3383 1609/3514/3382 1608/3516/3384
f 1743/3515/3383 1608/3516/3384 1744/3517/3385
f 1744/3517/3385 1608/3516/3384 1607/3518/3386
f 1744/3517/3385 1607/3518/3386 1745/3519/3387
f 1745/3519/3387 1607/3518/3386 1606/3520/3388
f 1745/3519/3387 1606/3520/3388 1746/3521/3389
f 1746/3521/3389 1606/3520/3388 1605/3522/3390
f 1746/3521/3389 1605/3522/3390 1747/3523/3391
f 1747/3523/3391 1605/3522/3390 1604/3524/3392
f 1747/3523/3391 1604/3524/3392 1748/3525/3393
f 1748/3525/3393 1604/3524/3392 1603/3526/3394
f 1748/3525/3393 1603/3526/3394 1749/3527/3395
f 1749/3527/3395 1603/3526/3394 1602/3528/3396
f 1749/3527/3395 1602/3528/3396 1750/3529/3397
f 1750/3529/3397 1602/3528/3396 1601/3530/3398
f 1750/3529/3397 1601/3530/3398 1751/3531/3399
f 1751/3531/3399 1601/3530/3398 1600/3532/3400
f 1751/3531/3399 1600/3532/3400 1752/3533/3401
f 1752/3533/3401 1600/3532/3400 1599/3534/3402
f 1752/3533/3401 1599/3534/3402 1753/3485/3355
f 1753/3485/3355 1599/3534/3402 1598/3486/3356
f 1729/3535/3403 1574/3536/3404 1706/3537/3405
f 1706/3537/3405 1574/3536/3404 1573/3538/3406
f 1706/3539/3405 1573/3540/3406 1707/3541/3407
f 1707/3541/3407 1573/3540/3406 1596/3542/3408
f 1707/3541/3407 1596/3542/3408 1708/3543/3409
f 1708/3543/3409 1596/3542/3408 1595/3544/3410
f 1708/3543/3409 1595/3544/3410 1709/3545/3411
f 1709/3545/3411 1595/3544/3410 1594/3546/3412
f 1709/3545/3411 1594/3546/3412 1710/3547/3413
f 1710/3547/3413 1594/3546/3412 1593/3548/3414
f 1710/3547/3413 1593/3548/3414 1711/3549/3415
f 1711/3549/3415 1593/3548/3414 1592/3550/3416
f 1711/3549/3415 1592/3550/3416 1712/3551/3417
f 1712/3551/3417 1592/3550/3416 1591/3552/3418
f 1712/3551/3417 1591/3552/3418 1713/3553/3419
f 1713/3553/3419 1591/3552/3418 1590/3554/3420
f 1713/3553/3419 1590/3554/3420 1714/3555/3421
f 1714/3555/3421 1590/3554/3420 1589/3556/3422
f 1714/3555/3421 1589/3556/3422 1715/3557/3423
f 1715/3557/3423 1589/3556/3422 1588/3558/3424
f 1715/3557/3423 1588/3558/3424 1716/3559/3425
f 1716/3559/3425 1588/3558/3424 1587/3560/3426
f 1716/3559/3425 1587/3560/3426 1717/3561/3427
f 1717/3561/3427 1587/3560/3426 1586/3562/3428
f 1717/3561/3427 1586/3562/3428 1718/3563/3429
f 1718/3563/3429 1586/3562/3428 1585/3564/3430
f 1718/3563/3429 1585/3564/3430 1719/3565/3431
f 1719/3565/3431 1585/3564/3430 1584/3566/3432
f 1719/3565/3431 1584/3566/3432 1720/3567/3433
f 1720/3567/3433 1584/3566/3432 1583/3568/3434
f 1720/3567/3433 1583/3568/3434 1721/3569/3435
f 1721/3569/3435 1583/3568/3434 1582/3570/3436
f 1721/3569/3435 1582/3570/3436 1722/3571/3437
f 1722/3571/3437 1582/3570/3436 1581/3572/3438
f 1722/3571/3437 1581/3572/3438 1723/3573/3439
f 1723/3573/3439 1581/3572/3438 1580/3574/3440
f 1723/3573/3439 1580/3574/3440 1724/3575/3441
f 1724/3575/3441 1580/3574/3440 1579/3576/3442
f 1724/3575/3441 1579/3576/3442 1725/3577/3443
f 1725/3577/3443 1579/3576/3442 1578/3578/3444
f 1725/3577/3443 1578/3578/3444 1726/3579/3445
f 1726/3579/3445 1578/3578/3444 1577/3580/3446
f 1726/3579/3445 1577/3580/3446 1727/3581/3447
f 1727/3581/3447 1577/3580/3446 1576/3582/3448
f 1727/3581/3447 1576/3582/3448 1728/3583/3449
f 1728/3583/3449 1576/3582/3448 1575/3584/3450
f 1728/3583/3449 1575/3584/3450 1729/3535/3403
f 1729/3535/3403 1575/3584/3450 1574/3536/3404
f 1681/3585/3451 1550/3586/3452 1658/3587/3453
f 1658/3587/3453 1550/3586/3452 1549/3588/3454
f 1658/3589/3453 1549/3590/3454 1659/3591/3455
f 1659/3591/3455 1549/3590/3454 1572/3592/3456
f 1659/3591/3455 1572/3592/3456 1660/3593/3457
f 1660/3593/3457 1572/3592/3456 1571/3594/3458
f 1660/3593/3457 1571/3594/3458 1661/3595/3459
f 1661/3595/3459 1571/3594/3458 1570/3596/3460
f 1661/3595/3459 1570/3596/3460 1662/3597/3461
f 1662/3597/3461 1570/3596/3460 1569/3598/3462
f 1662/3597/3461 1569/3598/3462 1663/3599/3463
f 1663/3599/3463 1569/3598/3462 1568/3600/3464
f 1663/3599/3463 1568/3600/3464 1664/3601/3465
f 1664/3601/3465 1568/3600/3464 1567/3602/3466
f 1664/3601/3465 1567/3602/3466 1665/3603/3467
f 1665/3603/3467 1567/3602/3466 1566/3604/3468
f 1665/3603/3467 1566/3604/3468 1666/3605/3469
f 1666/3605/3469 1566/3604/3468 1565/3606/3470
f 1666/3605/3469 1565/3606/3470 1667/3607/3471
f 1667/3607/3471 1565/3606/3470 1564/3608/3472
f 1667/3607/3471 1564/3608/3472 1668/3609/3473
f 1668/3609/3473 1564/3608/3472 1563/3610/3474
f 1668/3609/3473 1563/3610/3474 1669/3611/3475
f 1669/3611/3475 1563/3610/3474 1562/3612/3476
f 1669/3611/3475 1562/3612/3476 1670/3613/3477
f 1670/3613/3477 1562/3612/3476 1561/3614/3478
f 1670/3613/3477 1561/3614/3478 1671/3615/3479
f 1671/3615/3479 1561/3614/3478 1560/3616/3480
f 1671/3615/3479 1560/3616/3480 1672/3617/3481
f 1672/3617/3481 1560/3616/3480 1559/3618/3482
f 1672/3617/3481 1559/3618/3482 1673/3619/3483
f 1673/3619/3483 1559/3618/3482 1558/3620/3484
f 1673/3619/3483 1558/3620/3484 1674/3621/3485
f 1674/3621/3485 1558/3620/3484 1557/3622/3486
f 1674/3621/3485 1557/3622/3486 1675/3623/3487
f 1675/3623/3487 1557/3622/3486 1556/3624/3488
f 1675/3623/3487 1556/3624/3488 1676/3625/3489
f 1676/3625/3489 1556/3624/3488 1555/3626/3490
f 1676/3625/3489 1555/3626/3490 1677/3627/3491
f 1677/3627/3491 1555/3626/3490 1554/3628/3492
f 1677/3627/3491 1554/3628/3492 1678/3629/3493
f 1678/3629/3493 1554/3628/3492 1553/3630/3494
f 1678/3629/3493 1553/3630/3494 1679/3631/3495
f 1679/3631/3495 1553/3630/3494 1552/3632/3496
f 1679/3631/3495 1552/3632/3496 1680/3633/3497
f 1680/3633/3497 1552/3632/3496 1551/3634/3498
f 1680/3633/3497 1551/3634/3498 1681/3585/3451
f 1681/3585/3451 1551/3634/3498 1550/3586/3452
f 1782/3635/3499 1521/3636/3500 1754/3637/3501
f 1754/3637/3501 1521/3636/3500 1520/3638/3502
f 1754/3639/3501 1520/3640/3502 1755/3641/3503
f 1755/3641/3503 1520/3640/3502 1548/3642/3504
f 1755/3641/3503 1548/3642/3504 1756/3643/3505
f 1756/3643/3505 1548/3642/3504 1547/3644/3506
f 1756/3643/3505 1547/3644/3506 1757/3645/3507
f 1757/3645/3507 1547/3644/3506 1546/3646/3508
f 1757/3645/3507 1546/3646/3508 1758/3647/3509
f 1758/3647/3509 1546/3646/3508 1545/3648/3510
f 1758/3647/3509 1545/3648/3510 1759/3649/3511
f 1759/3649/3511 1545/3648/3510 1544/3650/3512
f 1759/3649/3511 1544/3650/3512 1760/3651/3513
f 1760/3651/3513 1544/3650/3512 1543/3652/3514
f 1760/3651/3513 1543/3652/3514 1761/3653/3515
f 1761/3653/3515 1543/3652/3514 1542/3654/3516
f 1761/3653/3515 1542/3654/3516 1762/3655/3517
f 1762/3655/3517 1542/3654/3516 1541/3656/3518
f 1762/3655/3517 1541/3656/3518 1763/3657/3519
f 1763/3657/3519 1541/3656/3518 1540/3658/3520
f 1763/3657/3519 1540/3658/3520 1764/3659/3521
f 1764/3659/3521 1540/3658/3520 1539/3660/3522
f 1764/3659/3521 1539/3660/3522 1765/3661/3523
f 1765/3661/3523 1539/3660/3522 1538/3662/3524
f 1765/3661/3523 1538/3662/3524 1766/3663/3525
f 1766/3663/3525 1538/3662/3524 1537/3664/3526
f 1766/3663/3525 1537/3664/3526 1767/3665/3527
f 1767/3665/3527 1537/3664/3526 1536/3666/3528
f 1767/3665/3527 1536/3666/3528 1768/3667/3529
f 1768/3667/3529 1536/3666/3528 1535/3668/3530
f 1768/3667/3529 1535/3668/3530 1769/3669/3531
f 1769/3669/3531 1535/3668/3530 1534/3670/3532
f 1769/3669/3531 1534/3670/3532 1770/3671/3533
f 1770/3671/3533 1534/3670/3532 1533/3672/3534
f 1770/3671/3533 1533/3672/3534 1771/3673/3535
f 1771/3673/3535 1533/3672/3534 1532/3674/3536
f 1771/3673/3535 1532/3674/3536 1772/3675/3537
f 1772/3675/3537 1532/3674/3536 1531/3676/3538
f 1772/3675/3537 1531/3676/3538 1773/3677/3539
f 1773/3677/3539 1531/3676/3538 1530/3678/3540
f 1773/3677/3539 1530/3678/3540 1774/3679/3541
f 1774/3679/3541 1530/3678/3540 1529/3680/3542
f 1774/3679/3541 1529/3680/3542 1775/3681/3543
f 1775/3681/3543 1529/3680/3542 1528/3682/3544
f 1775/3681/3543 1528/3682/3544 1776/3683/3545
f 1776/3683/3545 1528/3682/3544 1527/3684/3546
f 1776/3683/3545 1527/3684/3546 1777/3685/3547
f 1777/3685/3547 1527/3684/3546 1526/3686/3548
f 1777/3685/3547 1526/3686/3548 1778/3687/3549
f 1778/3687/3549 1526/3686/3548 1525/3688/3550
f 1778/3687/3549 1525/3688/3550 1779/3689/3551
f 1779/3689/3551 1525/3688/3550 1524/3690/3552
f 1779/3689/3551 1524/3690/3552 1780/3691/3553
f 1780/3691/3553 1524/3690/3552 1523/3692/3554
f 1780/3691/3553 1523/3692/3554 1781/3693/3555
f 1781/3693/3555 1523/3692/3554 1522/3694/3556
f 1781/3693/3555 1522/3694/3556 1782/3635/3499
f 1782/3635/3499 1522/3694/3556 1521/3636/3500
f 1038/3695/1931 1037/3696/1932 1645/3697/3557
f 1645/3697/3557 1037/3696/1932 1519/3698/3558
f 1645/3697/3557 1519/3698/3558 1646/3699/3559
f 1646/3699/3559 1519/3698/3558 1518/3700/3560
f 1646/3699/3559 1518/3700/3560 1179/3701/2202
f 1179/3701/2202 1518/3700/3560 1158/3702/2203
f 1351/3703/3561 1350/3704/3562 1507/3705/3563
f 1507/3705/3563 1350/3704/3562 1657/3706/3564
f 1507/3705/3563 1657/3706/3564 1508/3707/3565
f 1508/3707/3565 1657/3706/3564 1656/3708/3566
f 1508/3707/3565 1656/3708/3566 1509/3709/3287
f 1509/3709/3287 1656/3708/3566 1655/3710/3288
# 1782 vertices
# 3710 texture params
# 3566 normals
# 3644 facets

# 1 groups
