# WaveFront *.obj file (generated by Autodesk ATF)

mtllib Knee_left.mtl

g Body1

v 9.285000 -10.094823 -1.773191
v 9.323503 -10.098620 -1.773195
v 9.361644 -10.110092 -1.773134
v 9.396700 -10.128987 -1.772872
v 9.426570 -10.153550 -1.772221
v 9.451068 -10.183470 -1.770942
v 9.469866 -10.218505 -1.768780
v 9.481245 -10.256532 -1.765595
v 9.485000 -10.294823 -1.761538
v 9.485000 -10.294823 0.554806
v 9.478185 -10.243060 0.541886
v 9.458205 -10.194823 0.529846
v 9.426421 -10.153402 0.519507
v 9.385000 -10.121618 0.511574
v 9.336764 -10.101638 0.506587
v 9.285000 -10.094823 0.504886
v 9.336764 -10.101638 -0.609194
v 9.385000 -10.121618 -0.609194
v 9.426494 -10.153475 -0.609194
v 9.458205 -10.194823 -0.609194
v 9.478185 -10.243060 -0.609194
v 5.935000 -10.094823 0.504886
v 5.935000 -10.094823 -1.773191
v 5.735000 -10.294823 -1.761538
v 5.738755 -10.256532 -1.765595
v 5.750134 -10.218505 -1.768780
v 5.768932 -10.183470 -1.770942
v 5.793430 -10.153550 -1.772221
v 5.823300 -10.128987 -1.772872
v 5.858356 -10.110092 -1.773134
v 5.896497 -10.098620 -1.773195
v 5.883236 -10.101638 0.506587
v 5.835000 -10.121618 0.511574
v 5.793579 -10.153402 0.519507
v 5.761795 -10.194823 0.529846
v 5.741815 -10.243060 0.541886
v 5.735000 -10.294823 0.554806
v 5.741815 -10.243060 -0.609194
v 5.761795 -10.194823 -0.609194
v 5.793506 -10.153475 -0.609194
v 5.835000 -10.121618 -0.609194
v 5.883236 -10.101638 -0.609194
v 5.735000 -11.809365 0.932836
v 5.735000 -11.924273 0.954195
v 5.735000 -12.040924 0.961454
v 5.735000 -12.157594 0.954505
v 5.735000 -12.272559 0.933451
v 5.735000 -12.313895 0.915775
v 5.735000 -12.355251 0.898145
v 5.735000 -12.396627 0.880561
v 5.735000 -12.504929 0.826659
v 5.735000 -12.605930 0.760074
v 5.735000 -12.698151 0.681781
v 5.735000 -12.780243 0.592924
v 5.735000 -12.851005 0.494804
v 5.735000 -12.909401 0.388858
v 5.735000 -12.954576 0.276636
v 5.735000 -12.985870 0.159780
v 5.735000 -13.002824 0.040000
v 5.735000 -12.996128 -0.075528
v 5.735000 -12.976130 -0.189508
v 5.735000 -12.943099 -0.300416
v 5.735000 -12.897475 -0.406764
v 5.735000 -12.839871 -0.507130
v 5.735000 -12.771058 -0.600168
v 5.735000 -12.691957 -0.684634
v 5.735000 -12.603627 -0.759397
v 5.735000 -12.507252 -0.823453
v 5.735000 -12.404122 -0.875947
v 5.735000 -11.880842 -1.109691
v 5.735000 -11.360964 -1.350909
v 5.735000 -10.844596 -1.599550
v 5.735000 -10.712801 -1.657392
v 5.735000 -10.576585 -1.703880
v 5.735000 -10.436926 -1.738678
v 5.735000 -12.374701 0.000000
v 5.735000 -12.366928 0.071478
v 5.735000 -12.343970 0.139613
v 5.735000 -12.306902 0.201220
v 5.735000 -12.257457 0.253419
v 5.735000 -12.197947 0.293768
v 5.735000 -12.131154 0.320380
v 5.735000 -12.060202 0.332012
v 5.735000 -11.988409 0.328120
v 5.735000 -11.919130 0.308885
v 5.735000 -11.855607 0.275207
v 5.735000 -11.800808 0.228660
v 5.735000 -11.757296 0.171422
v 5.735000 -11.727107 0.106168
v 5.735000 -11.711650 0.035950
v 5.735000 -11.711650 -0.035950
v 5.735000 -11.727107 -0.106168
v 5.735000 -11.757296 -0.171422
v 5.735000 -11.800808 -0.228660
v 5.735000 -11.855607 -0.275207
v 5.735000 -11.919130 -0.308885
v 5.735000 -11.988409 -0.328120
v 5.735000 -12.060202 -0.332012
v 5.735000 -12.131154 -0.320380
v 5.735000 -12.197947 -0.293768
v 5.735000 -12.257457 -0.253419
v 5.735000 -12.306902 -0.201220
v 5.735000 -12.343970 -0.139613
v 5.735000 -12.366928 -0.071478
v 5.735000 -12.867201 0.000000
v 5.735000 -12.862942 0.032352
v 5.735000 -12.850454 0.062500
v 5.735000 -12.830589 0.088388
v 5.735000 -12.804701 0.108253
v 5.735000 -12.774553 0.120741
v 5.735000 -12.742201 0.125000
v 5.735000 -12.709849 0.120741
v 5.735000 -12.679701 0.108253
v 5.735000 -12.653813 0.088388
v 5.735000 -12.633948 0.062500
v 5.735000 -12.621460 0.032352
v 5.735000 -12.617201 0.000000
v 5.735000 -12.621460 -0.032352
v 5.735000 -12.633948 -0.062500
v 5.735000 -12.653813 -0.088388
v 5.735000 -12.679701 -0.108253
v 5.735000 -12.709849 -0.120741
v 5.735000 -12.742201 -0.125000
v 5.735000 -12.774553 -0.120741
v 5.735000 -12.804701 -0.108253
v 5.735000 -12.830589 -0.088388
v 5.735000 -12.850454 -0.062500
v 5.735000 -12.862942 -0.032352
v 5.735000 -12.167201 0.700000
v 5.735000 -12.162942 0.732352
v 5.735000 -12.150454 0.762500
v 5.735000 -12.130590 0.788388
v 5.735000 -12.104701 0.808253
v 5.735000 -12.074554 0.820741
v 5.735000 -12.042201 0.825000
v 5.735000 -12.009849 0.820741
v 5.735000 -11.979701 0.808253
v 5.735000 -11.953813 0.788388
v 5.735000 -11.933948 0.762500
v 5.735000 -11.921461 0.732352
v 5.735000 -11.917201 0.700000
v 5.735000 -11.921461 0.667647
v 5.735000 -11.933948 0.637500
v 5.735000 -11.953813 0.611611
v 5.735000 -11.979701 0.591747
v 5.735000 -12.009849 0.579259
v 5.735000 -12.042201 0.575000
v 5.735000 -12.074554 0.579259
v 5.735000 -12.104701 0.591747
v 5.735000 -12.130590 0.611611
v 5.735000 -12.150454 0.637500
v 5.735000 -12.162942 0.667647
v 5.735000 -12.167201 -0.700000
v 5.735000 -12.162942 -0.667647
v 5.735000 -12.150454 -0.637500
v 5.735000 -12.130590 -0.611611
v 5.735000 -12.104701 -0.591747
v 5.735000 -12.074554 -0.579259
v 5.735000 -12.042201 -0.575000
v 5.735000 -12.009849 -0.579259
v 5.735000 -11.979701 -0.591747
v 5.735000 -11.953813 -0.611611
v 5.735000 -11.933948 -0.637500
v 5.735000 -11.921461 -0.667647
v 5.735000 -11.917201 -0.700000
v 5.735000 -11.921461 -0.732352
v 5.735000 -11.933948 -0.762500
v 5.735000 -11.953813 -0.788388
v 5.735000 -11.979701 -0.808253
v 5.735000 -12.009849 -0.820741
v 5.735000 -12.042201 -0.825000
v 5.735000 -12.074554 -0.820741
v 5.735000 -12.104701 -0.808253
v 5.735000 -12.130590 -0.788388
v 5.735000 -12.150454 -0.762500
v 5.735000 -12.162942 -0.732352
v 5.735000 -11.467201 0.000000
v 5.735000 -11.462942 0.032352
v 5.735000 -11.450455 0.062500
v 5.735000 -11.430590 0.088388
v 5.735000 -11.404701 0.108253
v 5.735000 -11.374554 0.120741
v 5.735000 -11.342201 0.125000
v 5.735000 -11.309849 0.120741
v 5.735000 -11.279701 0.108253
v 5.735000 -11.253813 0.088388
v 5.735000 -11.233948 0.062500
v 5.735000 -11.221461 0.032352
v 5.735000 -11.217201 0.000000
v 5.735000 -11.221461 -0.032352
v 5.735000 -11.233948 -0.062500
v 5.735000 -11.253813 -0.088388
v 5.735000 -11.279701 -0.108253
v 5.735000 -11.309849 -0.120741
v 5.735000 -11.342201 -0.125000
v 5.735000 -11.374554 -0.120741
v 5.735000 -11.404701 -0.108253
v 5.735000 -11.430590 -0.088388
v 5.735000 -11.450455 -0.062500
v 5.735000 -11.462942 -0.032352
v 9.885000 -9.894823 -1.773192
v 9.877478 -9.828067 -1.773192
v 9.855291 -9.764658 -1.773192
v 9.819549 -9.707777 -1.773192
v 9.772047 -9.660274 -1.773192
v 9.715165 -9.624533 -1.773192
v 9.651756 -9.602345 -1.773192
v 9.585000 -9.594823 -1.773192
v 9.585000 -9.594823 0.380086
v 9.651756 -9.602345 0.381963
v 9.715165 -9.624533 0.387501
v 9.772047 -9.660274 0.396422
v 9.819549 -9.707777 0.408279
v 9.855291 -9.764658 0.422477
v 9.877478 -9.828067 0.438303
v 9.885000 -9.894823 0.454966
v 9.877478 -9.828067 -0.659113
v 9.855291 -9.764658 -0.659113
v 9.819549 -9.707777 -0.659113
v 9.772047 -9.660274 -0.659113
v 9.715165 -9.624533 -0.659113
v 9.651756 -9.602345 -0.659113
v 8.883729 -9.594823 -1.773192
v 8.883729 -9.594823 0.380086
v 8.483729 -9.594823 0.380086
v 6.683729 -9.594823 0.380086
v 6.283729 -9.594823 0.380086
v 5.645000 -9.594823 0.380086
v 5.578244 -9.602345 0.381963
v 5.514835 -9.624533 0.387501
v 5.457953 -9.660274 0.396422
v 5.410451 -9.707777 0.408279
v 5.374709 -9.764658 0.422477
v 5.352522 -9.828067 0.438303
v 5.345000 -9.894823 0.454966
v 5.345000 -11.809365 0.932836
v 9.485000 -11.809365 0.932836
v 9.885000 -11.809365 0.932836
v 5.645000 -9.594823 -1.773192
v 5.578244 -9.602345 -1.773192
v 5.514835 -9.624533 -1.773192
v 5.457953 -9.660274 -1.773192
v 5.410451 -9.707777 -1.773192
v 5.374709 -9.764658 -1.773192
v 5.352522 -9.828067 -1.773192
v 5.345000 -9.894823 -1.773192
v 5.352522 -9.828067 -0.659113
v 5.374709 -9.764658 -0.659113
v 5.410451 -9.707777 -0.659113
v 5.457953 -9.660274 -0.659113
v 5.514835 -9.624533 -0.659113
v 5.578244 -9.602345 -0.659113
v 6.283729 -9.594823 -1.773192
v 5.345000 -10.844596 -1.599550
v 5.345000 -10.702500 -1.661364
v 5.345000 -10.555367 -1.709982
v 5.345000 -10.404417 -1.745001
v 5.345000 -10.250906 -1.766130
v 5.345000 -10.096109 -1.773192
v 5.735000 -10.096109 -1.773192
v 5.735000 -10.095680 -1.773192
v 5.735000 -10.095252 -1.773192
v 5.735000 -10.094823 -1.773192
v 9.885000 -10.096109 -1.773192
v 9.485000 -10.096109 -1.773192
v 9.485000 -10.095680 -1.773192
v 9.485000 -10.095252 -1.773192
v 9.485000 -10.094823 -1.773192
v 6.683729 -9.594823 -1.773192
v 8.483729 -9.594823 -1.773192
v 6.683729 -9.460335 0.514574
v 6.683729 -9.316188 0.647822
v 6.683729 -9.162031 0.769350
v 6.683729 -8.998814 0.878408
v 6.683729 -8.827544 0.974324
v 6.683729 -8.649276 1.056506
v 6.683729 -8.465110 1.124449
v 6.683729 -8.276181 1.177732
v 6.683729 -8.083654 1.216028
v 6.683729 -7.888716 1.239101
v 6.683729 -7.692568 1.246807
v 6.283729 -7.692568 1.246807
v 6.283729 -7.888716 1.239101
v 6.283729 -8.083654 1.216028
v 6.283729 -8.276181 1.177732
v 6.283729 -8.465110 1.124449
v 6.283729 -8.649276 1.056506
v 6.283729 -8.827544 0.974324
v 6.283729 -8.998814 0.878408
v 6.283729 -9.162031 0.769350
v 6.283729 -9.316188 0.647822
v 6.283729 -9.460335 0.514574
v 8.883729 -9.460335 0.514574
v 8.883729 -9.316188 0.647822
v 8.883729 -9.162031 0.769350
v 8.883729 -8.998814 0.878408
v 8.883729 -8.827544 0.974324
v 8.883729 -8.649276 1.056506
v 8.883729 -8.465110 1.124449
v 8.883729 -8.276181 1.177732
v 8.883729 -8.083654 1.216028
v 8.883729 -7.888716 1.239101
v 8.883729 -7.692568 1.246807
v 8.483729 -7.692568 1.246807
v 8.483729 -7.888716 1.239101
v 8.483729 -8.083654 1.216028
v 8.483729 -8.276181 1.177732
v 8.483729 -8.465110 1.124449
v 8.483729 -8.649276 1.056506
v 8.483729 -8.827544 0.974324
v 8.483729 -8.998814 0.878408
v 8.483729 -9.162031 0.769350
v 8.483729 -9.316188 0.647822
v 8.483729 -9.460335 0.514574
v 8.483729 -9.448112 -1.671143
v 8.483729 -9.294486 -1.579836
v 8.483729 -9.134729 -1.499737
v 8.483729 -8.969658 -1.431256
v 8.483729 -8.800117 -1.374742
v 8.483729 -8.626972 -1.330485
v 8.483729 -8.451107 -1.298710
v 8.483729 -8.273421 -1.279580
v 8.483729 -8.094823 -1.273192
v 8.883729 -8.094823 -1.273192
v 8.883729 -8.273421 -1.279580
v 8.883729 -8.451107 -1.298710
v 8.883729 -8.626972 -1.330485
v 8.883729 -8.800117 -1.374742
v 8.883729 -8.969658 -1.431256
v 8.883729 -9.134729 -1.499737
v 8.883729 -9.294486 -1.579836
v 8.883729 -9.448112 -1.671143
v 6.283729 -9.448112 -1.671143
v 6.283729 -9.294486 -1.579836
v 6.283729 -9.134729 -1.499737
v 6.283729 -8.969658 -1.431256
v 6.283729 -8.800117 -1.374742
v 6.283729 -8.626972 -1.330485
v 6.283729 -8.451107 -1.298710
v 6.283729 -8.273421 -1.279580
v 6.283729 -8.094823 -1.273192
v 6.683729 -8.094823 -1.273192
v 6.683729 -8.273421 -1.279580
v 6.683729 -8.451107 -1.298710
v 6.683729 -8.626972 -1.330485
v 6.683729 -8.800117 -1.374742
v 6.683729 -8.969658 -1.431256
v 6.683729 -9.134729 -1.499737
v 6.683729 -9.294486 -1.579836
v 6.683729 -9.448112 -1.671143
v 9.885000 -10.250906 -1.766130
v 9.885000 -10.404417 -1.745001
v 9.885000 -10.555367 -1.709982
v 9.885000 -10.702500 -1.661364
v 9.885000 -10.844596 -1.599550
v 9.485000 -10.844596 -1.599550
v 9.485000 -10.712801 -1.657392
v 9.485000 -10.576585 -1.703880
v 9.485000 -10.436926 -1.738678
v 9.885000 -12.404122 -0.875947
v 9.885000 -12.507252 -0.823453
v 9.885000 -12.603627 -0.759397
v 9.885000 -12.691957 -0.684634
v 9.885000 -12.771058 -0.600168
v 9.885000 -12.839871 -0.507130
v 9.885000 -12.897475 -0.406764
v 9.885000 -12.943099 -0.300416
v 9.885000 -12.976130 -0.189508
v 9.885000 -12.996128 -0.075528
v 9.885000 -13.002824 0.040000
v 9.485000 -13.002824 0.040000
v 9.485000 -13.000206 -0.032303
v 9.485000 -12.992368 -0.104228
v 9.485000 -12.979350 -0.175398
v 9.485000 -12.961220 -0.245440
v 9.485000 -12.938074 -0.313988
v 9.485000 -12.910031 -0.380683
v 9.485000 -12.877240 -0.445176
v 9.485000 -12.839871 -0.507130
v 9.485000 -12.798121 -0.566219
v 9.485000 -12.752208 -0.622135
v 9.485000 -12.702372 -0.674585
v 9.485000 -12.648875 -0.723294
v 9.485000 -12.591995 -0.768008
v 9.485000 -12.532031 -0.808492
v 9.485000 -12.469298 -0.844535
v 9.485000 -12.404122 -0.875947
v 9.485000 -12.307597 -0.912425
v 9.485000 -12.207827 -0.938761
v 9.485000 -12.105874 -0.954676
v 9.485000 -12.002824 -0.960000
v 9.485031 -12.002824 -0.960000
v 9.485031 -12.105874 -0.954676
v 9.485031 -12.207827 -0.938761
v 9.485031 -12.307597 -0.912425
v 9.485031 -12.404122 -0.875947
v 5.345000 -13.002824 0.040000
v 5.345000 -12.996128 -0.075528
v 5.345000 -12.976130 -0.189508
v 5.345000 -12.943099 -0.300416
v 5.345000 -12.897475 -0.406764
v 5.345000 -12.839871 -0.507130
v 5.345000 -12.771058 -0.600168
v 5.345000 -12.691957 -0.684634
v 5.345000 -12.603627 -0.759397
v 5.345000 -12.507252 -0.823453
v 5.345000 -12.404122 -0.875947
v 9.885000 -11.924273 0.954195
v 9.885000 -12.040924 0.961454
v 9.885000 -12.157594 0.954505
v 9.885000 -12.272559 0.933451
v 9.885000 -12.313895 0.915775
v 9.885000 -12.355251 0.898145
v 9.885000 -12.396627 0.880561
v 9.885000 -12.504929 0.826659
v 9.885000 -12.605930 0.760074
v 9.885000 -12.698151 0.681781
v 9.885000 -12.780243 0.592924
v 9.885000 -12.851005 0.494804
v 9.885000 -12.909401 0.388858
v 9.885000 -12.954576 0.276636
v 9.885000 -12.985870 0.159780
v 9.885000 -11.880842 -1.109691
v 9.885000 -11.360964 -1.350909
v 9.885000 -12.374701 0.000000
v 9.885000 -12.366928 0.071478
v 9.885000 -12.343970 0.139613
v 9.885000 -12.306902 0.201220
v 9.885000 -12.257457 0.253419
v 9.885000 -12.197947 0.293768
v 9.885000 -12.131154 0.320380
v 9.885000 -12.060202 0.332012
v 9.885000 -11.988409 0.328120
v 9.885000 -11.919130 0.308885
v 9.885000 -11.855607 0.275207
v 9.885000 -11.800808 0.228660
v 9.885000 -11.757296 0.171422
v 9.885000 -11.727107 0.106168
v 9.885000 -11.711650 0.035950
v 9.885000 -11.711650 -0.035950
v 9.885000 -11.727107 -0.106168
v 9.885000 -11.757296 -0.171422
v 9.885000 -11.800808 -0.228660
v 9.885000 -11.855607 -0.275207
v 9.885000 -11.919130 -0.308885
v 9.885000 -11.988409 -0.328120
v 9.885000 -12.060202 -0.332012
v 9.885000 -12.131154 -0.320380
v 9.885000 -12.197947 -0.293768
v 9.885000 -12.257457 -0.253419
v 9.885000 -12.306902 -0.201220
v 9.885000 -12.343970 -0.139613
v 9.885000 -12.366928 -0.071478
v 9.885000 -12.867201 0.000000
v 9.885000 -12.862942 0.032352
v 9.885000 -12.850454 0.062500
v 9.885000 -12.830589 0.088388
v 9.885000 -12.804701 0.108253
v 9.885000 -12.774553 0.120741
v 9.885000 -12.742201 0.125000
v 9.885000 -12.709849 0.120741
v 9.885000 -12.679701 0.108253
v 9.885000 -12.653813 0.088388
v 9.885000 -12.633948 0.062500
v 9.885000 -12.621460 0.032352
v 9.885000 -12.617201 0.000000
v 9.885000 -12.621460 -0.032352
v 9.885000 -12.633948 -0.062500
v 9.885000 -12.653813 -0.088388
v 9.885000 -12.679701 -0.108253
v 9.885000 -12.709849 -0.120741
v 9.885000 -12.742201 -0.125000
v 9.885000 -12.774553 -0.120741
v 9.885000 -12.804701 -0.108253
v 9.885000 -12.830589 -0.088388
v 9.885000 -12.850454 -0.062500
v 9.885000 -12.862942 -0.032352
v 9.885000 -12.167201 0.700000
v 9.885000 -12.162942 0.732352
v 9.885000 -12.150454 0.762500
v 9.885000 -12.130590 0.788388
v 9.885000 -12.104701 0.808253
v 9.885000 -12.074554 0.820741
v 9.885000 -12.042201 0.825000
v 9.885000 -12.009849 0.820741
v 9.885000 -11.979701 0.808253
v 9.885000 -11.953813 0.788388
v 9.885000 -11.933948 0.762500
v 9.885000 -11.921461 0.732352
v 9.885000 -11.917201 0.700000
v 9.885000 -11.921461 0.667647
v 9.885000 -11.933948 0.637500
v 9.885000 -11.953813 0.611611
v 9.885000 -11.979701 0.591747
v 9.885000 -12.009849 0.579259
v 9.885000 -12.042201 0.575000
v 9.885000 -12.074554 0.579259
v 9.885000 -12.104701 0.591747
v 9.885000 -12.130590 0.611611
v 9.885000 -12.150454 0.637500
v 9.885000 -12.162942 0.667647
v 9.885000 -12.167201 -0.700000
v 9.885000 -12.162942 -0.667647
v 9.885000 -12.150454 -0.637500
v 9.885000 -12.130590 -0.611611
v 9.885000 -12.104701 -0.591747
v 9.885000 -12.074554 -0.579259
v 9.885000 -12.042201 -0.575000
v 9.885000 -12.009849 -0.579259
v 9.885000 -11.979701 -0.591747
v 9.885000 -11.953813 -0.611611
v 9.885000 -11.933948 -0.637500
v 9.885000 -11.921461 -0.667647
v 9.885000 -11.917201 -0.700000
v 9.885000 -11.921461 -0.732352
v 9.885000 -11.933948 -0.762500
v 9.885000 -11.953813 -0.788388
v 9.885000 -11.979701 -0.808253
v 9.885000 -12.009849 -0.820741
v 9.885000 -12.042201 -0.825000
v 9.885000 -12.074554 -0.820741
v 9.885000 -12.104701 -0.808253
v 9.885000 -12.130590 -0.788388
v 9.885000 -12.150454 -0.762500
v 9.885000 -12.162942 -0.732352
v 9.885000 -11.467201 0.000000
v 9.885000 -11.462942 0.032352
v 9.885000 -11.450455 0.062500
v 9.885000 -11.430590 0.088388
v 9.885000 -11.404701 0.108253
v 9.885000 -11.374554 0.120741
v 9.885000 -11.342201 0.125000
v 9.885000 -11.309849 0.120741
v 9.885000 -11.279701 0.108253
v 9.885000 -11.253813 0.088388
v 9.885000 -11.233948 0.062500
v 9.885000 -11.221461 0.032352
v 9.885000 -11.217201 0.000000
v 9.885000 -11.221461 -0.032352
v 9.885000 -11.233948 -0.062500
v 9.885000 -11.253813 -0.088388
v 9.885000 -11.279701 -0.108253
v 9.885000 -11.309849 -0.120741
v 9.885000 -11.342201 -0.125000
v 9.885000 -11.374554 -0.120741
v 9.885000 -11.404701 -0.108253
v 9.885000 -11.430590 -0.088388
v 9.885000 -11.450455 -0.062500
v 9.885000 -11.462942 -0.032352
v 9.485000 -12.274716 -0.932916
v 9.485031 -12.274716 -0.932916
v 9.485031 -12.207652 -0.947112
v 9.485031 -12.139747 -0.956494
v 9.485031 -12.071346 -0.961013
v 9.485031 -12.002797 -0.960647
v 9.485031 -11.989330 -0.960000
v 9.485000 -11.989330 -0.960000
v 9.485000 -12.002797 -0.960647
v 9.485000 -12.071346 -0.961013
v 9.485000 -12.139747 -0.956494
v 9.485000 -12.207652 -0.947112
v 9.485031 -12.317829 -0.913876
v 9.485031 -12.360964 -0.894886
v 9.485000 -11.795101 -1.148852
v 9.485000 -11.318367 -1.371076
v 9.485031 -11.989330 0.960000
v 9.485031 -12.006000 0.960773
v 9.485031 -12.073193 0.960955
v 9.485031 -12.140236 0.956444
v 9.485031 -12.206799 0.947261
v 9.485031 -12.272559 0.933451
v 9.485000 -11.868741 0.945678
v 9.485000 -11.928809 0.954745
v 9.485000 -11.989330 0.960000
v 5.345000 -11.924273 0.954195
v 5.345000 -12.040924 0.961454
v 5.345000 -12.157594 0.954505
v 5.345000 -12.272559 0.933451
v 9.485031 -12.313895 0.915775
v 9.485031 -12.355251 0.898145
v 9.485031 -12.396627 0.880561
v 9.485031 -12.006029 0.960000
v 9.485031 -12.106181 0.954972
v 9.485031 -12.205326 0.939939
v 9.485031 -12.302467 0.915052
v 9.485000 -12.006029 0.960000
v 9.485000 -12.995071 0.107633
v 9.485000 -12.982735 0.174582
v 9.485000 -12.965872 0.240537
v 9.485000 -12.944561 0.305191
v 9.485000 -12.918901 0.368246
v 9.485000 -12.889010 0.429409
v 9.485000 -12.855027 0.488396
v 9.485000 -12.817109 0.544935
v 9.485000 -12.775432 0.598763
v 9.485000 -12.730190 0.649630
v 9.485000 -12.681592 0.697302
v 9.485000 -12.629863 0.741557
v 9.485000 -12.575243 0.782189
v 9.485000 -12.517985 0.819012
v 9.485000 -12.458354 0.851853
v 9.485000 -12.396627 0.880561
v 9.485000 -12.302467 0.915052
v 9.485000 -12.205326 0.939939
v 9.485000 -12.106181 0.954972
v 9.485000 -12.374701 0.000000
v 9.485000 -12.366928 -0.071478
v 9.485000 -12.343970 -0.139613
v 9.485000 -12.306902 -0.201220
v 9.485000 -12.257457 -0.253419
v 9.485000 -12.197947 -0.293768
v 9.485000 -12.131154 -0.320380
v 9.485000 -12.060202 -0.332012
v 9.485000 -11.988409 -0.328120
v 9.485000 -11.919130 -0.308885
v 9.485000 -11.855607 -0.275207
v 9.485000 -11.800808 -0.228660
v 9.485000 -11.757296 -0.171422
v 9.485000 -11.727107 -0.106168
v 9.485000 -11.711650 -0.035950
v 9.485000 -11.711650 0.035950
v 9.485000 -11.727107 0.106168
v 9.485000 -11.757296 0.171422
v 9.485000 -11.800808 0.228660
v 9.485000 -11.855607 0.275207
v 9.485000 -11.919130 0.308885
v 9.485000 -11.988409 0.328120
v 9.485000 -12.060202 0.332012
v 9.485000 -12.131154 0.320380
v 9.485000 -12.197947 0.293768
v 9.485000 -12.257457 0.253419
v 9.485000 -12.306902 0.201220
v 9.485000 -12.343970 0.139613
v 9.485000 -12.366928 0.071478
v 9.485000 -11.467201 0.000000
v 9.485000 -11.462942 -0.032352
v 9.485000 -11.450455 -0.062500
v 9.485000 -11.430590 -0.088388
v 9.485000 -11.404701 -0.108253
v 9.485000 -11.374554 -0.120741
v 9.485000 -11.342201 -0.125000
v 9.485000 -11.309849 -0.120741
v 9.485000 -11.279701 -0.108253
v 9.485000 -11.253813 -0.088388
v 9.485000 -11.233948 -0.062500
v 9.485000 -11.221461 -0.032352
v 9.485000 -11.217201 0.000000
v 9.485000 -11.221461 0.032352
v 9.485000 -11.233948 0.062500
v 9.485000 -11.253813 0.088388
v 9.485000 -11.279701 0.108253
v 9.485000 -11.309849 0.120741
v 9.485000 -11.342201 0.125000
v 9.485000 -11.374554 0.120741
v 9.485000 -11.404701 0.108253
v 9.485000 -11.430590 0.088388
v 9.485000 -11.450455 0.062500
v 9.485000 -11.462942 0.032352
v 9.485000 -12.867201 0.000000
v 9.485000 -12.862942 -0.032352
v 9.485000 -12.850454 -0.062500
v 9.485000 -12.830589 -0.088388
v 9.485000 -12.804701 -0.108253
v 9.485000 -12.774553 -0.120741
v 9.485000 -12.742201 -0.125000
v 9.485000 -12.709849 -0.120741
v 9.485000 -12.679701 -0.108253
v 9.485000 -12.653813 -0.088388
v 9.485000 -12.633948 -0.062500
v 9.485000 -12.621460 -0.032352
v 9.485000 -12.617201 0.000000
v 9.485000 -12.621460 0.032352
v 9.485000 -12.633948 0.062500
v 9.485000 -12.653813 0.088388
v 9.485000 -12.679701 0.108253
v 9.485000 -12.709849 0.120741
v 9.485000 -12.742201 0.125000
v 9.485000 -12.774553 0.120741
v 9.485000 -12.804701 0.108253
v 9.485000 -12.830589 0.088388
v 9.485000 -12.850454 0.062500
v 9.485000 -12.862942 0.032352
v 9.485000 -12.167201 0.700000
v 9.485000 -12.162942 0.667647
v 9.485000 -12.150454 0.637500
v 9.485000 -12.130590 0.611611
v 9.485000 -12.104701 0.591747
v 9.485000 -12.074554 0.579259
v 9.485000 -12.042201 0.575000
v 9.485000 -12.009849 0.579259
v 9.485000 -11.979701 0.591747
v 9.485000 -11.953813 0.611611
v 9.485000 -11.933948 0.637500
v 9.485000 -11.921461 0.667647
v 9.485000 -11.917201 0.700000
v 9.485000 -11.921461 0.732352
v 9.485000 -11.933948 0.762500
v 9.485000 -11.953813 0.788388
v 9.485000 -11.979701 0.808253
v 9.485000 -12.009849 0.820741
v 9.485000 -12.042201 0.825000
v 9.485000 -12.074554 0.820741
v 9.485000 -12.104701 0.808253
v 9.485000 -12.130590 0.788388
v 9.485000 -12.150454 0.762500
v 9.485000 -12.162942 0.732352
v 9.485000 -12.167201 -0.700000
v 9.485000 -12.162942 -0.732352
v 9.485000 -12.150454 -0.762500
v 9.485000 -12.130590 -0.788388
v 9.485000 -12.104701 -0.808253
v 9.485000 -12.074554 -0.820741
v 9.485000 -12.042201 -0.825000
v 9.485000 -12.009849 -0.820741
v 9.485000 -11.979701 -0.808253
v 9.485000 -11.953813 -0.788388
v 9.485000 -11.933948 -0.762500
v 9.485000 -11.921461 -0.732352
v 9.485000 -11.917201 -0.700000
v 9.485000 -11.921461 -0.667647
v 9.485000 -11.933948 -0.637500
v 9.485000 -11.953813 -0.611611
v 9.485000 -11.979701 -0.591747
v 9.485000 -12.009849 -0.579259
v 9.485000 -12.042201 -0.575000
v 9.485000 -12.074554 -0.579259
v 9.485000 -12.104701 -0.591747
v 9.485000 -12.130590 -0.611611
v 9.485000 -12.150454 -0.637500
v 9.485000 -12.162942 -0.667647
v 5.345000 -11.360964 -1.350909
v 5.345000 -11.880842 -1.109691
v 5.345000 -12.985870 0.159780
v 5.345000 -12.954576 0.276636
v 5.345000 -12.909401 0.388858
v 5.345000 -12.851005 0.494804
v 5.345000 -12.780243 0.592924
v 5.345000 -12.698151 0.681781
v 5.345000 -12.605930 0.760074
v 5.345000 -12.504929 0.826659
v 5.345000 -12.396627 0.880561
v 5.345000 -12.355251 0.898145
v 5.345000 -12.313895 0.915775
v 5.345000 -12.867201 0.000000
v 5.345000 -12.862942 -0.032352
v 5.345000 -12.850454 -0.062500
v 5.345000 -12.830589 -0.088388
v 5.345000 -12.804701 -0.108253
v 5.345000 -12.774553 -0.120741
v 5.345000 -12.742201 -0.125000
v 5.345000 -12.709849 -0.120741
v 5.345000 -12.679701 -0.108253
v 5.345000 -12.653813 -0.088388
v 5.345000 -12.633948 -0.062500
v 5.345000 -12.621460 -0.032352
v 5.345000 -12.617201 -0.000000
v 5.345000 -12.621460 0.032352
v 5.345000 -12.633948 0.062500
v 5.345000 -12.653813 0.088388
v 5.345000 -12.679701 0.108253
v 5.345000 -12.709849 0.120741
v 5.345000 -12.742201 0.125000
v 5.345000 -12.774553 0.120741
v 5.345000 -12.804701 0.108253
v 5.345000 -12.830589 0.088388
v 5.345000 -12.850454 0.062500
v 5.345000 -12.862942 0.032352
v 5.345000 -11.467201 0.000000
v 5.345000 -11.462942 -0.032352
v 5.345000 -11.450455 -0.062500
v 5.345000 -11.430590 -0.088388
v 5.345000 -11.404701 -0.108253
v 5.345000 -11.374554 -0.120741
v 5.345000 -11.342201 -0.125000
v 5.345000 -11.309849 -0.120741
v 5.345000 -11.279701 -0.108253
v 5.345000 -11.253813 -0.088388
v 5.345000 -11.233948 -0.062500
v 5.345000 -11.221461 -0.032352
v 5.345000 -11.217201 -0.000000
v 5.345000 -11.221461 0.032352
v 5.345000 -11.233948 0.062500
v 5.345000 -11.253813 0.088388
v 5.345000 -11.279701 0.108253
v 5.345000 -11.309849 0.120741
v 5.345000 -11.342201 0.125000
v 5.345000 -11.374554 0.120741
v 5.345000 -11.404701 0.108253
v 5.345000 -11.430590 0.088388
v 5.345000 -11.450455 0.062500
v 5.345000 -11.462942 0.032352
v 5.345000 -12.167201 0.700000
v 5.345000 -12.162942 0.667647
v 5.345000 -12.150454 0.637500
v 5.345000 -12.130590 0.611611
v 5.345000 -12.104701 0.591747
v 5.345000 -12.074554 0.579259
v 5.345000 -12.042201 0.575000
v 5.345000 -12.009849 0.579259
v 5.345000 -11.979701 0.591747
v 5.345000 -11.953813 0.611611
v 5.345000 -11.933948 0.637500
v 5.345000 -11.921461 0.667647
v 5.345000 -11.917201 0.700000
v 5.345000 -11.921461 0.732352
v 5.345000 -11.933948 0.762500
v 5.345000 -11.953813 0.788388
v 5.345000 -11.979701 0.808253
v 5.345000 -12.009849 0.820741
v 5.345000 -12.042201 0.825000
v 5.345000 -12.074554 0.820741
v 5.345000 -12.104701 0.808253
v 5.345000 -12.130590 0.788388
v 5.345000 -12.150454 0.762500
v 5.345000 -12.162942 0.732352
v 5.345000 -12.167201 -0.700000
v 5.345000 -12.162942 -0.732352
v 5.345000 -12.150454 -0.762500
v 5.345000 -12.130590 -0.788388
v 5.345000 -12.104701 -0.808253
v 5.345000 -12.074554 -0.820741
v 5.345000 -12.042201 -0.825000
v 5.345000 -12.009849 -0.820741
v 5.345000 -11.979701 -0.808253
v 5.345000 -11.953813 -0.788388
v 5.345000 -11.933948 -0.762500
v 5.345000 -11.921461 -0.732352
v 5.345000 -11.917201 -0.700000
v 5.345000 -11.921461 -0.667647
v 5.345000 -11.933948 -0.637500
v 5.345000 -11.953813 -0.611611
v 5.345000 -11.979701 -0.591747
v 5.345000 -12.009849 -0.579259
v 5.345000 -12.042201 -0.575000
v 5.345000 -12.074554 -0.579259
v 5.345000 -12.104701 -0.591747
v 5.345000 -12.130590 -0.611611
v 5.345000 -12.150454 -0.637500
v 5.345000 -12.162942 -0.667647
v 5.345000 -12.374701 0.000000
v 5.345000 -12.366928 -0.071478
v 5.345000 -12.343970 -0.139613
v 5.345000 -12.306902 -0.201220
v 5.345000 -12.257457 -0.253419
v 5.345000 -12.197947 -0.293768
v 5.345000 -12.131154 -0.320380
v 5.345000 -12.060202 -0.332012
v 5.345000 -11.988409 -0.328120
v 5.345000 -11.919130 -0.308885
v 5.345000 -11.855607 -0.275207
v 5.345000 -11.800808 -0.228660
v 5.345000 -11.757296 -0.171422
v 5.345000 -11.727107 -0.106168
v 5.345000 -11.711650 -0.035950
v 5.345000 -11.711650 0.035950
v 5.345000 -11.727107 0.106168
v 5.345000 -11.757296 0.171422
v 5.345000 -11.800808 0.228660
v 5.345000 -11.855607 0.275207
v 5.345000 -11.919130 0.308885
v 5.345000 -11.988409 0.328120
v 5.345000 -12.060202 0.332012
v 5.345000 -12.131154 0.320380
v 5.345000 -12.197947 0.293768
v 5.345000 -12.257457 0.253419
v 5.345000 -12.306902 0.201220
v 5.345000 -12.343970 0.139613
v 5.345000 -12.366928 0.071478
v 6.283729 -6.899633 1.246807
v 6.683729 -6.899633 1.246807
v 6.283729 -6.497378 -1.273192
v 6.283729 -6.703486 1.239101
v 6.283729 -6.508547 1.216028
v 6.283729 -6.316020 1.177732
v 6.283729 -6.127091 1.124449
v 6.283729 -5.942925 1.056506
v 6.283729 -5.764657 0.974324
v 6.283729 -5.593387 0.878408
v 6.283729 -5.430170 0.769350
v 6.283729 -5.276013 0.647822
v 6.283729 -5.131867 0.514574
v 6.283729 -4.997378 0.380086
v 6.283729 -4.997378 -1.773192
v 6.283729 -5.144089 -1.671143
v 6.283729 -5.297715 -1.579836
v 6.283729 -5.457472 -1.499737
v 6.283729 -5.622543 -1.431256
v 6.283729 -5.792084 -1.374742
v 6.283729 -5.965230 -1.330485
v 6.283729 -6.141094 -1.298710
v 6.283729 -6.318780 -1.279580
v 8.883729 -6.497378 -1.273192
v 8.483729 -6.497378 -1.273192
v 8.883729 -6.899633 1.246807
v 8.883729 -6.318780 -1.279580
v 8.883729 -6.141094 -1.298710
v 8.883729 -5.965230 -1.330485
v 8.883729 -5.792084 -1.374742
v 8.883729 -5.622543 -1.431256
v 8.883729 -5.457472 -1.499737
v 8.883729 -5.297715 -1.579836
v 8.883729 -5.144089 -1.671143
v 8.883729 -4.997378 -1.773192
v 8.883729 -4.997378 0.380086
v 8.883729 -5.131867 0.514574
v 8.883729 -5.276013 0.647822
v 8.883729 -5.430170 0.769350
v 8.883729 -5.593387 0.878408
v 8.883729 -5.764657 0.974324
v 8.883729 -5.942925 1.056506
v 8.883729 -6.127091 1.124449
v 8.883729 -6.316020 1.177732
v 8.883729 -6.508547 1.216028
v 8.883729 -6.703486 1.239101
v 6.683729 -6.497378 -1.273192
v 8.483729 -6.899633 1.246807
v 9.285000 -4.997378 -1.773192
v 9.378321 -4.990076 -1.773192
v 9.469371 -4.968348 -1.773192
v 9.555933 -4.932724 -1.773192
v 9.635901 -4.884069 -1.773192
v 9.707328 -4.823569 -1.773192
v 9.768476 -4.752696 -1.773192
v 9.817857 -4.673174 -1.773192
v 9.854268 -4.586940 -1.773192
v 9.876824 -4.496092 -1.773192
v 9.882989 -4.446391 -1.772462
v 9.885000 -4.397378 -1.770324
v 9.885000 -4.397378 0.529846
v 9.877613 -4.491238 0.506418
v 9.855634 -4.582788 0.483567
v 9.819604 -4.669772 0.461856
v 9.770410 -4.750049 0.441819
v 9.709264 -4.821642 0.423949
v 9.637671 -4.882788 0.408687
v 9.557394 -4.931982 0.396409
v 9.470410 -4.968012 0.387416
v 9.378861 -4.989991 0.381930
v 9.285000 -4.997378 0.380086
v 9.378609 -4.990031 -0.621673
v 9.470410 -4.968012 -0.621673
v 9.557394 -4.931982 -0.621673
v 9.637671 -4.882788 -0.621673
v 9.709264 -4.821642 -0.621673
v 9.770410 -4.750049 -0.621673
v 9.819604 -4.669772 -0.621673
v 9.855634 -4.582788 -0.621673
v 9.877613 -4.491238 -0.621673
v 9.885000 -2.782836 0.932836
v 9.485000 -2.782836 0.932836
v 9.485000 -3.897378 0.654646
v 9.477613 -3.991238 0.631218
v 9.455634 -4.082788 0.608368
v 9.419604 -4.169772 0.586656
v 9.370410 -4.250049 0.566619
v 9.309264 -4.321642 0.548750
v 9.237671 -4.382788 0.533487
v 9.157394 -4.431982 0.521209
v 9.070410 -4.468012 0.512216
v 8.978861 -4.489991 0.506730
v 8.885000 -4.497378 0.504886
v 6.335000 -4.497378 0.504886
v 6.241139 -4.489991 0.506730
v 6.149590 -4.468012 0.512216
v 6.062606 -4.431982 0.521209
v 5.982329 -4.382788 0.533487
v 5.910736 -4.321642 0.548750
v 5.849590 -4.250049 0.566619
v 5.800396 -4.169772 0.586656
v 5.764366 -4.082788 0.608368
v 5.742387 -3.991238 0.631218
v 5.735000 -3.897378 0.654646
v 5.735000 -2.782836 0.932836
v 5.345000 -2.782836 0.932836
v 5.345000 -4.397378 0.529846
v 5.352387 -4.491238 0.506418
v 5.374366 -4.582788 0.483567
v 5.410396 -4.669772 0.461856
v 5.459590 -4.750049 0.441819
v 5.520736 -4.821642 0.423949
v 5.592329 -4.882788 0.408687
v 5.672606 -4.931982 0.396409
v 5.759590 -4.968012 0.387416
v 5.851139 -4.989991 0.381930
v 5.945000 -4.997378 0.380086
v 6.683729 -4.997378 0.380086
v 8.483729 -4.997378 0.380086
v 8.483729 -4.997378 -1.773192
v 6.683729 -4.997378 -1.773192
v 5.945000 -4.997378 -1.773192
v 5.851679 -4.990076 -1.773192
v 5.760629 -4.968348 -1.773192
v 5.674067 -4.932724 -1.773192
v 5.594099 -4.884069 -1.773192
v 5.522672 -4.823569 -1.773192
v 5.461524 -4.752696 -1.773192
v 5.412143 -4.673174 -1.773192
v 5.375732 -4.586940 -1.773192
v 5.353176 -4.496092 -1.773192
v 5.735000 -4.496092 -1.773192
v 5.735000 -4.496521 -1.773192
v 5.735000 -4.496949 -1.773192
v 5.735000 -4.497378 -1.773192
v 6.335000 -4.497378 -1.773192
v 8.885000 -4.497378 -1.773192
v 9.485000 -4.497378 -1.773192
v 9.485000 -4.496092 -1.773192
v 5.345000 -4.397378 -1.770324
v 5.347011 -4.446391 -1.772462
v 5.851391 -4.990031 -0.621673
v 5.759590 -4.968012 -0.621673
v 5.672606 -4.931982 -0.621673
v 5.592329 -4.882788 -0.621673
v 5.520736 -4.821642 -0.621673
v 5.459590 -4.750049 -0.621673
v 5.410396 -4.669772 -0.621673
v 5.374366 -4.582788 -0.621673
v 5.352387 -4.491238 -0.621673
v 5.345000 -4.262803 -1.757109
v 5.345000 -4.129704 -1.733240
v 5.345000 -3.998923 -1.698868
v 5.345000 -3.871288 -1.654210
v 5.345000 -3.747606 -1.599550
v 5.735000 -3.747606 -1.599550
v 5.735000 -3.796830 -1.622719
v 5.735000 -3.846772 -1.644301
v 5.735000 -3.897378 -1.664274
v 5.737597 -3.952115 -1.683748
v 5.745518 -4.008318 -1.701602
v 5.758960 -4.064888 -1.717532
v 5.778122 -4.120729 -1.731233
v 5.803077 -4.174765 -1.742524
v 5.833282 -4.226095 -1.751571
v 5.867992 -4.273890 -1.758582
v 5.906461 -4.317321 -1.763766
v 5.948965 -4.356595 -1.767448
v 5.996268 -4.392418 -1.770009
v 6.047627 -4.423968 -1.771652
v 6.102285 -4.450408 -1.772578
v 6.159431 -4.471026 -1.773028
v 6.218014 -4.485697 -1.773200
v 6.276911 -4.494465 -1.773214
v 9.485000 -3.897378 -1.664274
v 9.482403 -3.952115 -1.683748
v 9.474482 -4.008318 -1.701602
v 9.461040 -4.064888 -1.717531
v 9.441879 -4.120729 -1.731233
v 9.416923 -4.174764 -1.742524
v 9.386718 -4.226094 -1.751570
v 9.352008 -4.273889 -1.758582
v 9.313539 -4.317321 -1.763766
v 9.271035 -4.356594 -1.767448
v 9.223733 -4.392418 -1.770009
v 9.172374 -4.423968 -1.771651
v 9.117716 -4.450408 -1.772578
v 9.060569 -4.471026 -1.773028
v 9.001986 -4.485697 -1.773200
v 8.943089 -4.494465 -1.773214
v 9.477613 -3.991238 -0.559284
v 9.455634 -4.082788 -0.559284
v 9.419604 -4.169772 -0.559284
v 9.370410 -4.250049 -0.559284
v 9.309264 -4.321642 -0.559284
v 9.237671 -4.382788 -0.559284
v 9.157394 -4.431982 -0.559284
v 9.070410 -4.468012 -0.559284
v 8.978861 -4.489991 -0.559284
v 6.241139 -4.489991 -0.559284
v 6.149590 -4.468012 -0.559284
v 6.062606 -4.431982 -0.559284
v 5.982329 -4.382788 -0.559284
v 5.910736 -4.321642 -0.559284
v 5.849590 -4.250049 -0.559284
v 5.800396 -4.169772 -0.559284
v 5.764366 -4.082788 -0.559284
v 5.742387 -3.991238 -0.559284
v 6.683729 -6.703486 1.239101
v 6.683729 -6.508547 1.216028
v 6.683729 -6.316020 1.177732
v 6.683729 -6.127091 1.124449
v 6.683729 -5.942925 1.056506
v 6.683729 -5.764657 0.974324
v 6.683729 -5.593387 0.878408
v 6.683729 -5.430170 0.769350
v 6.683729 -5.276013 0.647822
v 6.683729 -5.131867 0.514574
v 6.683729 -6.318780 -1.279580
v 6.683729 -6.141094 -1.298710
v 6.683729 -5.965230 -1.330485
v 6.683729 -5.792084 -1.374742
v 6.683729 -5.622543 -1.431256
v 6.683729 -5.457472 -1.499737
v 6.683729 -5.297715 -1.579836
v 6.683729 -5.144089 -1.671143
v 8.483729 -5.131867 0.514574
v 8.483729 -5.276013 0.647822
v 8.483729 -5.430170 0.769350
v 8.483729 -5.593387 0.878408
v 8.483729 -5.764657 0.974324
v 8.483729 -5.942925 1.056506
v 8.483729 -6.127091 1.124449
v 8.483729 -6.316020 1.177732
v 8.483729 -6.508547 1.216028
v 8.483729 -6.703486 1.239101
v 8.483729 -6.318780 -1.279580
v 8.483729 -6.141094 -1.298710
v 8.483729 -5.965230 -1.330485
v 8.483729 -5.792084 -1.374742
v 8.483729 -5.622543 -1.431256
v 8.483729 -5.457472 -1.499737
v 8.483729 -5.297715 -1.579836
v 8.483729 -5.144089 -1.671143
v 9.485000 -3.846772 -1.644301
v 9.485000 -3.796830 -1.622719
v 9.485000 -3.747606 -1.599550
v 9.885000 -3.747606 -1.599550
v 9.885000 -3.871288 -1.654210
v 9.885000 -3.998923 -1.698868
v 9.885000 -4.129704 -1.733240
v 9.885000 -4.262803 -1.757109
v 9.885000 -1.589378 0.040000
v 9.885000 -1.596073 -0.075528
v 9.885000 -1.616071 -0.189508
v 9.885000 -1.649103 -0.300416
v 9.885000 -1.694726 -0.406764
v 9.885000 -1.752330 -0.507130
v 9.885000 -1.821143 -0.600168
v 9.885000 -1.900244 -0.684634
v 9.885000 -1.988574 -0.759397
v 9.885000 -2.084949 -0.823453
v 9.885000 -2.188079 -0.875947
v 9.485031 -2.188079 -0.875947
v 9.485031 -2.284604 -0.912425
v 9.485031 -2.384375 -0.938761
v 9.485031 -2.486327 -0.954676
v 9.485031 -2.589378 -0.960000
v 9.485000 -2.589378 -0.960000
v 9.485000 -2.486327 -0.954676
v 9.485000 -2.384375 -0.938761
v 9.485000 -2.284604 -0.912425
v 9.485000 -2.188079 -0.875947
v 9.485000 -2.122904 -0.844535
v 9.485000 -2.060170 -0.808492
v 9.485000 -2.000206 -0.768008
v 9.485000 -1.943327 -0.723294
v 9.485000 -1.889829 -0.674585
v 9.485000 -1.839993 -0.622135
v 9.485000 -1.794080 -0.566219
v 9.485000 -1.752330 -0.507130
v 9.485000 -1.714961 -0.445176
v 9.485000 -1.682170 -0.380683
v 9.485000 -1.654128 -0.313988
v 9.485000 -1.630981 -0.245440
v 9.485000 -1.612851 -0.175398
v 9.485000 -1.599833 -0.104228
v 9.485000 -1.591995 -0.032303
v 9.485000 -1.589378 0.040000
v 5.735000 -1.589378 0.040000
v 5.735000 -1.596073 -0.075528
v 5.735000 -1.616071 -0.189508
v 5.735000 -1.649103 -0.300416
v 5.735000 -1.694726 -0.406764
v 5.735000 -1.752330 -0.507130
v 5.735000 -1.821143 -0.600168
v 5.735000 -1.900244 -0.684634
v 5.735000 -1.988574 -0.759397
v 5.735000 -2.084949 -0.823453
v 5.735000 -2.188079 -0.875947
v 5.345000 -2.188079 -0.875947
v 5.345000 -2.084949 -0.823453
v 5.345000 -1.988574 -0.759397
v 5.345000 -1.900244 -0.684634
v 5.345000 -1.821143 -0.600168
v 5.345000 -1.752330 -0.507130
v 5.345000 -1.694726 -0.406764
v 5.345000 -1.649103 -0.300416
v 5.345000 -1.616071 -0.189508
v 5.345000 -1.596073 -0.075528
v 5.345000 -1.589378 0.040000
v 9.885000 -3.231237 -1.350909
v 9.885000 -2.711360 -1.109691
v 9.885000 -1.606332 0.159780
v 9.885000 -1.637625 0.276636
v 9.885000 -1.682801 0.388858
v 9.885000 -1.741197 0.494804
v 9.885000 -1.811958 0.592924
v 9.885000 -1.894050 0.681781
v 9.885000 -1.986272 0.760074
v 9.885000 -2.087272 0.826659
v 9.885000 -2.195574 0.880561
v 9.885000 -2.236950 0.898145
v 9.885000 -2.278306 0.915775
v 9.885000 -2.319642 0.933451
v 9.885000 -2.434607 0.954505
v 9.885000 -2.551277 0.961454
v 9.885000 -2.667928 0.954195
v 9.885000 -2.217500 0.000000
v 9.885000 -2.225274 -0.071478
v 9.885000 -2.248231 -0.139613
v 9.885000 -2.285299 -0.201220
v 9.885000 -2.334744 -0.253419
v 9.885000 -2.394254 -0.293768
v 9.885000 -2.461047 -0.320380
v 9.885000 -2.531999 -0.332012
v 9.885000 -2.603793 -0.328120
v 9.885000 -2.673071 -0.308885
v 9.885000 -2.736595 -0.275207
v 9.885000 -2.791394 -0.228660
v 9.885000 -2.834905 -0.171422
v 9.885000 -2.865095 -0.106168
v 9.885000 -2.880551 -0.035950
v 9.885000 -2.880551 0.035950
v 9.885000 -2.865095 0.106168
v 9.885000 -2.834905 0.171422
v 9.885000 -2.791394 0.228660
v 9.885000 -2.736595 0.275207
v 9.885000 -2.673071 0.308885
v 9.885000 -2.603793 0.328120
v 9.885000 -2.531999 0.332012
v 9.885000 -2.461047 0.320380
v 9.885000 -2.394254 0.293768
v 9.885000 -2.334744 0.253419
v 9.885000 -2.285299 0.201220
v 9.885000 -2.248231 0.139613
v 9.885000 -2.225274 0.071478
v 9.885000 -1.725000 0.000000
v 9.885000 -1.729259 -0.032352
v 9.885000 -1.741747 -0.062500
v 9.885000 -1.761612 -0.088388
v 9.885000 -1.787500 -0.108253
v 9.885000 -1.817648 -0.120741
v 9.885000 -1.850000 -0.125000
v 9.885000 -1.882353 -0.120741
v 9.885000 -1.912500 -0.108253
v 9.885000 -1.938389 -0.088388
v 9.885000 -1.958253 -0.062500
v 9.885000 -1.970741 -0.032352
v 9.885000 -1.975000 0.000000
v 9.885000 -1.970741 0.032352
v 9.885000 -1.958253 0.062500
v 9.885000 -1.938389 0.088388
v 9.885000 -1.912500 0.108253
v 9.885000 -1.882353 0.120741
v 9.885000 -1.850000 0.125000
v 9.885000 -1.817648 0.120741
v 9.885000 -1.787500 0.108253
v 9.885000 -1.761612 0.088388
v 9.885000 -1.741747 0.062500
v 9.885000 -1.729259 0.032352
v 9.885000 -2.425000 0.700000
v 9.885000 -2.429259 0.667647
v 9.885000 -2.441747 0.637500
v 9.885000 -2.461612 0.611611
v 9.885000 -2.487500 0.591747
v 9.885000 -2.517648 0.579259
v 9.885000 -2.550000 0.575000
v 9.885000 -2.582352 0.579259
v 9.885000 -2.612500 0.591747
v 9.885000 -2.638388 0.611611
v 9.885000 -2.658253 0.637500
v 9.885000 -2.670741 0.667647
v 9.885000 -2.675000 0.700000
v 9.885000 -2.670741 0.732352
v 9.885000 -2.658253 0.762500
v 9.885000 -2.638388 0.788388
v 9.885000 -2.612500 0.808253
v 9.885000 -2.582352 0.820741
v 9.885000 -2.550000 0.825000
v 9.885000 -2.517648 0.820741
v 9.885000 -2.487500 0.808253
v 9.885000 -2.461612 0.788388
v 9.885000 -2.441747 0.762500
v 9.885000 -2.429259 0.732352
v 9.885000 -2.425000 -0.700000
v 9.885000 -2.429259 -0.732352
v 9.885000 -2.441747 -0.762500
v 9.885000 -2.461612 -0.788388
v 9.885000 -2.487500 -0.808253
v 9.885000 -2.517648 -0.820741
v 9.885000 -2.550000 -0.825000
v 9.885000 -2.582352 -0.820741
v 9.885000 -2.612500 -0.808253
v 9.885000 -2.638388 -0.788388
v 9.885000 -2.658253 -0.762500
v 9.885000 -2.670741 -0.732352
v 9.885000 -2.675000 -0.700000
v 9.885000 -2.670741 -0.667647
v 9.885000 -2.658253 -0.637500
v 9.885000 -2.638388 -0.611611
v 9.885000 -2.612500 -0.591747
v 9.885000 -2.582352 -0.579259
v 9.885000 -2.550000 -0.575000
v 9.885000 -2.517648 -0.579259
v 9.885000 -2.487500 -0.591747
v 9.885000 -2.461612 -0.611611
v 9.885000 -2.441747 -0.637500
v 9.885000 -2.429259 -0.667647
v 9.885000 -3.125000 0.000000
v 9.885000 -3.129259 -0.032352
v 9.885000 -3.141747 -0.062500
v 9.885000 -3.161611 -0.088388
v 9.885000 -3.187500 -0.108253
v 9.885000 -3.217647 -0.120741
v 9.885000 -3.250000 -0.125000
v 9.885000 -3.282352 -0.120741
v 9.885000 -3.312500 -0.108253
v 9.885000 -3.338388 -0.088388
v 9.885000 -3.358253 -0.062500
v 9.885000 -3.370741 -0.032352
v 9.885000 -3.375000 0.000000
v 9.885000 -3.370741 0.032352
v 9.885000 -3.358253 0.062500
v 9.885000 -3.338388 0.088388
v 9.885000 -3.312500 0.108253
v 9.885000 -3.282352 0.120741
v 9.885000 -3.250000 0.125000
v 9.885000 -3.217647 0.120741
v 9.885000 -3.187500 0.108253
v 9.885000 -3.161611 0.088388
v 9.885000 -3.141747 0.062500
v 9.885000 -3.129259 0.032352
v 9.485031 -2.317485 -0.932916
v 9.485000 -2.317485 -0.932916
v 9.485000 -2.384549 -0.947112
v 9.485000 -2.452454 -0.956494
v 9.485000 -2.520855 -0.961013
v 9.485000 -2.589404 -0.960647
v 9.485000 -2.602871 -0.960000
v 9.485031 -2.602871 -0.960000
v 9.485031 -2.589404 -0.960647
v 9.485031 -2.520855 -0.961013
v 9.485031 -2.452454 -0.956494
v 9.485031 -2.384549 -0.947112
v 9.485031 -2.231237 -0.894886
v 9.485031 -2.274372 -0.913876
v 9.485000 -3.273835 -1.371076
v 9.485000 -2.797100 -1.148852
v 9.485031 -2.319642 0.933451
v 9.485031 -2.385402 0.947261
v 9.485031 -2.451965 0.956444
v 9.485031 -2.519008 0.960955
v 9.485031 -2.586202 0.960773
v 9.485031 -2.602871 0.960000
v 9.485000 -2.602871 0.960000
v 9.485000 -2.663392 0.954745
v 9.485000 -2.723460 0.945678
v 5.345000 -2.319642 0.933451
v 5.345000 -2.434607 0.954505
v 5.345000 -2.551277 0.961454
v 5.345000 -2.667928 0.954195
v 5.735000 -2.667928 0.954195
v 5.735000 -2.551277 0.961454
v 5.735000 -2.434607 0.954505
v 5.735000 -2.319642 0.933451
v 9.485031 -2.195574 0.880561
v 9.485031 -2.236950 0.898145
v 9.485031 -2.278306 0.915775
v 9.485031 -2.289734 0.915052
v 9.485031 -2.386875 0.939939
v 9.485031 -2.486020 0.954972
v 9.485031 -2.586172 0.960000
v 9.485000 -2.586172 0.960000
v 9.485000 -2.486020 0.954972
v 9.485000 -2.386875 0.939939
v 9.485000 -2.289734 0.915052
v 9.485000 -2.195574 0.880561
v 9.485000 -2.133847 0.851853
v 9.485000 -2.074216 0.819012
v 9.485000 -2.016958 0.782189
v 9.485000 -1.962338 0.741557
v 9.485000 -1.910609 0.697302
v 9.485000 -1.862011 0.649630
v 9.485000 -1.816769 0.598763
v 9.485000 -1.775092 0.544935
v 9.485000 -1.737175 0.488396
v 9.485000 -1.703192 0.429409
v 9.485000 -1.673301 0.368246
v 9.485000 -1.647640 0.305191
v 9.485000 -1.626329 0.240537
v 9.485000 -1.609467 0.174582
v 9.485000 -1.597130 0.107633
v 9.485000 -2.217500 0.000000
v 9.485000 -2.225274 0.071478
v 9.485000 -2.248231 0.139613
v 9.485000 -2.285299 0.201220
v 9.485000 -2.334744 0.253419
v 9.485000 -2.394254 0.293768
v 9.485000 -2.461047 0.320380
v 9.485000 -2.531999 0.332012
v 9.485000 -2.603793 0.328120
v 9.485000 -2.673071 0.308885
v 9.485000 -2.736595 0.275207
v 9.485000 -2.791394 0.228660
v 9.485000 -2.834905 0.171422
v 9.485000 -2.865095 0.106168
v 9.485000 -2.880551 0.035950
v 9.485000 -2.880551 -0.035950
v 9.485000 -2.865095 -0.106168
v 9.485000 -2.834905 -0.171422
v 9.485000 -2.791394 -0.228660
v 9.485000 -2.736595 -0.275207
v 9.485000 -2.673071 -0.308885
v 9.485000 -2.603793 -0.328120
v 9.485000 -2.531999 -0.332012
v 9.485000 -2.461047 -0.320380
v 9.485000 -2.394254 -0.293768
v 9.485000 -2.334744 -0.253419
v 9.485000 -2.285299 -0.201220
v 9.485000 -2.248231 -0.139613
v 9.485000 -2.225274 -0.071478
v 9.485000 -1.725000 0.000000
v 9.485000 -1.729259 0.032352
v 9.485000 -1.741747 0.062500
v 9.485000 -1.761612 0.088388
v 9.485000 -1.787500 0.108253
v 9.485000 -1.817648 0.120741
v 9.485000 -1.850000 0.125000
v 9.485000 -1.882353 0.120741
v 9.485000 -1.912500 0.108253
v 9.485000 -1.938389 0.088388
v 9.485000 -1.958253 0.062500
v 9.485000 -1.970741 0.032352
v 9.485000 -1.975000 0.000000
v 9.485000 -1.970741 -0.032352
v 9.485000 -1.958253 -0.062500
v 9.485000 -1.938389 -0.088388
v 9.485000 -1.912500 -0.108253
v 9.485000 -1.882353 -0.120741
v 9.485000 -1.850000 -0.125000
v 9.485000 -1.817648 -0.120741
v 9.485000 -1.787500 -0.108253
v 9.485000 -1.761612 -0.088388
v 9.485000 -1.741747 -0.062500
v 9.485000 -1.729259 -0.032352
v 9.485000 -2.425000 0.700000
v 9.485000 -2.429259 0.732352
v 9.485000 -2.441747 0.762500
v 9.485000 -2.461612 0.788388
v 9.485000 -2.487500 0.808253
v 9.485000 -2.517648 0.820741
v 9.485000 -2.550000 0.825000
v 9.485000 -2.582352 0.820741
v 9.485000 -2.612500 0.808253
v 9.485000 -2.638388 0.788388
v 9.485000 -2.658253 0.762500
v 9.485000 -2.670741 0.732352
v 9.485000 -2.675000 0.700000
v 9.485000 -2.670741 0.667647
v 9.485000 -2.658253 0.637500
v 9.485000 -2.638388 0.611611
v 9.485000 -2.612500 0.591747
v 9.485000 -2.582352 0.579259
v 9.485000 -2.550000 0.575000
v 9.485000 -2.517648 0.579259
v 9.485000 -2.487500 0.591747
v 9.485000 -2.461612 0.611611
v 9.485000 -2.441747 0.637500
v 9.485000 -2.429259 0.667647
v 9.485000 -2.425000 -0.700000
v 9.485000 -2.429259 -0.667647
v 9.485000 -2.441747 -0.637500
v 9.485000 -2.461612 -0.611611
v 9.485000 -2.487500 -0.591747
v 9.485000 -2.517648 -0.579259
v 9.485000 -2.550000 -0.575000
v 9.485000 -2.582352 -0.579259
v 9.485000 -2.612500 -0.591747
v 9.485000 -2.638388 -0.611611
v 9.485000 -2.658253 -0.637500
v 9.485000 -2.670741 -0.667647
v 9.485000 -2.675000 -0.700000
v 9.485000 -2.670741 -0.732352
v 9.485000 -2.658253 -0.762500
v 9.485000 -2.638388 -0.788388
v 9.485000 -2.612500 -0.808253
v 9.485000 -2.582352 -0.820741
v 9.485000 -2.550000 -0.825000
v 9.485000 -2.517648 -0.820741
v 9.485000 -2.487500 -0.808253
v 9.485000 -2.461612 -0.788388
v 9.485000 -2.441747 -0.762500
v 9.485000 -2.429259 -0.732352
v 9.485000 -3.125000 0.000000
v 9.485000 -3.129259 0.032352
v 9.485000 -3.141747 0.062500
v 9.485000 -3.161611 0.088388
v 9.485000 -3.187500 0.108253
v 9.485000 -3.217647 0.120741
v 9.485000 -3.250000 0.125000
v 9.485000 -3.282352 0.120741
v 9.485000 -3.312500 0.108253
v 9.485000 -3.338388 0.088388
v 9.485000 -3.358253 0.062500
v 9.485000 -3.370741 0.032352
v 9.485000 -3.375000 0.000000
v 9.485000 -3.370741 -0.032352
v 9.485000 -3.358253 -0.062500
v 9.485000 -3.338388 -0.088388
v 9.485000 -3.312500 -0.108253
v 9.485000 -3.282352 -0.120741
v 9.485000 -3.250000 -0.125000
v 9.485000 -3.217647 -0.120741
v 9.485000 -3.187500 -0.108253
v 9.485000 -3.161611 -0.088388
v 9.485000 -3.141747 -0.062500
v 9.485000 -3.129259 -0.032352
v 5.735000 -3.231237 -1.350909
v 5.735000 -2.711360 -1.109691
v 5.735000 -1.606332 0.159780
v 5.735000 -1.637625 0.276636
v 5.735000 -1.682801 0.388858
v 5.735000 -1.741197 0.494804
v 5.735000 -1.811958 0.592924
v 5.735000 -1.894050 0.681781
v 5.735000 -1.986272 0.760074
v 5.735000 -2.087272 0.826659
v 5.735000 -2.195574 0.880561
v 5.735000 -2.236950 0.898145
v 5.735000 -2.278306 0.915775
v 5.735000 -2.217500 0.000000
v 5.735000 -2.225274 -0.071478
v 5.735000 -2.248231 -0.139613
v 5.735000 -2.285299 -0.201220
v 5.735000 -2.334744 -0.253419
v 5.735000 -2.394254 -0.293768
v 5.735000 -2.461047 -0.320380
v 5.735000 -2.531999 -0.332012
v 5.735000 -2.603793 -0.328120
v 5.735000 -2.673071 -0.308885
v 5.735000 -2.736595 -0.275207
v 5.735000 -2.791394 -0.228660
v 5.735000 -2.834905 -0.171422
v 5.735000 -2.865095 -0.106168
v 5.735000 -2.880551 -0.035950
v 5.735000 -2.880551 0.035950
v 5.735000 -2.865095 0.106168
v 5.735000 -2.834905 0.171422
v 5.735000 -2.791394 0.228660
v 5.735000 -2.736595 0.275207
v 5.735000 -2.673071 0.308885
v 5.735000 -2.603793 0.328120
v 5.735000 -2.531999 0.332012
v 5.735000 -2.461047 0.320380
v 5.735000 -2.394254 0.293768
v 5.735000 -2.334744 0.253419
v 5.735000 -2.285299 0.201220
v 5.735000 -2.248231 0.139613
v 5.735000 -2.225274 0.071478
v 5.735000 -1.725000 0.000000
v 5.735000 -1.729259 -0.032352
v 5.735000 -1.741747 -0.062500
v 5.735000 -1.761612 -0.088388
v 5.735000 -1.787500 -0.108253
v 5.735000 -1.817648 -0.120741
v 5.735000 -1.850000 -0.125000
v 5.735000 -1.882353 -0.120741
v 5.735000 -1.912500 -0.108253
v 5.735000 -1.938389 -0.088388
v 5.735000 -1.958253 -0.062500
v 5.735000 -1.970741 -0.032352
v 5.735000 -1.975000 0.000000
v 5.735000 -1.970741 0.032352
v 5.735000 -1.958253 0.062500
v 5.735000 -1.938389 0.088388
v 5.735000 -1.912500 0.108253
v 5.735000 -1.882353 0.120741
v 5.735000 -1.850000 0.125000
v 5.735000 -1.817648 0.120741
v 5.735000 -1.787500 0.108253
v 5.735000 -1.761612 0.088388
v 5.735000 -1.741747 0.062500
v 5.735000 -1.729259 0.032352
v 5.735000 -2.425000 0.700000
v 5.735000 -2.429259 0.667647
v 5.735000 -2.441747 0.637500
v 5.735000 -2.461612 0.611611
v 5.735000 -2.487500 0.591747
v 5.735000 -2.517648 0.579259
v 5.735000 -2.550000 0.575000
v 5.735000 -2.582352 0.579259
v 5.735000 -2.612500 0.591747
v 5.735000 -2.638388 0.611611
v 5.735000 -2.658253 0.637500
v 5.735000 -2.670741 0.667647
v 5.735000 -2.675000 0.700000
v 5.735000 -2.670741 0.732352
v 5.735000 -2.658253 0.762500
v 5.735000 -2.638388 0.788388
v 5.735000 -2.612500 0.808253
v 5.735000 -2.582352 0.820741
v 5.735000 -2.550000 0.825000
v 5.735000 -2.517648 0.820741
v 5.735000 -2.487500 0.808253
v 5.735000 -2.461612 0.788388
v 5.735000 -2.441747 0.762500
v 5.735000 -2.429259 0.732352
v 5.735000 -2.425000 -0.700000
v 5.735000 -2.429259 -0.732352
v 5.735000 -2.441747 -0.762500
v 5.735000 -2.461612 -0.788388
v 5.735000 -2.487500 -0.808253
v 5.735000 -2.517648 -0.820741
v 5.735000 -2.550000 -0.825000
v 5.735000 -2.582352 -0.820741
v 5.735000 -2.612500 -0.808253
v 5.735000 -2.638388 -0.788388
v 5.735000 -2.658253 -0.762500
v 5.735000 -2.670741 -0.732352
v 5.735000 -2.675000 -0.700000
v 5.735000 -2.670741 -0.667647
v 5.735000 -2.658253 -0.637500
v 5.735000 -2.638388 -0.611611
v 5.735000 -2.612500 -0.591747
v 5.735000 -2.582352 -0.579259
v 5.735000 -2.550000 -0.575000
v 5.735000 -2.517648 -0.579259
v 5.735000 -2.487500 -0.591747
v 5.735000 -2.461612 -0.611611
v 5.735000 -2.441747 -0.637500
v 5.735000 -2.429259 -0.667647
v 5.735000 -3.125000 0.000000
v 5.735000 -3.129259 -0.032352
v 5.735000 -3.141747 -0.062500
v 5.735000 -3.161611 -0.088388
v 5.735000 -3.187500 -0.108253
v 5.735000 -3.217647 -0.120741
v 5.735000 -3.250000 -0.125000
v 5.735000 -3.282352 -0.120741
v 5.735000 -3.312500 -0.108253
v 5.735000 -3.338388 -0.088388
v 5.735000 -3.358253 -0.062500
v 5.735000 -3.370741 -0.032352
v 5.735000 -3.375000 0.000000
v 5.735000 -3.370741 0.032352
v 5.735000 -3.358253 0.062500
v 5.735000 -3.338388 0.088388
v 5.735000 -3.312500 0.108253
v 5.735000 -3.282352 0.120741
v 5.735000 -3.250000 0.125000
v 5.735000 -3.217647 0.120741
v 5.735000 -3.187500 0.108253
v 5.735000 -3.161611 0.088388
v 5.735000 -3.141747 0.062500
v 5.735000 -3.129259 0.032352
v 5.345000 -2.278306 0.915775
v 5.345000 -2.236950 0.898145
v 5.345000 -2.195574 0.880561
v 5.345000 -2.087272 0.826659
v 5.345000 -1.986272 0.760074
v 5.345000 -1.894050 0.681781
v 5.345000 -1.811958 0.592924
v 5.345000 -1.741197 0.494804
v 5.345000 -1.682801 0.388858
v 5.345000 -1.637625 0.276636
v 5.345000 -1.606332 0.159780
v 5.345000 -2.711360 -1.109691
v 5.345000 -3.231237 -1.350909
v 5.345000 -1.725000 0.000000
v 5.345000 -1.729259 0.032352
v 5.345000 -1.741747 0.062500
v 5.345000 -1.761612 0.088388
v 5.345000 -1.787500 0.108253
v 5.345000 -1.817648 0.120741
v 5.345000 -1.850000 0.125000
v 5.345000 -1.882353 0.120741
v 5.345000 -1.912500 0.108253
v 5.345000 -1.938389 0.088388
v 5.345000 -1.958253 0.062500
v 5.345000 -1.970741 0.032352
v 5.345000 -1.975000 -0.000000
v 5.345000 -1.970741 -0.032352
v 5.345000 -1.958253 -0.062500
v 5.345000 -1.938389 -0.088388
v 5.345000 -1.912500 -0.108253
v 5.345000 -1.882353 -0.120741
v 5.345000 -1.850000 -0.125000
v 5.345000 -1.817648 -0.120741
v 5.345000 -1.787500 -0.108253
v 5.345000 -1.761612 -0.088388
v 5.345000 -1.741747 -0.062500
v 5.345000 -1.729259 -0.032352
v 5.345000 -3.125000 0.000000
v 5.345000 -3.129259 0.032352
v 5.345000 -3.141747 0.062500
v 5.345000 -3.161611 0.088388
v 5.345000 -3.187500 0.108253
v 5.345000 -3.217647 0.120741
v 5.345000 -3.250000 0.125000
v 5.345000 -3.282352 0.120741
v 5.345000 -3.312500 0.108253
v 5.345000 -3.338388 0.088388
v 5.345000 -3.358253 0.062500
v 5.345000 -3.370741 0.032352
v 5.345000 -3.375000 -0.000000
v 5.345000 -3.370741 -0.032352
v 5.345000 -3.358253 -0.062500
v 5.345000 -3.338388 -0.088388
v 5.345000 -3.312500 -0.108253
v 5.345000 -3.282352 -0.120741
v 5.345000 -3.250000 -0.125000
v 5.345000 -3.217647 -0.120741
v 5.345000 -3.187500 -0.108253
v 5.345000 -3.161611 -0.088388
v 5.345000 -3.141747 -0.062500
v 5.345000 -3.129259 -0.032352
v 5.345000 -2.425000 0.700000
v 5.345000 -2.429259 0.732352
v 5.345000 -2.441747 0.762500
v 5.345000 -2.461612 0.788388
v 5.345000 -2.487500 0.808253
v 5.345000 -2.517648 0.820741
v 5.345000 -2.550000 0.825000
v 5.345000 -2.582352 0.820741
v 5.345000 -2.612500 0.808253
v 5.345000 -2.638388 0.788388
v 5.345000 -2.658253 0.762500
v 5.345000 -2.670741 0.732352
v 5.345000 -2.675000 0.700000
v 5.345000 -2.670741 0.667647
v 5.345000 -2.658253 0.637500
v 5.345000 -2.638388 0.611611
v 5.345000 -2.612500 0.591747
v 5.345000 -2.582352 0.579259
v 5.345000 -2.550000 0.575000
v 5.345000 -2.517648 0.579259
v 5.345000 -2.487500 0.591747
v 5.345000 -2.461612 0.611611
v 5.345000 -2.441747 0.637500
v 5.345000 -2.429259 0.667647
v 5.345000 -2.425000 -0.700000
v 5.345000 -2.429259 -0.667647
v 5.345000 -2.441747 -0.637500
v 5.345000 -2.461612 -0.611611
v 5.345000 -2.487500 -0.591747
v 5.345000 -2.517648 -0.579259
v 5.345000 -2.550000 -0.575000
v 5.345000 -2.582352 -0.579259
v 5.345000 -2.612500 -0.591747
v 5.345000 -2.638388 -0.611611
v 5.345000 -2.658253 -0.637500
v 5.345000 -2.670741 -0.667647
v 5.345000 -2.675000 -0.700000
v 5.345000 -2.670741 -0.732352
v 5.345000 -2.658253 -0.762500
v 5.345000 -2.638388 -0.788388
v 5.345000 -2.612500 -0.808253
v 5.345000 -2.582352 -0.820741
v 5.345000 -2.550000 -0.825000
v 5.345000 -2.517648 -0.820741
v 5.345000 -2.487500 -0.808253
v 5.345000 -2.461612 -0.788388
v 5.345000 -2.441747 -0.762500
v 5.345000 -2.429259 -0.732352
v 5.345000 -2.217500 0.000000
v 5.345000 -2.225274 0.071478
v 5.345000 -2.248231 0.139613
v 5.345000 -2.285299 0.201220
v 5.345000 -2.334744 0.253419
v 5.345000 -2.394254 0.293768
v 5.345000 -2.461047 0.320380
v 5.345000 -2.531999 0.332012
v 5.345000 -2.603793 0.328120
v 5.345000 -2.673071 0.308885
v 5.345000 -2.736595 0.275207
v 5.345000 -2.791394 0.228660
v 5.345000 -2.834905 0.171422
v 5.345000 -2.865095 0.106168
v 5.345000 -2.880551 0.035950
v 5.345000 -2.880551 -0.035950
v 5.345000 -2.865095 -0.106168
v 5.345000 -2.834905 -0.171422
v 5.345000 -2.791394 -0.228660
v 5.345000 -2.736595 -0.275207
v 5.345000 -2.673071 -0.308885
v 5.345000 -2.603793 -0.328120
v 5.345000 -2.531999 -0.332012
v 5.345000 -2.461047 -0.320380
v 5.345000 -2.394254 -0.293768
v 5.345000 -2.334744 -0.253419
v 5.345000 -2.285299 -0.201220
v 5.345000 -2.248231 -0.139613
v 5.345000 -2.225274 -0.071478
vt -0.511482 -0.157080 0.000000
vt 1.766595 -0.157080 0.000000
vt 0.602598 -0.104720 0.000000
vt 1.766598 -0.118324 0.000000
vt 1.766538 -0.078424 0.000000
vt 0.602598 -0.052360 0.000000
vt 1.766276 -0.038528 0.000000
vt 0.602598 0.000103 0.000000
vt 1.765625 0.000210 0.000000
vt 1.764345 0.038946 0.000000
vt 0.602598 0.052360 0.000000
vt 1.762184 0.078776 0.000000
vt 0.602598 0.104720 0.000000
vt 1.758999 0.118539 0.000000
vt -0.561402 0.157080 0.000000
vt 1.754942 0.157080 0.000000
vt -0.548482 0.104720 0.000000
vt -0.536442 0.052360 0.000000
vt -0.526103 -0.000000 0.000000
vt -0.518170 -0.052360 0.000000
vt -0.513183 -0.104720 0.000000
vt -1.670000 -0.518078 0.000000
vt 1.680000 -0.518078 0.000000
vt -1.670000 1.759999 0.000000
vt 1.680000 1.759999 0.000000
vt -0.561402 -0.157080 0.000000
vt 1.754942 -0.157080 0.000000
vt 0.602598 -0.104720 0.000000
vt 1.758999 -0.118539 0.000000
vt 1.762184 -0.078776 0.000000
vt 0.602598 -0.052360 0.000000
vt 1.764345 -0.038946 0.000000
vt 0.602598 -0.000103 0.000000
vt 1.765625 -0.000210 0.000000
vt 1.766276 0.038528 0.000000
vt 0.602598 0.052360 0.000000
vt 1.766538 0.078424 0.000000
vt 0.602598 0.104720 0.000000
vt 1.766598 0.118324 0.000000
vt -0.511482 0.157080 0.000000
vt 1.766595 0.157080 0.000000
vt -0.513183 0.104720 0.000000
vt -0.518170 0.052360 0.000000
vt -0.526103 0.000000 0.000000
vt -0.536442 -0.052360 0.000000
vt -0.548482 -0.104720 0.000000
vt -1.747378 1.761538 0.000000
vt -1.747378 -0.554806 0.000000
vt -1.605275 1.738678 0.000000
vt -0.808253 0.062500 0.000000
vt -1.465616 1.703880 0.000000
vt -1.329400 1.657392 0.000000
vt -1.197606 1.599550 0.000000
vt -0.788388 0.088388 0.000000
vt -0.762500 0.108253 0.000000
vt -0.232836 -0.932836 0.000000
vt -0.732352 -0.120741 0.000000
vt -0.762500 -0.108253 0.000000
vt -0.788388 -0.088388 0.000000
vt -0.117928 -0.954195 0.000000
vt -0.088388 -0.788388 0.000000
vt -0.108253 -0.762500 0.000000
vt -0.120741 -0.732352 0.000000
vt -0.001277 -0.961454 0.000000
vt -0.032352 -0.820741 0.000000
vt -0.062500 -0.808253 0.000000
vt 0.115393 -0.954505 0.000000
vt 0.032352 -0.820741 0.000000
vt 0.000000 -0.825000 0.000000
vt 0.230358 -0.933451 0.000000
vt 0.088388 -0.788388 0.000000
vt 0.062500 -0.808253 0.000000
vt 0.108253 -0.762500 0.000000
vt 0.271694 -0.915775 0.000000
vt 0.120741 -0.732352 0.000000
vt 0.313050 -0.898145 0.000000
vt 0.354426 -0.880561 0.000000
vt 0.125000 -0.700000 0.000000
vt 0.462728 -0.826659 0.000000
vt 0.120741 -0.667647 0.000000
vt 0.563728 -0.760074 0.000000
vt 0.108253 -0.637500 0.000000
vt 0.215256 -0.253419 0.000000
vt 0.155746 -0.293768 0.000000
vt 0.655950 -0.681781 0.000000
vt 0.264701 -0.201220 0.000000
vt 0.738042 -0.592924 0.000000
vt 0.637500 -0.108253 0.000000
vt 0.667647 -0.120741 0.000000
vt 0.808803 -0.494804 0.000000
vt 0.700000 -0.125000 0.000000
vt 0.867199 -0.388858 0.000000
vt 0.732352 -0.120741 0.000000
vt 0.912375 -0.276636 0.000000
vt 0.762500 -0.108253 0.000000
vt 0.943668 -0.159780 0.000000
vt 0.788388 -0.088388 0.000000
vt 0.808253 -0.062500 0.000000
vt 0.960622 -0.040000 0.000000
vt 0.820741 -0.032352 0.000000
vt 0.825000 0.000000 0.000000
vt 0.953927 0.075528 0.000000
vt 0.820741 0.032352 0.000000
vt 0.808253 0.062500 0.000000
vt 0.933929 0.189508 0.000000
vt 0.788388 0.088388 0.000000
vt 0.762500 0.108253 0.000000
vt 0.900897 0.300416 0.000000
vt 0.732352 0.120741 0.000000
vt 0.700000 0.125000 0.000000
vt 0.855274 0.406764 0.000000
vt 0.667647 0.120741 0.000000
vt 0.797670 0.507130 0.000000
vt 0.637500 0.108253 0.000000
vt 0.728857 0.600168 0.000000
vt 0.264701 0.201220 0.000000
vt 0.649756 0.684634 0.000000
vt 0.215256 0.253419 0.000000
vt 0.561426 0.759397 0.000000
vt 0.108253 0.637500 0.000000
vt 0.120741 0.667647 0.000000
vt 0.465051 0.823453 0.000000
vt 0.125000 0.700000 0.000000
vt 0.361921 0.875947 0.000000
vt 0.120741 0.732352 0.000000
vt 0.108253 0.762500 0.000000
vt 0.088388 0.788388 0.000000
vt 0.062500 0.808253 0.000000
vt 0.032352 0.820741 0.000000
vt -0.161360 1.109691 0.000000
vt -0.000000 0.825000 0.000000
vt -0.032352 0.820741 0.000000
vt -0.062500 0.808253 0.000000
vt -0.088388 0.788388 0.000000
vt -0.108253 0.762500 0.000000
vt -0.120741 0.732352 0.000000
vt -0.681237 1.350909 0.000000
vt -0.125000 0.700000 0.000000
vt -0.700000 0.125000 0.000000
vt -0.667647 0.120741 0.000000
vt -0.732352 0.120741 0.000000
vt 0.324726 -0.071478 0.000000
vt 0.579259 -0.032352 0.000000
vt 0.332500 0.000000 0.000000
vt 0.575000 0.000000 0.000000
vt 0.579259 0.032352 0.000000
vt 0.591747 -0.062500 0.000000
vt 0.301769 -0.139613 0.000000
vt 0.611611 -0.088388 0.000000
vt 0.088388 -0.611611 0.000000
vt 0.088953 -0.320380 0.000000
vt 0.062500 -0.591747 0.000000
vt 0.032352 -0.579259 0.000000
vt 0.018001 -0.332012 0.000000
vt 0.000000 -0.575000 0.000000
vt -0.053793 -0.328120 0.000000
vt -0.032352 -0.579259 0.000000
vt -0.062500 -0.591747 0.000000
vt -0.123071 -0.308885 0.000000
vt -0.088388 -0.611611 0.000000
vt -0.186595 -0.275207 0.000000
vt -0.108253 -0.637500 0.000000
vt -0.120741 -0.667647 0.000000
vt -0.241394 -0.228660 0.000000
vt -0.667647 -0.120741 0.000000
vt -0.637500 -0.108253 0.000000
vt -0.284905 -0.171422 0.000000
vt -0.611611 -0.088388 0.000000
vt -0.315095 -0.106168 0.000000
vt -0.591747 -0.062500 0.000000
vt -0.579259 -0.032352 0.000000
vt -0.330551 -0.035950 0.000000
vt -0.575000 0.000000 0.000000
vt -0.330551 0.035950 0.000000
vt -0.579259 0.032352 0.000000
vt -0.315095 0.106168 0.000000
vt -0.591747 0.062500 0.000000
vt -0.611611 0.088388 0.000000
vt -0.284905 0.171422 0.000000
vt -0.637500 0.108253 0.000000
vt -0.241394 0.228660 0.000000
vt -0.120741 0.667647 0.000000
vt -0.186595 0.275207 0.000000
vt -0.108253 0.637500 0.000000
vt -0.088388 0.611611 0.000000
vt -0.123071 0.308885 0.000000
vt -0.062500 0.591747 0.000000
vt -0.053793 0.328120 0.000000
vt -0.032352 0.579259 0.000000
vt -0.000000 0.575000 0.000000
vt 0.018001 0.332012 0.000000
vt 0.032352 0.579259 0.000000
vt 0.088953 0.320380 0.000000
vt 0.062500 0.591747 0.000000
vt 0.088388 0.611611 0.000000
vt 0.155746 0.293768 0.000000
vt 0.301769 0.139613 0.000000
vt 0.611611 0.088388 0.000000
vt 0.591747 0.062500 0.000000
vt 0.324726 0.071478 0.000000
vt -0.125000 -0.700000 0.000000
vt -0.700000 -0.125000 0.000000
vt -0.808253 -0.062500 0.000000
vt -0.820741 -0.032352 0.000000
vt -0.825000 0.000000 0.000000
vt -0.820741 0.032352 0.000000
vt -0.461562 -0.235619 0.000000
vt 1.766596 -0.235619 0.000000
vt 0.652517 -0.168300 0.000000
vt 1.766596 -0.168300 0.000000
vt 0.652517 -0.100980 0.000000
vt 1.766596 -0.100980 0.000000
vt 0.652517 -0.033660 0.000000
vt 1.766596 -0.033660 0.000000
vt 0.652517 0.033660 0.000000
vt 1.766596 0.033660 0.000000
vt 0.652517 0.100980 0.000000
vt 1.766596 0.100980 0.000000
vt 0.652517 0.168300 0.000000
vt 1.766596 0.168300 0.000000
vt 1.766596 0.235619 0.000000
vt -0.386682 0.235619 0.000000
vt -0.388559 0.168300 0.000000
vt -0.394097 0.100980 0.000000
vt -0.403018 0.033660 0.000000
vt -0.414875 -0.033660 0.000000
vt -0.429073 -0.100980 0.000000
vt -0.444900 -0.168300 0.000000
vt -1.760000 1.970000 0.000000
vt -1.760000 1.268729 0.000000
vt 0.393278 1.970000 0.000000
vt 0.393278 1.268729 0.000000
vt -0.240400 0.007522 0.000000
vt -0.515340 0.600000 0.000000
vt -0.309204 -0.000000 0.000000
vt -0.522364 0.548236 0.000000
vt -0.542957 0.500000 0.000000
vt -0.175045 0.029709 0.000000
vt 0.000000 0.300000 0.000000
vt 0.000000 1.001271 0.000000
vt -0.116418 0.065451 0.000000
vt -0.067459 0.112953 0.000000
vt -0.030621 0.169835 0.000000
vt -0.007752 0.233244 0.000000
vt 0.000000 1.401271 0.000000
vt -0.515340 3.950000 0.000000
vt 0.000000 3.201271 0.000000
vt 0.000000 3.601271 0.000000
vt 0.000000 4.240000 0.000000
vt -0.175045 4.510291 0.000000
vt -0.240400 4.532478 0.000000
vt -0.007752 4.306756 0.000000
vt -0.030621 4.370165 0.000000
vt -0.067459 4.427047 0.000000
vt -0.116418 4.474549 0.000000
vt -0.309204 4.540000 0.000000
vt -0.522364 4.001764 0.000000
vt -0.542957 4.050000 0.000000
vt -0.575716 4.091421 0.000000
vt -0.618408 4.123205 0.000000
vt -0.668124 4.143185 0.000000
vt -0.721476 4.150000 0.000000
vt -2.282483 4.540000 0.000000
vt -2.282483 4.150000 0.000000
vt -0.575716 0.458579 0.000000
vt -0.618408 0.426795 0.000000
vt -0.668124 0.406815 0.000000
vt -0.721476 0.400000 0.000000
vt -2.282483 0.000000 0.000000
vt -2.282483 0.400000 0.000000
vt -1.701007 -0.235619 0.000000
vt 0.527150 -0.235619 0.000000
vt -0.586928 -0.168300 0.000000
vt 0.510488 -0.168300 0.000000
vt 0.494661 -0.100980 0.000000
vt -0.586928 -0.100980 0.000000
vt 0.480464 -0.033660 0.000000
vt -0.586928 -0.033660 0.000000
vt 0.468607 0.033660 0.000000
vt -0.586928 0.033660 0.000000
vt 0.459686 0.100980 0.000000
vt -0.586928 0.100980 0.000000
vt 0.454148 0.168300 0.000000
vt -0.586928 0.168300 0.000000
vt 0.452270 0.235619 0.000000
vt -1.701007 0.235619 0.000000
vt -1.701007 0.168300 0.000000
vt -1.701007 0.100980 0.000000
vt -1.701007 0.033660 0.000000
vt -1.701007 -0.033660 0.000000
vt -1.701007 -0.100980 0.000000
vt -1.701007 -0.168300 0.000000
vt -1.760000 -1.970000 0.000000
vt 0.393278 -1.970000 0.000000
vt -1.760000 -1.331271 0.000000
vt 0.393278 -1.331271 0.000000
vt -4.799430 0.387530 0.000000
vt -5.189430 0.387530 0.000000
vt -4.799430 0.243557 0.000000
vt -5.189430 0.232518 0.000000
vt -4.799430 0.099585 0.000000
vt -5.189430 0.077506 0.000000
vt -4.799430 -0.044388 0.000000
vt -5.189430 -0.077506 0.000000
vt -4.799430 -0.188360 0.000000
vt -5.189430 -0.232518 0.000000
vt -4.795675 -0.226867 0.000000
vt -4.784296 -0.265028 0.000000
vt -4.765498 -0.300130 0.000000
vt -5.189430 -0.387530 0.000000
vt -4.741000 -0.330078 0.000000
vt -4.711130 -0.354649 0.000000
vt -4.676074 -0.373547 0.000000
vt -4.637934 -0.385019 0.000000
vt -4.799430 -0.387530 0.000000
vt -4.599430 -0.388815 0.000000
vt -4.799430 -0.387958 0.000000
vt -4.799430 -0.388387 0.000000
vt -4.799430 -0.388815 0.000000
vt 0.233244 0.892478 0.000000
vt 0.169835 0.870291 0.000000
vt 0.300000 0.900000 0.000000
vt 1.001271 0.900000 0.000000
vt 0.112953 0.834549 0.000000
vt 0.065451 0.787047 0.000000
vt 1.401271 0.900000 0.000000
vt 0.029709 0.730165 0.000000
vt 0.007522 0.666756 0.000000
vt 0.000000 0.600000 0.000000
vt 4.540000 0.600000 0.000000
vt 4.532478 0.666756 0.000000
vt 3.201271 0.900000 0.000000
vt 4.510291 0.730165 0.000000
vt 4.474549 0.787047 0.000000
vt 0.000000 0.398715 0.000000
vt 0.400000 0.400000 0.000000
vt 0.600000 0.400000 0.000000
vt 3.950000 0.400000 0.000000
vt 4.150000 0.400000 0.000000
vt 0.400000 0.398715 0.000000
vt 0.400000 0.399143 0.000000
vt 0.400000 0.399572 0.000000
vt 4.540000 0.398715 0.000000
vt 4.150000 0.399572 0.000000
vt 4.150000 0.399143 0.000000
vt 4.150000 0.398715 0.000000
vt 3.601271 0.900000 0.000000
vt 4.427047 0.834549 0.000000
vt 4.370165 0.870291 0.000000
vt 4.306756 0.892478 0.000000
vt 4.240000 0.900000 0.000000
vt 3.100636 0.981748 0.000000
vt 2.700636 0.981748 0.000000
vt 3.100636 0.785398 0.000000
vt 2.700636 0.785398 0.000000
vt 3.100636 0.589049 0.000000
vt 2.700636 0.589049 0.000000
vt 3.100636 0.392699 0.000000
vt 2.700636 0.392699 0.000000
vt 3.100636 0.196350 0.000000
vt 2.700636 0.196350 0.000000
vt 3.100636 -0.000000 0.000000
vt 2.700636 -0.000000 0.000000
vt 3.100636 -0.196350 0.000000
vt 2.700636 -0.196350 0.000000
vt 3.100636 -0.392699 0.000000
vt 2.700636 -0.392699 0.000000
vt 3.100636 -0.589049 0.000000
vt 2.700636 -0.589049 0.000000
vt 3.100636 -0.785398 0.000000
vt 2.700636 -0.785398 0.000000
vt 3.100636 -0.981748 0.000000
vt 2.700636 -0.981748 0.000000
vt -1.035534 3.601271 0.000000
vt -1.225730 3.601271 0.000000
vt -1.035534 3.201271 0.000000
vt -1.225730 3.201271 0.000000
vt 0.900636 0.981748 0.000000
vt 0.500636 0.981748 0.000000
vt 0.900636 0.785398 0.000000
vt 0.500636 0.785398 0.000000
vt 0.900636 0.589049 0.000000
vt 0.500636 0.589049 0.000000
vt 0.900636 0.392699 0.000000
vt 0.500636 0.392699 0.000000
vt 0.900636 0.196350 0.000000
vt 0.500636 0.196350 0.000000
vt 0.900636 -0.000000 0.000000
vt 0.500636 -0.000000 0.000000
vt 0.900636 -0.196350 0.000000
vt 0.500636 -0.196350 0.000000
vt 0.900636 -0.392699 0.000000
vt 0.500636 -0.392699 0.000000
vt 0.900636 -0.589049 0.000000
vt 0.500636 -0.589049 0.000000
vt 0.900636 -0.785398 0.000000
vt 0.500636 -0.785398 0.000000
vt 0.900636 -0.981748 0.000000
vt 0.500636 -0.981748 0.000000
vt -1.035534 1.401271 0.000000
vt -1.225730 1.401271 0.000000
vt -1.035534 1.001271 0.000000
vt -1.225730 1.001271 0.000000
vt -3.538729 0.000000 0.000000
vt -3.138729 0.000000 0.000000
vt -3.538729 0.178750 0.000000
vt -3.138729 0.178750 0.000000
vt -3.138729 0.357501 0.000000
vt -3.538729 0.357501 0.000000
vt -3.138729 0.536251 0.000000
vt -3.538729 0.536251 0.000000
vt -3.138729 0.715001 0.000000
vt -3.538729 0.715001 0.000000
vt -3.138729 0.893752 0.000000
vt -3.538729 0.893752 0.000000
vt -3.138729 1.072502 0.000000
vt -3.538729 1.072502 0.000000
vt -3.138729 1.251252 0.000000
vt -3.538729 1.251252 0.000000
vt -3.138729 1.430003 0.000000
vt -3.538729 1.430003 0.000000
vt -3.538729 1.608753 0.000000
vt -3.138729 1.608753 0.000000
vt -1.338729 0.000000 0.000000
vt -0.938729 0.000000 0.000000
vt -1.338729 0.178750 0.000000
vt -0.938729 0.178750 0.000000
vt -0.938729 0.357501 0.000000
vt -1.338729 0.357501 0.000000
vt -0.938729 0.536251 0.000000
vt -1.338729 0.536251 0.000000
vt -0.938729 0.715001 0.000000
vt -1.338729 0.715001 0.000000
vt -0.938729 0.893752 0.000000
vt -1.338729 0.893752 0.000000
vt -0.938729 1.072502 0.000000
vt -1.338729 1.072502 0.000000
vt -0.938729 1.251252 0.000000
vt -1.338729 1.251252 0.000000
vt -0.938729 1.430003 0.000000
vt -1.338729 1.430003 0.000000
vt -1.338729 1.608753 0.000000
vt -0.938729 1.608753 0.000000
vt -1.760000 -0.931271 0.000000
vt 0.393278 -0.931271 0.000000
vt -1.760000 0.868729 0.000000
vt 0.393278 0.868729 0.000000
vt -4.540000 -0.155012 0.000000
vt -4.106068 -0.087400 0.000000
vt -4.540000 -0.000000 0.000000
vt -4.081570 -0.057452 0.000000
vt -4.051700 -0.032881 0.000000
vt -4.540000 -0.310024 0.000000
vt -4.140000 -0.199170 0.000000
vt -4.136245 -0.160663 0.000000
vt -4.124866 -0.122502 0.000000
vt -4.140000 -0.343142 0.000000
vt -4.540000 -0.465036 0.000000
vt -4.140000 -0.487115 0.000000
vt -4.540000 -0.620048 0.000000
vt -4.140000 -0.631087 0.000000
vt -4.540000 -0.775060 0.000000
vt -4.140000 -0.775060 0.000000
vt -4.016644 -0.013983 0.000000
vt -3.978503 -0.002511 0.000000
vt -4.140000 -0.000000 0.000000
vt -4.140000 0.000428 0.000000
vt -4.140000 0.000857 0.000000
vt -4.140000 0.001285 0.000000
vt -3.940000 0.001285 0.000000
vt 0.099969 0.372464 0.000000
vt -0.300000 0.372464 0.000000
vt 0.100000 0.300098 0.000000
vt -0.300000 0.256678 0.000000
vt 0.100000 0.227732 0.000000
vt -0.300000 0.140892 0.000000
vt 0.100000 0.155365 0.000000
vt 0.100000 0.082999 0.000000
vt -0.300000 0.025106 0.000000
vt 0.100000 0.010632 0.000000
vt 0.100000 -0.061734 0.000000
vt -0.300000 -0.090681 0.000000
vt 0.100000 -0.134100 0.000000
vt -0.300000 -0.206467 0.000000
vt 0.100000 -0.206467 0.000000
vt 0.100000 -0.278833 0.000000
vt -0.300000 -0.322253 0.000000
vt 0.100000 -0.351200 0.000000
vt -0.300000 -0.438039 0.000000
vt 0.100000 -0.423566 0.000000
vt 0.100000 -0.495933 0.000000
vt -0.300000 -0.553826 0.000000
vt 0.100000 -0.568299 0.000000
vt 0.100000 -0.640665 0.000000
vt -0.300000 -0.669612 0.000000
vt 0.100000 -0.713032 0.000000
vt -0.300000 -0.785398 0.000000
vt 0.100000 -0.785398 0.000000
vt 0.100000 0.372464 0.000000
vt 0.100000 0.475698 0.000000
vt 0.099969 0.475698 0.000000
vt 0.100000 0.578931 0.000000
vt 0.099969 0.578931 0.000000
vt 0.100000 0.682165 0.000000
vt 0.099969 0.682165 0.000000
vt 0.099969 0.785398 0.000000
vt 0.100000 0.785398 0.000000
vt 0.090000 0.372464 0.000000
vt -0.300000 0.372464 0.000000
vt 0.090000 0.256678 0.000000
vt -0.300000 0.256678 0.000000
vt 0.090000 0.140892 0.000000
vt -0.300000 0.140892 0.000000
vt 0.090000 0.025106 0.000000
vt -0.300000 0.025106 0.000000
vt 0.090000 -0.090681 0.000000
vt -0.300000 -0.090681 0.000000
vt 0.090000 -0.206467 0.000000
vt -0.300000 -0.206467 0.000000
vt 0.090000 -0.322253 0.000000
vt -0.300000 -0.322253 0.000000
vt 0.090000 -0.438039 0.000000
vt -0.300000 -0.438039 0.000000
vt 0.090000 -0.553826 0.000000
vt -0.300000 -0.553826 0.000000
vt 0.090000 -0.669612 0.000000
vt -0.300000 -0.669612 0.000000
vt 0.090000 -0.785398 0.000000
vt -0.300000 -0.785398 0.000000
vt -2.147378 1.773192 0.000000
vt -2.147378 -0.454966 0.000000
vt -1.946092 1.773192 0.000000
vt -1.791295 1.766130 0.000000
vt -1.637784 1.745001 0.000000
vt -0.808253 0.062500 0.000000
vt -1.486834 1.709982 0.000000
vt -1.339701 1.661364 0.000000
vt -1.197606 1.599550 0.000000
vt -0.788388 0.088388 0.000000
vt -0.762500 0.108253 0.000000
vt -0.232836 -0.932836 0.000000
vt -0.762500 -0.108253 0.000000
vt -0.788388 -0.088388 0.000000
vt -0.808253 -0.062500 0.000000
vt -0.117928 -0.954195 0.000000
vt -0.088388 -0.788388 0.000000
vt -0.108253 -0.762500 0.000000
vt -0.120741 -0.732352 0.000000
vt -0.001277 -0.961454 0.000000
vt -0.032352 -0.820741 0.000000
vt -0.062500 -0.808253 0.000000
vt 0.115393 -0.954505 0.000000
vt 0.032352 -0.820741 0.000000
vt 0.000000 -0.825000 0.000000
vt 0.230358 -0.933451 0.000000
vt 0.088388 -0.788388 0.000000
vt 0.062500 -0.808253 0.000000
vt 0.108253 -0.762500 0.000000
vt 0.271694 -0.915775 0.000000
vt 0.313050 -0.898145 0.000000
vt 0.120741 -0.732352 0.000000
vt 0.354426 -0.880561 0.000000
vt 0.125000 -0.700000 0.000000
vt 0.462728 -0.826659 0.000000
vt 0.120741 -0.667647 0.000000
vt 0.563728 -0.760074 0.000000
vt 0.108253 -0.637500 0.000000
vt 0.655950 -0.681781 0.000000
vt 0.215256 -0.253419 0.000000
vt 0.738042 -0.592924 0.000000
vt 0.264701 -0.201220 0.000000
vt 0.808803 -0.494804 0.000000
vt 0.667647 -0.120741 0.000000
vt 0.867199 -0.388858 0.000000
vt 0.700000 -0.125000 0.000000
vt 0.912375 -0.276636 0.000000
vt 0.732352 -0.120741 0.000000
vt 0.762500 -0.108253 0.000000
vt 0.943668 -0.159780 0.000000
vt 0.788388 -0.088388 0.000000
vt 0.808253 -0.062500 0.000000
vt 0.960622 -0.040000 0.000000
vt 0.820741 -0.032352 0.000000
vt 0.825000 0.000000 0.000000
vt 0.953927 0.075528 0.000000
vt 0.820741 0.032352 0.000000
vt 0.808253 0.062500 0.000000
vt 0.788388 0.088388 0.000000
vt 0.933929 0.189508 0.000000
vt 0.762500 0.108253 0.000000
vt 0.900897 0.300416 0.000000
vt 0.732352 0.120741 0.000000
vt 0.700000 0.125000 0.000000
vt 0.855274 0.406764 0.000000
vt 0.667647 0.120741 0.000000
vt 0.797670 0.507130 0.000000
vt 0.264701 0.201220 0.000000
vt 0.728857 0.600168 0.000000
vt 0.215256 0.253419 0.000000
vt 0.649756 0.684634 0.000000
vt 0.108253 0.637500 0.000000
vt 0.561426 0.759397 0.000000
vt 0.120741 0.667647 0.000000
vt 0.465051 0.823453 0.000000
vt 0.125000 0.700000 0.000000
vt 0.361921 0.875947 0.000000
vt 0.120741 0.732352 0.000000
vt 0.108253 0.762500 0.000000
vt 0.088388 0.788388 0.000000
vt 0.062500 0.808253 0.000000
vt 0.032352 0.820741 0.000000
vt -0.161360 1.109691 0.000000
vt -0.000000 0.825000 0.000000
vt -0.032352 0.820741 0.000000
vt -0.062500 0.808253 0.000000
vt -0.088388 0.788388 0.000000
vt -0.108253 0.762500 0.000000
vt -0.120741 0.732352 0.000000
vt -0.681237 1.350909 0.000000
vt -0.125000 0.700000 0.000000
vt -0.732352 0.120741 0.000000
vt -0.700000 0.125000 0.000000
vt 0.324726 -0.071478 0.000000
vt 0.579259 -0.032352 0.000000
vt 0.332500 0.000000 0.000000
vt 0.575000 0.000000 0.000000
vt 0.579259 0.032352 0.000000
vt 0.591747 -0.062500 0.000000
vt 0.301769 -0.139613 0.000000
vt 0.611611 -0.088388 0.000000
vt 0.637500 -0.108253 0.000000
vt 0.155746 -0.293768 0.000000
vt 0.088388 -0.611611 0.000000
vt 0.062500 -0.591747 0.000000
vt 0.088953 -0.320380 0.000000
vt 0.032352 -0.579259 0.000000
vt 0.018001 -0.332012 0.000000
vt 0.000000 -0.575000 0.000000
vt -0.053793 -0.328120 0.000000
vt -0.032352 -0.579259 0.000000
vt -0.062500 -0.591747 0.000000
vt -0.123071 -0.308885 0.000000
vt -0.088388 -0.611611 0.000000
vt -0.186595 -0.275207 0.000000
vt -0.108253 -0.637500 0.000000
vt -0.241394 -0.228660 0.000000
vt -0.120741 -0.667647 0.000000
vt -0.667647 -0.120741 0.000000
vt -0.700000 -0.125000 0.000000
vt -0.637500 -0.108253 0.000000
vt -0.284905 -0.171422 0.000000
vt -0.611611 -0.088388 0.000000
vt -0.315095 -0.106168 0.000000
vt -0.591747 -0.062500 0.000000
vt -0.330551 -0.035950 0.000000
vt -0.579259 -0.032352 0.000000
vt -0.575000 0.000000 0.000000
vt -0.330551 0.035950 0.000000
vt -0.579259 0.032352 0.000000
vt -0.591747 0.062500 0.000000
vt -0.315095 0.106168 0.000000
vt -0.611611 0.088388 0.000000
vt -0.284905 0.171422 0.000000
vt -0.637500 0.108253 0.000000
vt -0.241394 0.228660 0.000000
vt -0.667647 0.120741 0.000000
vt -0.120741 0.667647 0.000000
vt -0.108253 0.637500 0.000000
vt -0.186595 0.275207 0.000000
vt -0.088388 0.611611 0.000000
vt -0.123071 0.308885 0.000000
vt -0.062500 0.591747 0.000000
vt -0.053793 0.328120 0.000000
vt -0.032352 0.579259 0.000000
vt -0.000000 0.575000 0.000000
vt 0.018001 0.332012 0.000000
vt 0.032352 0.579259 0.000000
vt 0.088953 0.320380 0.000000
vt 0.062500 0.591747 0.000000
vt 0.155746 0.293768 0.000000
vt 0.088388 0.611611 0.000000
vt 0.637500 0.108253 0.000000
vt 0.301769 0.139613 0.000000
vt 0.611611 0.088388 0.000000
vt 0.591747 0.062500 0.000000
vt 0.324726 0.071478 0.000000
vt -0.125000 -0.700000 0.000000
vt -0.732352 -0.120741 0.000000
vt -0.820741 -0.032352 0.000000
vt -0.825000 0.000000 0.000000
vt -0.820741 0.032352 0.000000
vt 0.399969 2.500218 0.000000
vt 0.399969 2.431653 0.000000
vt 0.400000 2.500218 0.000000
vt 0.400000 2.431653 0.000000
vt 0.399969 2.363089 0.000000
vt 0.400000 2.363089 0.000000
vt 0.399969 2.294524 0.000000
vt 0.400000 2.294524 0.000000
vt 0.399969 2.225959 0.000000
vt 0.400000 2.225959 0.000000
vt 0.399969 2.212476 0.000000
vt 0.400000 2.212476 0.000000
vt 2.706807 1.494506 0.000000
vt 2.707455 1.507974 0.000000
vt 2.706807 1.508000 0.000000
vt 2.707820 1.576523 0.000000
vt 2.701484 1.611050 0.000000
vt 2.703301 1.644924 0.000000
vt 2.685569 1.713003 0.000000
vt 2.693920 1.712829 0.000000
vt 2.679723 1.779893 0.000000
vt 2.659232 1.812773 0.000000
vt 2.660683 1.823006 0.000000
vt 2.641694 1.866141 0.000000
vt 2.622755 1.909298 0.000000
vt -5.199430 -1.719354 0.000000
vt -4.799430 -1.719354 0.000000
vt -5.199430 -1.193366 0.000000
vt -4.799430 -1.146236 0.000000
vt -5.199430 -0.667378 0.000000
vt -4.799430 -0.573118 0.000000
vt -5.199430 -0.141390 0.000000
vt -5.199400 -0.141390 0.000000
vt -4.799430 0.000000 0.000000
vt -5.199400 -0.094260 0.000000
vt -5.199400 -0.047130 0.000000
vt -5.199400 0.000000 0.000000
vt -0.399969 -0.718915 0.000000
vt 0.000000 -0.753848 0.000000
vt -0.399969 -0.702227 0.000000
vt 0.000000 -0.636899 0.000000
vt -0.400000 -0.641468 0.000000
vt -0.400000 -0.580709 0.000000
vt -0.000000 -0.519951 0.000000
vt -0.400000 -0.519951 0.000000
vt -0.399969 -0.786122 0.000000
vt 0.000000 -0.870797 0.000000
vt -0.399969 -0.853330 0.000000
vt -0.399969 -0.920538 0.000000
vt -0.399969 -0.987745 0.000000
vt -0.000000 -0.987745 0.000000
vt -0.400000 -0.702227 0.000000
vt -4.150000 -0.519951 0.000000
vt -4.540000 -0.519951 0.000000
vt -4.150000 -0.636899 0.000000
vt -4.540000 -0.636899 0.000000
vt -4.150000 -0.753848 0.000000
vt -4.540000 -0.753848 0.000000
vt -4.150000 -0.870797 0.000000
vt -4.540000 -0.870797 0.000000
vt -4.150000 -0.987745 0.000000
vt -4.540000 -0.987745 0.000000
vt 1.689431 -0.134872 0.000000
vt 2.089400 -0.134872 0.000000
vt 1.689431 -0.089914 0.000000
vt 2.089400 -0.089914 0.000000
vt 1.689431 -0.044957 0.000000
vt 2.089400 -0.044957 0.000000
vt 1.689431 -0.000000 0.000000
vt 2.089400 -0.000000 0.000000
vt 0.799547 1.711976 0.000000
vt 0.806868 1.710503 0.000000
vt 0.813357 1.777735 0.000000
vt 0.831756 1.807644 0.000000
vt 0.831033 1.819072 0.000000
vt 0.848663 1.860428 0.000000
vt 0.866246 1.901804 0.000000
vt 0.790364 1.645412 0.000000
vt 0.791835 1.611358 0.000000
vt 0.785852 1.578370 0.000000
vt 0.786807 1.511205 0.000000
vt 0.786034 1.511176 0.000000
vt 0.786807 1.494506 0.000000
vt 0.399969 4.286506 0.000000
vt 0.400000 4.286506 0.000000
vt 0.399969 4.303205 0.000000
vt 0.400000 4.303205 0.000000
vt 1.747378 1.761538 0.000000
vt 1.605275 1.738678 0.000000
vt 1.747378 -0.554806 0.000000
vt 0.808253 0.062500 0.000000
vt 0.820741 0.032352 0.000000
vt 1.465616 1.703880 0.000000
vt 1.329400 1.657392 0.000000
vt 1.197606 1.599550 0.000000
vt 0.788388 0.088388 0.000000
vt 0.723835 1.371076 0.000000
vt 0.762500 0.108253 0.000000
vt 0.732352 0.120741 0.000000
vt 0.700000 0.125000 0.000000
vt 0.247100 1.148852 0.000000
vt 0.125000 0.700000 0.000000
vt 0.120741 0.732352 0.000000
vt 0.108253 0.762500 0.000000
vt 0.088388 0.788388 0.000000
vt 0.052871 0.960000 0.000000
vt 0.062500 0.808253 0.000000
vt 0.032352 0.820741 0.000000
vt 0.039378 0.960000 0.000000
vt -0.000000 0.825000 0.000000
vt -0.063673 0.954676 0.000000
vt -0.032352 0.820741 0.000000
vt -0.062500 0.808253 0.000000
vt -0.165625 0.938761 0.000000
vt -0.088388 0.788388 0.000000
vt -0.108253 0.762500 0.000000
vt -0.265396 0.912425 0.000000
vt -0.120741 0.732352 0.000000
vt -0.361921 0.875947 0.000000
vt -0.125000 0.700000 0.000000
vt -0.427096 0.844535 0.000000
vt -0.120741 0.667647 0.000000
vt -0.489830 0.808492 0.000000
vt -0.549794 0.768008 0.000000
vt -0.232515 0.932916 0.000000
vt -0.165451 0.947112 0.000000
vt -0.097546 0.956494 0.000000
vt -0.029145 0.961013 0.000000
vt 0.039404 0.960647 0.000000
vt -0.606673 0.723294 0.000000
vt -0.215256 0.253419 0.000000
vt -0.108253 0.637500 0.000000
vt -0.660171 0.674585 0.000000
vt -0.264701 0.201220 0.000000
vt -0.710007 0.622135 0.000000
vt -0.755920 0.566219 0.000000
vt -0.797670 0.507130 0.000000
vt -0.667647 0.120741 0.000000
vt -0.637500 0.108253 0.000000
vt -0.301769 0.139613 0.000000
vt -0.611611 0.088388 0.000000
vt -0.591747 0.062500 0.000000
vt -0.835039 0.445176 0.000000
vt -0.700000 0.125000 0.000000
vt -0.867830 0.380683 0.000000
vt -0.895872 0.313988 0.000000
vt -0.732352 0.120741 0.000000
vt -0.919019 0.245440 0.000000
vt -0.762500 0.108253 0.000000
vt -0.937149 0.175398 0.000000
vt -0.788388 0.088388 0.000000
vt -0.808253 0.062500 0.000000
vt -0.950167 0.104228 0.000000
vt -0.820741 0.032352 0.000000
vt -0.958005 0.032303 0.000000
vt -0.825000 0.000000 0.000000
vt -0.960622 -0.040000 0.000000
vt -0.820741 -0.032352 0.000000
vt -0.952870 -0.107633 0.000000
vt -0.808253 -0.062500 0.000000
vt -0.940533 -0.174582 0.000000
vt -0.788388 -0.088388 0.000000
vt -0.762500 -0.108253 0.000000
vt -0.923671 -0.240537 0.000000
vt -0.902360 -0.305191 0.000000
vt -0.732352 -0.120741 0.000000
vt -0.876699 -0.368246 0.000000
vt -0.700000 -0.125000 0.000000
vt -0.846808 -0.429409 0.000000
vt -0.667647 -0.120741 0.000000
vt -0.812825 -0.488396 0.000000
vt -0.774908 -0.544935 0.000000
vt -0.637500 -0.108253 0.000000
vt -0.733231 -0.598763 0.000000
vt -0.264701 -0.201220 0.000000
vt -0.687989 -0.649630 0.000000
vt -0.215256 -0.253419 0.000000
vt -0.639391 -0.697302 0.000000
vt -0.587662 -0.741557 0.000000
vt -0.108253 -0.637500 0.000000
vt -0.533042 -0.782189 0.000000
vt -0.120741 -0.667647 0.000000
vt -0.475784 -0.819012 0.000000
vt -0.416153 -0.851853 0.000000
vt -0.125000 -0.700000 0.000000
vt -0.354426 -0.880561 0.000000
vt -0.120741 -0.732352 0.000000
vt -0.260266 -0.915052 0.000000
vt -0.108253 -0.762500 0.000000
vt -0.163125 -0.939939 0.000000
vt -0.088388 -0.788388 0.000000
vt -0.062500 -0.808253 0.000000
vt -0.063980 -0.954972 0.000000
vt -0.032352 -0.820741 0.000000
vt -0.000000 -0.825000 0.000000
vt 0.036172 -0.960000 0.000000
vt 0.032352 -0.820741 0.000000
vt 0.052871 -0.960000 0.000000
vt 0.113392 -0.954745 0.000000
vt 0.173460 -0.945678 0.000000
vt 0.088388 -0.788388 0.000000
vt 0.062500 -0.808253 0.000000
vt 0.232836 -0.932836 0.000000
vt 0.108253 -0.762500 0.000000
vt 0.120741 -0.732352 0.000000
vt 0.125000 -0.700000 0.000000
vt 0.120741 -0.667647 0.000000
vt 0.667647 -0.120741 0.000000
vt 0.241394 -0.228660 0.000000
vt 0.637500 -0.108253 0.000000
vt 0.284905 -0.171422 0.000000
vt 0.611611 -0.088388 0.000000
vt 0.315095 -0.106168 0.000000
vt 0.591747 -0.062500 0.000000
vt 0.579259 -0.032352 0.000000
vt 0.732352 -0.120741 0.000000
vt 0.700000 -0.125000 0.000000
vt -0.324726 0.071478 0.000000
vt -0.579259 0.032352 0.000000
vt -0.332500 -0.000000 0.000000
vt -0.575000 0.000000 0.000000
vt -0.579259 -0.032352 0.000000
vt -0.155746 0.293768 0.000000
vt -0.088388 0.611611 0.000000
vt -0.088953 0.320380 0.000000
vt -0.062500 0.591747 0.000000
vt -0.032352 0.579259 0.000000
vt -0.018001 0.332012 0.000000
vt -0.000000 0.575000 0.000000
vt 0.053793 0.328120 0.000000
vt 0.032352 0.579259 0.000000
vt 0.062500 0.591747 0.000000
vt 0.123071 0.308885 0.000000
vt 0.088388 0.611611 0.000000
vt 0.186595 0.275207 0.000000
vt 0.108253 0.637500 0.000000
vt 0.120741 0.667647 0.000000
vt 0.241394 0.228660 0.000000
vt 0.667647 0.120741 0.000000
vt 0.637500 0.108253 0.000000
vt 0.284905 0.171422 0.000000
vt 0.611611 0.088388 0.000000
vt 0.315095 0.106168 0.000000
vt 0.591747 0.062500 0.000000
vt 0.579259 0.032352 0.000000
vt 0.330551 0.035950 0.000000
vt 0.575000 0.000000 0.000000
vt 0.330551 -0.035950 0.000000
vt 0.186595 -0.275207 0.000000
vt 0.108253 -0.637500 0.000000
vt 0.088388 -0.611611 0.000000
vt 0.123071 -0.308885 0.000000
vt 0.062500 -0.591747 0.000000
vt 0.053793 -0.328120 0.000000
vt 0.032352 -0.579259 0.000000
vt -0.000000 -0.575000 0.000000
vt -0.018001 -0.332012 0.000000
vt -0.032352 -0.579259 0.000000
vt -0.088953 -0.320380 0.000000
vt -0.062500 -0.591747 0.000000
vt -0.088388 -0.611611 0.000000
vt -0.155746 -0.293768 0.000000
vt -0.301769 -0.139613 0.000000
vt -0.611611 -0.088388 0.000000
vt -0.591747 -0.062500 0.000000
vt -0.324726 -0.071478 0.000000
vt 0.825000 -0.000000 0.000000
vt 0.820741 -0.032352 0.000000
vt 0.808253 -0.062500 0.000000
vt 0.788388 -0.088388 0.000000
vt 0.762500 -0.108253 0.000000
vt -0.066325 1.642015 0.000000
vt -0.267610 1.642015 0.000000
vt -0.066325 -0.586143 0.000000
vt -0.422407 1.634952 0.000000
vt -0.575918 1.613824 0.000000
vt -1.405449 -0.068677 0.000000
vt -0.726868 1.578805 0.000000
vt -0.874002 1.530187 0.000000
vt -1.016097 1.468372 0.000000
vt -1.425314 -0.042789 0.000000
vt -1.451203 -0.022924 0.000000
vt -1.532465 1.219731 0.000000
vt -1.481350 -0.010436 0.000000
vt -2.088702 0.568823 0.000000
vt -1.513703 -0.006177 0.000000
vt -2.092962 0.536470 0.000000
vt -1.546055 -0.010436 0.000000
vt -1.972309 0.097483 0.000000
vt -1.576203 -0.022924 0.000000
vt -1.928797 0.040245 0.000000
vt -1.602091 -0.042789 0.000000
vt -1.898608 -0.025009 0.000000
vt -1.621956 -0.068677 0.000000
vt -1.883152 -0.095228 0.000000
vt -1.634443 -0.098825 0.000000
vt -1.638703 -0.131177 0.000000
vt -1.883152 -0.167127 0.000000
vt -1.634443 -0.163530 0.000000
vt -1.621956 -0.193677 0.000000
vt -1.898608 -0.237345 0.000000
vt -1.602091 -0.219565 0.000000
vt -1.928797 -0.302599 0.000000
vt -1.576203 -0.239430 0.000000
vt -1.972309 -0.359837 0.000000
vt -1.546055 -0.251918 0.000000
vt -2.092962 -0.798825 0.000000
vt -1.513703 -0.256177 0.000000
vt -2.088702 -0.831177 0.000000
vt -1.980866 -1.064013 0.000000
vt -2.092962 -0.863529 0.000000
vt -2.105449 -0.893677 0.000000
vt -2.092962 0.601175 0.000000
vt -2.052343 0.978514 0.000000
vt -2.105449 0.631323 0.000000
vt -2.125314 0.657211 0.000000
vt -2.151202 0.677076 0.000000
vt -2.181350 0.689563 0.000000
vt -2.213702 0.693823 0.000000
vt -2.246055 0.689563 0.000000
vt -2.575623 0.744770 0.000000
vt -2.276202 0.677076 0.000000
vt -2.302091 0.657211 0.000000
vt -2.321956 0.631323 0.000000
vt -2.334443 0.601175 0.000000
vt -2.338702 0.568823 0.000000
vt -2.678753 0.692276 0.000000
vt -2.334443 0.536470 0.000000
vt -2.775129 0.628219 0.000000
vt -2.321956 0.506323 0.000000
vt -2.863458 0.553457 0.000000
vt -2.428958 0.122242 0.000000
vt -2.942559 0.468991 0.000000
vt -2.478403 0.070043 0.000000
vt -3.011373 0.375953 0.000000
vt -2.881350 -0.010436 0.000000
vt -3.068977 0.275587 0.000000
vt -2.913702 -0.006177 0.000000
vt -3.114600 0.169238 0.000000
vt -2.946055 -0.010436 0.000000
vt -2.976202 -0.022924 0.000000
vt -3.147632 0.058331 0.000000
vt -3.002091 -0.042789 0.000000
vt -3.167629 -0.055649 0.000000
vt -3.021955 -0.068677 0.000000
vt -3.034443 -0.098825 0.000000
vt -3.038702 -0.131177 0.000000
vt -3.174325 -0.171177 0.000000
vt -3.034443 -0.163530 0.000000
vt -3.021955 -0.193677 0.000000
vt -3.157371 -0.290957 0.000000
vt -3.002091 -0.219565 0.000000
vt -2.976202 -0.239430 0.000000
vt -3.126077 -0.407813 0.000000
vt -2.946055 -0.251918 0.000000
vt -2.913702 -0.256177 0.000000
vt -3.080902 -0.520035 0.000000
vt -2.881350 -0.251918 0.000000
vt -3.022506 -0.625982 0.000000
vt -2.478403 -0.332398 0.000000
vt -2.951744 -0.724101 0.000000
vt -2.428958 -0.384596 0.000000
vt -2.869652 -0.812958 0.000000
vt -2.321956 -0.768677 0.000000
vt -2.777431 -0.891252 0.000000
vt -2.334443 -0.798825 0.000000
vt -2.676430 -0.957836 0.000000
vt -2.338702 -0.831177 0.000000
vt -2.568129 -1.011738 0.000000
vt -2.334443 -0.863529 0.000000
vt -2.526753 -1.029322 0.000000
vt -2.321956 -0.893677 0.000000
vt -2.485396 -1.046952 0.000000
vt -2.444060 -1.064628 0.000000
vt -2.302091 -0.919565 0.000000
vt -2.329095 -1.085682 0.000000
vt -2.276202 -0.939430 0.000000
vt -2.246055 -0.951918 0.000000
vt -2.212426 -1.092631 0.000000
vt -2.213702 -0.956177 0.000000
vt -2.181350 -0.951918 0.000000
vt -2.095775 -1.085372 0.000000
vt -2.151202 -0.939430 0.000000
vt -2.125314 -0.919565 0.000000
vt -1.451203 -0.239430 0.000000
vt -1.481350 -0.251918 0.000000
vt -2.851202 -0.022924 0.000000
vt -2.515471 0.008436 0.000000
vt -2.825314 -0.042789 0.000000
vt -2.805449 -0.068677 0.000000
vt -2.538429 -0.059699 0.000000
vt -2.792962 -0.098825 0.000000
vt -2.546202 -0.131177 0.000000
vt -2.788702 -0.131177 0.000000
vt -2.792962 -0.163530 0.000000
vt -2.538429 -0.202655 0.000000
vt -2.805449 -0.193677 0.000000
vt -2.515471 -0.270790 0.000000
vt -2.825314 -0.219565 0.000000
vt -2.851202 -0.239430 0.000000
vt -1.392962 -0.098825 0.000000
vt -1.388703 -0.131177 0.000000
vt -1.392962 -0.163530 0.000000
vt -1.405449 -0.193677 0.000000
vt -1.425314 -0.219565 0.000000
vt -2.369448 -0.424945 0.000000
vt -2.302091 -0.742789 0.000000
vt -2.276202 -0.722924 0.000000
vt -2.302656 -0.451558 0.000000
vt -2.246055 -0.710436 0.000000
vt -2.231704 -0.463190 0.000000
vt -2.213702 -0.706177 0.000000
vt -2.159910 -0.459297 0.000000
vt -2.181350 -0.710436 0.000000
vt -2.151202 -0.722924 0.000000
vt -2.090632 -0.440062 0.000000
vt -2.125314 -0.742789 0.000000
vt -2.027108 -0.406384 0.000000
vt -2.105449 -0.768677 0.000000
vt -2.105449 0.506323 0.000000
vt -2.027108 0.144029 0.000000
vt -2.125314 0.480434 0.000000
vt -2.090632 0.177708 0.000000
vt -2.151202 0.460569 0.000000
vt -2.159910 0.196943 0.000000
vt -2.181350 0.448082 0.000000
vt -2.213702 0.443823 0.000000
vt -2.231704 0.200835 0.000000
vt -2.246055 0.448082 0.000000
vt -2.302656 0.189203 0.000000
vt -2.276202 0.460569 0.000000
vt -2.369448 0.162591 0.000000
vt -2.302091 0.480434 0.000000
vt 0.000000 4.286506 0.000000
vt 0.000031 4.286506 0.000000
vt 0.000000 4.300000 0.000000
vt 0.000031 4.300000 0.000000
vt 0.400000 -0.359974 0.000000
vt -0.000000 -0.359974 0.000000
vt 0.400000 -0.392699 0.000000
vt 0.000000 -0.392699 0.000000
vt 0.400000 0.392699 0.000000
vt 0.000000 0.392699 0.000000
vt 0.400000 0.359974 0.000000
vt -0.000000 0.359974 0.000000
vt 0.400000 0.327249 0.000000
vt -0.000000 0.327249 0.000000
vt 0.400000 0.294524 0.000000
vt -0.000000 0.294524 0.000000
vt 0.400000 0.261799 0.000000
vt -0.000000 0.261799 0.000000
vt 0.400000 0.229074 0.000000
vt -0.000000 0.229074 0.000000
vt 0.400000 0.196350 0.000000
vt -0.000000 0.196350 0.000000
vt 0.400000 0.163625 0.000000
vt -0.000000 0.163625 0.000000
vt 0.400000 0.130900 0.000000
vt -0.000000 0.130900 0.000000
vt 0.400000 0.098175 0.000000
vt -0.000000 0.098175 0.000000
vt 0.400000 0.065450 0.000000
vt -0.000000 0.065450 0.000000
vt 0.400000 0.032725 0.000000
vt -0.000000 0.032725 0.000000
vt 0.400000 -0.000000 0.000000
vt -0.000000 -0.000000 0.000000
vt 0.400000 -0.032725 0.000000
vt -0.000000 -0.032725 0.000000
vt 0.400000 -0.065450 0.000000
vt -0.000000 -0.065450 0.000000
vt 0.400000 -0.098175 0.000000
vt -0.000000 -0.098175 0.000000
vt 0.400000 -0.130900 0.000000
vt -0.000000 -0.130900 0.000000
vt 0.400000 -0.163625 0.000000
vt -0.000000 -0.163625 0.000000
vt 0.400000 -0.196350 0.000000
vt -0.000000 -0.196350 0.000000
vt 0.400000 -0.229074 0.000000
vt -0.000000 -0.229074 0.000000
vt 0.400000 -0.261799 0.000000
vt -0.000000 -0.261799 0.000000
vt 0.400000 -0.294524 0.000000
vt -0.000000 -0.294524 0.000000
vt 0.400000 -0.327249 0.000000
vt -0.000000 -0.327249 0.000000
vt 0.400000 -0.359974 0.000000
vt -0.000000 -0.359974 0.000000
vt 0.400000 -0.392699 0.000000
vt -0.000000 -0.392699 0.000000
vt 0.400000 0.392699 0.000000
vt -0.000000 0.392699 0.000000
vt 0.400000 0.359974 0.000000
vt -0.000000 0.359974 0.000000
vt 0.400000 0.327249 0.000000
vt -0.000000 0.327249 0.000000
vt 0.400000 0.294524 0.000000
vt -0.000000 0.294524 0.000000
vt 0.400000 0.261799 0.000000
vt -0.000000 0.261799 0.000000
vt 0.400000 0.229074 0.000000
vt -0.000000 0.229074 0.000000
vt 0.400000 0.196350 0.000000
vt -0.000000 0.196350 0.000000
vt 0.400000 0.163625 0.000000
vt -0.000000 0.163625 0.000000
vt 0.400000 0.130900 0.000000
vt -0.000000 0.130900 0.000000
vt 0.400000 0.098175 0.000000
vt -0.000000 0.098175 0.000000
vt 0.400000 0.065450 0.000000
vt -0.000000 0.065450 0.000000
vt 0.400000 0.032725 0.000000
vt -0.000000 0.032725 0.000000
vt 0.400000 0.000000 0.000000
vt -0.000000 -0.000000 0.000000
vt 0.400000 -0.032725 0.000000
vt -0.000000 -0.032725 0.000000
vt 0.400000 -0.065450 0.000000
vt -0.000000 -0.065450 0.000000
vt 0.400000 -0.098175 0.000000
vt -0.000000 -0.098175 0.000000
vt 0.400000 -0.130900 0.000000
vt -0.000000 -0.130900 0.000000
vt 0.400000 -0.163625 0.000000
vt -0.000000 -0.163625 0.000000
vt 0.400000 -0.196350 0.000000
vt -0.000000 -0.196350 0.000000
vt 0.400000 -0.229074 0.000000
vt -0.000000 -0.229074 0.000000
vt 0.400000 -0.261799 0.000000
vt -0.000000 -0.261799 0.000000
vt 0.400000 -0.294524 0.000000
vt -0.000000 -0.294524 0.000000
vt 0.400000 -0.327249 0.000000
vt -0.000000 -0.327249 0.000000
vt 0.400000 -0.359974 0.000000
vt -0.000000 -0.359974 0.000000
vt 0.400000 -0.392699 0.000000
vt -0.000000 -0.392699 0.000000
vt 0.400000 0.392699 0.000000
vt -0.000000 0.392699 0.000000
vt 0.400000 0.359974 0.000000
vt -0.000000 0.359974 0.000000
vt 0.400000 0.327249 0.000000
vt -0.000000 0.327249 0.000000
vt 0.400000 0.294524 0.000000
vt -0.000000 0.294524 0.000000
vt 0.400000 0.261799 0.000000
vt -0.000000 0.261799 0.000000
vt 0.400000 0.229074 0.000000
vt -0.000000 0.229074 0.000000
vt 0.400000 0.196350 0.000000
vt -0.000000 0.196350 0.000000
vt 0.400000 0.163625 0.000000
vt -0.000000 0.163625 0.000000
vt 0.400000 0.130900 0.000000
vt -0.000000 0.130900 0.000000
vt 0.400000 0.098175 0.000000
vt -0.000000 0.098175 0.000000
vt 0.400000 0.065450 0.000000
vt -0.000000 0.065450 0.000000
vt 0.400000 0.032725 0.000000
vt -0.000000 0.032725 0.000000
vt 0.400000 -0.000000 0.000000
vt -0.000000 -0.000000 0.000000
vt 0.400000 -0.032725 0.000000
vt -0.000000 -0.032725 0.000000
vt 0.400000 -0.065450 0.000000
vt -0.000000 -0.065450 0.000000
vt 0.400000 -0.098175 0.000000
vt -0.000000 -0.098175 0.000000
vt 0.400000 -0.130900 0.000000
vt -0.000000 -0.130900 0.000000
vt 0.400000 -0.163625 0.000000
vt -0.000000 -0.163625 0.000000
vt 0.400000 -0.196350 0.000000
vt -0.000000 -0.196350 0.000000
vt 0.400000 -0.229074 0.000000
vt -0.000000 -0.229074 0.000000
vt 0.400000 -0.261799 0.000000
vt -0.000000 -0.261799 0.000000
vt 0.400000 -0.294524 0.000000
vt -0.000000 -0.294524 0.000000
vt 0.400000 -0.327249 0.000000
vt -0.000000 -0.327249 0.000000
vt 0.400000 -0.359974 0.000000
vt -0.000000 -0.359974 0.000000
vt 0.400000 -0.392699 0.000000
vt 0.000000 -0.392699 0.000000
vt 0.400000 0.392699 0.000000
vt 0.000000 0.392699 0.000000
vt 0.400000 0.359974 0.000000
vt -0.000000 0.359974 0.000000
vt 0.400000 0.327249 0.000000
vt -0.000000 0.327249 0.000000
vt 0.400000 0.294524 0.000000
vt -0.000000 0.294524 0.000000
vt 0.400000 0.261799 0.000000
vt -0.000000 0.261799 0.000000
vt 0.400000 0.229074 0.000000
vt -0.000000 0.229074 0.000000
vt 0.400000 0.196350 0.000000
vt -0.000000 0.196350 0.000000
vt 0.400000 0.163625 0.000000
vt -0.000000 0.163625 0.000000
vt 0.400000 0.130900 0.000000
vt -0.000000 0.130900 0.000000
vt 0.400000 0.098175 0.000000
vt -0.000000 0.098175 0.000000
vt 0.400000 0.065450 0.000000
vt -0.000000 0.065450 0.000000
vt 0.400000 0.032725 0.000000
vt -0.000000 0.032725 0.000000
vt 0.400000 -0.000000 0.000000
vt -0.000000 -0.000000 0.000000
vt 0.400000 -0.032725 0.000000
vt -0.000000 -0.032725 0.000000
vt 0.400000 -0.065450 0.000000
vt -0.000000 -0.065450 0.000000
vt 0.400000 -0.098175 0.000000
vt -0.000000 -0.098175 0.000000
vt 0.400000 -0.130900 0.000000
vt -0.000000 -0.130900 0.000000
vt 0.400000 -0.163625 0.000000
vt -0.000000 -0.163625 0.000000
vt 0.400000 -0.196350 0.000000
vt -0.000000 -0.196350 0.000000
vt 0.400000 -0.229074 0.000000
vt -0.000000 -0.229074 0.000000
vt 0.400000 -0.261799 0.000000
vt -0.000000 -0.261799 0.000000
vt 0.400000 -0.294524 0.000000
vt -0.000000 -0.294524 0.000000
vt 0.400000 -0.327249 0.000000
vt -0.000000 -0.327249 0.000000
vt 0.400000 -0.972540 0.000000
vt -0.000000 -0.972540 0.000000
vt 0.400000 -1.044580 0.000000
vt 0.000000 -1.044580 0.000000
vt 0.400000 1.044580 0.000000
vt 0.000000 1.044580 0.000000
vt 0.400000 0.972540 0.000000
vt -0.000000 0.972540 0.000000
vt 0.400000 0.900500 0.000000
vt -0.000000 0.900500 0.000000
vt 0.400000 0.828460 0.000000
vt -0.000000 0.828460 0.000000
vt 0.400000 0.756420 0.000000
vt -0.000000 0.756420 0.000000
vt 0.400000 0.684380 0.000000
vt -0.000000 0.684380 0.000000
vt 0.400000 0.612340 0.000000
vt -0.000000 0.612340 0.000000
vt 0.400000 0.540300 0.000000
vt -0.000000 0.540300 0.000000
vt 0.400000 0.468260 0.000000
vt -0.000000 0.468260 0.000000
vt 0.400000 0.396220 0.000000
vt -0.000000 0.396220 0.000000
vt 0.400000 0.324180 0.000000
vt -0.000000 0.324180 0.000000
vt 0.400000 0.252140 0.000000
vt -0.000000 0.252140 0.000000
vt 0.400000 0.180100 0.000000
vt -0.000000 0.180100 0.000000
vt 0.400000 0.108060 0.000000
vt -0.000000 0.108060 0.000000
vt 0.400000 0.036020 0.000000
vt -0.000000 0.036020 0.000000
vt 0.400000 -0.036020 0.000000
vt -0.000000 -0.036020 0.000000
vt 0.400000 -0.108060 0.000000
vt -0.000000 -0.108060 0.000000
vt 0.400000 -0.180100 0.000000
vt -0.000000 -0.180100 0.000000
vt 0.400000 -0.252140 0.000000
vt -0.000000 -0.252140 0.000000
vt 0.400000 -0.324180 0.000000
vt -0.000000 -0.324180 0.000000
vt 0.400000 -0.396220 0.000000
vt -0.000000 -0.396220 0.000000
vt 0.400000 -0.468260 0.000000
vt -0.000000 -0.468260 0.000000
vt 0.400000 -0.540300 0.000000
vt -0.000000 -0.540300 0.000000
vt 0.400000 -0.612340 0.000000
vt -0.000000 -0.612340 0.000000
vt 0.400000 -0.684380 0.000000
vt -0.000000 -0.684380 0.000000
vt 0.400000 -0.756420 0.000000
vt -0.000000 -0.756420 0.000000
vt 0.400000 -0.828460 0.000000
vt -0.000000 -0.828460 0.000000
vt 0.400000 -0.900500 0.000000
vt -0.000000 -0.900500 0.000000
vt -0.099969 1.189749 0.000000
vt -0.100000 1.089429 0.000000
vt -0.099969 1.089429 0.000000
vt -0.100000 1.021340 0.000000
vt 0.300000 1.089429 0.000000
vt 0.300000 0.968381 0.000000
vt -0.100000 0.953250 0.000000
vt -0.100000 0.885161 0.000000
vt -0.100000 1.189749 0.000000
vt -0.099969 1.290070 0.000000
vt -0.100000 1.290070 0.000000
vt -0.099969 1.390390 0.000000
vt -0.100000 1.390390 0.000000
vt -0.100000 1.490711 0.000000
vt -0.099969 1.490711 0.000000
vt 0.300000 0.847334 0.000000
vt -0.100000 0.817072 0.000000
vt 0.300000 0.726286 0.000000
vt -0.100000 0.748982 0.000000
vt -0.100000 0.680893 0.000000
vt 0.300000 0.605238 0.000000
vt -0.100000 0.612804 0.000000
vt -0.100000 0.544714 0.000000
vt 0.300000 0.484191 0.000000
vt -0.100000 0.476625 0.000000
vt -0.100000 0.408536 0.000000
vt 0.300000 0.363143 0.000000
vt -0.100000 0.340447 0.000000
vt -0.100000 0.272357 0.000000
vt 0.300000 0.242095 0.000000
vt -0.100000 0.204268 0.000000
vt 0.300000 0.121048 0.000000
vt -0.100000 0.136179 0.000000
vt -0.100000 0.068089 0.000000
vt -0.100000 0.000000 0.000000
vt 0.300000 0.000000 0.000000
vt 0.300000 1.089429 0.000000
vt -0.090000 1.089429 0.000000
vt 0.300000 0.968381 0.000000
vt -0.090000 0.968381 0.000000
vt 0.300000 0.847334 0.000000
vt -0.090000 0.847334 0.000000
vt 0.300000 0.726286 0.000000
vt -0.090000 0.726286 0.000000
vt 0.300000 0.605238 0.000000
vt -0.090000 0.605238 0.000000
vt 0.300000 0.484191 0.000000
vt -0.090000 0.484191 0.000000
vt 0.300000 0.363143 0.000000
vt -0.090000 0.363143 0.000000
vt 0.300000 0.242095 0.000000
vt -0.090000 0.242095 0.000000
vt 0.300000 0.121048 0.000000
vt -0.090000 0.121048 0.000000
vt 0.300000 0.000000 0.000000
vt -0.090000 -0.000000 0.000000
vt 0.390000 -0.359974 0.000000
vt -0.000000 -0.359974 0.000000
vt 0.390000 -0.392699 0.000000
vt 0.000000 -0.392699 0.000000
vt 0.390000 0.392699 0.000000
vt 0.000000 0.392699 0.000000
vt 0.390000 0.359974 0.000000
vt -0.000000 0.359974 0.000000
vt 0.390000 0.327249 0.000000
vt -0.000000 0.327249 0.000000
vt 0.390000 0.294524 0.000000
vt -0.000000 0.294524 0.000000
vt 0.390000 0.261799 0.000000
vt -0.000000 0.261799 0.000000
vt 0.390000 0.229074 0.000000
vt -0.000000 0.229074 0.000000
vt 0.390000 0.196350 0.000000
vt -0.000000 0.196350 0.000000
vt 0.390000 0.163625 0.000000
vt -0.000000 0.163625 0.000000
vt 0.390000 0.130900 0.000000
vt -0.000000 0.130900 0.000000
vt 0.390000 0.098175 0.000000
vt -0.000000 0.098175 0.000000
vt 0.390000 0.065450 0.000000
vt -0.000000 0.065450 0.000000
vt 0.390000 0.032725 0.000000
vt -0.000000 0.032725 0.000000
vt 0.390000 0.000000 0.000000
vt -0.000000 -0.000000 0.000000
vt 0.390000 -0.032725 0.000000
vt -0.000000 -0.032725 0.000000
vt 0.390000 -0.065450 0.000000
vt -0.000000 -0.065450 0.000000
vt 0.390000 -0.098175 0.000000
vt -0.000000 -0.098175 0.000000
vt 0.390000 -0.130900 0.000000
vt -0.000000 -0.130900 0.000000
vt 0.390000 -0.163625 0.000000
vt -0.000000 -0.163625 0.000000
vt 0.390000 -0.196350 0.000000
vt -0.000000 -0.196350 0.000000
vt 0.390000 -0.229074 0.000000
vt -0.000000 -0.229074 0.000000
vt 0.390000 -0.261799 0.000000
vt -0.000000 -0.261799 0.000000
vt 0.390000 -0.294524 0.000000
vt -0.000000 -0.294524 0.000000
vt 0.390000 -0.327249 0.000000
vt -0.000000 -0.327249 0.000000
vt 0.390000 -0.359974 0.000000
vt -0.000000 -0.359974 0.000000
vt 0.390000 -0.392699 0.000000
vt 0.000000 -0.392699 0.000000
vt 0.390000 0.392699 0.000000
vt 0.000000 0.392699 0.000000
vt 0.390000 0.359974 0.000000
vt -0.000000 0.359974 0.000000
vt 0.390000 0.327249 0.000000
vt -0.000000 0.327249 0.000000
vt 0.390000 0.294524 0.000000
vt -0.000000 0.294524 0.000000
vt 0.390000 0.261799 0.000000
vt -0.000000 0.261799 0.000000
vt 0.390000 0.229074 0.000000
vt -0.000000 0.229074 0.000000
vt 0.390000 0.196350 0.000000
vt -0.000000 0.196350 0.000000
vt 0.390000 0.163625 0.000000
vt -0.000000 0.163625 0.000000
vt 0.390000 0.130900 0.000000
vt -0.000000 0.130900 0.000000
vt 0.390000 0.098175 0.000000
vt -0.000000 0.098175 0.000000
vt 0.390000 0.065450 0.000000
vt -0.000000 0.065450 0.000000
vt 0.390000 0.032725 0.000000
vt -0.000000 0.032725 0.000000
vt 0.390000 0.000000 0.000000
vt -0.000000 -0.000000 0.000000
vt 0.390000 -0.032725 0.000000
vt -0.000000 -0.032725 0.000000
vt 0.390000 -0.065450 0.000000
vt -0.000000 -0.065450 0.000000
vt 0.390000 -0.098175 0.000000
vt -0.000000 -0.098175 0.000000
vt 0.390000 -0.130900 0.000000
vt -0.000000 -0.130900 0.000000
vt 0.390000 -0.163625 0.000000
vt -0.000000 -0.163625 0.000000
vt 0.390000 -0.196350 0.000000
vt -0.000000 -0.196350 0.000000
vt 0.390000 -0.229074 0.000000
vt -0.000000 -0.229074 0.000000
vt 0.390000 -0.261799 0.000000
vt -0.000000 -0.261799 0.000000
vt 0.390000 -0.294524 0.000000
vt -0.000000 -0.294524 0.000000
vt 0.390000 -0.327249 0.000000
vt -0.000000 -0.327249 0.000000
vt 0.390000 -0.359974 0.000000
vt -0.000000 -0.359974 0.000000
vt 0.390000 -0.392699 0.000000
vt 0.000000 -0.392699 0.000000
vt 0.390000 0.392699 0.000000
vt 0.000000 0.392699 0.000000
vt 0.390000 0.359974 0.000000
vt -0.000000 0.359974 0.000000
vt 0.390000 0.327249 0.000000
vt -0.000000 0.327249 0.000000
vt 0.390000 0.294524 0.000000
vt -0.000000 0.294524 0.000000
vt 0.390000 0.261799 0.000000
vt -0.000000 0.261799 0.000000
vt 0.390000 0.229074 0.000000
vt -0.000000 0.229074 0.000000
vt 0.390000 0.196350 0.000000
vt -0.000000 0.196350 0.000000
vt 0.390000 0.163625 0.000000
vt -0.000000 0.163625 0.000000
vt 0.390000 0.130900 0.000000
vt -0.000000 0.130900 0.000000
vt 0.390000 0.098175 0.000000
vt -0.000000 0.098175 0.000000
vt 0.390000 0.065450 0.000000
vt -0.000000 0.065450 0.000000
vt 0.390000 0.032725 0.000000
vt -0.000000 0.032725 0.000000
vt 0.390000 0.000000 0.000000
vt -0.000000 -0.000000 0.000000
vt 0.390000 -0.032725 0.000000
vt -0.000000 -0.032725 0.000000
vt 0.390000 -0.065450 0.000000
vt -0.000000 -0.065450 0.000000
vt 0.390000 -0.098175 0.000000
vt -0.000000 -0.098175 0.000000
vt 0.390000 -0.130900 0.000000
vt -0.000000 -0.130900 0.000000
vt 0.390000 -0.163625 0.000000
vt -0.000000 -0.163625 0.000000
vt 0.390000 -0.196350 0.000000
vt -0.000000 -0.196350 0.000000
vt 0.390000 -0.229074 0.000000
vt -0.000000 -0.229074 0.000000
vt 0.390000 -0.261799 0.000000
vt -0.000000 -0.261799 0.000000
vt 0.390000 -0.294524 0.000000
vt -0.000000 -0.294524 0.000000
vt 0.390000 -0.327249 0.000000
vt -0.000000 -0.327249 0.000000
vt 0.390000 -0.359974 0.000000
vt -0.000000 -0.359974 0.000000
vt 0.390000 -0.392699 0.000000
vt 0.000000 -0.392699 0.000000
vt 0.390000 0.392699 0.000000
vt 0.000000 0.392699 0.000000
vt 0.390000 0.359974 0.000000
vt -0.000000 0.359974 0.000000
vt 0.390000 0.327249 0.000000
vt -0.000000 0.327249 0.000000
vt 0.390000 0.294524 0.000000
vt -0.000000 0.294524 0.000000
vt 0.390000 0.261799 0.000000
vt -0.000000 0.261799 0.000000
vt 0.390000 0.229074 0.000000
vt -0.000000 0.229074 0.000000
vt 0.390000 0.196350 0.000000
vt -0.000000 0.196350 0.000000
vt 0.390000 0.163625 0.000000
vt -0.000000 0.163625 0.000000
vt 0.390000 0.130900 0.000000
vt -0.000000 0.130900 0.000000
vt 0.390000 0.098175 0.000000
vt -0.000000 0.098175 0.000000
vt 0.390000 0.065450 0.000000
vt -0.000000 0.065450 0.000000
vt 0.390000 0.032725 0.000000
vt -0.000000 0.032725 0.000000
vt 0.390000 0.000000 0.000000
vt -0.000000 -0.000000 0.000000
vt 0.390000 -0.032725 0.000000
vt -0.000000 -0.032725 0.000000
vt 0.390000 -0.065450 0.000000
vt -0.000000 -0.065450 0.000000
vt 0.390000 -0.098175 0.000000
vt -0.000000 -0.098175 0.000000
vt 0.390000 -0.130900 0.000000
vt -0.000000 -0.130900 0.000000
vt 0.390000 -0.163625 0.000000
vt -0.000000 -0.163625 0.000000
vt 0.390000 -0.196350 0.000000
vt -0.000000 -0.196350 0.000000
vt 0.390000 -0.229074 0.000000
vt -0.000000 -0.229074 0.000000
vt 0.390000 -0.261799 0.000000
vt -0.000000 -0.261799 0.000000
vt 0.390000 -0.294524 0.000000
vt -0.000000 -0.294524 0.000000
vt 0.390000 -0.327249 0.000000
vt -0.000000 -0.327249 0.000000
vt 0.390000 -0.972540 0.000000
vt -0.000000 -0.972540 0.000000
vt 0.390000 -1.044580 0.000000
vt -0.000000 -1.044580 0.000000
vt 0.390000 1.044580 0.000000
vt -0.000000 1.044580 0.000000
vt 0.390000 0.972540 0.000000
vt -0.000000 0.972540 0.000000
vt 0.390000 0.900500 0.000000
vt -0.000000 0.900500 0.000000
vt 0.390000 0.828460 0.000000
vt -0.000000 0.828460 0.000000
vt 0.390000 0.756420 0.000000
vt -0.000000 0.756420 0.000000
vt 0.390000 0.684380 0.000000
vt -0.000000 0.684380 0.000000
vt 0.390000 0.612340 0.000000
vt -0.000000 0.612340 0.000000
vt 0.390000 0.540300 0.000000
vt -0.000000 0.540300 0.000000
vt 0.390000 0.468260 0.000000
vt -0.000000 0.468260 0.000000
vt 0.390000 0.396220 0.000000
vt -0.000000 0.396220 0.000000
vt 0.390000 0.324180 0.000000
vt -0.000000 0.324180 0.000000
vt 0.390000 0.252140 0.000000
vt -0.000000 0.252140 0.000000
vt 0.390000 0.180100 0.000000
vt -0.000000 0.180100 0.000000
vt 0.390000 0.108060 0.000000
vt -0.000000 0.108060 0.000000
vt 0.390000 0.036020 0.000000
vt -0.000000 0.036020 0.000000
vt 0.390000 -0.036020 0.000000
vt -0.000000 -0.036020 0.000000
vt 0.390000 -0.108060 0.000000
vt -0.000000 -0.108060 0.000000
vt 0.390000 -0.180100 0.000000
vt -0.000000 -0.180100 0.000000
vt 0.390000 -0.252140 0.000000
vt -0.000000 -0.252140 0.000000
vt 0.390000 -0.324180 0.000000
vt -0.000000 -0.324180 0.000000
vt 0.390000 -0.396220 0.000000
vt -0.000000 -0.396220 0.000000
vt 0.390000 -0.468260 0.000000
vt -0.000000 -0.468260 0.000000
vt 0.390000 -0.540300 0.000000
vt -0.000000 -0.540300 0.000000
vt 0.390000 -0.612340 0.000000
vt -0.000000 -0.612340 0.000000
vt 0.390000 -0.684380 0.000000
vt -0.000000 -0.684380 0.000000
vt 0.390000 -0.756420 0.000000
vt -0.000000 -0.756420 0.000000
vt 0.390000 -0.828460 0.000000
vt -0.000000 -0.828460 0.000000
vt 0.390000 -0.900500 0.000000
vt -0.000000 -0.900500 0.000000
vt -5.189430 -1.719354 0.000000
vt -4.799430 -1.719354 0.000000
vt -5.189430 -1.146236 0.000000
vt -4.799430 -1.146236 0.000000
vt -5.189430 -0.573118 0.000000
vt -4.799430 -0.573118 0.000000
vt -5.189430 0.000000 0.000000
vt -4.799430 0.000000 0.000000
vt 1.689431 -0.134872 0.000000
vt 2.079431 -0.134872 0.000000
vt 1.689431 -0.089914 0.000000
vt 2.079431 -0.089914 0.000000
vt 1.689431 -0.044957 0.000000
vt 2.079431 -0.044957 0.000000
vt 1.689431 -0.000000 0.000000
vt 2.079431 -0.000000 0.000000
vt 4.547744 2.600000 0.000000
vt 3.754810 2.600000 0.000000
vt 4.547744 2.200000 0.000000
vt 3.754810 2.200000 0.000000
vt -3.019999 3.352554 0.000000
vt -0.500000 4.547744 0.000000
vt -3.019999 4.950000 0.000000
vt -0.507707 4.743892 0.000000
vt -0.530779 4.938830 0.000000
vt -3.026387 3.173956 0.000000
vt -1.366722 1.852554 0.000000
vt -1.232233 1.987043 0.000000
vt -1.098985 2.131190 0.000000
vt -3.045517 2.996271 0.000000
vt -3.077292 2.820406 0.000000
vt -3.121550 2.647261 0.000000
vt -3.178064 2.477719 0.000000
vt -3.246545 2.312649 0.000000
vt -3.326644 2.152892 0.000000
vt -3.417951 1.999265 0.000000
vt -3.519999 1.852554 0.000000
vt -0.977458 2.285347 0.000000
vt -0.868400 2.448564 0.000000
vt -0.772484 2.619834 0.000000
vt -0.690301 2.798101 0.000000
vt -0.622359 2.982268 0.000000
vt -0.569075 3.171197 0.000000
vt -0.530779 3.363724 0.000000
vt -0.507707 3.558662 0.000000
vt -0.500000 3.754810 0.000000
vt -0.569075 5.131358 0.000000
vt -0.622359 5.320287 0.000000
vt -0.690301 5.504453 0.000000
vt -0.772484 5.682721 0.000000
vt -0.868400 5.853991 0.000000
vt -0.977458 6.017207 0.000000
vt -1.098985 6.171364 0.000000
vt -1.232233 6.315511 0.000000
vt -1.366722 6.450000 0.000000
vt -3.519999 6.450000 0.000000
vt -3.417951 6.303289 0.000000
vt -3.326644 6.149663 0.000000
vt -3.246545 5.989906 0.000000
vt -3.178064 5.824835 0.000000
vt -3.121550 5.655294 0.000000
vt -3.077292 5.482148 0.000000
vt -3.045517 5.306283 0.000000
vt -3.026387 5.128598 0.000000
vt 2.400000 -0.000000 0.000000
vt 3.997446 -0.000000 0.000000
vt 2.400000 0.400000 0.000000
vt 3.997446 0.400000 0.000000
vt -3.019999 3.754810 0.000000
vt -0.500000 3.352554 0.000000
vt -3.019999 4.547744 0.000000
vt -0.500000 4.950000 0.000000
vt -3.012293 4.743892 0.000000
vt -2.989220 4.938830 0.000000
vt -2.950924 5.131358 0.000000
vt -2.897641 5.320287 0.000000
vt -2.829698 5.504453 0.000000
vt -2.747516 5.682721 0.000000
vt -2.651600 5.853991 0.000000
vt -2.542542 6.017207 0.000000
vt -2.421014 6.171364 0.000000
vt -2.287766 6.315511 0.000000
vt -2.153278 6.450000 0.000000
vt -0.493612 5.128598 0.000000
vt -0.474482 5.306283 0.000000
vt -3.012293 3.558662 0.000000
vt -2.989220 3.363724 0.000000
vt -2.950924 3.171197 0.000000
vt -2.897641 2.982268 0.000000
vt -2.829698 2.798101 0.000000
vt -2.747516 2.619834 0.000000
vt -2.651600 2.448564 0.000000
vt -2.542542 2.285347 0.000000
vt -2.421014 2.131190 0.000000
vt -2.287766 1.987043 0.000000
vt -2.153278 1.852554 0.000000
vt -0.493612 3.173956 0.000000
vt -0.474482 2.996271 0.000000
vt -0.442707 2.820406 0.000000
vt -0.398450 2.647261 0.000000
vt -0.341936 2.477719 0.000000
vt -0.273455 2.312649 0.000000
vt -0.193356 2.152892 0.000000
vt -0.102049 1.999265 0.000000
vt -0.000000 1.852554 0.000000
vt -0.442707 5.482148 0.000000
vt -0.398450 5.655294 0.000000
vt -0.341936 5.824835 0.000000
vt -0.273455 5.989906 0.000000
vt -0.193356 6.149663 0.000000
vt -0.102049 6.303289 0.000000
vt -0.000000 6.450000 0.000000
vt 2.400000 2.200000 0.000000
vt 3.997446 2.200000 0.000000
vt 2.400000 2.600000 0.000000
vt 3.997446 2.600000 0.000000
vt 4.547744 0.400000 0.000000
vt 3.754810 0.400000 0.000000
vt 4.547744 -0.000000 0.000000
vt 3.754810 -0.000000 0.000000
vt -0.386682 -0.471239 0.000000
vt 1.766596 -0.471239 0.000000
vt 0.615077 -0.377246 0.000000
vt 1.766596 -0.377538 0.000000
vt 1.766596 -0.283836 0.000000
vt 0.615077 -0.282743 0.000000
vt 1.766596 -0.190135 0.000000
vt 0.615077 -0.188496 0.000000
vt 1.766596 -0.096433 0.000000
vt 0.615077 -0.094248 0.000000
vt 1.766596 -0.002732 0.000000
vt 0.615077 -0.000000 0.000000
vt 1.766596 0.090969 0.000000
vt 0.615077 0.094248 0.000000
vt 1.766596 0.184671 0.000000
vt 0.615077 0.188496 0.000000
vt 1.766596 0.278372 0.000000
vt 0.615077 0.282743 0.000000
vt 1.766596 0.372074 0.000000
vt 0.615077 0.376991 0.000000
vt 1.765866 0.422171 0.000000
vt -0.536442 0.471239 0.000000
vt 1.763727 0.471239 0.000000
vt -0.513014 0.376991 0.000000
vt -0.490164 0.282743 0.000000
vt -0.468452 0.188496 0.000000
vt -0.448415 0.094248 0.000000
vt -0.430546 -0.000000 0.000000
vt -0.415283 -0.094248 0.000000
vt -0.403005 -0.188496 0.000000
vt -0.394012 -0.282743 0.000000
vt -0.388526 -0.376991 0.000000
vt 0.007614 0.506139 0.000000
vt 0.030267 0.414590 0.000000
vt -0.000000 0.600000 0.000000
vt 0.067402 0.327606 0.000000
vt 0.522953 0.906139 0.000000
vt 0.118105 0.247329 0.000000
vt 0.181127 0.175736 0.000000
vt 0.545607 0.814590 0.000000
vt 0.254917 0.114590 0.000000
vt 0.337656 0.065396 0.000000
vt 0.582742 0.727606 0.000000
vt 0.427309 0.029366 0.000000
vt 0.633445 0.647329 0.000000
vt 0.521667 0.007387 0.000000
vt 0.618408 -0.000000 0.000000
vt 2.282483 0.000000 0.000000
vt 1.133747 0.400000 0.000000
vt 1.037007 0.407387 0.000000
vt 0.942649 0.429366 0.000000
vt 2.282483 0.400000 0.000000
vt 0.852996 0.465396 0.000000
vt 0.770257 0.514590 0.000000
vt 0.696467 0.575736 0.000000
vt -0.000000 1.001271 0.000000
vt 0.515340 1.000000 0.000000
vt -0.000000 1.401271 0.000000
vt 0.515340 3.550000 0.000000
vt -0.000000 3.201271 0.000000
vt -0.000000 3.601271 0.000000
vt 0.522953 3.643861 0.000000
vt -0.000000 3.940000 0.000000
vt 0.067402 4.212394 0.000000
vt 0.030267 4.125410 0.000000
vt 0.545607 3.735410 0.000000
vt 0.181127 4.364264 0.000000
vt 0.118105 4.292671 0.000000
vt 0.582742 3.822394 0.000000
vt 0.337656 4.474604 0.000000
vt 0.254917 4.425410 0.000000
vt 0.427309 4.510634 0.000000
vt 0.633445 3.902671 0.000000
vt 0.521667 4.532613 0.000000
vt 0.618408 4.540000 0.000000
vt 0.696467 3.974264 0.000000
vt 0.770257 4.035410 0.000000
vt 0.852996 4.084604 0.000000
vt 0.942649 4.120634 0.000000
vt 1.037007 4.142613 0.000000
vt 1.133747 4.150000 0.000000
vt 2.282483 4.540000 0.000000
vt 2.282483 4.150000 0.000000
vt 0.007614 4.033861 0.000000
vt 1.760000 1.670000 0.000000
vt -0.393278 1.670000 0.000000
vt 1.760000 1.268729 0.000000
vt -0.393278 1.268729 0.000000
vt -0.400000 0.398715 0.000000
vt -0.008176 0.398715 0.000000
vt -0.400000 0.400000 0.000000
vt -0.030732 0.489562 0.000000
vt -1.000000 0.400000 0.000000
vt -0.067143 0.575797 0.000000
vt -4.472857 0.575797 0.000000
vt -4.423476 0.655318 0.000000
vt -0.116524 0.655318 0.000000
vt -4.362328 0.726191 0.000000
vt -0.177672 0.726191 0.000000
vt -1.401271 0.900000 0.000000
vt -0.249099 0.786692 0.000000
vt -0.329067 0.835346 0.000000
vt -1.001271 0.900000 0.000000
vt -0.415629 0.870971 0.000000
vt -0.600000 0.900000 0.000000
vt -0.506679 0.892698 0.000000
vt -3.201271 0.900000 0.000000
vt -4.290901 0.786692 0.000000
vt -4.210933 0.835346 0.000000
vt -3.601271 0.900000 0.000000
vt -4.124371 0.870971 0.000000
vt -3.940000 0.900000 0.000000
vt -4.033321 0.892698 0.000000
vt -3.550000 0.400000 0.000000
vt -4.509268 0.489562 0.000000
vt -4.150000 0.400000 0.000000
vt -4.531824 0.398715 0.000000
vt -4.150000 0.399572 0.000000
vt -4.150000 0.399143 0.000000
vt -4.150000 0.398715 0.000000
vt 0.454114 -0.376991 0.000000
vt -0.549488 -0.377246 0.000000
vt 0.452270 -0.471239 0.000000
vt -1.701007 -0.377538 0.000000
vt -1.701007 -0.471239 0.000000
vt -0.549488 -0.282743 0.000000
vt 0.459600 -0.282743 0.000000
vt -0.549488 -0.188496 0.000000
vt 0.468593 -0.188496 0.000000
vt -0.549488 -0.094248 0.000000
vt 0.480872 -0.094248 0.000000
vt -0.549488 -0.000000 0.000000
vt 0.496134 -0.000000 0.000000
vt -0.549488 0.094248 0.000000
vt 0.514004 0.094248 0.000000
vt -0.549488 0.188496 0.000000
vt 0.534041 0.188496 0.000000
vt -0.549488 0.282743 0.000000
vt 0.555752 0.282743 0.000000
vt -0.549488 0.376991 0.000000
vt 0.578603 0.376991 0.000000
vt 0.602031 0.471239 0.000000
vt -1.698139 0.471239 0.000000
vt -1.700277 0.422171 0.000000
vt -1.701007 0.372074 0.000000
vt -1.701007 0.278372 0.000000
vt -1.701007 0.184671 0.000000
vt -1.701007 0.090969 0.000000
vt -1.701007 -0.002732 0.000000
vt -1.701007 -0.096433 0.000000
vt -1.701007 -0.190135 0.000000
vt -1.701007 -0.283836 0.000000
vt 5.187419 -0.337821 0.000000
vt 4.432146 -0.341841 0.000000
vt 5.181254 -0.387530 0.000000
vt 4.374999 -0.362463 0.000000
vt 4.316416 -0.377134 0.000000
vt 4.486803 -0.315384 0.000000
vt 5.189430 -0.288760 0.000000
vt 4.538162 -0.283790 0.000000
vt 4.585465 -0.247874 0.000000
vt 4.627969 -0.208427 0.000000
vt 5.189430 -0.153502 0.000000
vt 4.666438 -0.164686 0.000000
vt 4.701148 -0.116377 0.000000
vt 4.731353 -0.064253 0.000000
vt 5.189430 -0.018244 0.000000
vt 4.756309 -0.009048 0.000000
vt 4.775470 0.048453 0.000000
vt 5.189430 0.117014 0.000000
vt 4.788913 0.107230 0.000000
vt 4.796834 0.166206 0.000000
vt 5.189430 0.252272 0.000000
vt 4.799430 0.224308 0.000000
vt 4.799430 0.278715 0.000000
vt 4.799430 0.333123 0.000000
vt 5.189430 0.387530 0.000000
vt 4.799430 0.387530 0.000000
vt 4.257519 -0.385903 0.000000
vt 4.799430 -0.387530 0.000000
vt 4.199430 -0.388815 0.000000
vt 4.799430 -0.387958 0.000000
vt 4.799430 -0.388387 0.000000
vt 4.799430 -0.388815 0.000000
vt 1.760000 -1.670000 0.000000
vt 1.760000 -1.331271 0.000000
vt -0.393278 -1.670000 0.000000
vt -0.393278 -1.331271 0.000000
vt 0.661242 0.471239 0.000000
vt -1.657678 0.471239 0.000000
vt -0.552688 0.376991 0.000000
vt -1.677152 0.416417 0.000000
vt -1.695006 0.359625 0.000000
vt -0.552688 0.282743 0.000000
vt -1.710935 0.301444 0.000000
vt -1.724637 0.242378 0.000000
vt -0.552688 0.188496 0.000000
vt -1.735928 0.182829 0.000000
vt -1.744974 0.123233 0.000000
vt -0.552688 0.094248 0.000000
vt -1.751985 0.064126 0.000000
vt -0.552688 0.000000 0.000000
vt -1.757170 0.006078 0.000000
vt -1.760852 -0.051818 0.000000
vt -0.552688 -0.094248 0.000000
vt -1.763413 -0.111191 0.000000
vt -0.552688 -0.188496 0.000000
vt -1.765055 -0.171506 0.000000
vt -1.765982 -0.232253 0.000000
vt -0.552688 -0.282743 0.000000
vt -1.766432 -0.293036 0.000000
vt -1.766604 -0.353466 0.000000
vt -0.552688 -0.376991 0.000000
vt -1.766618 -0.413050 0.000000
vt 0.511482 -0.471239 0.000000
vt -1.766596 -0.471239 0.000000
vt 0.513326 -0.376991 0.000000
vt 0.518812 -0.282743 0.000000
vt 0.527805 -0.188496 0.000000
vt 0.540084 -0.094248 0.000000
vt 0.555346 0.000000 0.000000
vt 0.573215 0.094248 0.000000
vt 0.593252 0.188496 0.000000
vt 0.614964 0.282743 0.000000
vt 0.637814 0.376991 0.000000
vt 1.270000 1.760000 0.000000
vt -1.280000 1.760000 0.000000
vt 1.270000 -0.518078 0.000000
vt -1.280000 -0.518078 0.000000
vt -0.511482 -0.471239 0.000000
vt 1.766596 -0.471239 0.000000
vt 0.552688 -0.376991 0.000000
vt 1.766618 -0.413050 0.000000
vt 1.766604 -0.353466 0.000000
vt 0.552688 -0.282743 0.000000
vt 1.766432 -0.293036 0.000000
vt 1.765982 -0.232254 0.000000
vt 0.552688 -0.188496 0.000000
vt 1.765055 -0.171506 0.000000
vt 1.763413 -0.111192 0.000000
vt 0.552688 -0.094248 0.000000
vt 1.760852 -0.051819 0.000000
vt 0.552688 0.000000 0.000000
vt 1.757170 0.006078 0.000000
vt 1.751985 0.064125 0.000000
vt 0.552688 0.094248 0.000000
vt 1.744974 0.123233 0.000000
vt 0.552688 0.188496 0.000000
vt 1.735928 0.182829 0.000000
vt 1.724637 0.242378 0.000000
vt 0.552688 0.282743 0.000000
vt 1.710935 0.301443 0.000000
vt 1.695006 0.359625 0.000000
vt 0.552688 0.376991 0.000000
vt 1.677152 0.416417 0.000000
vt -0.661242 0.471239 0.000000
vt 1.657678 0.471239 0.000000
vt -0.637814 0.376991 0.000000
vt -0.614964 0.282743 0.000000
vt -0.593252 0.188496 0.000000
vt -0.573215 0.094248 0.000000
vt -0.555346 -0.000000 0.000000
vt -0.540084 -0.094248 0.000000
vt -0.527805 -0.188496 0.000000
vt -0.518812 -0.282743 0.000000
vt -0.513326 -0.376991 0.000000
vt -3.100636 -0.981748 0.000000
vt -2.700636 -0.981748 0.000000
vt -3.100636 -0.785398 0.000000
vt -2.700636 -0.785398 0.000000
vt -3.100636 -0.589049 0.000000
vt -2.700636 -0.589049 0.000000
vt -3.100636 -0.392699 0.000000
vt -2.700636 -0.392699 0.000000
vt -3.100636 -0.196350 0.000000
vt -2.700636 -0.196350 0.000000
vt -3.100636 -0.000000 0.000000
vt -2.700636 -0.000000 0.000000
vt -3.100636 0.196350 0.000000
vt -2.700636 0.196350 0.000000
vt -3.100636 0.392699 0.000000
vt -2.700636 0.392699 0.000000
vt -3.100636 0.589049 0.000000
vt -2.700636 0.589049 0.000000
vt -3.100636 0.785398 0.000000
vt -2.700636 0.785398 0.000000
vt -3.100636 0.981748 0.000000
vt -2.700636 0.981748 0.000000
vt -3.019999 3.754810 0.000000
vt -0.500000 3.352554 0.000000
vt -3.019999 4.547744 0.000000
vt -0.500000 4.950000 0.000000
vt -3.012293 4.743892 0.000000
vt -2.989220 4.938830 0.000000
vt -2.950924 5.131358 0.000000
vt -2.897641 5.320287 0.000000
vt -2.829698 5.504453 0.000000
vt -2.747516 5.682721 0.000000
vt -2.651600 5.853991 0.000000
vt -2.542542 6.017207 0.000000
vt -2.421014 6.171364 0.000000
vt -2.287766 6.315511 0.000000
vt -2.153278 6.450000 0.000000
vt -0.493612 5.128598 0.000000
vt -0.474482 5.306283 0.000000
vt -3.012293 3.558662 0.000000
vt -2.989220 3.363724 0.000000
vt -2.950924 3.171197 0.000000
vt -2.897641 2.982268 0.000000
vt -2.829698 2.798101 0.000000
vt -2.747516 2.619834 0.000000
vt -2.651600 2.448564 0.000000
vt -2.542542 2.285347 0.000000
vt -2.421014 2.131190 0.000000
vt -2.287766 1.987043 0.000000
vt -2.153278 1.852554 0.000000
vt -0.493612 3.173956 0.000000
vt -0.474482 2.996271 0.000000
vt -0.442707 2.820406 0.000000
vt -0.398450 2.647261 0.000000
vt -0.341936 2.477719 0.000000
vt -0.273455 2.312649 0.000000
vt -0.193356 2.152892 0.000000
vt -0.102049 1.999265 0.000000
vt -0.000000 1.852554 0.000000
vt -0.442707 5.482148 0.000000
vt -0.398450 5.655294 0.000000
vt -0.341936 5.824835 0.000000
vt -0.273455 5.989906 0.000000
vt -0.193356 6.149663 0.000000
vt -0.102049 6.303289 0.000000
vt -0.000000 6.450000 0.000000
vt 1.035534 3.201271 0.000000
vt 1.225730 3.201271 0.000000
vt 1.035534 3.601271 0.000000
vt 1.225730 3.601271 0.000000
vt -0.900636 -0.981748 0.000000
vt -0.500636 -0.981748 0.000000
vt -0.900636 -0.785398 0.000000
vt -0.500636 -0.785398 0.000000
vt -0.900636 -0.589049 0.000000
vt -0.500636 -0.589049 0.000000
vt -0.900636 -0.392699 0.000000
vt -0.500636 -0.392699 0.000000
vt -0.900636 -0.196350 0.000000
vt -0.500636 -0.196350 0.000000
vt -0.900636 -0.000000 0.000000
vt -0.500636 -0.000000 0.000000
vt -0.900636 0.196350 0.000000
vt -0.500636 0.196350 0.000000
vt -0.900636 0.392699 0.000000
vt -0.500636 0.392699 0.000000
vt -0.900636 0.589049 0.000000
vt -0.500636 0.589049 0.000000
vt -0.900636 0.785398 0.000000
vt -0.500636 0.785398 0.000000
vt -0.900636 0.981748 0.000000
vt -0.500636 0.981748 0.000000
vt 1.035534 1.001271 0.000000
vt 1.225730 1.001271 0.000000
vt 1.035534 1.401271 0.000000
vt 1.225730 1.401271 0.000000
vt 3.538729 1.608753 0.000000
vt 3.138729 1.608753 0.000000
vt 3.538729 1.430003 0.000000
vt 3.138729 1.430003 0.000000
vt 3.138729 1.251252 0.000000
vt 3.538729 1.251252 0.000000
vt 3.138729 1.072502 0.000000
vt 3.538729 1.072502 0.000000
vt 3.138729 0.893752 0.000000
vt 3.538729 0.893752 0.000000
vt 3.138729 0.715001 0.000000
vt 3.538729 0.715001 0.000000
vt 3.138729 0.536251 0.000000
vt 3.538729 0.536251 0.000000
vt 3.138729 0.357501 0.000000
vt 3.538729 0.357501 0.000000
vt 3.138729 0.178750 0.000000
vt 3.538729 0.178750 0.000000
vt 3.538729 0.000000 0.000000
vt 3.138729 0.000000 0.000000
vt 1.338729 1.608753 0.000000
vt 0.938729 1.608753 0.000000
vt 1.338729 1.430003 0.000000
vt 0.938729 1.430003 0.000000
vt 0.938729 1.251252 0.000000
vt 1.338729 1.251252 0.000000
vt 0.938729 1.072502 0.000000
vt 1.338729 1.072502 0.000000
vt 0.938729 0.893752 0.000000
vt 1.338729 0.893752 0.000000
vt 0.938729 0.715001 0.000000
vt 1.338729 0.715001 0.000000
vt 0.938729 0.536251 0.000000
vt 1.338729 0.536251 0.000000
vt 0.938729 0.357501 0.000000
vt 1.338729 0.357501 0.000000
vt 0.938729 0.178750 0.000000
vt 1.338729 0.178750 0.000000
vt 1.338729 0.000000 0.000000
vt 0.938729 0.000000 0.000000
vt -0.393278 -0.931271 0.000000
vt 1.760000 -0.931271 0.000000
vt -0.393278 0.868729 0.000000
vt 1.760000 0.868729 0.000000
vt 4.537989 -0.049709 0.000000
vt 3.827374 -0.072146 0.000000
vt 4.540000 -0.098770 0.000000
vt 3.878733 -0.103740 0.000000
vt 3.926035 -0.139656 0.000000
vt 4.531824 0.000000 0.000000
vt 4.140000 -0.000000 0.000000
vt 3.715569 -0.025067 0.000000
vt 3.772716 -0.045690 0.000000
vt 4.140000 0.001285 0.000000
vt 3.540000 0.001285 0.000000
vt 3.598089 -0.001627 0.000000
vt 3.656986 -0.010396 0.000000
vt 3.968539 -0.179103 0.000000
vt 4.540000 -0.234028 0.000000
vt 4.007008 -0.222844 0.000000
vt 4.041718 -0.271153 0.000000
vt 4.071923 -0.323277 0.000000
vt 4.540000 -0.369286 0.000000
vt 4.096879 -0.378483 0.000000
vt 4.116040 -0.435984 0.000000
vt 4.540000 -0.504544 0.000000
vt 4.129482 -0.494760 0.000000
vt 4.137403 -0.553736 0.000000
vt 4.540000 -0.639802 0.000000
vt 4.140000 -0.611838 0.000000
vt 4.140000 -0.666245 0.000000
vt 4.140000 -0.720653 0.000000
vt 4.540000 -0.775060 0.000000
vt 4.140000 -0.775060 0.000000
vt -0.100000 -0.785398 0.000000
vt 0.300000 -0.785398 0.000000
vt -0.100000 -0.713032 0.000000
vt 0.300000 -0.669612 0.000000
vt -0.100000 -0.640665 0.000000
vt 0.300000 -0.553826 0.000000
vt -0.100000 -0.568299 0.000000
vt -0.100000 -0.495933 0.000000
vt 0.300000 -0.438039 0.000000
vt -0.100000 -0.423566 0.000000
vt -0.100000 -0.351200 0.000000
vt 0.300000 -0.322253 0.000000
vt -0.100000 -0.278833 0.000000
vt 0.300000 -0.206467 0.000000
vt -0.100000 -0.206467 0.000000
vt -0.100000 -0.134100 0.000000
vt 0.300000 -0.090681 0.000000
vt -0.100000 -0.061734 0.000000
vt 0.300000 0.025106 0.000000
vt -0.100000 0.010632 0.000000
vt -0.100000 0.082999 0.000000
vt 0.300000 0.140892 0.000000
vt -0.100000 0.155365 0.000000
vt -0.100000 0.227732 0.000000
vt 0.300000 0.256678 0.000000
vt -0.100000 0.300098 0.000000
vt 0.300000 0.372464 0.000000
vt -0.099969 0.372464 0.000000
vt -0.100000 0.372464 0.000000
vt -0.099969 0.475698 0.000000
vt -0.100000 0.475698 0.000000
vt -0.099969 0.578931 0.000000
vt -0.100000 0.578931 0.000000
vt -0.099969 0.682165 0.000000
vt -0.100000 0.682165 0.000000
vt -0.100000 0.785398 0.000000
vt -0.099969 0.785398 0.000000
vt -0.090000 -0.785398 0.000000
vt 0.300000 -0.785398 0.000000
vt -0.090000 -0.669612 0.000000
vt 0.300000 -0.669612 0.000000
vt -0.090000 -0.553826 0.000000
vt 0.300000 -0.553826 0.000000
vt -0.090000 -0.438039 0.000000
vt 0.300000 -0.438039 0.000000
vt -0.090000 -0.322253 0.000000
vt 0.300000 -0.322253 0.000000
vt -0.090000 -0.206467 0.000000
vt 0.300000 -0.206467 0.000000
vt -0.090000 -0.090681 0.000000
vt 0.300000 -0.090681 0.000000
vt -0.090000 0.025106 0.000000
vt 0.300000 0.025106 0.000000
vt -0.090000 0.140892 0.000000
vt 0.300000 0.140892 0.000000
vt -0.090000 0.256678 0.000000
vt 0.300000 0.256678 0.000000
vt -0.090000 0.372464 0.000000
vt 0.300000 0.372464 0.000000
vt 1.847378 1.770324 0.000000
vt 1.712803 1.757109 0.000000
vt 1.847378 -0.529846 0.000000
vt 1.579704 1.733240 0.000000
vt 0.808253 0.062500 0.000000
vt 1.448923 1.698868 0.000000
vt 1.321288 1.654210 0.000000
vt 1.197606 1.599550 0.000000
vt 0.788388 0.088388 0.000000
vt 0.762500 0.108253 0.000000
vt 0.681237 1.350909 0.000000
vt 0.732352 0.120741 0.000000
vt 0.700000 0.125000 0.000000
vt 0.125000 0.700000 0.000000
vt 0.120741 0.667647 0.000000
vt 0.120741 0.732352 0.000000
vt 0.161360 1.109691 0.000000
vt 0.108253 0.762500 0.000000
vt 0.088388 0.788388 0.000000
vt 0.062500 0.808253 0.000000
vt 0.032352 0.820741 0.000000
vt -0.000000 0.825000 0.000000
vt -0.032352 0.820741 0.000000
vt -0.361921 0.875947 0.000000
vt -0.062500 0.808253 0.000000
vt -0.088388 0.788388 0.000000
vt -0.108253 0.762500 0.000000
vt -0.120741 0.732352 0.000000
vt -0.125000 0.700000 0.000000
vt -0.465051 0.823453 0.000000
vt -0.120741 0.667647 0.000000
vt -0.561426 0.759397 0.000000
vt -0.108253 0.637500 0.000000
vt -0.215256 0.253419 0.000000
vt -0.155746 0.293768 0.000000
vt -0.649756 0.684634 0.000000
vt -0.728857 0.600168 0.000000
vt -0.264701 0.201220 0.000000
vt -0.797670 0.507130 0.000000
vt -0.637500 0.108253 0.000000
vt -0.667647 0.120741 0.000000
vt -0.855274 0.406764 0.000000
vt -0.700000 0.125000 0.000000
vt -0.900897 0.300416 0.000000
vt -0.732352 0.120741 0.000000
vt -0.762500 0.108253 0.000000
vt -0.933929 0.189508 0.000000
vt -0.788388 0.088388 0.000000
vt -0.808253 0.062500 0.000000
vt -0.953927 0.075528 0.000000
vt -0.820741 0.032352 0.000000
vt -0.825000 0.000000 0.000000
vt -0.960622 -0.040000 0.000000
vt -0.820741 -0.032352 0.000000
vt -0.808253 -0.062500 0.000000
vt -0.943668 -0.159780 0.000000
vt -0.788388 -0.088388 0.000000
vt -0.762500 -0.108253 0.000000
vt -0.912375 -0.276636 0.000000
vt -0.732352 -0.120741 0.000000
vt -0.867199 -0.388858 0.000000
vt -0.700000 -0.125000 0.000000
vt -0.667647 -0.120741 0.000000
vt -0.808803 -0.494804 0.000000
vt -0.637500 -0.108253 0.000000
vt -0.738042 -0.592924 0.000000
vt -0.264701 -0.201220 0.000000
vt -0.215256 -0.253419 0.000000
vt -0.655950 -0.681781 0.000000
vt -0.563728 -0.760074 0.000000
vt -0.462728 -0.826659 0.000000
vt -0.120741 -0.667647 0.000000
vt -0.108253 -0.637500 0.000000
vt -0.155746 -0.293768 0.000000
vt -0.088388 -0.611611 0.000000
vt -0.088953 -0.320380 0.000000
vt -0.062500 -0.591747 0.000000
vt -0.032352 -0.579259 0.000000
vt -0.125000 -0.700000 0.000000
vt -0.354426 -0.880561 0.000000
vt -0.120741 -0.732352 0.000000
vt -0.313050 -0.898145 0.000000
vt -0.271694 -0.915775 0.000000
vt -0.108253 -0.762500 0.000000
vt -0.230358 -0.933451 0.000000
vt -0.088388 -0.788388 0.000000
vt -0.115393 -0.954505 0.000000
vt -0.062500 -0.808253 0.000000
vt -0.032352 -0.820741 0.000000
vt 0.001277 -0.961454 0.000000
vt -0.000000 -0.825000 0.000000
vt 0.032352 -0.820741 0.000000
vt 0.117928 -0.954195 0.000000
vt 0.062500 -0.808253 0.000000
vt 0.088388 -0.788388 0.000000
vt 0.232836 -0.932836 0.000000
vt 0.108253 -0.762500 0.000000
vt 0.120741 -0.732352 0.000000
vt 0.125000 -0.700000 0.000000
vt 0.120741 -0.667647 0.000000
vt 0.700000 -0.125000 0.000000
vt 0.667647 -0.120741 0.000000
vt 0.732352 -0.120741 0.000000
vt 0.762500 -0.108253 0.000000
vt 0.788388 -0.088388 0.000000
vt 0.808253 -0.062500 0.000000
vt 0.820741 -0.032352 0.000000
vt 0.825000 0.000000 0.000000
vt 0.820741 0.032352 0.000000
vt -0.324726 0.071478 0.000000
vt -0.579259 0.032352 0.000000
vt -0.332500 0.000000 0.000000
vt -0.575000 0.000000 0.000000
vt -0.579259 -0.032352 0.000000
vt -0.591747 0.062500 0.000000
vt -0.301769 0.139613 0.000000
vt -0.611611 0.088388 0.000000
vt -0.088388 0.611611 0.000000
vt -0.088953 0.320380 0.000000
vt -0.062500 0.591747 0.000000
vt -0.032352 0.579259 0.000000
vt -0.018001 0.332012 0.000000
vt -0.000000 0.575000 0.000000
vt 0.053793 0.328120 0.000000
vt 0.032352 0.579259 0.000000
vt 0.062500 0.591747 0.000000
vt 0.123071 0.308885 0.000000
vt 0.088388 0.611611 0.000000
vt 0.186595 0.275207 0.000000
vt 0.108253 0.637500 0.000000
vt 0.241394 0.228660 0.000000
vt 0.667647 0.120741 0.000000
vt 0.637500 0.108253 0.000000
vt 0.284905 0.171422 0.000000
vt 0.611611 0.088388 0.000000
vt 0.315095 0.106168 0.000000
vt 0.591747 0.062500 0.000000
vt 0.579259 0.032352 0.000000
vt 0.330551 0.035950 0.000000
vt 0.575000 0.000000 0.000000
vt 0.330551 -0.035950 0.000000
vt 0.579259 -0.032352 0.000000
vt 0.315095 -0.106168 0.000000
vt 0.591747 -0.062500 0.000000
vt 0.611611 -0.088388 0.000000
vt 0.284905 -0.171422 0.000000
vt 0.637500 -0.108253 0.000000
vt 0.241394 -0.228660 0.000000
vt 0.108253 -0.637500 0.000000
vt 0.186595 -0.275207 0.000000
vt 0.088388 -0.611611 0.000000
vt 0.123071 -0.308885 0.000000
vt 0.062500 -0.591747 0.000000
vt 0.053793 -0.328120 0.000000
vt 0.032352 -0.579259 0.000000
vt -0.000000 -0.575000 0.000000
vt -0.018001 -0.332012 0.000000
vt -0.301769 -0.139613 0.000000
vt -0.611611 -0.088388 0.000000
vt -0.591747 -0.062500 0.000000
vt -0.324726 -0.071478 0.000000
vt -0.400000 2.500218 0.000000
vt -0.400000 2.431653 0.000000
vt -0.399969 2.500218 0.000000
vt -0.399969 2.431653 0.000000
vt -0.400000 2.363089 0.000000
vt -0.399969 2.363089 0.000000
vt -0.400000 2.294524 0.000000
vt -0.399969 2.294524 0.000000
vt -0.400000 2.225959 0.000000
vt -0.399969 2.225959 0.000000
vt -0.400000 2.212476 0.000000
vt -0.399969 2.212476 0.000000
vt -2.693920 1.712829 0.000000
vt -2.685569 1.713003 0.000000
vt -2.679723 1.779893 0.000000
vt -2.659232 1.812773 0.000000
vt -2.660683 1.823006 0.000000
vt -2.641694 1.866141 0.000000
vt -2.622755 1.909298 0.000000
vt -2.703301 1.644924 0.000000
vt -2.701484 1.611050 0.000000
vt -2.707820 1.576523 0.000000
vt -2.706807 1.508000 0.000000
vt -2.707455 1.507974 0.000000
vt -2.706807 1.494506 0.000000
vt 4.799430 -0.573118 0.000000
vt 5.199400 -0.141390 0.000000
vt 4.799430 0.000000 0.000000
vt 5.199400 -0.094260 0.000000
vt 5.199400 -0.047130 0.000000
vt 4.799430 -1.146236 0.000000
vt 5.199430 -0.667378 0.000000
vt 5.199430 -0.141390 0.000000
vt 5.199430 -1.193366 0.000000
vt 4.799430 -1.719354 0.000000
vt 5.199430 -1.719354 0.000000
vt 5.199400 0.000000 0.000000
vt 0.399969 -0.987745 0.000000
vt 0.399969 -0.920538 0.000000
vt 0.000000 -0.987745 0.000000
vt -0.000000 -0.870797 0.000000
vt 0.399969 -0.853330 0.000000
vt 0.399969 -0.786122 0.000000
vt -0.000000 -0.753848 0.000000
vt 0.399969 -0.718915 0.000000
vt 0.399969 -0.702227 0.000000
vt 0.400000 -0.702227 0.000000
vt 0.400000 -0.641468 0.000000
vt -0.000000 -0.636899 0.000000
vt 0.400000 -0.580709 0.000000
vt 0.000000 -0.519951 0.000000
vt 0.400000 -0.519951 0.000000
vt 4.150000 -0.987745 0.000000
vt 4.540000 -0.987745 0.000000
vt 4.150000 -0.870797 0.000000
vt 4.540000 -0.870797 0.000000
vt 4.150000 -0.753848 0.000000
vt 4.540000 -0.753848 0.000000
vt 4.150000 -0.636899 0.000000
vt 4.540000 -0.636899 0.000000
vt 4.150000 -0.519951 0.000000
vt 4.540000 -0.519951 0.000000
vt -3.019999 3.352554 0.000000
vt -0.500000 4.547744 0.000000
vt -3.019999 4.950000 0.000000
vt -0.507707 4.743892 0.000000
vt -0.530779 4.938830 0.000000
vt -3.026387 3.173956 0.000000
vt -1.366722 1.852554 0.000000
vt -1.232233 1.987043 0.000000
vt -1.098985 2.131190 0.000000
vt -3.045517 2.996271 0.000000
vt -3.077292 2.820406 0.000000
vt -3.121550 2.647261 0.000000
vt -3.178064 2.477719 0.000000
vt -3.246545 2.312649 0.000000
vt -3.326644 2.152892 0.000000
vt -3.417951 1.999265 0.000000
vt -3.519999 1.852554 0.000000
vt -0.977458 2.285347 0.000000
vt -0.868400 2.448564 0.000000
vt -0.772484 2.619834 0.000000
vt -0.690301 2.798101 0.000000
vt -0.622359 2.982268 0.000000
vt -0.569075 3.171197 0.000000
vt -0.530779 3.363724 0.000000
vt -0.507707 3.558662 0.000000
vt -0.500000 3.754810 0.000000
vt -0.569075 5.131358 0.000000
vt -0.622359 5.320287 0.000000
vt -0.690301 5.504453 0.000000
vt -0.772484 5.682721 0.000000
vt -0.868400 5.853991 0.000000
vt -0.977458 6.017207 0.000000
vt -1.098985 6.171364 0.000000
vt -1.232233 6.315511 0.000000
vt -1.366722 6.450000 0.000000
vt -3.519999 6.450000 0.000000
vt -3.417951 6.303289 0.000000
vt -3.326644 6.149663 0.000000
vt -3.246545 5.989906 0.000000
vt -3.178064 5.824835 0.000000
vt -3.121550 5.655294 0.000000
vt -3.077292 5.482148 0.000000
vt -3.045517 5.306283 0.000000
vt -3.026387 5.128598 0.000000
vt -2.089400 -0.134872 0.000000
vt -1.689431 -0.134872 0.000000
vt -2.089400 -0.089914 0.000000
vt -1.689431 -0.089914 0.000000
vt -2.089400 -0.044957 0.000000
vt -1.689431 -0.044957 0.000000
vt -2.089400 -0.000000 0.000000
vt -1.689431 -0.000000 0.000000
vt -0.786807 1.494506 0.000000
vt -0.786034 1.511176 0.000000
vt -0.786807 1.511205 0.000000
vt -0.785852 1.578370 0.000000
vt -0.791835 1.611358 0.000000
vt -0.790364 1.645412 0.000000
vt -0.806868 1.710503 0.000000
vt -0.799547 1.711976 0.000000
vt -0.813357 1.777735 0.000000
vt -0.831756 1.807644 0.000000
vt -0.831033 1.819072 0.000000
vt -0.848663 1.860428 0.000000
vt -0.866246 1.901804 0.000000
vt -0.400000 4.286506 0.000000
vt -0.399969 4.286506 0.000000
vt -0.400000 4.303205 0.000000
vt -0.399969 4.303205 0.000000
vt -1.347378 -0.654646 0.000000
vt -0.820741 0.032352 0.000000
vt -1.347378 1.664274 0.000000
vt -0.808253 0.062500 0.000000
vt -1.296772 1.644301 0.000000
vt -1.246830 1.622719 0.000000
vt -1.197606 1.599550 0.000000
vt -0.788388 0.088388 0.000000
vt -0.723835 1.371076 0.000000
vt -0.762500 0.108253 0.000000
vt -0.732352 0.120741 0.000000
vt -0.232836 -0.932836 0.000000
vt -0.732352 -0.120741 0.000000
vt -0.762500 -0.108253 0.000000
vt -0.788388 -0.088388 0.000000
vt -0.173460 -0.945678 0.000000
vt -0.108253 -0.762500 0.000000
vt -0.120741 -0.732352 0.000000
vt -0.125000 -0.700000 0.000000
vt -0.088388 -0.788388 0.000000
vt -0.113392 -0.954745 0.000000
vt -0.062500 -0.808253 0.000000
vt -0.052871 -0.960000 0.000000
vt -0.032352 -0.820741 0.000000
vt -0.036172 -0.960000 0.000000
vt 0.000000 -0.825000 0.000000
vt 0.063980 -0.954972 0.000000
vt 0.032352 -0.820741 0.000000
vt 0.062500 -0.808253 0.000000
vt 0.163125 -0.939939 0.000000
vt 0.088388 -0.788388 0.000000
vt 0.108253 -0.762500 0.000000
vt 0.260266 -0.915052 0.000000
vt 0.120741 -0.732352 0.000000
vt 0.354426 -0.880561 0.000000
vt 0.125000 -0.700000 0.000000
vt 0.416153 -0.851853 0.000000
vt 0.120741 -0.667647 0.000000
vt 0.475784 -0.819012 0.000000
vt 0.533042 -0.782189 0.000000
vt 0.215256 -0.253419 0.000000
vt 0.587662 -0.741557 0.000000
vt 0.264701 -0.201220 0.000000
vt 0.639391 -0.697302 0.000000
vt 0.687989 -0.649630 0.000000
vt 0.637500 -0.108253 0.000000
vt 0.733231 -0.598763 0.000000
vt 0.667647 -0.120741 0.000000
vt 0.774908 -0.544935 0.000000
vt 0.812825 -0.488396 0.000000
vt 0.700000 -0.125000 0.000000
vt 0.846808 -0.429409 0.000000
vt 0.876699 -0.368246 0.000000
vt 0.732352 -0.120741 0.000000
vt 0.902360 -0.305191 0.000000
vt 0.762500 -0.108253 0.000000
vt 0.923671 -0.240537 0.000000
vt 0.788388 -0.088388 0.000000
vt 0.940533 -0.174582 0.000000
vt 0.808253 -0.062500 0.000000
vt 0.952870 -0.107633 0.000000
vt 0.820741 -0.032352 0.000000
vt 0.960622 -0.040000 0.000000
vt 0.825000 0.000000 0.000000
vt 0.958005 0.032303 0.000000
vt 0.820741 0.032352 0.000000
vt 0.950167 0.104228 0.000000
vt 0.808253 0.062500 0.000000
vt 0.937149 0.175398 0.000000
vt 0.788388 0.088388 0.000000
vt 0.919019 0.245440 0.000000
vt 0.762500 0.108253 0.000000
vt 0.895872 0.313988 0.000000
vt 0.732352 0.120741 0.000000
vt 0.867830 0.380683 0.000000
vt 0.700000 0.125000 0.000000
vt 0.835039 0.445176 0.000000
vt 0.667647 0.120741 0.000000
vt 0.797670 0.507130 0.000000
vt 0.755920 0.566219 0.000000
vt 0.637500 0.108253 0.000000
vt 0.710007 0.622135 0.000000
vt 0.264701 0.201220 0.000000
vt 0.660171 0.674585 0.000000
vt 0.606673 0.723294 0.000000
vt 0.215256 0.253419 0.000000
vt 0.549794 0.768008 0.000000
vt 0.489830 0.808492 0.000000
vt 0.120741 0.667647 0.000000
vt 0.427096 0.844535 0.000000
vt 0.125000 0.700000 0.000000
vt 0.361921 0.875947 0.000000
vt 0.120741 0.732352 0.000000
vt 0.265396 0.912425 0.000000
vt 0.108253 0.762500 0.000000
vt 0.165625 0.938761 0.000000
vt 0.088388 0.788388 0.000000
vt 0.062500 0.808253 0.000000
vt 0.063673 0.954676 0.000000
vt 0.032352 0.820741 0.000000
vt 0.000000 0.825000 0.000000
vt -0.039378 0.960000 0.000000
vt -0.032352 0.820741 0.000000
vt -0.052871 0.960000 0.000000
vt -0.062500 0.808253 0.000000
vt -0.088388 0.788388 0.000000
vt -0.247100 1.148852 0.000000
vt -0.108253 0.762500 0.000000
vt -0.120741 0.732352 0.000000
vt -0.125000 0.700000 0.000000
vt -0.700000 0.125000 0.000000
vt -0.667647 0.120741 0.000000
vt -0.039404 0.960647 0.000000
vt 0.029145 0.961013 0.000000
vt 0.097546 0.956494 0.000000
vt 0.165451 0.947112 0.000000
vt 0.232515 0.932916 0.000000
vt 0.324726 -0.071478 0.000000
vt 0.579259 -0.032352 0.000000
vt 0.332500 -0.000000 0.000000
vt 0.575000 0.000000 0.000000
vt 0.579259 0.032352 0.000000
vt 0.591747 -0.062500 0.000000
vt 0.301769 -0.139613 0.000000
vt 0.611611 -0.088388 0.000000
vt 0.108253 -0.637500 0.000000
vt 0.155746 -0.293768 0.000000
vt 0.088388 -0.611611 0.000000
vt 0.088953 -0.320380 0.000000
vt 0.062500 -0.591747 0.000000
vt 0.032352 -0.579259 0.000000
vt 0.018001 -0.332012 0.000000
vt 0.000000 -0.575000 0.000000
vt -0.053793 -0.328120 0.000000
vt -0.032352 -0.579259 0.000000
vt -0.062500 -0.591747 0.000000
vt -0.123071 -0.308885 0.000000
vt -0.088388 -0.611611 0.000000
vt -0.186595 -0.275207 0.000000
vt -0.108253 -0.637500 0.000000
vt -0.120741 -0.667647 0.000000
vt -0.241394 -0.228660 0.000000
vt -0.667647 -0.120741 0.000000
vt -0.637500 -0.108253 0.000000
vt -0.284905 -0.171422 0.000000
vt -0.611611 -0.088388 0.000000
vt -0.315095 -0.106168 0.000000
vt -0.591747 -0.062500 0.000000
vt -0.579259 -0.032352 0.000000
vt -0.330551 -0.035950 0.000000
vt -0.575000 0.000000 0.000000
vt -0.330551 0.035950 0.000000
vt -0.579259 0.032352 0.000000
vt -0.315095 0.106168 0.000000
vt -0.591747 0.062500 0.000000
vt -0.611611 0.088388 0.000000
vt -0.284905 0.171422 0.000000
vt -0.637500 0.108253 0.000000
vt -0.241394 0.228660 0.000000
vt -0.120741 0.667647 0.000000
vt -0.186595 0.275207 0.000000
vt -0.108253 0.637500 0.000000
vt -0.088388 0.611611 0.000000
vt -0.123071 0.308885 0.000000
vt -0.062500 0.591747 0.000000
vt -0.053793 0.328120 0.000000
vt -0.032352 0.579259 0.000000
vt 0.000000 0.575000 0.000000
vt 0.018001 0.332012 0.000000
vt 0.032352 0.579259 0.000000
vt 0.088953 0.320380 0.000000
vt 0.062500 0.591747 0.000000
vt 0.088388 0.611611 0.000000
vt 0.155746 0.293768 0.000000
vt 0.108253 0.637500 0.000000
vt 0.611611 0.088388 0.000000
vt 0.301769 0.139613 0.000000
vt 0.591747 0.062500 0.000000
vt 0.324726 0.071478 0.000000
vt -0.700000 -0.125000 0.000000
vt -0.808253 -0.062500 0.000000
vt -0.820741 -0.032352 0.000000
vt -0.825000 -0.000000 0.000000
vt 1.347378 1.664274 0.000000
vt 0.820741 0.032352 0.000000
vt 1.347378 -0.654646 0.000000
vt 0.825000 0.000000 0.000000
vt 0.820741 -0.032352 0.000000
vt 0.808253 0.062500 0.000000
vt 1.296772 1.644301 0.000000
vt 1.246830 1.622719 0.000000
vt 1.197606 1.599550 0.000000
vt 0.788388 0.088388 0.000000
vt 0.681237 1.350909 0.000000
vt 0.762500 0.108253 0.000000
vt 0.732352 0.120741 0.000000
vt 0.700000 0.125000 0.000000
vt 0.125000 0.700000 0.000000
vt 0.667647 0.120741 0.000000
vt 0.120741 0.667647 0.000000
vt 0.241394 0.228660 0.000000
vt 0.186595 0.275207 0.000000
vt 0.108253 0.637500 0.000000
vt 0.088388 0.611611 0.000000
vt 0.120741 0.732352 0.000000
vt 0.161360 1.109691 0.000000
vt 0.108253 0.762500 0.000000
vt 0.088388 0.788388 0.000000
vt 0.062500 0.808253 0.000000
vt 0.032352 0.820741 0.000000
vt -0.000000 0.825000 0.000000
vt -0.032352 0.820741 0.000000
vt -0.062500 0.808253 0.000000
vt -0.361921 0.875947 0.000000
vt -0.088388 0.788388 0.000000
vt -0.108253 0.762500 0.000000
vt -0.120741 0.732352 0.000000
vt -0.125000 0.700000 0.000000
vt -0.120741 0.667647 0.000000
vt -0.465051 0.823453 0.000000
vt -0.215256 0.253419 0.000000
vt -0.561426 0.759397 0.000000
vt -0.264701 0.201220 0.000000
vt -0.649756 0.684634 0.000000
vt -0.728857 0.600168 0.000000
vt -0.797670 0.507130 0.000000
vt -0.667647 0.120741 0.000000
vt -0.637500 0.108253 0.000000
vt -0.611611 0.088388 0.000000
vt -0.301769 0.139613 0.000000
vt -0.591747 0.062500 0.000000
vt -0.324726 0.071478 0.000000
vt -0.579259 0.032352 0.000000
vt -0.332500 0.000000 0.000000
vt -0.575000 0.000000 0.000000
vt -0.579259 -0.032352 0.000000
vt -0.700000 0.125000 0.000000
vt -0.855274 0.406764 0.000000
vt -0.732352 0.120741 0.000000
vt -0.900897 0.300416 0.000000
vt -0.762500 0.108253 0.000000
vt -0.933929 0.189508 0.000000
vt -0.788388 0.088388 0.000000
vt -0.808253 0.062500 0.000000
vt -0.953927 0.075528 0.000000
vt -0.820741 0.032352 0.000000
vt -0.825000 0.000000 0.000000
vt -0.960622 -0.040000 0.000000
vt -0.820741 -0.032352 0.000000
vt -0.808253 -0.062500 0.000000
vt -0.943668 -0.159780 0.000000
vt -0.788388 -0.088388 0.000000
vt -0.912375 -0.276636 0.000000
vt -0.762500 -0.108253 0.000000
vt -0.732352 -0.120741 0.000000
vt -0.867199 -0.388858 0.000000
vt -0.700000 -0.125000 0.000000
vt -0.808803 -0.494804 0.000000
vt -0.667647 -0.120741 0.000000
vt -0.738042 -0.592924 0.000000
vt -0.637500 -0.108253 0.000000
vt -0.264701 -0.201220 0.000000
vt -0.611611 -0.088388 0.000000
vt -0.301769 -0.139613 0.000000
vt -0.591747 -0.062500 0.000000
vt -0.324726 -0.071478 0.000000
vt -0.655950 -0.681781 0.000000
vt -0.563728 -0.760074 0.000000
vt -0.215256 -0.253419 0.000000
vt -0.462728 -0.826659 0.000000
vt -0.120741 -0.667647 0.000000
vt -0.354426 -0.880561 0.000000
vt -0.125000 -0.700000 0.000000
vt -0.313050 -0.898145 0.000000
vt -0.120741 -0.732352 0.000000
vt -0.271694 -0.915775 0.000000
vt -0.108253 -0.762500 0.000000
vt -0.230358 -0.933451 0.000000
vt -0.088388 -0.788388 0.000000
vt -0.115393 -0.954505 0.000000
vt -0.062500 -0.808253 0.000000
vt -0.032352 -0.820741 0.000000
vt 0.001277 -0.961454 0.000000
vt -0.000000 -0.825000 0.000000
vt 0.032352 -0.820741 0.000000
vt 0.117928 -0.954195 0.000000
vt 0.062500 -0.808253 0.000000
vt 0.088388 -0.788388 0.000000
vt 0.232836 -0.932836 0.000000
vt 0.108253 -0.762500 0.000000
vt 0.120741 -0.732352 0.000000
vt 0.125000 -0.700000 0.000000
vt 0.120741 -0.667647 0.000000
vt 0.667647 -0.120741 0.000000
vt 0.241394 -0.228660 0.000000
vt 0.637500 -0.108253 0.000000
vt 0.284905 -0.171422 0.000000
vt 0.611611 -0.088388 0.000000
vt 0.315095 -0.106168 0.000000
vt 0.591747 -0.062500 0.000000
vt 0.579259 -0.032352 0.000000
vt 0.732352 -0.120741 0.000000
vt 0.700000 -0.125000 0.000000
vt -0.108253 0.637500 0.000000
vt -0.155746 0.293768 0.000000
vt -0.088388 0.611611 0.000000
vt -0.088953 0.320380 0.000000
vt -0.062500 0.591747 0.000000
vt -0.032352 0.579259 0.000000
vt -0.018001 0.332012 0.000000
vt -0.000000 0.575000 0.000000
vt 0.053793 0.328120 0.000000
vt 0.032352 0.579259 0.000000
vt 0.062500 0.591747 0.000000
vt 0.123071 0.308885 0.000000
vt 0.637500 0.108253 0.000000
vt 0.284905 0.171422 0.000000
vt 0.611611 0.088388 0.000000
vt 0.315095 0.106168 0.000000
vt 0.591747 0.062500 0.000000
vt 0.579259 0.032352 0.000000
vt 0.330551 0.035950 0.000000
vt 0.575000 0.000000 0.000000
vt 0.330551 -0.035950 0.000000
vt 0.186595 -0.275207 0.000000
vt 0.108253 -0.637500 0.000000
vt 0.088388 -0.611611 0.000000
vt 0.123071 -0.308885 0.000000
vt 0.062500 -0.591747 0.000000
vt 0.053793 -0.328120 0.000000
vt 0.032352 -0.579259 0.000000
vt -0.000000 -0.575000 0.000000
vt -0.018001 -0.332012 0.000000
vt -0.032352 -0.579259 0.000000
vt -0.088953 -0.320380 0.000000
vt -0.062500 -0.591747 0.000000
vt -0.088388 -0.611611 0.000000
vt -0.155746 -0.293768 0.000000
vt -0.108253 -0.637500 0.000000
vt 0.808253 -0.062500 0.000000
vt 0.788388 -0.088388 0.000000
vt 0.762500 -0.108253 0.000000
vt 0.366325 1.639146 0.000000
vt 0.366325 -0.661023 0.000000
vt 0.500900 1.625932 0.000000
vt 0.633999 1.602063 0.000000
vt 1.405449 -0.068677 0.000000
vt 0.764780 1.567691 0.000000
vt 0.892415 1.523033 0.000000
vt 1.016097 1.468372 0.000000
vt 1.425314 -0.042789 0.000000
vt 1.451203 -0.022924 0.000000
vt 1.980866 -1.064013 0.000000
vt 1.481350 -0.251918 0.000000
vt 1.451203 -0.239430 0.000000
vt 1.425314 -0.219565 0.000000
vt 2.095775 -1.085372 0.000000
vt 2.125314 -0.919565 0.000000
vt 2.105449 -0.893677 0.000000
vt 2.092962 -0.863529 0.000000
vt 2.212426 -1.092631 0.000000
vt 2.181350 -0.951918 0.000000
vt 2.151202 -0.939430 0.000000
vt 2.329095 -1.085682 0.000000
vt 2.246055 -0.951918 0.000000
vt 2.213702 -0.956177 0.000000
vt 2.444060 -1.064628 0.000000
vt 2.302091 -0.919565 0.000000
vt 2.276202 -0.939430 0.000000
vt 2.321956 -0.893677 0.000000
vt 2.485396 -1.046952 0.000000
vt 2.334443 -0.863529 0.000000
vt 2.526753 -1.029322 0.000000
vt 2.568129 -1.011738 0.000000
vt 2.338702 -0.831177 0.000000
vt 2.676430 -0.957836 0.000000
vt 2.334443 -0.798825 0.000000
vt 2.777431 -0.891252 0.000000
vt 2.321956 -0.768677 0.000000
vt 2.428958 -0.384596 0.000000
vt 2.369448 -0.424945 0.000000
vt 2.869652 -0.812958 0.000000
vt 2.951744 -0.724101 0.000000
vt 2.478403 -0.332398 0.000000
vt 2.851202 -0.239430 0.000000
vt 2.515471 -0.270790 0.000000
vt 2.825314 -0.219565 0.000000
vt 2.805449 -0.193677 0.000000
vt 3.022506 -0.625982 0.000000
vt 2.881350 -0.251918 0.000000
vt 3.080902 -0.520035 0.000000
vt 2.913702 -0.256177 0.000000
vt 2.946055 -0.251918 0.000000
vt 3.126077 -0.407813 0.000000
vt 2.976202 -0.239430 0.000000
vt 3.157371 -0.290957 0.000000
vt 3.002091 -0.219565 0.000000
vt 3.021955 -0.193677 0.000000
vt 3.174325 -0.171177 0.000000
vt 3.034443 -0.163530 0.000000
vt 3.038702 -0.131177 0.000000
vt 3.167629 -0.055649 0.000000
vt 3.034443 -0.098825 0.000000
vt 3.021955 -0.068677 0.000000
vt 3.147632 0.058331 0.000000
vt 3.002091 -0.042789 0.000000
vt 2.976202 -0.022924 0.000000
vt 3.114600 0.169238 0.000000
vt 2.946055 -0.010436 0.000000
vt 2.913702 -0.006177 0.000000
vt 3.068977 0.275587 0.000000
vt 2.881350 -0.010436 0.000000
vt 3.011373 0.375953 0.000000
vt 2.851202 -0.022924 0.000000
vt 2.478403 0.070043 0.000000
vt 2.515471 0.008436 0.000000
vt 2.942559 0.468991 0.000000
vt 2.428958 0.122242 0.000000
vt 2.863458 0.553457 0.000000
vt 2.775129 0.628219 0.000000
vt 2.678753 0.692276 0.000000
vt 2.334443 0.536470 0.000000
vt 2.321956 0.506323 0.000000
vt 2.369448 0.162591 0.000000
vt 2.302091 0.480434 0.000000
vt 2.302656 0.189203 0.000000
vt 2.276202 0.460569 0.000000
vt 2.246055 0.448082 0.000000
vt 2.338702 0.568823 0.000000
vt 2.575623 0.744770 0.000000
vt 2.334443 0.601175 0.000000
vt 2.321956 0.631323 0.000000
vt 2.302091 0.657211 0.000000
vt 2.276202 0.677076 0.000000
vt 2.246055 0.689563 0.000000
vt 2.052343 0.978514 0.000000
vt 2.213702 0.693823 0.000000
vt 2.181350 0.689563 0.000000
vt 2.151202 0.677076 0.000000
vt 2.125314 0.657211 0.000000
vt 2.105449 0.631323 0.000000
vt 2.092962 0.601175 0.000000
vt 1.532465 1.219731 0.000000
vt 2.088702 0.568823 0.000000
vt 1.513703 -0.006177 0.000000
vt 2.092962 0.536470 0.000000
vt 1.546055 -0.010436 0.000000
vt 1.972309 0.097483 0.000000
vt 1.576203 -0.022924 0.000000
vt 1.928797 0.040245 0.000000
vt 1.602091 -0.042789 0.000000
vt 1.898608 -0.025009 0.000000
vt 1.621956 -0.068677 0.000000
vt 1.634443 -0.098825 0.000000
vt 1.481350 -0.010436 0.000000
vt 2.538429 -0.202655 0.000000
vt 2.792962 -0.163530 0.000000
vt 2.546202 -0.131177 0.000000
vt 2.788702 -0.131177 0.000000
vt 2.792962 -0.098825 0.000000
vt 2.538429 -0.059699 0.000000
vt 2.805449 -0.068677 0.000000
vt 2.825314 -0.042789 0.000000
vt 1.634443 -0.163530 0.000000
vt 1.883152 -0.167127 0.000000
vt 1.638703 -0.131177 0.000000
vt 1.883152 -0.095228 0.000000
vt 1.898608 -0.237345 0.000000
vt 1.621956 -0.193677 0.000000
vt 1.602091 -0.219565 0.000000
vt 1.928797 -0.302599 0.000000
vt 1.576203 -0.239430 0.000000
vt 1.972309 -0.359837 0.000000
vt 1.546055 -0.251918 0.000000
vt 2.092962 -0.798825 0.000000
vt 1.513703 -0.256177 0.000000
vt 1.405449 -0.193677 0.000000
vt 1.392962 -0.163530 0.000000
vt 1.388703 -0.131177 0.000000
vt 1.392962 -0.098825 0.000000
vt 2.088702 -0.831177 0.000000
vt 2.105449 -0.768677 0.000000
vt 2.027108 -0.406384 0.000000
vt 2.125314 -0.742789 0.000000
vt 2.090632 -0.440062 0.000000
vt 2.151202 -0.722924 0.000000
vt 2.159910 -0.459297 0.000000
vt 2.181350 -0.710436 0.000000
vt 2.213702 -0.706177 0.000000
vt 2.231704 -0.463190 0.000000
vt 2.246055 -0.710436 0.000000
vt 2.302656 -0.451558 0.000000
vt 2.276202 -0.722924 0.000000
vt 2.302091 -0.742789 0.000000
vt 2.231704 0.200835 0.000000
vt 2.213702 0.443823 0.000000
vt 2.159910 0.196943 0.000000
vt 2.181350 0.448082 0.000000
vt 2.151202 0.460569 0.000000
vt 2.090632 0.177708 0.000000
vt 2.125314 0.480434 0.000000
vt 2.027108 0.144029 0.000000
vt 2.105449 0.506323 0.000000
vt -0.000031 4.286506 0.000000
vt -0.000000 4.286506 0.000000
vt -0.000031 4.300000 0.000000
vt 0.000000 4.300000 0.000000
vt -0.400000 0.359974 0.000000
vt 0.000000 0.359974 0.000000
vt -0.400000 0.392699 0.000000
vt -0.000000 0.392699 0.000000
vt -0.400000 -0.392699 0.000000
vt -0.000000 -0.392699 0.000000
vt -0.400000 -0.359974 0.000000
vt 0.000000 -0.359974 0.000000
vt -0.400000 -0.327249 0.000000
vt 0.000000 -0.327249 0.000000
vt -0.400000 -0.294524 0.000000
vt 0.000000 -0.294524 0.000000
vt -0.400000 -0.261799 0.000000
vt 0.000000 -0.261799 0.000000
vt -0.400000 -0.229074 0.000000
vt 0.000000 -0.229074 0.000000
vt -0.400000 -0.196350 0.000000
vt 0.000000 -0.196350 0.000000
vt -0.400000 -0.163625 0.000000
vt 0.000000 -0.163625 0.000000
vt -0.400000 -0.130900 0.000000
vt 0.000000 -0.130900 0.000000
vt -0.400000 -0.098175 0.000000
vt 0.000000 -0.098175 0.000000
vt -0.400000 -0.065450 0.000000
vt 0.000000 -0.065450 0.000000
vt -0.400000 -0.032725 0.000000
vt 0.000000 -0.032725 0.000000
vt -0.400000 -0.000000 0.000000
vt 0.000000 -0.000000 0.000000
vt -0.400000 0.032725 0.000000
vt 0.000000 0.032725 0.000000
vt -0.400000 0.065450 0.000000
vt 0.000000 0.065450 0.000000
vt -0.400000 0.098175 0.000000
vt 0.000000 0.098175 0.000000
vt -0.400000 0.130900 0.000000
vt 0.000000 0.130900 0.000000
vt -0.400000 0.163625 0.000000
vt 0.000000 0.163625 0.000000
vt -0.400000 0.196350 0.000000
vt 0.000000 0.196350 0.000000
vt -0.400000 0.229074 0.000000
vt 0.000000 0.229074 0.000000
vt -0.400000 0.261799 0.000000
vt 0.000000 0.261799 0.000000
vt -0.400000 0.294524 0.000000
vt 0.000000 0.294524 0.000000
vt -0.400000 0.327249 0.000000
vt 0.000000 0.327249 0.000000
vt -0.400000 0.359974 0.000000
vt 0.000000 0.359974 0.000000
vt -0.400000 0.392699 0.000000
vt 0.000000 0.392699 0.000000
vt -0.400000 -0.392699 0.000000
vt 0.000000 -0.392699 0.000000
vt -0.400000 -0.359974 0.000000
vt 0.000000 -0.359974 0.000000
vt -0.400000 -0.327249 0.000000
vt 0.000000 -0.327249 0.000000
vt -0.400000 -0.294524 0.000000
vt 0.000000 -0.294524 0.000000
vt -0.400000 -0.261799 0.000000
vt 0.000000 -0.261799 0.000000
vt -0.400000 -0.229074 0.000000
vt 0.000000 -0.229074 0.000000
vt -0.400000 -0.196350 0.000000
vt 0.000000 -0.196350 0.000000
vt -0.400000 -0.163625 0.000000
vt 0.000000 -0.163625 0.000000
vt -0.400000 -0.130900 0.000000
vt 0.000000 -0.130900 0.000000
vt -0.400000 -0.098175 0.000000
vt 0.000000 -0.098175 0.000000
vt -0.400000 -0.065450 0.000000
vt 0.000000 -0.065450 0.000000
vt -0.400000 -0.032725 0.000000
vt 0.000000 -0.032725 0.000000
vt -0.400000 0.000000 0.000000
vt 0.000000 -0.000000 0.000000
vt -0.400000 0.032725 0.000000
vt 0.000000 0.032725 0.000000
vt -0.400000 0.065450 0.000000
vt 0.000000 0.065450 0.000000
vt -0.400000 0.098175 0.000000
vt 0.000000 0.098175 0.000000
vt -0.400000 0.130900 0.000000
vt 0.000000 0.130900 0.000000
vt -0.400000 0.163625 0.000000
vt 0.000000 0.163625 0.000000
vt -0.400000 0.196350 0.000000
vt 0.000000 0.196350 0.000000
vt -0.400000 0.229074 0.000000
vt 0.000000 0.229074 0.000000
vt -0.400000 0.261799 0.000000
vt 0.000000 0.261799 0.000000
vt -0.400000 0.294524 0.000000
vt 0.000000 0.294524 0.000000
vt -0.400000 0.327249 0.000000
vt 0.000000 0.327249 0.000000
vt -0.400000 0.359974 0.000000
vt 0.000000 0.359974 0.000000
vt -0.400000 0.392699 0.000000
vt 0.000000 0.392699 0.000000
vt -0.400000 -0.392699 0.000000
vt 0.000000 -0.392699 0.000000
vt -0.400000 -0.359974 0.000000
vt 0.000000 -0.359974 0.000000
vt -0.400000 -0.327249 0.000000
vt 0.000000 -0.327249 0.000000
vt -0.400000 -0.294524 0.000000
vt 0.000000 -0.294524 0.000000
vt -0.400000 -0.261799 0.000000
vt 0.000000 -0.261799 0.000000
vt -0.400000 -0.229074 0.000000
vt 0.000000 -0.229074 0.000000
vt -0.400000 -0.196350 0.000000
vt 0.000000 -0.196350 0.000000
vt -0.400000 -0.163625 0.000000
vt 0.000000 -0.163625 0.000000
vt -0.400000 -0.130900 0.000000
vt 0.000000 -0.130900 0.000000
vt -0.400000 -0.098175 0.000000
vt 0.000000 -0.098175 0.000000
vt -0.400000 -0.065450 0.000000
vt 0.000000 -0.065450 0.000000
vt -0.400000 -0.032725 0.000000
vt 0.000000 -0.032725 0.000000
vt -0.400000 -0.000000 0.000000
vt 0.000000 -0.000000 0.000000
vt -0.400000 0.032725 0.000000
vt 0.000000 0.032725 0.000000
vt -0.400000 0.065450 0.000000
vt 0.000000 0.065450 0.000000
vt -0.400000 0.098175 0.000000
vt 0.000000 0.098175 0.000000
vt -0.400000 0.130900 0.000000
vt 0.000000 0.130900 0.000000
vt -0.400000 0.163625 0.000000
vt 0.000000 0.163625 0.000000
vt -0.400000 0.196350 0.000000
vt 0.000000 0.196350 0.000000
vt -0.400000 0.229074 0.000000
vt 0.000000 0.229074 0.000000
vt -0.400000 0.261799 0.000000
vt 0.000000 0.261799 0.000000
vt -0.400000 0.294524 0.000000
vt 0.000000 0.294524 0.000000
vt -0.400000 0.327249 0.000000
vt 0.000000 0.327249 0.000000
vt -0.400000 0.359974 0.000000
vt 0.000000 0.359974 0.000000
vt -0.400000 0.392699 0.000000
vt -0.000000 0.392699 0.000000
vt -0.400000 -0.392699 0.000000
vt -0.000000 -0.392699 0.000000
vt -0.400000 -0.359974 0.000000
vt 0.000000 -0.359974 0.000000
vt -0.400000 -0.327249 0.000000
vt 0.000000 -0.327249 0.000000
vt -0.400000 -0.294524 0.000000
vt 0.000000 -0.294524 0.000000
vt -0.400000 -0.261799 0.000000
vt 0.000000 -0.261799 0.000000
vt -0.400000 -0.229074 0.000000
vt 0.000000 -0.229074 0.000000
vt -0.400000 -0.196350 0.000000
vt 0.000000 -0.196350 0.000000
vt -0.400000 -0.163625 0.000000
vt 0.000000 -0.163625 0.000000
vt -0.400000 -0.130900 0.000000
vt 0.000000 -0.130900 0.000000
vt -0.400000 -0.098175 0.000000
vt 0.000000 -0.098175 0.000000
vt -0.400000 -0.065450 0.000000
vt 0.000000 -0.065450 0.000000
vt -0.400000 -0.032725 0.000000
vt 0.000000 -0.032725 0.000000
vt -0.400000 -0.000000 0.000000
vt 0.000000 -0.000000 0.000000
vt -0.400000 0.032725 0.000000
vt 0.000000 0.032725 0.000000
vt -0.400000 0.065450 0.000000
vt 0.000000 0.065450 0.000000
vt -0.400000 0.098175 0.000000
vt 0.000000 0.098175 0.000000
vt -0.400000 0.130900 0.000000
vt 0.000000 0.130900 0.000000
vt -0.400000 0.163625 0.000000
vt 0.000000 0.163625 0.000000
vt -0.400000 0.196350 0.000000
vt 0.000000 0.196350 0.000000
vt -0.400000 0.229074 0.000000
vt 0.000000 0.229074 0.000000
vt -0.400000 0.261799 0.000000
vt 0.000000 0.261799 0.000000
vt -0.400000 0.294524 0.000000
vt 0.000000 0.294524 0.000000
vt -0.400000 0.327249 0.000000
vt 0.000000 0.327249 0.000000
vt -0.400000 0.972540 0.000000
vt 0.000000 0.972540 0.000000
vt -0.400000 1.044580 0.000000
vt -0.000000 1.044580 0.000000
vt -0.400000 -1.044580 0.000000
vt -0.000000 -1.044580 0.000000
vt -0.400000 -0.972540 0.000000
vt 0.000000 -0.972540 0.000000
vt -0.400000 -0.900500 0.000000
vt 0.000000 -0.900500 0.000000
vt -0.400000 -0.828460 0.000000
vt 0.000000 -0.828460 0.000000
vt -0.400000 -0.756420 0.000000
vt 0.000000 -0.756420 0.000000
vt -0.400000 -0.684380 0.000000
vt 0.000000 -0.684380 0.000000
vt -0.400000 -0.612340 0.000000
vt 0.000000 -0.612340 0.000000
vt -0.400000 -0.540300 0.000000
vt 0.000000 -0.540300 0.000000
vt -0.400000 -0.468260 0.000000
vt 0.000000 -0.468260 0.000000
vt -0.400000 -0.396220 0.000000
vt 0.000000 -0.396220 0.000000
vt -0.400000 -0.324180 0.000000
vt 0.000000 -0.324180 0.000000
vt -0.400000 -0.252140 0.000000
vt 0.000000 -0.252140 0.000000
vt -0.400000 -0.180100 0.000000
vt 0.000000 -0.180100 0.000000
vt -0.400000 -0.108060 0.000000
vt 0.000000 -0.108060 0.000000
vt -0.400000 -0.036020 0.000000
vt 0.000000 -0.036020 0.000000
vt -0.400000 0.036020 0.000000
vt 0.000000 0.036020 0.000000
vt -0.400000 0.108060 0.000000
vt 0.000000 0.108060 0.000000
vt -0.400000 0.180100 0.000000
vt 0.000000 0.180100 0.000000
vt -0.400000 0.252140 0.000000
vt 0.000000 0.252140 0.000000
vt -0.400000 0.324180 0.000000
vt 0.000000 0.324180 0.000000
vt -0.400000 0.396220 0.000000
vt 0.000000 0.396220 0.000000
vt -0.400000 0.468260 0.000000
vt 0.000000 0.468260 0.000000
vt -0.400000 0.540300 0.000000
vt 0.000000 0.540300 0.000000
vt -0.400000 0.612340 0.000000
vt 0.000000 0.612340 0.000000
vt -0.400000 0.684380 0.000000
vt 0.000000 0.684380 0.000000
vt -0.400000 0.756420 0.000000
vt 0.000000 0.756420 0.000000
vt -0.400000 0.828460 0.000000
vt 0.000000 0.828460 0.000000
vt -0.400000 0.900500 0.000000
vt 0.000000 0.900500 0.000000
vt 0.100000 1.490711 0.000000
vt 0.099969 1.490711 0.000000
vt 0.100000 1.390390 0.000000
vt 0.099969 1.390390 0.000000
vt 0.099969 1.290070 0.000000
vt 0.100000 1.290070 0.000000
vt 0.099969 1.189749 0.000000
vt 0.100000 1.189749 0.000000
vt 0.099969 1.089429 0.000000
vt 0.100000 1.089429 0.000000
vt 0.100000 1.021340 0.000000
vt -0.300000 1.089429 0.000000
vt -0.300000 0.968381 0.000000
vt -0.300000 0.847334 0.000000
vt 0.100000 0.885161 0.000000
vt 0.100000 0.953250 0.000000
vt 0.100000 0.817072 0.000000
vt -0.300000 0.726286 0.000000
vt 0.100000 0.748982 0.000000
vt 0.100000 0.680893 0.000000
vt -0.300000 0.605238 0.000000
vt 0.100000 0.612804 0.000000
vt 0.100000 0.544714 0.000000
vt -0.300000 0.484191 0.000000
vt 0.100000 0.476625 0.000000
vt 0.100000 0.408536 0.000000
vt -0.300000 0.363143 0.000000
vt 0.100000 0.340447 0.000000
vt 0.100000 0.272357 0.000000
vt -0.300000 0.242095 0.000000
vt 0.100000 0.204268 0.000000
vt -0.300000 0.121048 0.000000
vt 0.100000 0.136179 0.000000
vt 0.100000 0.068089 0.000000
vt -0.300000 0.000000 0.000000
vt 0.100000 0.000000 0.000000
vt -0.300000 0.000000 0.000000
vt 0.090000 -0.000000 0.000000
vt -0.300000 0.121048 0.000000
vt 0.090000 0.121048 0.000000
vt -0.300000 0.242095 0.000000
vt 0.090000 0.242095 0.000000
vt -0.300000 0.363143 0.000000
vt 0.090000 0.363143 0.000000
vt -0.300000 0.484191 0.000000
vt 0.090000 0.484191 0.000000
vt -0.300000 0.605238 0.000000
vt 0.090000 0.605238 0.000000
vt -0.300000 0.726286 0.000000
vt 0.090000 0.726286 0.000000
vt -0.300000 0.847334 0.000000
vt 0.090000 0.847334 0.000000
vt -0.300000 0.968381 0.000000
vt 0.090000 0.968381 0.000000
vt -0.300000 1.089429 0.000000
vt 0.090000 1.089429 0.000000
vt -0.390000 0.359974 0.000000
vt 0.000000 0.359974 0.000000
vt -0.390000 0.392699 0.000000
vt -0.000000 0.392699 0.000000
vt -0.390000 -0.392699 0.000000
vt -0.000000 -0.392699 0.000000
vt -0.390000 -0.359974 0.000000
vt 0.000000 -0.359974 0.000000
vt -0.390000 -0.327249 0.000000
vt 0.000000 -0.327249 0.000000
vt -0.390000 -0.294524 0.000000
vt 0.000000 -0.294524 0.000000
vt -0.390000 -0.261799 0.000000
vt 0.000000 -0.261799 0.000000
vt -0.390000 -0.229074 0.000000
vt 0.000000 -0.229074 0.000000
vt -0.390000 -0.196350 0.000000
vt 0.000000 -0.196350 0.000000
vt -0.390000 -0.163625 0.000000
vt 0.000000 -0.163625 0.000000
vt -0.390000 -0.130900 0.000000
vt 0.000000 -0.130900 0.000000
vt -0.390000 -0.098175 0.000000
vt 0.000000 -0.098175 0.000000
vt -0.390000 -0.065450 0.000000
vt 0.000000 -0.065450 0.000000
vt -0.390000 -0.032725 0.000000
vt 0.000000 -0.032725 0.000000
vt -0.390000 0.000000 0.000000
vt 0.000000 -0.000000 0.000000
vt -0.390000 0.032725 0.000000
vt 0.000000 0.032725 0.000000
vt -0.390000 0.065450 0.000000
vt 0.000000 0.065450 0.000000
vt -0.390000 0.098175 0.000000
vt 0.000000 0.098175 0.000000
vt -0.390000 0.130900 0.000000
vt 0.000000 0.130900 0.000000
vt -0.390000 0.163625 0.000000
vt 0.000000 0.163625 0.000000
vt -0.390000 0.196350 0.000000
vt 0.000000 0.196350 0.000000
vt -0.390000 0.229074 0.000000
vt 0.000000 0.229074 0.000000
vt -0.390000 0.261799 0.000000
vt 0.000000 0.261799 0.000000
vt -0.390000 0.294524 0.000000
vt 0.000000 0.294524 0.000000
vt -0.390000 0.327249 0.000000
vt 0.000000 0.327249 0.000000
vt -0.390000 0.359974 0.000000
vt 0.000000 0.359974 0.000000
vt -0.390000 0.392699 0.000000
vt -0.000000 0.392699 0.000000
vt -0.390000 -0.392699 0.000000
vt -0.000000 -0.392699 0.000000
vt -0.390000 -0.359974 0.000000
vt 0.000000 -0.359974 0.000000
vt -0.390000 -0.327249 0.000000
vt 0.000000 -0.327249 0.000000
vt -0.390000 -0.294524 0.000000
vt 0.000000 -0.294524 0.000000
vt -0.390000 -0.261799 0.000000
vt 0.000000 -0.261799 0.000000
vt -0.390000 -0.229074 0.000000
vt 0.000000 -0.229074 0.000000
vt -0.390000 -0.196350 0.000000
vt 0.000000 -0.196350 0.000000
vt -0.390000 -0.163625 0.000000
vt 0.000000 -0.163625 0.000000
vt -0.390000 -0.130900 0.000000
vt 0.000000 -0.130900 0.000000
vt -0.390000 -0.098175 0.000000
vt 0.000000 -0.098175 0.000000
vt -0.390000 -0.065450 0.000000
vt 0.000000 -0.065450 0.000000
vt -0.390000 -0.032725 0.000000
vt 0.000000 -0.032725 0.000000
vt -0.390000 0.000000 0.000000
vt 0.000000 -0.000000 0.000000
vt -0.390000 0.032725 0.000000
vt 0.000000 0.032725 0.000000
vt -0.390000 0.065450 0.000000
vt 0.000000 0.065450 0.000000
vt -0.390000 0.098175 0.000000
vt 0.000000 0.098175 0.000000
vt -0.390000 0.130900 0.000000
vt 0.000000 0.130900 0.000000
vt -0.390000 0.163625 0.000000
vt 0.000000 0.163625 0.000000
vt -0.390000 0.196350 0.000000
vt 0.000000 0.196350 0.000000
vt -0.390000 0.229074 0.000000
vt 0.000000 0.229074 0.000000
vt -0.390000 0.261799 0.000000
vt 0.000000 0.261799 0.000000
vt -0.390000 0.294524 0.000000
vt 0.000000 0.294524 0.000000
vt -0.390000 0.327249 0.000000
vt 0.000000 0.327249 0.000000
vt -0.390000 0.359974 0.000000
vt 0.000000 0.359974 0.000000
vt -0.390000 0.392699 0.000000
vt -0.000000 0.392699 0.000000
vt -0.390000 -0.392699 0.000000
vt -0.000000 -0.392699 0.000000
vt -0.390000 -0.359974 0.000000
vt 0.000000 -0.359974 0.000000
vt -0.390000 -0.327249 0.000000
vt 0.000000 -0.327249 0.000000
vt -0.390000 -0.294524 0.000000
vt 0.000000 -0.294524 0.000000
vt -0.390000 -0.261799 0.000000
vt 0.000000 -0.261799 0.000000
vt -0.390000 -0.229074 0.000000
vt 0.000000 -0.229074 0.000000
vt -0.390000 -0.196350 0.000000
vt 0.000000 -0.196350 0.000000
vt -0.390000 -0.163625 0.000000
vt 0.000000 -0.163625 0.000000
vt -0.390000 -0.130900 0.000000
vt 0.000000 -0.130900 0.000000
vt -0.390000 -0.098175 0.000000
vt 0.000000 -0.098175 0.000000
vt -0.390000 -0.065450 0.000000
vt 0.000000 -0.065450 0.000000
vt -0.390000 -0.032725 0.000000
vt 0.000000 -0.032725 0.000000
vt -0.390000 0.000000 0.000000
vt 0.000000 -0.000000 0.000000
vt -0.390000 0.032725 0.000000
vt 0.000000 0.032725 0.000000
vt -0.390000 0.065450 0.000000
vt 0.000000 0.065450 0.000000
vt -0.390000 0.098175 0.000000
vt 0.000000 0.098175 0.000000
vt -0.390000 0.130900 0.000000
vt 0.000000 0.130900 0.000000
vt -0.390000 0.163625 0.000000
vt 0.000000 0.163625 0.000000
vt -0.390000 0.196350 0.000000
vt 0.000000 0.196350 0.000000
vt -0.390000 0.229074 0.000000
vt 0.000000 0.229074 0.000000
vt -0.390000 0.261799 0.000000
vt 0.000000 0.261799 0.000000
vt -0.390000 0.294524 0.000000
vt 0.000000 0.294524 0.000000
vt -0.390000 0.327249 0.000000
vt 0.000000 0.327249 0.000000
vt -0.390000 0.359974 0.000000
vt 0.000000 0.359974 0.000000
vt -0.390000 0.392699 0.000000
vt -0.000000 0.392699 0.000000
vt -0.390000 -0.392699 0.000000
vt -0.000000 -0.392699 0.000000
vt -0.390000 -0.359974 0.000000
vt 0.000000 -0.359974 0.000000
vt -0.390000 -0.327249 0.000000
vt 0.000000 -0.327249 0.000000
vt -0.390000 -0.294524 0.000000
vt 0.000000 -0.294524 0.000000
vt -0.390000 -0.261799 0.000000
vt 0.000000 -0.261799 0.000000
vt -0.390000 -0.229074 0.000000
vt 0.000000 -0.229074 0.000000
vt -0.390000 -0.196350 0.000000
vt 0.000000 -0.196350 0.000000
vt -0.390000 -0.163625 0.000000
vt 0.000000 -0.163625 0.000000
vt -0.390000 -0.130900 0.000000
vt 0.000000 -0.130900 0.000000
vt -0.390000 -0.098175 0.000000
vt 0.000000 -0.098175 0.000000
vt -0.390000 -0.065450 0.000000
vt 0.000000 -0.065450 0.000000
vt -0.390000 -0.032725 0.000000
vt 0.000000 -0.032725 0.000000
vt -0.390000 0.000000 0.000000
vt 0.000000 -0.000000 0.000000
vt -0.390000 0.032725 0.000000
vt 0.000000 0.032725 0.000000
vt -0.390000 0.065450 0.000000
vt 0.000000 0.065450 0.000000
vt -0.390000 0.098175 0.000000
vt 0.000000 0.098175 0.000000
vt -0.390000 0.130900 0.000000
vt 0.000000 0.130900 0.000000
vt -0.390000 0.163625 0.000000
vt 0.000000 0.163625 0.000000
vt -0.390000 0.196350 0.000000
vt 0.000000 0.196350 0.000000
vt -0.390000 0.229074 0.000000
vt 0.000000 0.229074 0.000000
vt -0.390000 0.261799 0.000000
vt 0.000000 0.261799 0.000000
vt -0.390000 0.294524 0.000000
vt 0.000000 0.294524 0.000000
vt -0.390000 0.327249 0.000000
vt 0.000000 0.327249 0.000000
vt -0.390000 0.972540 0.000000
vt 0.000000 0.972540 0.000000
vt -0.390000 1.044580 0.000000
vt 0.000000 1.044580 0.000000
vt -0.390000 -1.044580 0.000000
vt 0.000000 -1.044580 0.000000
vt -0.390000 -0.972540 0.000000
vt 0.000000 -0.972540 0.000000
vt -0.390000 -0.900500 0.000000
vt 0.000000 -0.900500 0.000000
vt -0.390000 -0.828460 0.000000
vt 0.000000 -0.828460 0.000000
vt -0.390000 -0.756420 0.000000
vt 0.000000 -0.756420 0.000000
vt -0.390000 -0.684380 0.000000
vt 0.000000 -0.684380 0.000000
vt -0.390000 -0.612340 0.000000
vt 0.000000 -0.612340 0.000000
vt -0.390000 -0.540300 0.000000
vt 0.000000 -0.540300 0.000000
vt -0.390000 -0.468260 0.000000
vt 0.000000 -0.468260 0.000000
vt -0.390000 -0.396220 0.000000
vt 0.000000 -0.396220 0.000000
vt -0.390000 -0.324180 0.000000
vt 0.000000 -0.324180 0.000000
vt -0.390000 -0.252140 0.000000
vt 0.000000 -0.252140 0.000000
vt -0.390000 -0.180100 0.000000
vt 0.000000 -0.180100 0.000000
vt -0.390000 -0.108060 0.000000
vt 0.000000 -0.108060 0.000000
vt -0.390000 -0.036020 0.000000
vt 0.000000 -0.036020 0.000000
vt -0.390000 0.036020 0.000000
vt 0.000000 0.036020 0.000000
vt -0.390000 0.108060 0.000000
vt 0.000000 0.108060 0.000000
vt -0.390000 0.180100 0.000000
vt 0.000000 0.180100 0.000000
vt -0.390000 0.252140 0.000000
vt 0.000000 0.252140 0.000000
vt -0.390000 0.324180 0.000000
vt 0.000000 0.324180 0.000000
vt -0.390000 0.396220 0.000000
vt 0.000000 0.396220 0.000000
vt -0.390000 0.468260 0.000000
vt 0.000000 0.468260 0.000000
vt -0.390000 0.540300 0.000000
vt 0.000000 0.540300 0.000000
vt -0.390000 0.612340 0.000000
vt 0.000000 0.612340 0.000000
vt -0.390000 0.684380 0.000000
vt 0.000000 0.684380 0.000000
vt -0.390000 0.756420 0.000000
vt 0.000000 0.756420 0.000000
vt -0.390000 0.828460 0.000000
vt 0.000000 0.828460 0.000000
vt -0.390000 0.900500 0.000000
vt 0.000000 0.900500 0.000000
vt 4.799430 -1.719354 0.000000
vt 5.189430 -1.719354 0.000000
vt 4.799430 -1.146236 0.000000
vt 5.189430 -1.146236 0.000000
vt 4.799430 -0.573118 0.000000
vt 5.189430 -0.573118 0.000000
vt 4.799430 0.000000 0.000000
vt 5.189430 0.000000 0.000000
vt -2.079431 -0.134872 0.000000
vt -1.689431 -0.134872 0.000000
vt -2.079431 -0.089914 0.000000
vt -1.689431 -0.089914 0.000000
vt -2.079431 -0.044957 0.000000
vt -1.689431 -0.044957 0.000000
vt -2.079431 -0.000000 0.000000
vt -1.689431 -0.000000 0.000000
vn 0.000000 -1.000000 0.000000
vn 0.000000 -1.000000 0.000000
vn -0.258819 -0.965926 0.000000
vn -0.192568 -0.981284 0.000000
vn -0.383220 -0.923657 0.000000
vn -0.500000 -0.866025 0.000000
vn -0.558649 -0.829404 0.000000
vn -0.707472 -0.706742 0.000000
vn -0.707848 -0.706365 0.000000
vn -0.830567 -0.556918 0.000000
vn -0.866025 -0.500000 0.000000
vn -0.924330 -0.381593 0.000000
vn -0.965926 -0.258819 0.000000
vn -0.981491 -0.191511 0.000000
vn -1.000000 -0.000000 0.000000
vn -1.000000 -0.000000 0.000000
vn -0.965926 -0.258819 0.000000
vn -0.866025 -0.500000 0.000000
vn -0.707107 -0.707107 0.000000
vn -0.500000 -0.866025 0.000000
vn -0.258819 -0.965926 0.000000
vn 0.000000 -1.000000 0.000000
vn 0.000000 -1.000000 0.000000
vn 1.000000 0.000000 -0.000000
vn 1.000000 0.000000 -0.000000
vn 0.965926 -0.258819 -0.000000
vn 0.981491 -0.191511 -0.000000
vn 0.924331 -0.381593 -0.000000
vn 0.866025 -0.500000 -0.000000
vn 0.830568 -0.556918 -0.000000
vn 0.707472 -0.706742 -0.000000
vn 0.707848 -0.706365 -0.000000
vn 0.558649 -0.829404 -0.000000
vn 0.500000 -0.866025 -0.000000
vn 0.383220 -0.923657 -0.000000
vn 0.258819 -0.965926 -0.000000
vn 0.192568 -0.981284 -0.000000
vn 0.258819 -0.965926 -0.000000
vn 0.500000 -0.866025 -0.000000
vn 0.707107 -0.707107 -0.000000
vn 0.866025 -0.500000 -0.000000
vn 0.965926 -0.258819 -0.000000
vn 1.000000 0.000000 -0.000000
vn 1.000000 0.000000 -0.000000
vn 1.000000 0.000000 -0.000000
vn 1.000000 0.000000 -0.000000
vn 1.000000 0.000000 -0.000000
vn 1.000000 0.000000 -0.000000
vn 1.000000 0.000000 -0.000000
vn 1.000000 0.000000 -0.000000
vn 1.000000 0.000000 -0.000000
vn 1.000000 0.000000 -0.000000
vn 1.000000 0.000000 -0.000000
vn 1.000000 0.000000 -0.000000
vn 1.000000 0.000000 -0.000000
vn 1.000000 0.000000 -0.000000
vn 1.000000 0.000000 -0.000000
vn 1.000000 0.000000 -0.000000
vn 1.000000 0.000000 -0.000000
vn 1.000000 0.000000 -0.000000
vn 1.000000 0.000000 -0.000000
vn 1.000000 0.000000 -0.000000
vn 1.000000 0.000000 -0.000000
vn 1.000000 0.000000 -0.000000
vn 1.000000 0.000000 -0.000000
vn 1.000000 0.000000 -0.000000
vn 1.000000 0.000000 -0.000000
vn 1.000000 0.000000 -0.000000
vn 1.000000 0.000000 -0.000000
vn 1.000000 0.000000 -0.000000
vn 1.000000 0.000000 -0.000000
vn 1.000000 0.000000 -0.000000
vn 1.000000 0.000000 -0.000000
vn 1.000000 0.000000 -0.000000
vn 1.000000 0.000000 -0.000000
vn 1.000000 0.000000 -0.000000
vn 1.000000 0.000000 -0.000000
vn 1.000000 0.000000 -0.000000
vn 1.000000 0.000000 -0.000000
vn 1.000000 0.000000 -0.000000
vn 1.000000 0.000000 -0.000000
vn 1.000000 0.000000 -0.000000
vn 1.000000 0.000000 -0.000000
vn 1.000000 0.000000 -0.000000
vn 1.000000 0.000000 -0.000000
vn 1.000000 0.000000 -0.000000
vn 1.000000 0.000000 -0.000000
vn 1.000000 0.000000 -0.000000
vn 1.000000 0.000000 -0.000000
vn 1.000000 0.000000 -0.000000
vn 1.000000 0.000000 -0.000000
vn 1.000000 0.000000 -0.000000
vn 1.000000 0.000000 -0.000000
vn 1.000000 0.000000 -0.000000
vn 1.000000 0.000000 -0.000000
vn 1.000000 0.000000 -0.000000
vn 1.000000 0.000000 -0.000000
vn 1.000000 0.000000 -0.000000
vn 1.000000 0.000000 -0.000000
vn 1.000000 0.000000 -0.000000
vn 1.000000 0.000000 -0.000000
vn 1.000000 0.000000 -0.000000
vn 1.000000 0.000000 -0.000000
vn 1.000000 0.000000 -0.000000
vn 1.000000 0.000000 -0.000000
vn 1.000000 0.000000 -0.000000
vn 1.000000 0.000000 -0.000000
vn 1.000000 0.000000 -0.000000
vn 1.000000 0.000000 -0.000000
vn 1.000000 0.000000 -0.000000
vn 1.000000 0.000000 -0.000000
vn 1.000000 0.000000 -0.000000
vn 1.000000 0.000000 -0.000000
vn 1.000000 0.000000 -0.000000
vn 1.000000 0.000000 -0.000000
vn 1.000000 0.000000 -0.000000
vn 1.000000 0.000000 -0.000000
vn 1.000000 0.000000 -0.000000
vn 1.000000 0.000000 -0.000000
vn 1.000000 0.000000 -0.000000
vn 1.000000 0.000000 -0.000000
vn 1.000000 0.000000 -0.000000
vn 1.000000 0.000000 -0.000000
vn 1.000000 0.000000 -0.000000
vn 1.000000 0.000000 -0.000000
vn 1.000000 0.000000 -0.000000
vn 1.000000 0.000000 -0.000000
vn 1.000000 0.000000 -0.000000
vn 1.000000 0.000000 -0.000000
vn 1.000000 0.000000 -0.000000
vn 1.000000 0.000000 -0.000000
vn 1.000000 0.000000 -0.000000
vn 1.000000 0.000000 -0.000000
vn 1.000000 0.000000 -0.000000
vn 1.000000 0.000000 -0.000000
vn 1.000000 0.000000 -0.000000
vn 1.000000 0.000000 -0.000000
vn 1.000000 0.000000 -0.000000
vn 1.000000 0.000000 -0.000000
vn 1.000000 0.000000 -0.000000
vn 1.000000 0.000000 -0.000000
vn 1.000000 0.000000 -0.000000
vn 1.000000 0.000000 -0.000000
vn 1.000000 0.000000 -0.000000
vn 1.000000 0.000000 -0.000000
vn 1.000000 0.000000 -0.000000
vn 1.000000 0.000000 -0.000000
vn 1.000000 0.000000 -0.000000
vn 1.000000 0.000000 -0.000000
vn 1.000000 0.000000 -0.000000
vn 1.000000 0.000000 -0.000000
vn 1.000000 0.000000 -0.000000
vn 1.000000 0.000000 -0.000000
vn 1.000000 0.000000 -0.000000
vn 1.000000 0.000000 -0.000000
vn 1.000000 0.000000 -0.000000
vn 1.000000 0.000000 -0.000000
vn 1.000000 0.000000 -0.000000
vn 1.000000 0.000000 -0.000000
vn 1.000000 0.000000 -0.000000
vn 1.000000 0.000000 -0.000000
vn 1.000000 0.000000 -0.000000
vn 1.000000 0.000000 -0.000000
vn 1.000000 0.000000 -0.000000
vn 1.000000 0.000000 -0.000000
vn 1.000000 0.000000 -0.000000
vn 1.000000 0.000000 -0.000000
vn 1.000000 0.000000 -0.000000
vn 1.000000 0.000000 -0.000000
vn 1.000000 0.000000 -0.000000
vn 1.000000 0.000000 -0.000000
vn 1.000000 0.000000 -0.000000
vn 1.000000 0.000000 -0.000000
vn 1.000000 0.000000 -0.000000
vn 1.000000 0.000000 -0.000000
vn 1.000000 0.000000 -0.000000
vn 1.000000 0.000000 -0.000000
vn 1.000000 0.000000 -0.000000
vn 1.000000 0.000000 -0.000000
vn 1.000000 0.000000 -0.000000
vn 1.000000 0.000000 -0.000000
vn 1.000000 0.000000 -0.000000
vn 1.000000 0.000000 -0.000000
vn 1.000000 0.000000 -0.000000
vn 1.000000 0.000000 -0.000000
vn 1.000000 0.000000 -0.000000
vn 1.000000 0.000000 -0.000000
vn 1.000000 0.000000 -0.000000
vn 1.000000 0.000000 -0.000000
vn 1.000000 0.000000 -0.000000
vn 1.000000 0.000000 -0.000000
vn 1.000000 0.000000 -0.000000
vn 1.000000 0.000000 -0.000000
vn 1.000000 0.000000 -0.000000
vn 1.000000 0.000000 -0.000000
vn 1.000000 0.000000 -0.000000
vn 1.000000 0.000000 -0.000000
vn 1.000000 0.000000 -0.000000
vn 1.000000 0.000000 -0.000000
vn 1.000000 0.000000 -0.000000
vn 1.000000 0.000000 -0.000000
vn 1.000000 0.000000 -0.000000
vn 0.974928 0.222521 -0.000000
vn 0.974928 0.222521 -0.000000
vn 0.900969 0.433884 -0.000000
vn 0.900969 0.433884 -0.000000
vn 0.781831 0.623490 -0.000000
vn 0.781831 0.623490 -0.000000
vn 0.623490 0.781831 -0.000000
vn 0.623490 0.781831 -0.000000
vn 0.433884 0.900969 -0.000000
vn 0.433884 0.900969 -0.000000
vn 0.222521 0.974928 -0.000000
vn 0.222521 0.974928 -0.000000
vn 0.000000 1.000000 -0.000000
vn -0.000000 1.000000 -0.000000
vn 0.222521 0.974928 -0.000000
vn 0.433884 0.900969 -0.000000
vn 0.623490 0.781831 -0.000000
vn 0.781831 0.623490 -0.000000
vn 0.900969 0.433884 -0.000000
vn 0.974928 0.222521 -0.000000
vn -0.000000 1.000000 -0.000000
vn -0.000000 1.000000 -0.000000
vn 0.000000 0.242171 0.970234
vn 0.000000 0.242171 0.970234
vn 0.000000 0.242171 0.970234
vn 0.000000 0.242171 0.970234
vn 0.000000 0.242171 0.970234
vn 0.000000 0.242171 0.970234
vn 0.000000 0.242171 0.970234
vn 0.000000 0.242171 0.970234
vn 0.000000 0.242171 0.970234
vn 0.000000 0.242171 0.970234
vn 0.000000 0.242171 0.970234
vn 0.000000 0.242171 0.970234
vn 0.000000 0.242171 0.970234
vn 0.000000 0.242171 0.970234
vn 0.000000 0.242171 0.970234
vn 0.000000 0.242171 0.970234
vn 0.000000 0.242171 0.970234
vn 0.000000 0.242171 0.970234
vn 0.000000 0.242171 0.970234
vn 0.000000 0.242171 0.970234
vn 0.000000 0.242171 0.970234
vn 0.000000 0.242171 0.970234
vn 0.000000 0.242171 0.970234
vn 0.000000 0.242171 0.970234
vn 0.000000 0.242171 0.970234
vn 0.000000 0.242171 0.970234
vn 0.000000 0.242171 0.970234
vn 0.000000 0.242171 0.970234
vn 0.000000 0.242171 0.970234
vn 0.000000 0.242171 0.970234
vn 0.000000 0.242171 0.970234
vn 0.000000 0.242171 0.970234
vn 0.000000 0.242171 0.970234
vn 0.000000 0.242171 0.970234
vn 0.000000 0.242171 0.970234
vn 0.000000 0.242171 0.970234
vn 0.000000 0.242171 0.970234
vn 0.000000 0.242171 0.970234
vn -1.000000 0.000000 0.000000
vn -1.000000 -0.000000 0.000000
vn -0.974928 0.222521 -0.000000
vn -0.974928 0.222521 -0.000000
vn -0.900969 0.433884 -0.000000
vn -0.900969 0.433884 -0.000000
vn -0.781831 0.623490 -0.000000
vn -0.781831 0.623490 -0.000000
vn -0.623490 0.781831 -0.000000
vn -0.623490 0.781831 -0.000000
vn -0.433884 0.900969 -0.000000
vn -0.433884 0.900969 -0.000000
vn -0.222521 0.974928 -0.000000
vn -0.222521 0.974928 -0.000000
vn -0.000000 1.000000 -0.000000
vn -0.000000 1.000000 -0.000000
vn -0.222521 0.974928 -0.000000
vn -0.433884 0.900969 -0.000000
vn -0.623490 0.781831 -0.000000
vn -0.781831 0.623490 -0.000000
vn -0.900969 0.433884 -0.000000
vn -0.974928 0.222521 -0.000000
vn -0.000000 1.000000 -0.000000
vn -0.000000 1.000000 -0.000000
vn -0.000000 -0.440286 -0.897857
vn -0.000000 -0.440286 -0.897857
vn -0.000000 -0.362760 -0.931883
vn -0.000000 -0.356701 -0.934219
vn -0.000000 -0.282633 -0.959228
vn -0.000000 -0.270152 -0.962818
vn -0.000000 -0.200481 -0.979698
vn -0.000000 -0.181358 -0.983417
vn -0.000000 -0.116891 -0.993145
vn -0.000000 -0.091057 -0.995846
vn -0.000000 -0.094367 -0.995537
vn -0.000000 -0.071998 -0.997405
vn -0.000000 -0.051389 -0.998679
vn -0.000000 -0.000000 -1.000000
vn -0.000000 -0.033789 -0.999429
vn -0.000000 -0.019340 -0.999813
vn -0.000000 -0.008225 -0.999966
vn -0.000000 -0.001477 -0.999999
vn -0.000000 -0.000000 -1.000000
vn -0.000000 0.000756 -1.000000
vn -0.000000 0.000252 -1.000000
vn -0.000000 0.000504 -1.000000
vn -0.000000 0.000756 -1.000000
vn -0.000000 -0.000000 -1.000000
vn -0.000000 -0.000000 -1.000000
vn -0.000000 -0.000000 -1.000000
vn -0.000000 -0.000000 -1.000000
vn -0.000000 -0.000000 -1.000000
vn -0.000000 -0.000000 -1.000000
vn -0.000000 -0.000000 -1.000000
vn -0.000000 -0.000000 -1.000000
vn -0.000000 -0.000000 -1.000000
vn -0.000000 -0.000000 -1.000000
vn -0.000000 -0.000000 -1.000000
vn -0.000000 -0.000000 -1.000000
vn -0.000000 -0.000000 -1.000000
vn -0.000000 -0.000000 -1.000000
vn -0.000000 -0.000000 -1.000000
vn -0.000000 -0.000000 -1.000000
vn -0.000000 -0.000000 -1.000000
vn -0.000000 -0.000000 -1.000000
vn -0.000000 -0.000000 -1.000000
vn -0.000000 -0.000000 -1.000000
vn -0.000000 -0.000000 -1.000000
vn -0.000000 -0.000000 -1.000000
vn -0.000000 -0.000000 -1.000000
vn -0.000000 -0.000000 -1.000000
vn -0.000000 -0.000000 -1.000000
vn -0.000000 -0.000000 -1.000000
vn -0.000000 -0.000000 -1.000000
vn -0.000000 -0.000000 -1.000000
vn -0.000000 -0.000000 -1.000000
vn -0.000000 -0.000000 -1.000000
vn 0.000000 -0.707107 0.707107
vn 0.000000 -0.707107 0.707107
vn 0.000000 -0.649448 0.760406
vn 0.000000 -0.649448 0.760406
vn 0.000000 -0.587785 0.809017
vn 0.000000 -0.587785 0.809017
vn 0.000000 -0.522499 0.852640
vn 0.000000 -0.522499 0.852640
vn 0.000000 -0.453990 0.891007
vn 0.000000 -0.453990 0.891007
vn 0.000000 -0.382683 0.923880
vn 0.000000 -0.382683 0.923880
vn 0.000000 -0.309017 0.951057
vn 0.000000 -0.309017 0.951057
vn 0.000000 -0.233445 0.972370
vn 0.000000 -0.233445 0.972370
vn 0.000000 -0.156434 0.987688
vn 0.000000 -0.156434 0.987688
vn 0.000000 -0.078459 0.996917
vn 0.000000 -0.078459 0.996917
vn 0.000000 0.000000 1.000000
vn 0.000000 0.000000 1.000000
vn 0.000000 -0.707107 0.707107
vn 0.000000 -0.707107 0.707107
vn 0.000000 -0.707107 0.707107
vn 0.000000 -0.707107 0.707107
vn 0.000000 -0.649448 0.760406
vn 0.000000 -0.649448 0.760406
vn 0.000000 -0.587785 0.809017
vn 0.000000 -0.587785 0.809017
vn 0.000000 -0.522499 0.852640
vn 0.000000 -0.522499 0.852640
vn 0.000000 -0.453990 0.891007
vn 0.000000 -0.453990 0.891007
vn 0.000000 -0.382683 0.923880
vn 0.000000 -0.382683 0.923880
vn 0.000000 -0.309017 0.951057
vn 0.000000 -0.309017 0.951057
vn 0.000000 -0.233445 0.972370
vn 0.000000 -0.233445 0.972370
vn 0.000000 -0.156434 0.987688
vn 0.000000 -0.156434 0.987688
vn 0.000000 -0.078459 0.996917
vn 0.000000 -0.078459 0.996917
vn 0.000000 0.000000 1.000000
vn 0.000000 0.000000 1.000000
vn 0.000000 -0.707107 0.707107
vn 0.000000 -0.707107 0.707107
vn -0.000000 0.600000 -0.800000
vn -0.000000 0.600000 -0.800000
vn -0.000000 0.541316 -0.840819
vn -0.000000 0.541316 -0.840819
vn -0.000000 0.479865 -0.877342
vn -0.000000 0.479865 -0.877342
vn -0.000000 0.415962 -0.909382
vn -0.000000 0.415962 -0.909382
vn -0.000000 0.349934 -0.936774
vn -0.000000 0.349934 -0.936774
vn -0.000000 0.282117 -0.959380
vn -0.000000 0.282117 -0.959380
vn -0.000000 0.212859 -0.977083
vn -0.000000 0.212859 -0.977083
vn -0.000000 0.142513 -0.989793
vn -0.000000 0.142513 -0.989793
vn -0.000000 0.071439 -0.997445
vn -0.000000 0.071439 -0.997445
vn -0.000000 -0.000000 -1.000000
vn -0.000000 -0.000000 -1.000000
vn -0.000000 0.600000 -0.800000
vn -0.000000 0.600000 -0.800000
vn -0.000000 0.541316 -0.840819
vn -0.000000 0.541316 -0.840819
vn -0.000000 0.479865 -0.877342
vn -0.000000 0.479865 -0.877342
vn -0.000000 0.415962 -0.909382
vn -0.000000 0.415962 -0.909382
vn -0.000000 0.349934 -0.936774
vn -0.000000 0.349934 -0.936774
vn -0.000000 0.282117 -0.959380
vn -0.000000 0.282117 -0.959380
vn -0.000000 0.212859 -0.977083
vn -0.000000 0.212859 -0.977083
vn -0.000000 0.142513 -0.989793
vn -0.000000 0.142513 -0.989793
vn -0.000000 0.071439 -0.997445
vn -0.000000 0.071439 -0.997445
vn -0.000000 -0.000000 -1.000000
vn -0.000000 -0.000000 -1.000000
vn -0.000000 1.000000 -0.000000
vn -0.000000 1.000000 -0.000000
vn -0.000000 1.000000 -0.000000
vn -0.000000 1.000000 -0.000000
vn -0.000000 -0.091057 -0.995846
vn -0.000000 -0.051389 -0.998679
vn -0.000000 -0.033789 -0.999429
vn -0.000000 -0.019340 -0.999813
vn -0.000000 -0.181358 -0.983417
vn -0.000000 -0.116891 -0.993145
vn -0.000000 -0.094367 -0.995537
vn -0.000000 -0.071998 -0.997405
vn -0.000000 -0.200481 -0.979698
vn -0.000000 -0.270152 -0.962818
vn -0.000000 -0.282633 -0.959228
vn -0.000000 -0.356701 -0.934219
vn -0.000000 -0.362760 -0.931883
vn -0.000000 -0.440286 -0.897857
vn -0.000000 -0.440286 -0.897857
vn -0.000000 -0.008225 -0.999966
vn -0.000000 -0.001477 -0.999999
vn -0.000000 0.000252 -1.000000
vn -0.000000 0.000504 -1.000000
vn -0.000000 0.000756 -1.000000
vn -0.000000 0.000756 -1.000000
vn -0.000000 -0.401298 -0.915947
vn -0.000000 -0.401298 -0.915947
vn -0.000000 -0.466474 -0.884535
vn -0.000000 -0.504429 -0.863453
vn -0.000000 -0.529208 -0.848492
vn -0.000000 -0.600804 -0.799397
vn -0.000000 -0.589171 -0.808008
vn -0.000000 -0.646051 -0.763294
vn -0.000000 -0.689133 -0.724634
vn -0.000000 -0.699549 -0.714585
vn -0.000000 -0.749385 -0.662135
vn -0.000000 -0.768235 -0.640168
vn -0.000000 -0.795298 -0.606219
vn -0.000000 -0.837048 -0.547130
vn -0.000000 -0.837048 -0.547130
vn -0.000000 -0.874416 -0.485176
vn -0.000000 -0.894652 -0.446764
vn -0.000000 -0.907208 -0.420683
vn -0.000000 -0.940275 -0.340416
vn -0.000000 -0.935250 -0.353988
vn -0.000000 -0.958397 -0.285440
vn -0.000000 -0.973307 -0.229508
vn -0.000000 -0.976526 -0.215398
vn -0.000000 -0.989544 -0.144228
vn -0.000000 -0.993304 -0.115528
vn -0.000000 -0.997383 -0.072303
vn 0.000000 -1.000000 -0.000000
vn 0.000000 -1.000000 0.000000
vn -0.000000 -0.401298 -0.915947
vn -0.000000 -0.304773 -0.952425
vn -0.000000 -0.304773 -0.952425
vn -0.000000 -0.205003 -0.978761
vn -0.000000 -0.205003 -0.978761
vn -0.000000 -0.103050 -0.994676
vn -0.000000 -0.103050 -0.994676
vn -0.000000 -0.000000 -1.000000
vn -0.000000 -0.000000 -1.000000
vn -0.000000 -0.401298 -0.915947
vn -0.000000 -0.401298 -0.915947
vn -0.000000 -0.504429 -0.863453
vn -0.000000 -0.504429 -0.863453
vn -0.000000 -0.600804 -0.799397
vn -0.000000 -0.600804 -0.799397
vn -0.000000 -0.689133 -0.724634
vn -0.000000 -0.689133 -0.724634
vn -0.000000 -0.768235 -0.640168
vn -0.000000 -0.768235 -0.640168
vn -0.000000 -0.837048 -0.547130
vn -0.000000 -0.837048 -0.547130
vn -0.000000 -0.894652 -0.446764
vn -0.000000 -0.894652 -0.446764
vn -0.000000 -0.940275 -0.340416
vn -0.000000 -0.940275 -0.340416
vn -0.000000 -0.973307 -0.229508
vn -0.000000 -0.973307 -0.229508
vn -0.000000 -0.993304 -0.115528
vn -0.000000 -0.993304 -0.115528
vn 0.000000 -1.000000 -0.000000
vn 0.000000 -1.000000 -0.000000
vn 1.000000 0.000000 -0.000000
vn 1.000000 0.000000 -0.000000
vn 1.000000 0.000000 -0.000000
vn 1.000000 0.000000 -0.000000
vn 1.000000 0.000000 -0.000000
vn 1.000000 0.000000 -0.000000
vn 1.000000 0.000000 -0.000000
vn 1.000000 0.000000 -0.000000
vn 1.000000 0.000000 -0.000000
vn 1.000000 0.000000 -0.000000
vn 1.000000 0.000000 -0.000000
vn 1.000000 0.000000 -0.000000
vn 1.000000 0.000000 -0.000000
vn 1.000000 0.000000 -0.000000
vn 1.000000 0.000000 -0.000000
vn 1.000000 0.000000 -0.000000
vn 1.000000 0.000000 -0.000000
vn 1.000000 0.000000 -0.000000
vn 1.000000 0.000000 -0.000000
vn 1.000000 0.000000 -0.000000
vn 1.000000 0.000000 -0.000000
vn 1.000000 0.000000 -0.000000
vn 1.000000 0.000000 -0.000000
vn 1.000000 0.000000 -0.000000
vn 1.000000 0.000000 -0.000000
vn 1.000000 0.000000 -0.000000
vn 1.000000 0.000000 -0.000000
vn 1.000000 0.000000 -0.000000
vn 1.000000 0.000000 -0.000000
vn 1.000000 0.000000 -0.000000
vn 1.000000 0.000000 -0.000000
vn 1.000000 0.000000 -0.000000
vn 1.000000 0.000000 -0.000000
vn 1.000000 0.000000 -0.000000
vn 1.000000 0.000000 -0.000000
vn 1.000000 0.000000 -0.000000
vn 1.000000 0.000000 -0.000000
vn 1.000000 0.000000 -0.000000
vn 1.000000 0.000000 -0.000000
vn 1.000000 0.000000 -0.000000
vn 1.000000 0.000000 -0.000000
vn 1.000000 0.000000 -0.000000
vn 1.000000 0.000000 -0.000000
vn 1.000000 0.000000 -0.000000
vn 1.000000 0.000000 -0.000000
vn 1.000000 0.000000 -0.000000
vn 1.000000 0.000000 -0.000000
vn 1.000000 0.000000 -0.000000
vn 1.000000 0.000000 -0.000000
vn 1.000000 0.000000 -0.000000
vn 1.000000 0.000000 -0.000000
vn 1.000000 0.000000 -0.000000
vn 1.000000 0.000000 -0.000000
vn 1.000000 0.000000 -0.000000
vn 1.000000 0.000000 -0.000000
vn 1.000000 0.000000 -0.000000
vn 1.000000 0.000000 -0.000000
vn 1.000000 0.000000 -0.000000
vn 1.000000 0.000000 -0.000000
vn 1.000000 0.000000 -0.000000
vn 1.000000 0.000000 -0.000000
vn 1.000000 0.000000 -0.000000
vn 1.000000 0.000000 -0.000000
vn 1.000000 0.000000 -0.000000
vn 1.000000 0.000000 -0.000000
vn 1.000000 0.000000 -0.000000
vn 1.000000 0.000000 -0.000000
vn 1.000000 0.000000 -0.000000
vn 1.000000 0.000000 -0.000000
vn 1.000000 0.000000 -0.000000
vn 1.000000 0.000000 -0.000000
vn 1.000000 0.000000 -0.000000
vn 1.000000 0.000000 -0.000000
vn 1.000000 0.000000 -0.000000
vn 1.000000 0.000000 -0.000000
vn 1.000000 0.000000 -0.000000
vn 1.000000 0.000000 -0.000000
vn 1.000000 0.000000 -0.000000
vn 1.000000 0.000000 -0.000000
vn 1.000000 0.000000 -0.000000
vn 1.000000 0.000000 -0.000000
vn 1.000000 0.000000 -0.000000
vn 1.000000 0.000000 -0.000000
vn 1.000000 0.000000 -0.000000
vn 1.000000 0.000000 -0.000000
vn 1.000000 0.000000 -0.000000
vn 1.000000 0.000000 -0.000000
vn 1.000000 0.000000 -0.000000
vn 1.000000 0.000000 -0.000000
vn 1.000000 0.000000 -0.000000
vn 1.000000 0.000000 -0.000000
vn 1.000000 0.000000 -0.000000
vn 1.000000 0.000000 -0.000000
vn 1.000000 0.000000 -0.000000
vn 1.000000 0.000000 -0.000000
vn 1.000000 0.000000 -0.000000
vn 1.000000 0.000000 -0.000000
vn 1.000000 0.000000 -0.000000
vn 1.000000 0.000000 -0.000000
vn 1.000000 0.000000 -0.000000
vn 1.000000 0.000000 -0.000000
vn 1.000000 0.000000 -0.000000
vn 1.000000 0.000000 -0.000000
vn 1.000000 0.000000 -0.000000
vn 1.000000 0.000000 -0.000000
vn 1.000000 0.000000 -0.000000
vn 1.000000 0.000000 -0.000000
vn 1.000000 0.000000 -0.000000
vn 1.000000 0.000000 -0.000000
vn 1.000000 0.000000 -0.000000
vn 1.000000 0.000000 -0.000000
vn 1.000000 0.000000 -0.000000
vn 1.000000 0.000000 -0.000000
vn 1.000000 0.000000 -0.000000
vn 1.000000 0.000000 -0.000000
vn 1.000000 0.000000 -0.000000
vn 1.000000 0.000000 -0.000000
vn 1.000000 0.000000 -0.000000
vn 1.000000 0.000000 -0.000000
vn 1.000000 0.000000 -0.000000
vn 1.000000 0.000000 -0.000000
vn 1.000000 0.000000 -0.000000
vn 1.000000 0.000000 -0.000000
vn 1.000000 0.000000 -0.000000
vn 1.000000 0.000000 -0.000000
vn 1.000000 0.000000 -0.000000
vn 1.000000 0.000000 -0.000000
vn 1.000000 0.000000 -0.000000
vn 1.000000 0.000000 -0.000000
vn 1.000000 0.000000 -0.000000
vn 1.000000 0.000000 -0.000000
vn 1.000000 0.000000 -0.000000
vn 1.000000 0.000000 -0.000000
vn 1.000000 0.000000 -0.000000
vn 1.000000 0.000000 -0.000000
vn 1.000000 0.000000 -0.000000
vn 1.000000 0.000000 -0.000000
vn 1.000000 0.000000 -0.000000
vn 1.000000 0.000000 -0.000000
vn 1.000000 0.000000 -0.000000
vn 1.000000 0.000000 -0.000000
vn 1.000000 0.000000 -0.000000
vn 1.000000 0.000000 -0.000000
vn 1.000000 0.000000 -0.000000
vn 1.000000 0.000000 -0.000000
vn 1.000000 0.000000 -0.000000
vn 1.000000 0.000000 -0.000000
vn 1.000000 0.000000 -0.000000
vn 1.000000 0.000000 -0.000000
vn 1.000000 0.000000 -0.000000
vn 1.000000 0.000000 -0.000000
vn 1.000000 0.000000 -0.000000
vn 1.000000 0.000000 -0.000000
vn 1.000000 0.000000 -0.000000
vn 1.000000 0.000000 -0.000000
vn 1.000000 0.000000 -0.000000
vn 1.000000 0.000000 -0.000000
vn 1.000000 0.000000 -0.000000
vn 1.000000 0.000000 -0.000000
vn 1.000000 0.000000 -0.000000
vn 0.000000 0.241837 0.970317
vn 0.000000 0.172084 0.985082
vn 0.000000 0.241837 0.970317
vn 0.000000 0.172084 0.985082
vn 0.000000 0.101457 0.994840
vn 0.000000 0.101457 0.994840
vn 0.000000 0.030313 0.999540
vn 0.000000 0.030313 0.999540
vn 0.000000 -0.040984 0.999160
vn 0.000000 -0.040984 0.999160
vn 0.000000 -0.054991 0.998487
vn 0.000000 -0.054991 0.998487
vn -1.000000 -0.000000 -0.000000
vn -1.000000 -0.000000 -0.000000
vn -1.000000 -0.000000 -0.000000
vn -1.000000 -0.000000 -0.000000
vn -1.000000 -0.000000 -0.000000
vn -1.000000 -0.000000 -0.000000
vn -1.000000 -0.000000 -0.000000
vn -1.000000 -0.000000 -0.000000
vn -1.000000 -0.000000 -0.000000
vn -1.000000 -0.000000 -0.000000
vn -1.000000 -0.000000 -0.000000
vn -1.000000 -0.000000 -0.000000
vn -1.000000 -0.000000 -0.000000
vn -0.000000 -0.428442 -0.903569
vn -0.000000 -0.427377 -0.904073
vn -0.000000 -0.416524 -0.909125
vn -0.000000 -0.414380 -0.910104
vn -0.000000 -0.404533 -0.914523
vn -0.000000 -0.404533 -0.914523
vn -0.000000 -0.403456 -0.914999
vn -0.000000 -0.402377 -0.915474
vn 0.000000 0.037653 0.999291
vn 0.000000 0.001328 0.999999
vn 0.000000 0.054991 0.998487
vn 0.000000 0.122656 0.992449
vn 0.000000 0.117938 0.993021
vn 0.000000 0.180414 0.983591
vn 0.000000 -0.032235 0.999480
vn 0.000000 -0.120019 0.992772
vn 0.000000 -0.101965 0.994788
vn 0.000000 -0.171197 0.985237
vn 0.000000 -0.239593 0.970873
vn 0.000000 -0.239593 0.970873
vn 0.000000 0.054991 0.998487
vn 0.000000 0.122656 0.992449
vn 0.000000 0.122656 0.992449
vn 0.000000 0.001328 0.999999
vn 0.000000 0.001328 0.999999
vn 0.000000 -0.120019 0.992772
vn 0.000000 -0.120019 0.992772
vn 0.000000 -0.239593 0.970873
vn 0.000000 -0.239593 0.970873
vn 0.000000 -0.393700 0.919239
vn 0.000000 -0.393700 0.919239
vn 0.000000 -0.392667 0.919681
vn 0.000000 -0.392667 0.919681
vn 0.000000 -0.391633 0.920121
vn 0.000000 -0.391633 0.920121
vn 0.000000 -0.390599 0.920561
vn 0.000000 -0.390599 0.920561
vn -1.000000 -0.000000 -0.000000
vn -1.000000 -0.000000 -0.000000
vn -1.000000 -0.000000 -0.000000
vn -1.000000 -0.000000 -0.000000
vn -1.000000 -0.000000 -0.000000
vn -1.000000 -0.000000 -0.000000
vn -1.000000 -0.000000 -0.000000
vn -1.000000 -0.000000 -0.000000
vn -1.000000 -0.000000 -0.000000
vn -1.000000 -0.000000 -0.000000
vn -1.000000 -0.000000 -0.000000
vn -1.000000 -0.000000 -0.000000
vn -1.000000 -0.000000 -0.000000
vn 0.000000 -0.000000 1.000000
vn 0.000000 -0.000000 1.000000
vn 0.000000 -0.000000 1.000000
vn 0.000000 -0.000000 1.000000
vn -1.000000 -0.000000 0.000000
vn -1.000000 -0.000000 0.000000
vn -1.000000 -0.000000 0.000000
vn -1.000000 -0.000000 0.000000
vn -1.000000 -0.000000 0.000000
vn -1.000000 -0.000000 0.000000
vn -1.000000 -0.000000 0.000000
vn -1.000000 -0.000000 0.000000
vn -1.000000 -0.000000 0.000000
vn -1.000000 -0.000000 0.000000
vn -1.000000 -0.000000 0.000000
vn -1.000000 -0.000000 0.000000
vn -1.000000 -0.000000 0.000000
vn -1.000000 -0.000000 0.000000
vn -1.000000 -0.000000 0.000000
vn -1.000000 -0.000000 0.000000
vn -1.000000 -0.000000 0.000000
vn -1.000000 -0.000000 0.000000
vn -1.000000 -0.000000 0.000000
vn -1.000000 -0.000000 0.000000
vn -1.000000 -0.000000 0.000000
vn -1.000000 -0.000000 0.000000
vn -1.000000 -0.000000 0.000000
vn -1.000000 -0.000000 0.000000
vn -1.000000 -0.000000 0.000000
vn -1.000000 -0.000000 0.000000
vn -1.000000 -0.000000 0.000000
vn -1.000000 -0.000000 0.000000
vn -1.000000 -0.000000 0.000000
vn -1.000000 -0.000000 0.000000
vn -1.000000 -0.000000 0.000000
vn -1.000000 -0.000000 0.000000
vn -1.000000 -0.000000 0.000000
vn -1.000000 -0.000000 0.000000
vn -1.000000 -0.000000 0.000000
vn -1.000000 -0.000000 0.000000
vn -1.000000 -0.000000 0.000000
vn -1.000000 -0.000000 0.000000
vn -1.000000 -0.000000 0.000000
vn -1.000000 -0.000000 0.000000
vn -1.000000 -0.000000 0.000000
vn -1.000000 -0.000000 0.000000
vn -1.000000 -0.000000 0.000000
vn -1.000000 -0.000000 0.000000
vn -1.000000 -0.000000 0.000000
vn -1.000000 -0.000000 0.000000
vn -1.000000 -0.000000 0.000000
vn -1.000000 -0.000000 0.000000
vn -1.000000 -0.000000 0.000000
vn -1.000000 -0.000000 0.000000
vn -1.000000 -0.000000 0.000000
vn -1.000000 -0.000000 0.000000
vn -1.000000 -0.000000 0.000000
vn -1.000000 -0.000000 0.000000
vn -1.000000 -0.000000 0.000000
vn -1.000000 -0.000000 0.000000
vn -1.000000 -0.000000 0.000000
vn -1.000000 -0.000000 0.000000
vn -1.000000 -0.000000 0.000000
vn -1.000000 -0.000000 0.000000
vn -1.000000 -0.000000 0.000000
vn -1.000000 -0.000000 0.000000
vn -1.000000 -0.000000 0.000000
vn -1.000000 -0.000000 0.000000
vn -1.000000 -0.000000 0.000000
vn -1.000000 -0.000000 0.000000
vn -1.000000 -0.000000 0.000000
vn -1.000000 -0.000000 0.000000
vn -1.000000 -0.000000 0.000000
vn -1.000000 -0.000000 0.000000
vn -1.000000 -0.000000 0.000000
vn -1.000000 -0.000000 0.000000
vn -1.000000 -0.000000 0.000000
vn -1.000000 -0.000000 0.000000
vn -1.000000 -0.000000 0.000000
vn -1.000000 -0.000000 0.000000
vn -1.000000 -0.000000 0.000000
vn -1.000000 -0.000000 0.000000
vn -1.000000 -0.000000 0.000000
vn -1.000000 -0.000000 0.000000
vn -1.000000 -0.000000 0.000000
vn -1.000000 -0.000000 0.000000
vn -1.000000 -0.000000 0.000000
vn -1.000000 -0.000000 0.000000
vn -1.000000 -0.000000 0.000000
vn -1.000000 -0.000000 0.000000
vn -1.000000 -0.000000 0.000000
vn -1.000000 -0.000000 0.000000
vn -1.000000 -0.000000 0.000000
vn -1.000000 -0.000000 0.000000
vn -1.000000 -0.000000 0.000000
vn -1.000000 -0.000000 0.000000
vn -1.000000 -0.000000 0.000000
vn -1.000000 -0.000000 0.000000
vn -1.000000 -0.000000 0.000000
vn -1.000000 -0.000000 0.000000
vn -1.000000 -0.000000 0.000000
vn -1.000000 -0.000000 0.000000
vn -1.000000 -0.000000 0.000000
vn -1.000000 -0.000000 0.000000
vn -1.000000 -0.000000 0.000000
vn -1.000000 -0.000000 0.000000
vn -1.000000 -0.000000 0.000000
vn -1.000000 -0.000000 0.000000
vn -1.000000 -0.000000 0.000000
vn -1.000000 -0.000000 0.000000
vn -1.000000 -0.000000 0.000000
vn -1.000000 -0.000000 0.000000
vn -1.000000 -0.000000 0.000000
vn -1.000000 -0.000000 0.000000
vn -1.000000 -0.000000 0.000000
vn -1.000000 -0.000000 0.000000
vn -1.000000 -0.000000 0.000000
vn -1.000000 -0.000000 0.000000
vn -1.000000 -0.000000 0.000000
vn -1.000000 -0.000000 0.000000
vn -1.000000 -0.000000 0.000000
vn -1.000000 -0.000000 0.000000
vn -1.000000 -0.000000 0.000000
vn -1.000000 -0.000000 0.000000
vn -1.000000 -0.000000 0.000000
vn -1.000000 -0.000000 0.000000
vn -1.000000 -0.000000 0.000000
vn -1.000000 -0.000000 0.000000
vn -1.000000 -0.000000 0.000000
vn -1.000000 -0.000000 0.000000
vn -1.000000 -0.000000 0.000000
vn -1.000000 -0.000000 0.000000
vn -1.000000 -0.000000 0.000000
vn -1.000000 -0.000000 0.000000
vn -1.000000 -0.000000 0.000000
vn -1.000000 -0.000000 0.000000
vn -1.000000 -0.000000 0.000000
vn -1.000000 -0.000000 0.000000
vn -1.000000 -0.000000 0.000000
vn -1.000000 -0.000000 0.000000
vn -1.000000 -0.000000 0.000000
vn -1.000000 -0.000000 0.000000
vn -1.000000 -0.000000 0.000000
vn -1.000000 -0.000000 0.000000
vn -1.000000 -0.000000 0.000000
vn -1.000000 -0.000000 0.000000
vn -1.000000 -0.000000 0.000000
vn -1.000000 -0.000000 0.000000
vn -1.000000 -0.000000 0.000000
vn -1.000000 -0.000000 0.000000
vn -1.000000 -0.000000 0.000000
vn -1.000000 -0.000000 0.000000
vn -1.000000 -0.000000 0.000000
vn -1.000000 -0.000000 0.000000
vn -1.000000 -0.000000 0.000000
vn -1.000000 -0.000000 0.000000
vn -1.000000 -0.000000 0.000000
vn -1.000000 -0.000000 0.000000
vn -1.000000 -0.000000 0.000000
vn -1.000000 -0.000000 0.000000
vn -1.000000 -0.000000 0.000000
vn -1.000000 -0.000000 0.000000
vn -1.000000 -0.000000 0.000000
vn -1.000000 -0.000000 0.000000
vn -1.000000 -0.000000 0.000000
vn -1.000000 -0.000000 0.000000
vn -1.000000 -0.000000 0.000000
vn -1.000000 -0.000000 0.000000
vn -1.000000 -0.000000 0.000000
vn -1.000000 -0.000000 0.000000
vn -1.000000 -0.000000 0.000000
vn -1.000000 -0.000000 0.000000
vn -1.000000 -0.000000 0.000000
vn -1.000000 -0.000000 0.000000
vn -1.000000 -0.000000 0.000000
vn -1.000000 -0.000000 0.000000
vn -1.000000 -0.000000 0.000000
vn -1.000000 -0.000000 0.000000
vn -1.000000 -0.000000 0.000000
vn -1.000000 -0.000000 0.000000
vn -1.000000 -0.000000 0.000000
vn -1.000000 -0.000000 0.000000
vn -1.000000 -0.000000 0.000000
vn -1.000000 -0.000000 0.000000
vn -1.000000 -0.000000 0.000000
vn -1.000000 -0.000000 0.000000
vn -1.000000 -0.000000 0.000000
vn -1.000000 -0.000000 0.000000
vn -1.000000 -0.000000 0.000000
vn -1.000000 -0.000000 0.000000
vn -1.000000 -0.000000 0.000000
vn -1.000000 -0.000000 0.000000
vn -1.000000 -0.000000 0.000000
vn -1.000000 -0.000000 0.000000
vn -1.000000 -0.000000 0.000000
vn -1.000000 -0.000000 0.000000
vn -1.000000 -0.000000 0.000000
vn -1.000000 -0.000000 0.000000
vn -1.000000 -0.000000 0.000000
vn -1.000000 -0.000000 0.000000
vn -1.000000 -0.000000 0.000000
vn -1.000000 -0.000000 0.000000
vn -1.000000 -0.000000 0.000000
vn -1.000000 -0.000000 0.000000
vn -1.000000 -0.000000 0.000000
vn -1.000000 -0.000000 0.000000
vn -1.000000 -0.000000 0.000000
vn -1.000000 -0.000000 0.000000
vn -1.000000 -0.000000 0.000000
vn -1.000000 -0.000000 0.000000
vn -1.000000 -0.000000 0.000000
vn -1.000000 -0.000000 0.000000
vn -1.000000 -0.000000 0.000000
vn -1.000000 -0.000000 0.000000
vn -1.000000 -0.000000 0.000000
vn -1.000000 -0.000000 0.000000
vn -1.000000 -0.000000 0.000000
vn -1.000000 -0.000000 0.000000
vn -1.000000 -0.000000 0.000000
vn -1.000000 -0.000000 0.000000
vn -1.000000 -0.000000 0.000000
vn -1.000000 -0.000000 0.000000
vn -1.000000 -0.000000 0.000000
vn -1.000000 -0.000000 0.000000
vn -1.000000 -0.000000 0.000000
vn -1.000000 -0.000000 0.000000
vn -1.000000 -0.000000 0.000000
vn -1.000000 -0.000000 0.000000
vn -1.000000 -0.000000 0.000000
vn -1.000000 -0.000000 0.000000
vn -1.000000 -0.000000 0.000000
vn -1.000000 -0.000000 0.000000
vn -1.000000 -0.000000 0.000000
vn -1.000000 -0.000000 0.000000
vn -1.000000 -0.000000 0.000000
vn -1.000000 -0.000000 0.000000
vn -1.000000 -0.000000 0.000000
vn -1.000000 -0.000000 0.000000
vn -1.000000 -0.000000 0.000000
vn -1.000000 -0.000000 0.000000
vn -1.000000 -0.000000 0.000000
vn -1.000000 -0.000000 0.000000
vn -1.000000 -0.000000 0.000000
vn -1.000000 -0.000000 0.000000
vn -1.000000 -0.000000 0.000000
vn -1.000000 -0.000000 0.000000
vn -1.000000 -0.000000 0.000000
vn -1.000000 -0.000000 0.000000
vn -1.000000 -0.000000 0.000000
vn -1.000000 -0.000000 0.000000
vn -1.000000 -0.000000 0.000000
vn -1.000000 -0.000000 0.000000
vn -1.000000 -0.000000 0.000000
vn -1.000000 -0.000000 0.000000
vn -1.000000 -0.000000 0.000000
vn -1.000000 -0.000000 0.000000
vn -1.000000 -0.000000 0.000000
vn -1.000000 -0.000000 0.000000
vn -1.000000 -0.000000 0.000000
vn -1.000000 -0.000000 0.000000
vn -1.000000 -0.000000 0.000000
vn -1.000000 -0.000000 0.000000
vn -1.000000 -0.000000 0.000000
vn -1.000000 -0.000000 0.000000
vn -1.000000 -0.000000 0.000000
vn -1.000000 -0.000000 0.000000
vn -1.000000 -0.000000 0.000000
vn -1.000000 -0.000000 0.000000
vn -1.000000 -0.000000 0.000000
vn -1.000000 -0.000000 0.000000
vn -1.000000 -0.000000 0.000000
vn -1.000000 -0.000000 0.000000
vn -1.000000 -0.000000 0.000000
vn -1.000000 -0.000000 0.000000
vn -1.000000 -0.000000 0.000000
vn -1.000000 -0.000000 0.000000
vn -1.000000 -0.000000 0.000000
vn -1.000000 -0.000000 0.000000
vn -1.000000 -0.000000 0.000000
vn -1.000000 -0.000000 0.000000
vn -1.000000 -0.000000 0.000000
vn -1.000000 -0.000000 0.000000
vn -1.000000 -0.000000 0.000000
vn -1.000000 -0.000000 0.000000
vn -1.000000 -0.000000 0.000000
vn -1.000000 -0.000000 0.000000
vn -1.000000 -0.000000 0.000000
vn -1.000000 -0.000000 0.000000
vn -1.000000 -0.000000 0.000000
vn -1.000000 -0.000000 0.000000
vn -1.000000 -0.000000 0.000000
vn -1.000000 -0.000000 0.000000
vn -1.000000 -0.000000 0.000000
vn -1.000000 -0.000000 0.000000
vn -1.000000 -0.000000 0.000000
vn -1.000000 -0.000000 0.000000
vn -1.000000 -0.000000 0.000000
vn -1.000000 -0.000000 0.000000
vn -1.000000 -0.000000 0.000000
vn -1.000000 -0.000000 0.000000
vn -1.000000 -0.000000 0.000000
vn -1.000000 -0.000000 0.000000
vn -1.000000 -0.000000 0.000000
vn -1.000000 -0.000000 0.000000
vn -1.000000 -0.000000 0.000000
vn -1.000000 -0.000000 0.000000
vn -1.000000 -0.000000 0.000000
vn -1.000000 -0.000000 0.000000
vn -1.000000 -0.000000 0.000000
vn -1.000000 -0.000000 0.000000
vn -1.000000 -0.000000 0.000000
vn -1.000000 -0.000000 0.000000
vn -1.000000 -0.000000 0.000000
vn -1.000000 -0.000000 0.000000
vn -1.000000 -0.000000 0.000000
vn -1.000000 -0.000000 0.000000
vn -1.000000 -0.000000 0.000000
vn -1.000000 -0.000000 0.000000
vn -1.000000 -0.000000 0.000000
vn -1.000000 -0.000000 0.000000
vn -1.000000 -0.000000 0.000000
vn -1.000000 -0.000000 0.000000
vn -1.000000 -0.000000 0.000000
vn -1.000000 -0.000000 0.000000
vn -1.000000 -0.000000 0.000000
vn -1.000000 -0.000000 0.000000
vn -1.000000 -0.000000 0.000000
vn -1.000000 -0.000000 0.000000
vn -1.000000 -0.000000 0.000000
vn -1.000000 -0.000000 0.000000
vn -1.000000 -0.000000 0.000000
vn -1.000000 -0.000000 0.000000
vn -1.000000 -0.000000 0.000000
vn -1.000000 -0.000000 0.000000
vn -1.000000 -0.000000 0.000000
vn -1.000000 -0.000000 0.000000
vn -1.000000 -0.000000 0.000000
vn -1.000000 -0.000000 0.000000
vn -1.000000 -0.000000 0.000000
vn -1.000000 -0.000000 0.000000
vn -1.000000 -0.000000 0.000000
vn -1.000000 -0.000000 0.000000
vn -1.000000 -0.000000 0.000000
vn -1.000000 -0.000000 0.000000
vn -1.000000 -0.000000 0.000000
vn -1.000000 -0.000000 0.000000
vn -0.000000 0.000000 -1.000000
vn -0.000000 0.000000 -1.000000
vn -0.000000 0.965926 -0.258819
vn -0.000000 0.965926 -0.258819
vn -0.000000 1.000000 -0.000000
vn -0.000000 1.000000 -0.000000
vn -0.000000 0.965926 0.258819
vn -0.000000 0.965926 0.258819
vn -0.000000 0.866025 0.500000
vn -0.000000 0.866025 0.500000
vn -0.000000 0.707107 0.707107
vn -0.000000 0.707107 0.707107
vn 0.000000 0.500000 0.866025
vn 0.000000 0.500000 0.866025
vn 0.000000 0.258819 0.965926
vn 0.000000 0.258819 0.965926
vn 0.000000 0.000000 1.000000
vn 0.000000 -0.000000 1.000000
vn 0.000000 -0.258819 0.965926
vn 0.000000 -0.258819 0.965926
vn 0.000000 -0.500000 0.866025
vn 0.000000 -0.500000 0.866025
vn 0.000000 -0.707107 0.707107
vn 0.000000 -0.707107 0.707107
vn 0.000000 -0.866025 0.500000
vn 0.000000 -0.866025 0.500000
vn 0.000000 -0.965926 0.258819
vn 0.000000 -0.965926 0.258819
vn 0.000000 -1.000000 -0.000000
vn 0.000000 -1.000000 0.000000
vn 0.000000 -0.965926 -0.258819
vn 0.000000 -0.965926 -0.258819
vn 0.000000 -0.866025 -0.500000
vn 0.000000 -0.866025 -0.500000
vn 0.000000 -0.707107 -0.707107
vn 0.000000 -0.707107 -0.707107
vn -0.000000 -0.500000 -0.866025
vn -0.000000 -0.500000 -0.866025
vn -0.000000 -0.258819 -0.965926
vn -0.000000 -0.258819 -0.965926
vn -0.000000 0.000000 -1.000000
vn -0.000000 -0.000000 -1.000000
vn -0.000000 0.258819 -0.965926
vn -0.000000 0.258819 -0.965926
vn -0.000000 0.500000 -0.866025
vn -0.000000 0.500000 -0.866025
vn -0.000000 0.707107 -0.707107
vn -0.000000 0.707107 -0.707107
vn -0.000000 0.866025 -0.500000
vn -0.000000 0.866025 -0.500000
vn -0.000000 0.965926 -0.258819
vn -0.000000 0.965926 -0.258819
vn -0.000000 1.000000 -0.000000
vn -0.000000 1.000000 -0.000000
vn -0.000000 0.965926 0.258819
vn -0.000000 0.965926 0.258819
vn -0.000000 0.866025 0.500000
vn -0.000000 0.866025 0.500000
vn -0.000000 0.707107 0.707107
vn -0.000000 0.707107 0.707107
vn 0.000000 0.500000 0.866025
vn 0.000000 0.500000 0.866025
vn 0.000000 0.258819 0.965926
vn 0.000000 0.258819 0.965926
vn 0.000000 0.000000 1.000000
vn 0.000000 -0.000000 1.000000
vn 0.000000 -0.258819 0.965926
vn 0.000000 -0.258819 0.965926
vn 0.000000 -0.500000 0.866025
vn 0.000000 -0.500000 0.866025
vn 0.000000 -0.707107 0.707107
vn 0.000000 -0.707107 0.707107
vn 0.000000 -0.866025 0.500000
vn 0.000000 -0.866025 0.500000
vn 0.000000 -0.965926 0.258819
vn 0.000000 -0.965926 0.258819
vn 0.000000 -1.000000 0.000000
vn 0.000000 -1.000000 -0.000000
vn 0.000000 -0.965926 -0.258819
vn 0.000000 -0.965926 -0.258819
vn 0.000000 -0.866025 -0.500000
vn 0.000000 -0.866025 -0.500000
vn 0.000000 -0.707107 -0.707107
vn 0.000000 -0.707107 -0.707107
vn -0.000000 -0.500000 -0.866025
vn -0.000000 -0.500000 -0.866025
vn -0.000000 -0.258819 -0.965926
vn -0.000000 -0.258819 -0.965926
vn -0.000000 0.000000 -1.000000
vn -0.000000 -0.000000 -1.000000
vn -0.000000 0.258819 -0.965926
vn -0.000000 0.258819 -0.965926
vn -0.000000 0.500000 -0.866025
vn -0.000000 0.500000 -0.866025
vn -0.000000 0.707107 -0.707107
vn -0.000000 0.707107 -0.707107
vn -0.000000 0.866025 -0.500000
vn -0.000000 0.866025 -0.500000
vn -0.000000 0.965926 -0.258819
vn -0.000000 0.965926 -0.258819
vn -0.000000 1.000000 -0.000000
vn -0.000000 1.000000 -0.000000
vn -0.000000 0.965926 0.258819
vn -0.000000 0.965926 0.258819
vn -0.000000 0.866025 0.500000
vn -0.000000 0.866025 0.500000
vn -0.000000 0.707107 0.707107
vn -0.000000 0.707107 0.707107
vn 0.000000 0.500000 0.866025
vn 0.000000 0.500000 0.866025
vn 0.000000 0.258819 0.965926
vn 0.000000 0.258819 0.965926
vn 0.000000 0.000000 1.000000
vn 0.000000 -0.000000 1.000000
vn 0.000000 -0.258819 0.965926
vn 0.000000 -0.258819 0.965926
vn 0.000000 -0.500000 0.866025
vn 0.000000 -0.500000 0.866025
vn 0.000000 -0.707107 0.707107
vn 0.000000 -0.707107 0.707107
vn 0.000000 -0.866025 0.500000
vn 0.000000 -0.866025 0.500000
vn 0.000000 -0.965926 0.258819
vn 0.000000 -0.965926 0.258819
vn 0.000000 -1.000000 -0.000000
vn 0.000000 -1.000000 -0.000000
vn 0.000000 -0.965926 -0.258819
vn 0.000000 -0.965926 -0.258819
vn 0.000000 -0.866025 -0.500000
vn 0.000000 -0.866025 -0.500000
vn 0.000000 -0.707107 -0.707107
vn 0.000000 -0.707107 -0.707107
vn -0.000000 -0.500000 -0.866025
vn -0.000000 -0.500000 -0.866025
vn -0.000000 -0.258819 -0.965926
vn -0.000000 -0.258819 -0.965926
vn -0.000000 0.000000 -1.000000
vn -0.000000 -0.000000 -1.000000
vn -0.000000 0.258819 -0.965926
vn -0.000000 0.258819 -0.965926
vn -0.000000 0.500000 -0.866025
vn -0.000000 0.500000 -0.866025
vn -0.000000 0.707107 -0.707107
vn -0.000000 0.707107 -0.707107
vn -0.000000 0.866025 -0.500000
vn -0.000000 0.866025 -0.500000
vn -0.000000 0.965926 -0.258819
vn -0.000000 0.965926 -0.258819
vn -0.000000 1.000000 -0.000000
vn -0.000000 1.000000 -0.000000
vn -0.000000 0.965926 0.258819
vn -0.000000 0.965926 0.258819
vn -0.000000 0.866025 0.500000
vn -0.000000 0.866025 0.500000
vn -0.000000 0.707107 0.707107
vn -0.000000 0.707107 0.707107
vn 0.000000 0.500000 0.866025
vn 0.000000 0.500000 0.866025
vn 0.000000 0.258819 0.965926
vn 0.000000 0.258819 0.965926
vn 0.000000 -0.000000 1.000000
vn 0.000000 -0.000000 1.000000
vn 0.000000 -0.258819 0.965926
vn 0.000000 -0.258819 0.965926
vn 0.000000 -0.500000 0.866025
vn 0.000000 -0.500000 0.866025
vn 0.000000 -0.707107 0.707107
vn 0.000000 -0.707107 0.707107
vn 0.000000 -0.866025 0.500000
vn 0.000000 -0.866025 0.500000
vn 0.000000 -0.965926 0.258819
vn 0.000000 -0.965926 0.258819
vn 0.000000 -1.000000 -0.000000
vn 0.000000 -1.000000 0.000000
vn 0.000000 -0.965926 -0.258819
vn 0.000000 -0.965926 -0.258819
vn 0.000000 -0.866025 -0.500000
vn 0.000000 -0.866025 -0.500000
vn 0.000000 -0.707107 -0.707107
vn 0.000000 -0.707107 -0.707107
vn -0.000000 -0.500000 -0.866025
vn -0.000000 -0.500000 -0.866025
vn -0.000000 -0.258819 -0.965926
vn -0.000000 -0.258819 -0.965926
vn -0.000000 -0.000000 -1.000000
vn -0.000000 -0.000000 -1.000000
vn -0.000000 0.258819 -0.965926
vn -0.000000 0.258819 -0.965926
vn -0.000000 0.500000 -0.866025
vn -0.000000 0.500000 -0.866025
vn -0.000000 0.707107 -0.707107
vn -0.000000 0.707107 -0.707107
vn -0.000000 0.866025 -0.500000
vn -0.000000 0.866025 -0.500000
vn -0.000000 0.976621 -0.214970
vn -0.000000 0.976621 -0.214970
vn -0.000000 1.000000 -0.000000
vn -0.000000 1.000000 -0.000000
vn -0.000000 0.976621 0.214970
vn -0.000000 0.976621 0.214970
vn -0.000000 0.907575 0.419889
vn -0.000000 0.907575 0.419889
vn -0.000000 0.796093 0.605174
vn -0.000000 0.796093 0.605174
vn -0.000000 0.647386 0.762162
vn -0.000000 0.647386 0.762162
vn 0.000000 0.468408 0.883512
vn 0.000000 0.468408 0.883512
vn 0.000000 0.267528 0.963550
vn 0.000000 0.267528 0.963550
vn 0.000000 0.054139 0.998533
vn 0.000000 0.054139 0.998533
vn 0.000000 -0.161782 0.986827
vn 0.000000 -0.161782 0.986827
vn 0.000000 -0.370138 0.928977
vn 0.000000 -0.370138 0.928977
vn 0.000000 -0.561187 0.827689
vn 0.000000 -0.561187 0.827689
vn 0.000000 -0.725995 0.687699
vn 0.000000 -0.725995 0.687699
vn 0.000000 -0.856857 0.515554
vn 0.000000 -0.856857 0.515554
vn 0.000000 -0.947653 0.319302
vn 0.000000 -0.947653 0.319302
vn 0.000000 -0.994138 0.108119
vn 0.000000 -0.994138 0.108119
vn 0.000000 -0.994138 -0.108119
vn 0.000000 -0.994138 -0.108119
vn 0.000000 -0.947653 -0.319302
vn 0.000000 -0.947653 -0.319302
vn 0.000000 -0.856857 -0.515554
vn 0.000000 -0.856857 -0.515554
vn 0.000000 -0.725995 -0.687699
vn 0.000000 -0.725995 -0.687699
vn 0.000000 -0.561187 -0.827689
vn 0.000000 -0.561187 -0.827689
vn -0.000000 -0.370138 -0.928977
vn -0.000000 -0.370138 -0.928977
vn -0.000000 -0.161782 -0.986827
vn -0.000000 -0.161782 -0.986827
vn -0.000000 0.054139 -0.998533
vn -0.000000 0.054139 -0.998533
vn -0.000000 0.267528 -0.963550
vn -0.000000 0.267528 -0.963550
vn -0.000000 0.468408 -0.883512
vn -0.000000 0.468408 -0.883512
vn -0.000000 0.647386 -0.762162
vn -0.000000 0.647386 -0.762162
vn -0.000000 0.796093 -0.605174
vn -0.000000 0.796093 -0.605174
vn -0.000000 0.907575 -0.419889
vn -0.000000 0.907575 -0.419889
vn 0.000000 -0.296439 0.955052
vn 0.000000 -0.390599 0.920561
vn 0.000000 -0.452326 0.891853
vn 0.000000 -0.498900 0.866659
vn 0.000000 -0.511956 0.859012
vn 0.000000 -0.569214 0.822189
vn 0.000000 -0.296439 0.955052
vn 0.000000 -0.199297 0.979939
vn 0.000000 -0.199297 0.979939
vn 0.000000 -0.100152 0.994972
vn 0.000000 -0.100152 0.994972
vn 0.000000 -0.599901 0.800074
vn 0.000000 -0.623834 0.781557
vn 0.000000 -0.692122 0.721781
vn 0.000000 -0.675563 0.737302
vn 0.000000 -0.724161 0.689630
vn 0.000000 -0.774214 0.632924
vn 0.000000 -0.769404 0.638763
vn 0.000000 -0.811080 0.584935
vn 0.000000 -0.844976 0.534804
vn 0.000000 -0.848998 0.528396
vn 0.000000 -0.882981 0.469409
vn 0.000000 -0.903372 0.428858
vn 0.000000 -0.912872 0.408246
vn 0.000000 -0.938532 0.345191
vn 0.000000 -0.948547 0.316636
vn 0.000000 -0.959843 0.280537
vn 0.000000 -0.979841 0.199780
vn 0.000000 -0.976706 0.214582
vn 0.000000 -0.989042 0.147633
vn 0.000000 -0.996795 0.080000
vn 0.000000 -0.996795 0.080000
vn 0.000000 -0.390599 0.920561
vn 0.000000 -0.390599 0.920561
vn 0.000000 -0.498900 0.866659
vn 0.000000 -0.498900 0.866659
vn 0.000000 -0.599901 0.800074
vn 0.000000 -0.599901 0.800074
vn 0.000000 -0.692122 0.721781
vn 0.000000 -0.692122 0.721781
vn 0.000000 -0.774214 0.632924
vn 0.000000 -0.774214 0.632924
vn 0.000000 -0.844976 0.534804
vn 0.000000 -0.844976 0.534804
vn 0.000000 -0.903372 0.428858
vn 0.000000 -0.903372 0.428858
vn 0.000000 -0.948547 0.316636
vn 0.000000 -0.948547 0.316636
vn 0.000000 -0.979841 0.199780
vn 0.000000 -0.979841 0.199780
vn 0.000000 -0.996795 0.080000
vn 0.000000 -0.996795 0.080000
vn -0.000000 0.965926 -0.258819
vn -0.000000 0.965926 -0.258819
vn -0.000000 1.000000 -0.000000
vn -0.000000 1.000000 -0.000000
vn -0.000000 0.965926 0.258819
vn -0.000000 0.965926 0.258819
vn -0.000000 0.866025 0.500000
vn -0.000000 0.866025 0.500000
vn -0.000000 0.707107 0.707107
vn -0.000000 0.707107 0.707107
vn 0.000000 0.500000 0.866025
vn 0.000000 0.500000 0.866025
vn 0.000000 0.258819 0.965926
vn 0.000000 0.258819 0.965926
vn 0.000000 0.000000 1.000000
vn 0.000000 -0.000000 1.000000
vn 0.000000 -0.258819 0.965926
vn 0.000000 -0.258819 0.965926
vn 0.000000 -0.500000 0.866025
vn 0.000000 -0.500000 0.866025
vn 0.000000 -0.707107 0.707107
vn 0.000000 -0.707107 0.707107
vn 0.000000 -0.866025 0.500000
vn 0.000000 -0.866025 0.500000
vn 0.000000 -0.965926 0.258819
vn 0.000000 -0.965926 0.258819
vn 0.000000 -1.000000 0.000000
vn 0.000000 -1.000000 0.000000
vn 0.000000 -0.965926 -0.258819
vn 0.000000 -0.965926 -0.258819
vn 0.000000 -0.866025 -0.500000
vn 0.000000 -0.866025 -0.500000
vn 0.000000 -0.707107 -0.707107
vn 0.000000 -0.707107 -0.707107
vn -0.000000 -0.500000 -0.866025
vn -0.000000 -0.500000 -0.866025
vn -0.000000 -0.258819 -0.965926
vn -0.000000 -0.258819 -0.965926
vn -0.000000 -0.000000 -1.000000
vn -0.000000 -0.000000 -1.000000
vn -0.000000 0.258819 -0.965926
vn -0.000000 0.258819 -0.965926
vn -0.000000 0.500000 -0.866025
vn -0.000000 0.500000 -0.866025
vn -0.000000 0.707107 -0.707107
vn -0.000000 0.707107 -0.707107
vn -0.000000 0.866025 -0.500000
vn -0.000000 0.866025 -0.500000
vn -0.000000 0.965926 -0.258819
vn -0.000000 0.965926 -0.258819
vn -0.000000 1.000000 -0.000000
vn -0.000000 1.000000 -0.000000
vn -0.000000 0.965926 0.258819
vn -0.000000 0.965926 0.258819
vn -0.000000 0.866025 0.500000
vn -0.000000 0.866025 0.500000
vn -0.000000 0.707107 0.707107
vn -0.000000 0.707107 0.707107
vn 0.000000 0.500000 0.866025
vn 0.000000 0.500000 0.866025
vn 0.000000 0.258819 0.965926
vn 0.000000 0.258819 0.965926
vn 0.000000 0.000000 1.000000
vn 0.000000 -0.000000 1.000000
vn 0.000000 -0.258819 0.965926
vn 0.000000 -0.258819 0.965926
vn 0.000000 -0.500000 0.866025
vn 0.000000 -0.500000 0.866025
vn 0.000000 -0.707107 0.707107
vn 0.000000 -0.707107 0.707107
vn 0.000000 -0.866025 0.500000
vn 0.000000 -0.866025 0.500000
vn 0.000000 -0.965926 0.258819
vn 0.000000 -0.965926 0.258819
vn 0.000000 -1.000000 0.000000
vn 0.000000 -1.000000 -0.000000
vn 0.000000 -0.965926 -0.258819
vn 0.000000 -0.965926 -0.258819
vn 0.000000 -0.866025 -0.500000
vn 0.000000 -0.866025 -0.500000
vn 0.000000 -0.707107 -0.707107
vn 0.000000 -0.707107 -0.707107
vn -0.000000 -0.500000 -0.866025
vn -0.000000 -0.500000 -0.866025
vn -0.000000 -0.258819 -0.965926
vn -0.000000 -0.258819 -0.965926
vn -0.000000 -0.000000 -1.000000
vn -0.000000 -0.000000 -1.000000
vn -0.000000 0.258819 -0.965926
vn -0.000000 0.258819 -0.965926
vn -0.000000 0.500000 -0.866025
vn -0.000000 0.500000 -0.866025
vn -0.000000 0.707107 -0.707107
vn -0.000000 0.707107 -0.707107
vn -0.000000 0.866025 -0.500000
vn -0.000000 0.866025 -0.500000
vn -0.000000 0.965926 -0.258819
vn -0.000000 0.965926 -0.258819
vn -0.000000 1.000000 -0.000000
vn -0.000000 1.000000 -0.000000
vn -0.000000 0.965926 0.258819
vn -0.000000 0.965926 0.258819
vn -0.000000 0.866025 0.500000
vn -0.000000 0.866025 0.500000
vn -0.000000 0.707107 0.707107
vn -0.000000 0.707107 0.707107
vn 0.000000 0.500000 0.866025
vn 0.000000 0.500000 0.866025
vn 0.000000 0.258819 0.965926
vn 0.000000 0.258819 0.965926
vn 0.000000 0.000000 1.000000
vn 0.000000 -0.000000 1.000000
vn 0.000000 -0.258819 0.965926
vn 0.000000 -0.258819 0.965926
vn 0.000000 -0.500000 0.866025
vn 0.000000 -0.500000 0.866025
vn 0.000000 -0.707107 0.707107
vn 0.000000 -0.707107 0.707107
vn 0.000000 -0.866025 0.500000
vn 0.000000 -0.866025 0.500000
vn 0.000000 -0.965926 0.258819
vn 0.000000 -0.965926 0.258819
vn 0.000000 -1.000000 0.000000
vn 0.000000 -1.000000 -0.000000
vn 0.000000 -0.965926 -0.258819
vn 0.000000 -0.965926 -0.258819
vn 0.000000 -0.866025 -0.500000
vn 0.000000 -0.866025 -0.500000
vn 0.000000 -0.707107 -0.707107
vn 0.000000 -0.707107 -0.707107
vn -0.000000 -0.500000 -0.866025
vn -0.000000 -0.500000 -0.866025
vn -0.000000 -0.258819 -0.965926
vn -0.000000 -0.258819 -0.965926
vn -0.000000 -0.000000 -1.000000
vn -0.000000 -0.000000 -1.000000
vn -0.000000 0.258819 -0.965926
vn -0.000000 0.258819 -0.965926
vn -0.000000 0.500000 -0.866025
vn -0.000000 0.500000 -0.866025
vn -0.000000 0.707107 -0.707107
vn -0.000000 0.707107 -0.707107
vn -0.000000 0.866025 -0.500000
vn -0.000000 0.866025 -0.500000
vn -0.000000 0.965926 -0.258819
vn -0.000000 0.965926 -0.258819
vn -0.000000 1.000000 -0.000000
vn -0.000000 1.000000 -0.000000
vn -0.000000 0.965926 0.258819
vn -0.000000 0.965926 0.258819
vn -0.000000 0.866025 0.500000
vn -0.000000 0.866025 0.500000
vn -0.000000 0.707107 0.707107
vn -0.000000 0.707107 0.707107
vn 0.000000 0.500000 0.866025
vn 0.000000 0.500000 0.866025
vn 0.000000 0.258819 0.965926
vn 0.000000 0.258819 0.965926
vn 0.000000 0.000000 1.000000
vn 0.000000 -0.000000 1.000000
vn 0.000000 -0.258819 0.965926
vn 0.000000 -0.258819 0.965926
vn 0.000000 -0.500000 0.866025
vn 0.000000 -0.500000 0.866025
vn 0.000000 -0.707107 0.707107
vn 0.000000 -0.707107 0.707107
vn 0.000000 -0.866025 0.500000
vn 0.000000 -0.866025 0.500000
vn 0.000000 -0.965926 0.258819
vn 0.000000 -0.965926 0.258819
vn 0.000000 -1.000000 0.000000
vn 0.000000 -1.000000 0.000000
vn 0.000000 -0.965926 -0.258819
vn 0.000000 -0.965926 -0.258819
vn 0.000000 -0.866025 -0.500000
vn 0.000000 -0.866025 -0.500000
vn 0.000000 -0.707107 -0.707107
vn 0.000000 -0.707107 -0.707107
vn -0.000000 -0.500000 -0.866025
vn -0.000000 -0.500000 -0.866025
vn -0.000000 -0.258819 -0.965926
vn -0.000000 -0.258819 -0.965926
vn -0.000000 -0.000000 -1.000000
vn -0.000000 -0.000000 -1.000000
vn -0.000000 0.258819 -0.965926
vn -0.000000 0.258819 -0.965926
vn -0.000000 0.500000 -0.866025
vn -0.000000 0.500000 -0.866025
vn -0.000000 0.707107 -0.707107
vn -0.000000 0.707107 -0.707107
vn -0.000000 0.866025 -0.500000
vn -0.000000 0.866025 -0.500000
vn -0.000000 0.976621 -0.214970
vn -0.000000 0.976621 -0.214970
vn -0.000000 1.000000 -0.000000
vn -0.000000 1.000000 -0.000000
vn -0.000000 0.976621 0.214970
vn -0.000000 0.976621 0.214970
vn -0.000000 0.907575 0.419889
vn -0.000000 0.907575 0.419889
vn -0.000000 0.796093 0.605174
vn -0.000000 0.796093 0.605174
vn -0.000000 0.647386 0.762162
vn -0.000000 0.647386 0.762162
vn 0.000000 0.468408 0.883512
vn 0.000000 0.468408 0.883512
vn 0.000000 0.267528 0.963550
vn 0.000000 0.267528 0.963550
vn 0.000000 0.054139 0.998533
vn 0.000000 0.054139 0.998533
vn 0.000000 -0.161782 0.986827
vn 0.000000 -0.161782 0.986827
vn 0.000000 -0.370138 0.928977
vn 0.000000 -0.370138 0.928977
vn 0.000000 -0.561187 0.827689
vn 0.000000 -0.561187 0.827689
vn 0.000000 -0.725995 0.687699
vn 0.000000 -0.725995 0.687699
vn 0.000000 -0.856857 0.515554
vn 0.000000 -0.856857 0.515554
vn 0.000000 -0.947653 0.319302
vn 0.000000 -0.947653 0.319302
vn 0.000000 -0.994138 0.108119
vn 0.000000 -0.994138 0.108119
vn 0.000000 -0.994138 -0.108119
vn 0.000000 -0.994138 -0.108119
vn 0.000000 -0.947653 -0.319302
vn 0.000000 -0.947653 -0.319302
vn 0.000000 -0.856857 -0.515554
vn 0.000000 -0.856857 -0.515554
vn 0.000000 -0.725995 -0.687699
vn 0.000000 -0.725995 -0.687699
vn 0.000000 -0.561187 -0.827689
vn 0.000000 -0.561187 -0.827689
vn -0.000000 -0.370138 -0.928977
vn -0.000000 -0.370138 -0.928977
vn -0.000000 -0.161782 -0.986827
vn -0.000000 -0.161782 -0.986827
vn -0.000000 0.054139 -0.998533
vn -0.000000 0.054139 -0.998533
vn -0.000000 0.267528 -0.963550
vn -0.000000 0.267528 -0.963550
vn -0.000000 0.468408 -0.883512
vn -0.000000 0.468408 -0.883512
vn -0.000000 0.647386 -0.762162
vn -0.000000 0.647386 -0.762162
vn -0.000000 0.796093 -0.605174
vn -0.000000 0.796093 -0.605174
vn -0.000000 0.907575 -0.419889
vn -0.000000 0.907575 -0.419889
vn -0.000000 -0.427377 -0.904073
vn -0.000000 -0.427377 -0.904073
vn -0.000000 -0.414380 -0.910104
vn -0.000000 -0.414380 -0.910104
vn 0.000000 -0.393700 0.919239
vn 0.000000 -0.393700 0.919239
vn 0.000000 -0.392667 0.919681
vn 0.000000 -0.392667 0.919681
vn 0.000000 -0.391633 0.920121
vn 0.000000 -0.391633 0.920121
vn 0.000000 0.000000 1.000000
vn 0.000000 0.000000 1.000000
vn -1.000000 0.000000 -0.000000
vn -1.000000 0.000000 -0.000000
vn -1.000000 0.000000 -0.000000
vn -1.000000 0.000000 -0.000000
vn -1.000000 0.000000 -0.000000
vn -1.000000 0.000000 -0.000000
vn -1.000000 0.000000 -0.000000
vn -1.000000 0.000000 -0.000000
vn -1.000000 0.000000 -0.000000
vn -1.000000 0.000000 -0.000000
vn -1.000000 0.000000 -0.000000
vn -1.000000 0.000000 -0.000000
vn -1.000000 0.000000 -0.000000
vn -1.000000 0.000000 -0.000000
vn -1.000000 0.000000 -0.000000
vn -1.000000 0.000000 -0.000000
vn -1.000000 0.000000 -0.000000
vn -1.000000 0.000000 -0.000000
vn -1.000000 0.000000 -0.000000
vn -1.000000 0.000000 -0.000000
vn -1.000000 0.000000 -0.000000
vn -1.000000 0.000000 -0.000000
vn -1.000000 0.000000 -0.000000
vn -1.000000 0.000000 -0.000000
vn -1.000000 0.000000 -0.000000
vn -1.000000 0.000000 -0.000000
vn -1.000000 0.000000 -0.000000
vn -1.000000 0.000000 -0.000000
vn -1.000000 0.000000 -0.000000
vn -1.000000 0.000000 -0.000000
vn -1.000000 0.000000 -0.000000
vn -1.000000 0.000000 -0.000000
vn -1.000000 0.000000 -0.000000
vn -1.000000 0.000000 -0.000000
vn -1.000000 0.000000 -0.000000
vn -1.000000 0.000000 -0.000000
vn -1.000000 0.000000 -0.000000
vn -1.000000 0.000000 -0.000000
vn -1.000000 0.000000 -0.000000
vn -1.000000 0.000000 -0.000000
vn -1.000000 0.000000 -0.000000
vn -1.000000 0.000000 -0.000000
vn -1.000000 0.000000 -0.000000
vn -1.000000 0.000000 -0.000000
vn -0.000000 -0.000000 -1.000000
vn -0.000000 -0.000000 -1.000000
vn 1.000000 -0.000000 0.000000
vn 1.000000 -0.000000 0.000000
vn 1.000000 -0.000000 0.000000
vn 1.000000 -0.000000 0.000000
vn 1.000000 -0.000000 0.000000
vn 1.000000 -0.000000 0.000000
vn 1.000000 -0.000000 0.000000
vn 1.000000 -0.000000 0.000000
vn 1.000000 -0.000000 0.000000
vn 1.000000 -0.000000 0.000000
vn 1.000000 -0.000000 0.000000
vn 1.000000 -0.000000 0.000000
vn 1.000000 -0.000000 0.000000
vn 1.000000 -0.000000 0.000000
vn 1.000000 -0.000000 0.000000
vn 1.000000 -0.000000 0.000000
vn 1.000000 -0.000000 0.000000
vn 1.000000 -0.000000 0.000000
vn 1.000000 -0.000000 0.000000
vn 1.000000 -0.000000 0.000000
vn 1.000000 -0.000000 0.000000
vn 1.000000 -0.000000 0.000000
vn 1.000000 -0.000000 0.000000
vn 1.000000 -0.000000 0.000000
vn 1.000000 -0.000000 0.000000
vn 1.000000 -0.000000 0.000000
vn 1.000000 -0.000000 0.000000
vn 1.000000 -0.000000 0.000000
vn 1.000000 -0.000000 0.000000
vn 1.000000 -0.000000 0.000000
vn 1.000000 -0.000000 0.000000
vn 1.000000 -0.000000 0.000000
vn 1.000000 -0.000000 0.000000
vn 1.000000 -0.000000 0.000000
vn 1.000000 -0.000000 0.000000
vn 1.000000 -0.000000 0.000000
vn 1.000000 -0.000000 0.000000
vn 1.000000 -0.000000 0.000000
vn 1.000000 -0.000000 0.000000
vn 1.000000 -0.000000 0.000000
vn 1.000000 -0.000000 0.000000
vn 1.000000 -0.000000 0.000000
vn 1.000000 -0.000000 0.000000
vn 1.000000 -0.000000 0.000000
vn -0.000000 -0.000000 -1.000000
vn -0.000000 -0.000000 -1.000000
vn 0.000000 0.000000 1.000000
vn 0.000000 0.000000 1.000000
vn -0.000000 -1.000000 0.000000
vn 0.000000 -1.000000 -0.000000
vn 0.156016 -0.987755 -0.000000
vn 0.155535 -0.987830 -0.000000
vn 0.307284 -0.951618 -0.000000
vn 0.309017 -0.951057 -0.000000
vn 0.451555 -0.892243 -0.000000
vn 0.453990 -0.891007 -0.000000
vn 0.584834 -0.811153 -0.000000
vn 0.587785 -0.809017 -0.000000
vn 0.703880 -0.710319 -0.000000
vn 0.707107 -0.707107 -0.000000
vn 0.805793 -0.592197 -0.000000
vn 0.809017 -0.587785 -0.000000
vn 0.888094 -0.459661 -0.000000
vn 0.891007 -0.453990 -0.000000
vn 0.948780 -0.315937 -0.000000
vn 0.951057 -0.309017 -0.000000
vn 0.986373 -0.164524 -0.000000
vn 0.987688 -0.156434 -0.000000
vn 0.996658 -0.081689 -0.000000
vn 1.000000 -0.000000 -0.000000
vn 1.000000 -0.000000 -0.000000
vn 0.987688 -0.156434 -0.000000
vn 0.951057 -0.309017 -0.000000
vn 0.891007 -0.453990 -0.000000
vn 0.809017 -0.587785 -0.000000
vn 0.707107 -0.707107 -0.000000
vn 0.587785 -0.809017 -0.000000
vn 0.453990 -0.891007 -0.000000
vn 0.309017 -0.951057 -0.000000
vn 0.156434 -0.987688 -0.000000
vn 0.000000 -0.242171 0.970234
vn 0.000000 -0.242171 0.970234
vn 0.000000 -0.242171 0.970234
vn 0.000000 -0.242171 0.970234
vn 0.000000 -0.242171 0.970234
vn 0.000000 -0.242171 0.970234
vn 0.000000 -0.242171 0.970234
vn 0.000000 -0.242171 0.970234
vn 0.000000 -0.242171 0.970234
vn 0.000000 -0.242171 0.970234
vn 0.000000 -0.242171 0.970234
vn 0.000000 -0.242171 0.970234
vn 0.000000 -0.242171 0.970234
vn 0.000000 -0.242171 0.970234
vn 0.000000 -0.242171 0.970234
vn 0.000000 -0.242171 0.970234
vn 0.000000 -0.242171 0.970234
vn 0.000000 -0.242171 0.970234
vn 0.000000 -0.242171 0.970234
vn 0.000000 -0.242171 0.970234
vn 0.000000 -0.242171 0.970234
vn 0.000000 -0.242171 0.970234
vn 0.000000 -0.242171 0.970234
vn 0.000000 -0.242171 0.970234
vn 0.000000 -0.242171 0.970234
vn 0.000000 -0.242171 0.970234
vn 0.000000 -0.242171 0.970234
vn 0.000000 -0.242171 0.970234
vn 0.000000 -0.242171 0.970234
vn 0.000000 -0.242171 0.970234
vn 0.000000 -0.242171 0.970234
vn 0.000000 -0.242171 0.970234
vn 0.000000 -0.242171 0.970234
vn 0.000000 -0.242171 0.970234
vn 0.000000 -0.242171 0.970234
vn 0.000000 -0.242171 0.970234
vn 0.000000 -0.242171 0.970234
vn 0.000000 -0.242171 0.970234
vn 0.000000 -0.242171 0.970234
vn 0.000000 -0.242171 0.970234
vn 0.000000 -0.242171 0.970234
vn 0.000000 -0.242171 0.970234
vn 0.000000 -0.242171 0.970234
vn 0.000000 -0.242171 0.970234
vn 0.000000 -0.242171 0.970234
vn 0.000000 -0.242171 0.970234
vn 0.000000 -0.242171 0.970234
vn 0.000000 -0.242171 0.970234
vn 0.000000 -0.242171 0.970234
vn 0.000000 -0.242171 0.970234
vn 0.000000 -0.242171 0.970234
vn 0.000000 -0.242171 0.970234
vn -0.000000 -1.000000 0.000000
vn -0.000000 -1.000000 0.000000
vn -0.000000 0.000000 -1.000000
vn -0.000000 0.000000 -1.000000
vn -0.000000 0.000000 -1.000000
vn -0.000000 0.000000 -1.000000
vn -0.000000 0.000000 -1.000000
vn -0.000000 0.000000 -1.000000
vn -0.000000 0.000000 -1.000000
vn -0.000000 0.000000 -1.000000
vn -0.000000 0.000000 -1.000000
vn -0.000000 0.000000 -1.000000
vn -0.000000 0.000000 -1.000000
vn -0.000000 0.000000 -1.000000
vn -0.000000 0.000000 -1.000000
vn -0.000000 0.000000 -1.000000
vn -0.000000 0.000000 -1.000000
vn -0.000000 0.000000 -1.000000
vn -0.000000 0.000000 -1.000000
vn -0.000000 0.000000 -1.000000
vn -0.000000 0.000000 -1.000000
vn -0.000000 0.000000 -1.000000
vn -0.000000 0.000000 -1.000000
vn -0.000000 0.000000 -1.000000
vn -0.000000 0.000000 -1.000000
vn -0.000000 0.000000 -1.000000
vn -0.000000 0.000000 -1.000000
vn -0.000000 0.000000 -1.000000
vn -0.000000 0.000000 -1.000000
vn -0.000000 0.000000 -1.000000
vn -0.000000 0.000000 -1.000000
vn -0.000000 0.000000 -1.000000
vn -0.000000 0.000000 -1.000000
vn -0.000000 0.000000 -1.000000
vn -0.156434 -0.987688 0.000000
vn -0.156016 -0.987755 0.000000
vn 0.000000 -1.000000 -0.000000
vn -0.155535 -0.987830 0.000000
vn 0.000000 -1.000000 -0.000000
vn -0.309017 -0.951057 0.000000
vn -0.309017 -0.951057 0.000000
vn -0.453990 -0.891007 0.000000
vn -0.453990 -0.891007 0.000000
vn -0.587785 -0.809017 0.000000
vn -0.587785 -0.809017 0.000000
vn -0.707107 -0.707107 0.000000
vn -0.707107 -0.707107 0.000000
vn -0.809017 -0.587785 0.000000
vn -0.809017 -0.587785 0.000000
vn -0.891007 -0.453990 0.000000
vn -0.891007 -0.453990 0.000000
vn -0.951057 -0.309017 0.000000
vn -0.951057 -0.309017 0.000000
vn -0.987688 -0.156434 0.000000
vn -0.987688 -0.156434 0.000000
vn -1.000000 -0.000000 0.000000
vn -1.000000 0.000000 0.000000
vn -0.996658 -0.081689 0.000000
vn -0.986373 -0.164524 0.000000
vn -0.948780 -0.315937 0.000000
vn -0.888094 -0.459661 0.000000
vn -0.805793 -0.592197 0.000000
vn -0.703880 -0.710319 0.000000
vn -0.584834 -0.811153 0.000000
vn -0.451555 -0.892243 0.000000
vn -0.307284 -0.951618 0.000000
vn -0.000000 0.029236 -0.999573
vn -0.000000 0.026873 -0.999639
vn -0.000000 0.014744 -0.999891
vn -0.000000 0.006115 -0.999981
vn -0.000000 0.042426 -0.999100
vn -0.000000 0.058067 -0.998313
vn -0.000000 0.060985 -0.998139
vn -0.000000 0.082058 -0.996628
vn -0.000000 0.105160 -0.994455
vn -0.000000 0.137229 -0.990539
vn -0.000000 0.130709 -0.991421
vn -0.000000 0.158826 -0.987307
vn -0.000000 0.189019 -0.981973
vn -0.000000 0.215523 -0.976499
vn -0.000000 0.220802 -0.975319
vn -0.000000 0.253659 -0.967294
vn -0.000000 0.292453 -0.956280
vn -0.000000 0.286944 -0.957947
vn -0.000000 0.319998 -0.947418
vn -0.000000 0.367532 -0.930011
vn -0.000000 0.352185 -0.935930
vn -0.000000 0.381953 -0.924182
vn -0.000000 0.411330 -0.911486
vn -0.000000 0.440286 -0.897857
vn -0.000000 0.440286 -0.897857
vn -0.000000 0.000957 -1.000000
vn -0.000000 -0.000756 -1.000000
vn -0.000000 -0.000252 -1.000000
vn -0.000000 -0.000504 -1.000000
vn -0.000000 -0.000756 -1.000000
vn -0.000000 -1.000000 0.000000
vn -0.000000 -1.000000 0.000000
vn -1.000000 0.000000 0.000000
vn -1.000000 0.000000 0.000000
vn -0.987688 0.156434 0.000000
vn -0.995829 0.091243 0.000000
vn -0.982748 0.184952 0.000000
vn -0.951057 0.309017 0.000000
vn -0.960224 0.279230 0.000000
vn -0.928132 0.372252 0.000000
vn -0.891007 0.453990 0.000000
vn -0.886679 0.462385 0.000000
vn -0.836458 0.548032 0.000000
vn -0.809017 0.587785 0.000000
vn -0.778501 0.627643 0.000000
vn -0.707107 0.707107 0.000000
vn -0.714234 0.699907 0.000000
vn -0.643479 0.765464 0.000000
vn -0.587785 0.809017 0.000000
vn -0.564708 0.825291 0.000000
vn -0.453990 0.891007 0.000000
vn -0.479035 0.877796 0.000000
vn -0.387860 0.921718 0.000000
vn -0.309017 0.951057 0.000000
vn -0.292657 0.956217 0.000000
vn -0.195030 0.980797 0.000000
vn -0.156434 0.987688 0.000000
vn -0.096830 0.995301 0.000000
vn 0.000000 1.000000 -0.000000
vn -0.000000 1.000000 0.000000
vn -0.156434 0.987688 0.000000
vn -0.309017 0.951057 0.000000
vn -0.453990 0.891007 0.000000
vn -0.587785 0.809017 0.000000
vn -0.707107 0.707107 0.000000
vn -0.809017 0.587785 0.000000
vn -0.891007 0.453990 0.000000
vn -0.951057 0.309017 0.000000
vn -0.987688 0.156434 0.000000
vn 0.000000 1.000000 -0.000000
vn 0.000000 1.000000 -0.000000
vn 0.156434 0.987688 -0.000000
vn 0.096830 0.995301 -0.000000
vn 0.195029 0.980797 -0.000000
vn 0.309017 0.951057 -0.000000
vn 0.292657 0.956218 -0.000000
vn 0.387859 0.921719 -0.000000
vn 0.453990 0.891007 -0.000000
vn 0.479034 0.877796 -0.000000
vn 0.564707 0.825292 -0.000000
vn 0.587785 0.809017 -0.000000
vn 0.643478 0.765465 -0.000000
vn 0.707107 0.707107 -0.000000
vn 0.714234 0.699907 -0.000000
vn 0.778501 0.627644 -0.000000
vn 0.809017 0.587785 -0.000000
vn 0.836457 0.548033 -0.000000
vn 0.891007 0.453990 -0.000000
vn 0.886679 0.462386 -0.000000
vn 0.928131 0.372253 -0.000000
vn 0.951057 0.309017 -0.000000
vn 0.960224 0.279230 -0.000000
vn 0.982748 0.184952 -0.000000
vn 0.987688 0.156434 -0.000000
vn 0.995829 0.091243 -0.000000
vn 1.000000 -0.000000 -0.000000
vn 1.000000 -0.000000 -0.000000
vn 0.987688 0.156434 -0.000000
vn 0.951057 0.309017 -0.000000
vn 0.891007 0.453990 -0.000000
vn 0.809017 0.587785 -0.000000
vn 0.707107 0.707107 -0.000000
vn 0.587785 0.809017 -0.000000
vn 0.453990 0.891007 -0.000000
vn 0.309017 0.951057 -0.000000
vn 0.156434 0.987688 -0.000000
vn 0.000000 0.078459 0.996917
vn 0.000000 0.078459 0.996917
vn 0.000000 0.156434 0.987688
vn 0.000000 0.156434 0.987688
vn 0.000000 0.233445 0.972370
vn 0.000000 0.233445 0.972370
vn 0.000000 0.309017 0.951057
vn 0.000000 0.309017 0.951057
vn 0.000000 0.382683 0.923880
vn 0.000000 0.382683 0.923880
vn 0.000000 0.453990 0.891007
vn 0.000000 0.453990 0.891007
vn 0.000000 0.522499 0.852640
vn 0.000000 0.522499 0.852640
vn 0.000000 0.587785 0.809017
vn 0.000000 0.587785 0.809017
vn 0.000000 0.649448 0.760406
vn 0.000000 0.649448 0.760406
vn 0.000000 0.707107 0.707107
vn 0.000000 0.707107 0.707107
vn 1.000000 -0.000000 0.000000
vn 1.000000 -0.000000 0.000000
vn 1.000000 -0.000000 0.000000
vn 1.000000 -0.000000 0.000000
vn 1.000000 -0.000000 0.000000
vn 1.000000 -0.000000 0.000000
vn 1.000000 -0.000000 0.000000
vn 1.000000 -0.000000 0.000000
vn 1.000000 -0.000000 0.000000
vn 1.000000 -0.000000 0.000000
vn 1.000000 -0.000000 0.000000
vn 1.000000 -0.000000 0.000000
vn 1.000000 -0.000000 0.000000
vn 1.000000 -0.000000 0.000000
vn 1.000000 -0.000000 0.000000
vn 1.000000 -0.000000 0.000000
vn 1.000000 -0.000000 0.000000
vn 1.000000 -0.000000 0.000000
vn 1.000000 -0.000000 0.000000
vn 1.000000 -0.000000 0.000000
vn 1.000000 -0.000000 0.000000
vn 1.000000 -0.000000 0.000000
vn 1.000000 -0.000000 0.000000
vn 1.000000 -0.000000 0.000000
vn 1.000000 -0.000000 0.000000
vn 1.000000 -0.000000 0.000000
vn 1.000000 -0.000000 0.000000
vn 1.000000 -0.000000 0.000000
vn 1.000000 -0.000000 0.000000
vn 1.000000 -0.000000 0.000000
vn 1.000000 -0.000000 0.000000
vn 1.000000 -0.000000 0.000000
vn 1.000000 -0.000000 0.000000
vn 1.000000 -0.000000 0.000000
vn 1.000000 -0.000000 0.000000
vn 1.000000 -0.000000 0.000000
vn 1.000000 -0.000000 0.000000
vn 1.000000 -0.000000 0.000000
vn 1.000000 -0.000000 0.000000
vn 1.000000 -0.000000 0.000000
vn 1.000000 -0.000000 0.000000
vn 1.000000 -0.000000 0.000000
vn 1.000000 -0.000000 0.000000
vn 1.000000 -0.000000 0.000000
vn 0.000000 0.707107 0.707107
vn 0.000000 0.707107 0.707107
vn 0.000000 0.078459 0.996917
vn 0.000000 0.078459 0.996917
vn 0.000000 0.156434 0.987688
vn 0.000000 0.156434 0.987688
vn 0.000000 0.233445 0.972370
vn 0.000000 0.233445 0.972370
vn 0.000000 0.309017 0.951057
vn 0.000000 0.309017 0.951057
vn 0.000000 0.382683 0.923880
vn 0.000000 0.382683 0.923880
vn 0.000000 0.453990 0.891007
vn 0.000000 0.453990 0.891007
vn 0.000000 0.522499 0.852640
vn 0.000000 0.522499 0.852640
vn 0.000000 0.587785 0.809017
vn 0.000000 0.587785 0.809017
vn 0.000000 0.649448 0.760406
vn 0.000000 0.649448 0.760406
vn 0.000000 0.707107 0.707107
vn 0.000000 0.707107 0.707107
vn 0.000000 0.707107 0.707107
vn 0.000000 0.707107 0.707107
vn -0.000000 -0.071439 -0.997445
vn -0.000000 -0.071439 -0.997445
vn -0.000000 -0.142513 -0.989793
vn -0.000000 -0.142513 -0.989793
vn -0.000000 -0.212859 -0.977083
vn -0.000000 -0.212859 -0.977083
vn -0.000000 -0.282117 -0.959380
vn -0.000000 -0.282117 -0.959380
vn -0.000000 -0.349934 -0.936774
vn -0.000000 -0.349934 -0.936774
vn -0.000000 -0.415962 -0.909382
vn -0.000000 -0.415962 -0.909382
vn -0.000000 -0.479865 -0.877342
vn -0.000000 -0.479865 -0.877342
vn -0.000000 -0.541316 -0.840819
vn -0.000000 -0.541316 -0.840819
vn -0.000000 -0.600000 -0.800000
vn -0.000000 -0.600000 -0.800000
vn -0.000000 -0.071439 -0.997445
vn -0.000000 -0.071439 -0.997445
vn -0.000000 -0.142513 -0.989793
vn -0.000000 -0.142513 -0.989793
vn -0.000000 -0.212859 -0.977083
vn -0.000000 -0.212859 -0.977083
vn -0.000000 -0.282117 -0.959380
vn -0.000000 -0.282117 -0.959380
vn -0.000000 -0.349934 -0.936774
vn -0.000000 -0.349934 -0.936774
vn -0.000000 -0.415962 -0.909382
vn -0.000000 -0.415962 -0.909382
vn -0.000000 -0.479865 -0.877342
vn -0.000000 -0.479865 -0.877342
vn -0.000000 -0.541316 -0.840819
vn -0.000000 -0.541316 -0.840819
vn -0.000000 -0.600000 -0.800000
vn -0.000000 -0.600000 -0.800000
vn -0.000000 -1.000000 0.000000
vn -0.000000 -1.000000 0.000000
vn -0.000000 -1.000000 0.000000
vn -0.000000 -1.000000 0.000000
vn -0.000000 0.029236 -0.999573
vn -0.000000 0.042426 -0.999100
vn -0.000000 0.058067 -0.998313
vn -0.000000 0.060986 -0.998139
vn -0.000000 0.082058 -0.996628
vn -0.000000 0.014745 -0.999891
vn -0.000000 0.026873 -0.999639
vn -0.000000 -0.000756 -1.000000
vn -0.000000 -0.000756 -1.000000
vn -0.000000 0.000957 -1.000000
vn -0.000000 0.006115 -0.999981
vn -0.000000 0.105160 -0.994455
vn -0.000000 0.137229 -0.990539
vn -0.000000 0.130710 -0.991421
vn -0.000000 0.158826 -0.987307
vn -0.000000 0.189019 -0.981973
vn -0.000000 0.215523 -0.976499
vn -0.000000 0.220802 -0.975319
vn -0.000000 0.253659 -0.967294
vn -0.000000 0.292453 -0.956280
vn -0.000000 0.286944 -0.957947
vn -0.000000 0.319998 -0.947418
vn 0.000000 0.367532 -0.930011
vn 0.000000 0.352185 -0.935930
vn 0.000000 0.381953 -0.924182
vn 0.000000 0.411330 -0.911486
vn 0.000000 0.440286 -0.897857
vn 0.000000 0.440286 -0.897857
vn 0.000000 1.000000 -0.000000
vn 0.000000 1.000000 -0.000000
vn -0.000000 0.997383 -0.072303
vn -0.000000 0.993304 -0.115528
vn -0.000000 0.989544 -0.144228
vn -0.000000 0.973307 -0.229508
vn -0.000000 0.976526 -0.215398
vn -0.000000 0.958397 -0.285440
vn -0.000000 0.940275 -0.340416
vn -0.000000 0.935250 -0.353988
vn -0.000000 0.907208 -0.420683
vn -0.000000 0.894652 -0.446764
vn -0.000000 0.874416 -0.485176
vn -0.000000 0.837048 -0.547130
vn -0.000000 0.837048 -0.547130
vn -0.000000 0.795298 -0.606219
vn -0.000000 0.768235 -0.640168
vn -0.000000 0.749385 -0.662135
vn -0.000000 0.689133 -0.724634
vn -0.000000 0.699549 -0.714585
vn -0.000000 0.646051 -0.763294
vn -0.000000 0.600804 -0.799397
vn -0.000000 0.589171 -0.808008
vn -0.000000 0.529208 -0.848492
vn -0.000000 0.504429 -0.863453
vn -0.000000 0.466474 -0.884535
vn -0.000000 0.401298 -0.915947
vn -0.000000 0.401298 -0.915947
vn -0.000000 0.401298 -0.915947
vn -0.000000 0.304773 -0.952425
vn -0.000000 0.304773 -0.952425
vn -0.000000 0.205003 -0.978761
vn -0.000000 0.205003 -0.978761
vn -0.000000 0.103050 -0.994676
vn -0.000000 0.103050 -0.994676
vn -0.000000 -0.000000 -1.000000
vn -0.000000 -0.000000 -1.000000
vn 0.000000 1.000000 -0.000000
vn 0.000000 1.000000 -0.000000
vn -0.000000 0.993304 -0.115528
vn -0.000000 0.993304 -0.115528
vn -0.000000 0.973307 -0.229508
vn -0.000000 0.973307 -0.229508
vn -0.000000 0.940275 -0.340416
vn -0.000000 0.940275 -0.340416
vn -0.000000 0.894652 -0.446764
vn -0.000000 0.894652 -0.446764
vn -0.000000 0.837048 -0.547130
vn -0.000000 0.837048 -0.547130
vn -0.000000 0.768235 -0.640168
vn -0.000000 0.768235 -0.640168
vn -0.000000 0.689133 -0.724634
vn -0.000000 0.689133 -0.724634
vn -0.000000 0.600804 -0.799397
vn -0.000000 0.600804 -0.799397
vn -0.000000 0.504429 -0.863453
vn -0.000000 0.504429 -0.863453
vn -0.000000 0.401298 -0.915947
vn -0.000000 0.401298 -0.915947
vn 1.000000 -0.000000 -0.000000
vn 1.000000 -0.000000 -0.000000
vn 1.000000 -0.000000 -0.000000
vn 1.000000 -0.000000 -0.000000
vn 1.000000 -0.000000 -0.000000
vn 1.000000 -0.000000 -0.000000
vn 1.000000 -0.000000 -0.000000
vn 1.000000 -0.000000 -0.000000
vn 1.000000 -0.000000 -0.000000
vn 1.000000 -0.000000 -0.000000
vn 1.000000 -0.000000 -0.000000
vn 1.000000 -0.000000 -0.000000
vn 1.000000 -0.000000 -0.000000
vn 1.000000 -0.000000 -0.000000
vn 1.000000 -0.000000 -0.000000
vn 1.000000 -0.000000 -0.000000
vn 1.000000 -0.000000 -0.000000
vn 1.000000 -0.000000 -0.000000
vn 1.000000 -0.000000 -0.000000
vn 1.000000 -0.000000 -0.000000
vn 1.000000 -0.000000 -0.000000
vn 1.000000 -0.000000 -0.000000
vn 1.000000 -0.000000 -0.000000
vn 1.000000 -0.000000 -0.000000
vn 1.000000 -0.000000 -0.000000
vn 1.000000 -0.000000 -0.000000
vn 1.000000 -0.000000 -0.000000
vn 1.000000 -0.000000 -0.000000
vn 1.000000 -0.000000 -0.000000
vn 1.000000 -0.000000 -0.000000
vn 1.000000 -0.000000 -0.000000
vn 1.000000 -0.000000 -0.000000
vn 1.000000 -0.000000 -0.000000
vn 1.000000 -0.000000 -0.000000
vn 1.000000 -0.000000 -0.000000
vn 1.000000 -0.000000 -0.000000
vn 1.000000 -0.000000 -0.000000
vn 1.000000 -0.000000 -0.000000
vn 1.000000 -0.000000 -0.000000
vn 1.000000 -0.000000 -0.000000
vn 1.000000 -0.000000 -0.000000
vn 1.000000 -0.000000 -0.000000
vn 1.000000 -0.000000 -0.000000
vn 1.000000 -0.000000 -0.000000
vn 1.000000 -0.000000 -0.000000
vn 1.000000 -0.000000 -0.000000
vn 1.000000 -0.000000 -0.000000
vn 1.000000 -0.000000 -0.000000
vn 1.000000 -0.000000 -0.000000
vn 1.000000 -0.000000 -0.000000
vn 1.000000 -0.000000 -0.000000
vn 1.000000 -0.000000 -0.000000
vn 1.000000 -0.000000 -0.000000
vn 1.000000 -0.000000 -0.000000
vn 1.000000 -0.000000 -0.000000
vn 1.000000 -0.000000 -0.000000
vn 1.000000 -0.000000 -0.000000
vn 1.000000 -0.000000 -0.000000
vn 1.000000 -0.000000 -0.000000
vn 1.000000 -0.000000 -0.000000
vn 1.000000 -0.000000 -0.000000
vn 1.000000 -0.000000 -0.000000
vn 1.000000 -0.000000 -0.000000
vn 1.000000 -0.000000 -0.000000
vn 1.000000 -0.000000 -0.000000
vn 1.000000 -0.000000 -0.000000
vn 1.000000 -0.000000 -0.000000
vn 1.000000 -0.000000 -0.000000
vn 1.000000 -0.000000 -0.000000
vn 1.000000 -0.000000 -0.000000
vn 1.000000 -0.000000 -0.000000
vn 1.000000 -0.000000 -0.000000
vn 1.000000 -0.000000 -0.000000
vn 1.000000 -0.000000 -0.000000
vn 1.000000 -0.000000 -0.000000
vn 1.000000 -0.000000 -0.000000
vn 1.000000 -0.000000 -0.000000
vn 1.000000 -0.000000 -0.000000
vn 1.000000 -0.000000 -0.000000
vn 1.000000 -0.000000 -0.000000
vn 1.000000 -0.000000 -0.000000
vn 1.000000 -0.000000 -0.000000
vn 1.000000 -0.000000 -0.000000
vn 1.000000 -0.000000 -0.000000
vn 1.000000 -0.000000 -0.000000
vn 1.000000 -0.000000 -0.000000
vn 1.000000 -0.000000 -0.000000
vn 1.000000 -0.000000 -0.000000
vn 1.000000 -0.000000 -0.000000
vn 1.000000 -0.000000 -0.000000
vn 1.000000 -0.000000 -0.000000
vn 1.000000 -0.000000 -0.000000
vn 1.000000 -0.000000 -0.000000
vn 1.000000 -0.000000 -0.000000
vn 1.000000 -0.000000 -0.000000
vn 1.000000 -0.000000 -0.000000
vn 1.000000 -0.000000 -0.000000
vn 1.000000 -0.000000 -0.000000
vn 1.000000 -0.000000 -0.000000
vn 1.000000 -0.000000 -0.000000
vn 1.000000 -0.000000 -0.000000
vn 1.000000 -0.000000 -0.000000
vn 1.000000 -0.000000 -0.000000
vn 1.000000 -0.000000 -0.000000
vn 1.000000 -0.000000 -0.000000
vn 1.000000 -0.000000 -0.000000
vn 1.000000 -0.000000 -0.000000
vn 1.000000 -0.000000 -0.000000
vn 1.000000 -0.000000 -0.000000
vn 1.000000 -0.000000 -0.000000
vn 1.000000 -0.000000 -0.000000
vn 1.000000 -0.000000 -0.000000
vn 1.000000 -0.000000 -0.000000
vn 1.000000 -0.000000 -0.000000
vn 1.000000 -0.000000 -0.000000
vn 1.000000 -0.000000 -0.000000
vn 1.000000 -0.000000 -0.000000
vn 1.000000 -0.000000 -0.000000
vn 1.000000 -0.000000 -0.000000
vn 1.000000 -0.000000 -0.000000
vn 1.000000 -0.000000 -0.000000
vn 1.000000 -0.000000 -0.000000
vn 1.000000 -0.000000 -0.000000
vn 1.000000 -0.000000 -0.000000
vn 1.000000 -0.000000 -0.000000
vn 1.000000 -0.000000 -0.000000
vn 1.000000 -0.000000 -0.000000
vn 1.000000 -0.000000 -0.000000
vn 1.000000 -0.000000 -0.000000
vn 1.000000 -0.000000 -0.000000
vn 1.000000 -0.000000 -0.000000
vn 1.000000 -0.000000 -0.000000
vn 1.000000 -0.000000 -0.000000
vn 1.000000 -0.000000 -0.000000
vn 1.000000 -0.000000 -0.000000
vn 1.000000 -0.000000 -0.000000
vn 1.000000 -0.000000 -0.000000
vn 1.000000 -0.000000 -0.000000
vn 1.000000 -0.000000 -0.000000
vn 1.000000 -0.000000 -0.000000
vn 1.000000 -0.000000 -0.000000
vn 1.000000 -0.000000 -0.000000
vn 1.000000 -0.000000 -0.000000
vn 1.000000 -0.000000 -0.000000
vn 1.000000 -0.000000 -0.000000
vn 1.000000 -0.000000 -0.000000
vn 1.000000 -0.000000 -0.000000
vn 1.000000 -0.000000 -0.000000
vn 1.000000 -0.000000 -0.000000
vn 1.000000 -0.000000 -0.000000
vn 1.000000 -0.000000 -0.000000
vn 1.000000 -0.000000 -0.000000
vn 1.000000 -0.000000 -0.000000
vn 1.000000 -0.000000 -0.000000
vn 1.000000 -0.000000 -0.000000
vn 1.000000 -0.000000 -0.000000
vn 1.000000 -0.000000 -0.000000
vn 1.000000 -0.000000 -0.000000
vn 1.000000 -0.000000 -0.000000
vn 0.000000 -0.241837 0.970317
vn 0.000000 -0.172084 0.985082
vn 0.000000 -0.241837 0.970317
vn 0.000000 -0.172084 0.985082
vn 0.000000 -0.101457 0.994840
vn 0.000000 -0.101457 0.994840
vn 0.000000 -0.030313 0.999540
vn 0.000000 -0.030313 0.999540
vn 0.000000 0.040984 0.999160
vn 0.000000 0.040984 0.999160
vn 0.000000 0.054991 0.998487
vn 0.000000 0.054991 0.998487
vn -1.000000 0.000000 -0.000000
vn -1.000000 0.000000 -0.000000
vn -1.000000 0.000000 -0.000000
vn -1.000000 0.000000 -0.000000
vn -1.000000 0.000000 -0.000000
vn -1.000000 0.000000 -0.000000
vn -1.000000 0.000000 -0.000000
vn -1.000000 0.000000 -0.000000
vn -1.000000 0.000000 -0.000000
vn -1.000000 0.000000 -0.000000
vn -1.000000 0.000000 -0.000000
vn -1.000000 0.000000 -0.000000
vn -1.000000 0.000000 -0.000000
vn -0.000000 0.414380 -0.910104
vn -0.000000 0.404533 -0.914523
vn -0.000000 0.403456 -0.914999
vn -0.000000 0.402377 -0.915474
vn -0.000000 0.427377 -0.904073
vn -0.000000 0.416524 -0.909125
vn -0.000000 0.404533 -0.914523
vn -0.000000 0.428442 -0.903569
vn 0.000000 0.239593 0.970873
vn 0.000000 0.171197 0.985237
vn 0.000000 0.239593 0.970873
vn 0.000000 0.120019 0.992772
vn 0.000000 0.101965 0.994788
vn 0.000000 0.032235 0.999480
vn 0.000000 -0.001328 0.999999
vn 0.000000 -0.037653 0.999291
vn 0.000000 -0.054991 0.998487
vn 0.000000 -0.054991 0.998487
vn 0.000000 -0.117938 0.993021
vn 0.000000 -0.122656 0.992449
vn 0.000000 -0.180414 0.983591
vn 0.000000 0.239593 0.970873
vn 0.000000 0.239593 0.970873
vn 0.000000 0.120019 0.992772
vn 0.000000 0.120019 0.992772
vn 0.000000 -0.001328 0.999999
vn 0.000000 -0.001328 0.999999
vn 0.000000 -0.122656 0.992449
vn 0.000000 -0.122656 0.992449
vn -1.000000 0.000000 -0.000000
vn -1.000000 0.000000 -0.000000
vn -1.000000 0.000000 -0.000000
vn -1.000000 0.000000 -0.000000
vn -1.000000 0.000000 -0.000000
vn -1.000000 0.000000 -0.000000
vn -1.000000 0.000000 -0.000000
vn -1.000000 0.000000 -0.000000
vn -1.000000 0.000000 -0.000000
vn -1.000000 0.000000 -0.000000
vn -1.000000 0.000000 -0.000000
vn -1.000000 0.000000 -0.000000
vn -1.000000 0.000000 -0.000000
vn -1.000000 0.000000 -0.000000
vn -1.000000 0.000000 -0.000000
vn -1.000000 0.000000 -0.000000
vn -1.000000 0.000000 -0.000000
vn -1.000000 0.000000 -0.000000
vn -1.000000 0.000000 -0.000000
vn -1.000000 0.000000 -0.000000
vn -1.000000 0.000000 -0.000000
vn -1.000000 0.000000 -0.000000
vn -1.000000 0.000000 -0.000000
vn -1.000000 0.000000 -0.000000
vn -1.000000 0.000000 -0.000000
vn -1.000000 0.000000 -0.000000
vn -1.000000 0.000000 -0.000000
vn -1.000000 0.000000 -0.000000
vn -1.000000 0.000000 -0.000000
vn -1.000000 0.000000 -0.000000
vn -1.000000 0.000000 -0.000000
vn -1.000000 0.000000 -0.000000
vn -1.000000 0.000000 -0.000000
vn -1.000000 0.000000 -0.000000
vn -1.000000 0.000000 -0.000000
vn -1.000000 0.000000 -0.000000
vn -1.000000 0.000000 -0.000000
vn -1.000000 0.000000 -0.000000
vn -1.000000 0.000000 -0.000000
vn -1.000000 0.000000 -0.000000
vn -1.000000 0.000000 -0.000000
vn -1.000000 0.000000 -0.000000
vn -1.000000 0.000000 -0.000000
vn -1.000000 0.000000 -0.000000
vn 0.000000 0.393700 0.919239
vn 0.000000 0.393700 0.919239
vn 0.000000 0.392667 0.919681
vn 0.000000 0.392667 0.919681
vn 0.000000 0.391633 0.920121
vn 0.000000 0.391633 0.920121
vn 0.000000 0.390599 0.920561
vn 0.000000 0.390599 0.920561
vn -1.000000 0.000000 -0.000000
vn -1.000000 0.000000 -0.000000
vn -1.000000 0.000000 -0.000000
vn -1.000000 0.000000 -0.000000
vn -1.000000 0.000000 -0.000000
vn -1.000000 0.000000 -0.000000
vn -1.000000 0.000000 -0.000000
vn -1.000000 0.000000 -0.000000
vn -1.000000 0.000000 -0.000000
vn -1.000000 0.000000 -0.000000
vn -1.000000 0.000000 -0.000000
vn -1.000000 0.000000 -0.000000
vn -1.000000 0.000000 -0.000000
vn 0.000000 0.000000 1.000000
vn 0.000000 0.000000 1.000000
vn 0.000000 0.000000 1.000000
vn 0.000000 0.000000 1.000000
vn -1.000000 0.000000 0.000000
vn -1.000000 0.000000 0.000000
vn -1.000000 0.000000 0.000000
vn -1.000000 0.000000 0.000000
vn -1.000000 0.000000 0.000000
vn -1.000000 0.000000 0.000000
vn -1.000000 0.000000 0.000000
vn -1.000000 0.000000 0.000000
vn -1.000000 0.000000 0.000000
vn -1.000000 0.000000 0.000000
vn -1.000000 0.000000 0.000000
vn -1.000000 0.000000 0.000000
vn -1.000000 0.000000 0.000000
vn -1.000000 0.000000 0.000000
vn -1.000000 0.000000 0.000000
vn -1.000000 0.000000 0.000000
vn -1.000000 0.000000 0.000000
vn -1.000000 0.000000 0.000000
vn -1.000000 0.000000 0.000000
vn -1.000000 0.000000 0.000000
vn -1.000000 0.000000 0.000000
vn -1.000000 0.000000 0.000000
vn -1.000000 0.000000 0.000000
vn -1.000000 0.000000 0.000000
vn -1.000000 0.000000 0.000000
vn -1.000000 0.000000 0.000000
vn -1.000000 0.000000 0.000000
vn -1.000000 0.000000 0.000000
vn -1.000000 0.000000 0.000000
vn -1.000000 0.000000 0.000000
vn -1.000000 0.000000 0.000000
vn -1.000000 0.000000 0.000000
vn -1.000000 0.000000 0.000000
vn -1.000000 0.000000 0.000000
vn -1.000000 0.000000 0.000000
vn -1.000000 0.000000 0.000000
vn -1.000000 0.000000 0.000000
vn -1.000000 0.000000 0.000000
vn -1.000000 0.000000 0.000000
vn -1.000000 0.000000 0.000000
vn -1.000000 0.000000 0.000000
vn -1.000000 0.000000 0.000000
vn -1.000000 0.000000 0.000000
vn -1.000000 0.000000 0.000000
vn -1.000000 0.000000 0.000000
vn -1.000000 0.000000 0.000000
vn -1.000000 0.000000 0.000000
vn -1.000000 0.000000 0.000000
vn -1.000000 0.000000 0.000000
vn -1.000000 0.000000 0.000000
vn -1.000000 0.000000 0.000000
vn -1.000000 0.000000 0.000000
vn -1.000000 0.000000 0.000000
vn -1.000000 0.000000 0.000000
vn -1.000000 0.000000 0.000000
vn -1.000000 0.000000 0.000000
vn -1.000000 0.000000 0.000000
vn -1.000000 0.000000 0.000000
vn -1.000000 0.000000 0.000000
vn -1.000000 0.000000 0.000000
vn -1.000000 0.000000 0.000000
vn -1.000000 0.000000 0.000000
vn -1.000000 0.000000 0.000000
vn -1.000000 0.000000 0.000000
vn -1.000000 0.000000 0.000000
vn -1.000000 0.000000 0.000000
vn -1.000000 0.000000 0.000000
vn -1.000000 0.000000 0.000000
vn -1.000000 0.000000 0.000000
vn -1.000000 0.000000 0.000000
vn -1.000000 0.000000 0.000000
vn -1.000000 0.000000 0.000000
vn -1.000000 0.000000 0.000000
vn -1.000000 0.000000 0.000000
vn -1.000000 0.000000 0.000000
vn -1.000000 0.000000 0.000000
vn -1.000000 0.000000 0.000000
vn -1.000000 0.000000 0.000000
vn -1.000000 0.000000 0.000000
vn -1.000000 0.000000 0.000000
vn -1.000000 0.000000 0.000000
vn -1.000000 0.000000 0.000000
vn -1.000000 0.000000 0.000000
vn -1.000000 0.000000 0.000000
vn -1.000000 0.000000 0.000000
vn -1.000000 0.000000 0.000000
vn -1.000000 0.000000 0.000000
vn -1.000000 0.000000 0.000000
vn -1.000000 0.000000 0.000000
vn -1.000000 0.000000 0.000000
vn -1.000000 0.000000 0.000000
vn -1.000000 0.000000 0.000000
vn -1.000000 0.000000 0.000000
vn -1.000000 0.000000 0.000000
vn -1.000000 0.000000 0.000000
vn -1.000000 0.000000 0.000000
vn -1.000000 0.000000 0.000000
vn -1.000000 0.000000 0.000000
vn -1.000000 0.000000 0.000000
vn -1.000000 0.000000 0.000000
vn -1.000000 0.000000 0.000000
vn -1.000000 0.000000 0.000000
vn -1.000000 0.000000 0.000000
vn -1.000000 0.000000 0.000000
vn -1.000000 0.000000 0.000000
vn -1.000000 0.000000 0.000000
vn -1.000000 0.000000 0.000000
vn -1.000000 0.000000 0.000000
vn -1.000000 0.000000 0.000000
vn -1.000000 0.000000 0.000000
vn -1.000000 0.000000 0.000000
vn -1.000000 0.000000 0.000000
vn -1.000000 0.000000 0.000000
vn -1.000000 0.000000 0.000000
vn -1.000000 0.000000 0.000000
vn -1.000000 0.000000 0.000000
vn -1.000000 0.000000 0.000000
vn -1.000000 0.000000 0.000000
vn -1.000000 0.000000 0.000000
vn -1.000000 0.000000 0.000000
vn -1.000000 0.000000 0.000000
vn -1.000000 0.000000 0.000000
vn -1.000000 0.000000 0.000000
vn -1.000000 0.000000 0.000000
vn -1.000000 0.000000 0.000000
vn -1.000000 0.000000 0.000000
vn -1.000000 0.000000 0.000000
vn -1.000000 0.000000 0.000000
vn -1.000000 0.000000 0.000000
vn -1.000000 0.000000 0.000000
vn -1.000000 0.000000 0.000000
vn -1.000000 0.000000 0.000000
vn -1.000000 0.000000 0.000000
vn -1.000000 0.000000 0.000000
vn -1.000000 0.000000 0.000000
vn -1.000000 0.000000 0.000000
vn -1.000000 0.000000 0.000000
vn -1.000000 0.000000 0.000000
vn -1.000000 0.000000 0.000000
vn -1.000000 0.000000 0.000000
vn -1.000000 0.000000 0.000000
vn -1.000000 0.000000 0.000000
vn -1.000000 0.000000 0.000000
vn -1.000000 0.000000 0.000000
vn -1.000000 0.000000 0.000000
vn -1.000000 0.000000 0.000000
vn -1.000000 0.000000 0.000000
vn -1.000000 0.000000 0.000000
vn -1.000000 0.000000 0.000000
vn -1.000000 0.000000 0.000000
vn -1.000000 0.000000 0.000000
vn -1.000000 0.000000 0.000000
vn -1.000000 0.000000 0.000000
vn -1.000000 0.000000 0.000000
vn -1.000000 0.000000 0.000000
vn -1.000000 0.000000 0.000000
vn -1.000000 0.000000 0.000000
vn -1.000000 0.000000 0.000000
vn -1.000000 0.000000 0.000000
vn -1.000000 0.000000 0.000000
vn -1.000000 0.000000 0.000000
vn -1.000000 0.000000 0.000000
vn -1.000000 0.000000 0.000000
vn -1.000000 0.000000 0.000000
vn -1.000000 0.000000 0.000000
vn -1.000000 0.000000 0.000000
vn -1.000000 0.000000 0.000000
vn -1.000000 0.000000 0.000000
vn -1.000000 0.000000 0.000000
vn -1.000000 0.000000 0.000000
vn -1.000000 0.000000 0.000000
vn -1.000000 0.000000 0.000000
vn -1.000000 0.000000 0.000000
vn -1.000000 0.000000 0.000000
vn -1.000000 0.000000 0.000000
vn -1.000000 0.000000 0.000000
vn -1.000000 0.000000 0.000000
vn -1.000000 0.000000 0.000000
vn -1.000000 0.000000 0.000000
vn -1.000000 0.000000 0.000000
vn -1.000000 0.000000 0.000000
vn 1.000000 -0.000000 -0.000000
vn 1.000000 -0.000000 -0.000000
vn 1.000000 -0.000000 -0.000000
vn 1.000000 -0.000000 -0.000000
vn 1.000000 -0.000000 -0.000000
vn 1.000000 -0.000000 -0.000000
vn 1.000000 -0.000000 -0.000000
vn 1.000000 -0.000000 -0.000000
vn 1.000000 -0.000000 -0.000000
vn 1.000000 -0.000000 -0.000000
vn 1.000000 -0.000000 -0.000000
vn 1.000000 -0.000000 -0.000000
vn 1.000000 -0.000000 -0.000000
vn 1.000000 -0.000000 -0.000000
vn 1.000000 -0.000000 -0.000000
vn 1.000000 -0.000000 -0.000000
vn 1.000000 -0.000000 -0.000000
vn 1.000000 -0.000000 -0.000000
vn 1.000000 -0.000000 -0.000000
vn 1.000000 -0.000000 -0.000000
vn 1.000000 -0.000000 -0.000000
vn 1.000000 -0.000000 -0.000000
vn 1.000000 -0.000000 -0.000000
vn 1.000000 -0.000000 -0.000000
vn 1.000000 -0.000000 -0.000000
vn 1.000000 -0.000000 -0.000000
vn 1.000000 -0.000000 -0.000000
vn 1.000000 -0.000000 -0.000000
vn 1.000000 -0.000000 -0.000000
vn 1.000000 -0.000000 -0.000000
vn 1.000000 -0.000000 -0.000000
vn 1.000000 -0.000000 -0.000000
vn 1.000000 -0.000000 -0.000000
vn 1.000000 -0.000000 -0.000000
vn 1.000000 -0.000000 -0.000000
vn 1.000000 -0.000000 -0.000000
vn 1.000000 -0.000000 -0.000000
vn 1.000000 -0.000000 -0.000000
vn 1.000000 -0.000000 -0.000000
vn 1.000000 -0.000000 -0.000000
vn 1.000000 -0.000000 -0.000000
vn 1.000000 -0.000000 -0.000000
vn 1.000000 -0.000000 -0.000000
vn 1.000000 -0.000000 -0.000000
vn 1.000000 -0.000000 -0.000000
vn 1.000000 -0.000000 -0.000000
vn 1.000000 -0.000000 -0.000000
vn 1.000000 -0.000000 -0.000000
vn 1.000000 -0.000000 -0.000000
vn 1.000000 -0.000000 -0.000000
vn 1.000000 -0.000000 -0.000000
vn 1.000000 -0.000000 -0.000000
vn 1.000000 -0.000000 -0.000000
vn 1.000000 -0.000000 -0.000000
vn 1.000000 -0.000000 -0.000000
vn 1.000000 -0.000000 -0.000000
vn 1.000000 -0.000000 -0.000000
vn 1.000000 -0.000000 -0.000000
vn 1.000000 -0.000000 -0.000000
vn 1.000000 -0.000000 -0.000000
vn 1.000000 -0.000000 -0.000000
vn 1.000000 -0.000000 -0.000000
vn 1.000000 -0.000000 -0.000000
vn 1.000000 -0.000000 -0.000000
vn 1.000000 -0.000000 -0.000000
vn 1.000000 -0.000000 -0.000000
vn 1.000000 -0.000000 -0.000000
vn 1.000000 -0.000000 -0.000000
vn 1.000000 -0.000000 -0.000000
vn 1.000000 -0.000000 -0.000000
vn 1.000000 -0.000000 -0.000000
vn 1.000000 -0.000000 -0.000000
vn 1.000000 -0.000000 -0.000000
vn 1.000000 -0.000000 -0.000000
vn 1.000000 -0.000000 -0.000000
vn 1.000000 -0.000000 -0.000000
vn 1.000000 -0.000000 -0.000000
vn 1.000000 -0.000000 -0.000000
vn 1.000000 -0.000000 -0.000000
vn 1.000000 -0.000000 -0.000000
vn 1.000000 -0.000000 -0.000000
vn 1.000000 -0.000000 -0.000000
vn 1.000000 -0.000000 -0.000000
vn 1.000000 -0.000000 -0.000000
vn 1.000000 -0.000000 -0.000000
vn 1.000000 -0.000000 -0.000000
vn 1.000000 -0.000000 -0.000000
vn 1.000000 -0.000000 -0.000000
vn 1.000000 -0.000000 -0.000000
vn 1.000000 -0.000000 -0.000000
vn 1.000000 -0.000000 -0.000000
vn 1.000000 -0.000000 -0.000000
vn 1.000000 -0.000000 -0.000000
vn 1.000000 -0.000000 -0.000000
vn 1.000000 -0.000000 -0.000000
vn 1.000000 -0.000000 -0.000000
vn 1.000000 -0.000000 -0.000000
vn 1.000000 -0.000000 -0.000000
vn 1.000000 -0.000000 -0.000000
vn 1.000000 -0.000000 -0.000000
vn 1.000000 -0.000000 -0.000000
vn 1.000000 -0.000000 -0.000000
vn 1.000000 -0.000000 -0.000000
vn 1.000000 -0.000000 -0.000000
vn 1.000000 -0.000000 -0.000000
vn 1.000000 -0.000000 -0.000000
vn 1.000000 -0.000000 -0.000000
vn 1.000000 -0.000000 -0.000000
vn 1.000000 -0.000000 -0.000000
vn 1.000000 -0.000000 -0.000000
vn 1.000000 -0.000000 -0.000000
vn 1.000000 -0.000000 -0.000000
vn 1.000000 -0.000000 -0.000000
vn 1.000000 -0.000000 -0.000000
vn 1.000000 -0.000000 -0.000000
vn 1.000000 -0.000000 -0.000000
vn 1.000000 -0.000000 -0.000000
vn 1.000000 -0.000000 -0.000000
vn 1.000000 -0.000000 -0.000000
vn 1.000000 -0.000000 -0.000000
vn 1.000000 -0.000000 -0.000000
vn 1.000000 -0.000000 -0.000000
vn 1.000000 -0.000000 -0.000000
vn 1.000000 -0.000000 -0.000000
vn 1.000000 -0.000000 -0.000000
vn 1.000000 -0.000000 -0.000000
vn 1.000000 -0.000000 -0.000000
vn 1.000000 -0.000000 -0.000000
vn 1.000000 -0.000000 -0.000000
vn 1.000000 -0.000000 -0.000000
vn 1.000000 -0.000000 -0.000000
vn 1.000000 -0.000000 -0.000000
vn 1.000000 -0.000000 -0.000000
vn 1.000000 -0.000000 -0.000000
vn 1.000000 -0.000000 -0.000000
vn 1.000000 -0.000000 -0.000000
vn 1.000000 -0.000000 -0.000000
vn 1.000000 -0.000000 -0.000000
vn 1.000000 -0.000000 -0.000000
vn 1.000000 -0.000000 -0.000000
vn 1.000000 -0.000000 -0.000000
vn 1.000000 -0.000000 -0.000000
vn 1.000000 -0.000000 -0.000000
vn 1.000000 -0.000000 -0.000000
vn 1.000000 -0.000000 -0.000000
vn 1.000000 -0.000000 -0.000000
vn 1.000000 -0.000000 -0.000000
vn 1.000000 -0.000000 -0.000000
vn 1.000000 -0.000000 -0.000000
vn 1.000000 -0.000000 -0.000000
vn 1.000000 -0.000000 -0.000000
vn 1.000000 -0.000000 -0.000000
vn 1.000000 -0.000000 -0.000000
vn 1.000000 -0.000000 -0.000000
vn 1.000000 -0.000000 -0.000000
vn 1.000000 -0.000000 -0.000000
vn 1.000000 -0.000000 -0.000000
vn -1.000000 0.000000 0.000000
vn -1.000000 0.000000 0.000000
vn -1.000000 0.000000 0.000000
vn -1.000000 0.000000 0.000000
vn -1.000000 0.000000 0.000000
vn -1.000000 0.000000 0.000000
vn -1.000000 0.000000 0.000000
vn -1.000000 0.000000 0.000000
vn -1.000000 0.000000 0.000000
vn -1.000000 0.000000 0.000000
vn -1.000000 0.000000 0.000000
vn -1.000000 0.000000 0.000000
vn -1.000000 0.000000 0.000000
vn -1.000000 0.000000 0.000000
vn -1.000000 0.000000 0.000000
vn -1.000000 0.000000 0.000000
vn -1.000000 0.000000 0.000000
vn -1.000000 0.000000 0.000000
vn -1.000000 0.000000 0.000000
vn -1.000000 0.000000 0.000000
vn -1.000000 0.000000 0.000000
vn -1.000000 0.000000 0.000000
vn -1.000000 0.000000 0.000000
vn -1.000000 0.000000 0.000000
vn -1.000000 0.000000 0.000000
vn -1.000000 0.000000 0.000000
vn -1.000000 0.000000 0.000000
vn -1.000000 0.000000 0.000000
vn -1.000000 0.000000 0.000000
vn -1.000000 0.000000 0.000000
vn -1.000000 0.000000 0.000000
vn -1.000000 0.000000 0.000000
vn -1.000000 0.000000 0.000000
vn -1.000000 0.000000 0.000000
vn -1.000000 0.000000 0.000000
vn -1.000000 0.000000 0.000000
vn -1.000000 0.000000 0.000000
vn -1.000000 0.000000 0.000000
vn -1.000000 0.000000 0.000000
vn -1.000000 0.000000 0.000000
vn -1.000000 0.000000 0.000000
vn -1.000000 0.000000 0.000000
vn -1.000000 0.000000 0.000000
vn -1.000000 0.000000 0.000000
vn -1.000000 0.000000 0.000000
vn -1.000000 0.000000 0.000000
vn -1.000000 0.000000 0.000000
vn -1.000000 0.000000 0.000000
vn -1.000000 0.000000 0.000000
vn -1.000000 0.000000 0.000000
vn -1.000000 0.000000 0.000000
vn -1.000000 0.000000 0.000000
vn -1.000000 0.000000 0.000000
vn -1.000000 0.000000 0.000000
vn -1.000000 0.000000 0.000000
vn -1.000000 0.000000 0.000000
vn -1.000000 0.000000 0.000000
vn -1.000000 0.000000 0.000000
vn -1.000000 0.000000 0.000000
vn -1.000000 0.000000 0.000000
vn -1.000000 0.000000 0.000000
vn -1.000000 0.000000 0.000000
vn -1.000000 0.000000 0.000000
vn -1.000000 0.000000 0.000000
vn -1.000000 0.000000 0.000000
vn -1.000000 0.000000 0.000000
vn -1.000000 0.000000 0.000000
vn -1.000000 0.000000 0.000000
vn -1.000000 0.000000 0.000000
vn -1.000000 0.000000 0.000000
vn -1.000000 0.000000 0.000000
vn -1.000000 0.000000 0.000000
vn -1.000000 0.000000 0.000000
vn -1.000000 0.000000 0.000000
vn -1.000000 0.000000 0.000000
vn -1.000000 0.000000 0.000000
vn -1.000000 0.000000 0.000000
vn -1.000000 0.000000 0.000000
vn -1.000000 0.000000 0.000000
vn -1.000000 0.000000 0.000000
vn -1.000000 0.000000 0.000000
vn -1.000000 0.000000 0.000000
vn -1.000000 0.000000 0.000000
vn -1.000000 0.000000 0.000000
vn -1.000000 0.000000 0.000000
vn -1.000000 0.000000 0.000000
vn -1.000000 0.000000 0.000000
vn -1.000000 0.000000 0.000000
vn -1.000000 0.000000 0.000000
vn -1.000000 0.000000 0.000000
vn -1.000000 0.000000 0.000000
vn -1.000000 0.000000 0.000000
vn -1.000000 0.000000 0.000000
vn -1.000000 0.000000 0.000000
vn -1.000000 0.000000 0.000000
vn -1.000000 0.000000 0.000000
vn -1.000000 0.000000 0.000000
vn -1.000000 0.000000 0.000000
vn -1.000000 0.000000 0.000000
vn -1.000000 0.000000 0.000000
vn -1.000000 0.000000 0.000000
vn -1.000000 0.000000 0.000000
vn -1.000000 0.000000 0.000000
vn -1.000000 0.000000 0.000000
vn -1.000000 0.000000 0.000000
vn -1.000000 0.000000 0.000000
vn -1.000000 0.000000 0.000000
vn -1.000000 0.000000 0.000000
vn -1.000000 0.000000 0.000000
vn -1.000000 0.000000 0.000000
vn -1.000000 0.000000 0.000000
vn -1.000000 0.000000 0.000000
vn -1.000000 0.000000 0.000000
vn -1.000000 0.000000 0.000000
vn -1.000000 0.000000 0.000000
vn -1.000000 0.000000 0.000000
vn -1.000000 0.000000 0.000000
vn -1.000000 0.000000 0.000000
vn -1.000000 0.000000 0.000000
vn -1.000000 0.000000 0.000000
vn -1.000000 0.000000 0.000000
vn -1.000000 0.000000 0.000000
vn -1.000000 0.000000 0.000000
vn -1.000000 0.000000 0.000000
vn -1.000000 0.000000 0.000000
vn -1.000000 0.000000 0.000000
vn -1.000000 0.000000 0.000000
vn -1.000000 0.000000 0.000000
vn -1.000000 0.000000 0.000000
vn -1.000000 0.000000 0.000000
vn -1.000000 0.000000 0.000000
vn -1.000000 0.000000 0.000000
vn -1.000000 0.000000 0.000000
vn -1.000000 0.000000 0.000000
vn -1.000000 0.000000 0.000000
vn -1.000000 0.000000 0.000000
vn -1.000000 0.000000 0.000000
vn -1.000000 0.000000 0.000000
vn -1.000000 0.000000 0.000000
vn -1.000000 0.000000 0.000000
vn -1.000000 0.000000 0.000000
vn -1.000000 0.000000 0.000000
vn -1.000000 0.000000 0.000000
vn -1.000000 0.000000 0.000000
vn -1.000000 0.000000 0.000000
vn -1.000000 0.000000 0.000000
vn -1.000000 0.000000 0.000000
vn -1.000000 0.000000 0.000000
vn -1.000000 0.000000 0.000000
vn -1.000000 0.000000 0.000000
vn -1.000000 0.000000 0.000000
vn -1.000000 0.000000 0.000000
vn -1.000000 0.000000 0.000000
vn -1.000000 0.000000 0.000000
vn -1.000000 0.000000 0.000000
vn -1.000000 0.000000 0.000000
vn -1.000000 0.000000 0.000000
vn -1.000000 0.000000 0.000000
vn -1.000000 0.000000 0.000000
vn -0.000000 -0.000000 -1.000000
vn -0.000000 -0.000000 -1.000000
vn -0.000000 -0.965926 0.258819
vn -0.000000 -0.965926 0.258819
vn -0.000000 -1.000000 0.000000
vn -0.000000 -1.000000 0.000000
vn -0.000000 -0.965926 -0.258819
vn -0.000000 -0.965926 -0.258819
vn -0.000000 -0.866025 -0.500000
vn -0.000000 -0.866025 -0.500000
vn -0.000000 -0.707107 -0.707107
vn -0.000000 -0.707107 -0.707107
vn -0.000000 -0.500000 -0.866025
vn -0.000000 -0.500000 -0.866025
vn -0.000000 -0.258819 -0.965926
vn -0.000000 -0.258819 -0.965926
vn -0.000000 -0.000000 -1.000000
vn -0.000000 0.000000 -1.000000
vn -0.000000 0.258819 -0.965926
vn -0.000000 0.258819 -0.965926
vn -0.000000 0.500000 -0.866025
vn -0.000000 0.500000 -0.866025
vn 0.000000 0.707107 -0.707107
vn 0.000000 0.707107 -0.707107
vn 0.000000 0.866025 -0.500000
vn 0.000000 0.866025 -0.500000
vn 0.000000 0.965926 -0.258819
vn 0.000000 0.965926 -0.258819
vn 0.000000 1.000000 -0.000000
vn 0.000000 1.000000 -0.000000
vn 0.000000 0.965926 0.258819
vn 0.000000 0.965926 0.258819
vn 0.000000 0.866025 0.500000
vn 0.000000 0.866025 0.500000
vn 0.000000 0.707107 0.707107
vn 0.000000 0.707107 0.707107
vn 0.000000 0.500000 0.866025
vn 0.000000 0.500000 0.866025
vn 0.000000 0.258819 0.965926
vn 0.000000 0.258819 0.965926
vn 0.000000 -0.000000 1.000000
vn 0.000000 0.000000 1.000000
vn 0.000000 -0.258819 0.965926
vn 0.000000 -0.258819 0.965926
vn 0.000000 -0.500000 0.866025
vn 0.000000 -0.500000 0.866025
vn -0.000000 -0.707107 0.707107
vn -0.000000 -0.707107 0.707107
vn -0.000000 -0.866025 0.500000
vn -0.000000 -0.866025 0.500000
vn -0.000000 -0.965926 0.258819
vn -0.000000 -0.965926 0.258819
vn -0.000000 -1.000000 0.000000
vn -0.000000 -1.000000 0.000000
vn -0.000000 -0.965926 -0.258819
vn -0.000000 -0.965926 -0.258819
vn -0.000000 -0.866025 -0.500000
vn -0.000000 -0.866025 -0.500000
vn -0.000000 -0.707107 -0.707107
vn -0.000000 -0.707107 -0.707107
vn -0.000000 -0.500000 -0.866025
vn -0.000000 -0.500000 -0.866025
vn -0.000000 -0.258819 -0.965926
vn -0.000000 -0.258819 -0.965926
vn -0.000000 -0.000000 -1.000000
vn -0.000000 0.000000 -1.000000
vn -0.000000 0.258819 -0.965926
vn -0.000000 0.258819 -0.965926
vn -0.000000 0.500000 -0.866025
vn -0.000000 0.500000 -0.866025
vn 0.000000 0.707107 -0.707107
vn 0.000000 0.707107 -0.707107
vn 0.000000 0.866025 -0.500000
vn 0.000000 0.866025 -0.500000
vn 0.000000 0.965926 -0.258819
vn 0.000000 0.965926 -0.258819
vn 0.000000 1.000000 0.000000
vn 0.000000 1.000000 -0.000000
vn 0.000000 0.965926 0.258819
vn 0.000000 0.965926 0.258819
vn 0.000000 0.866025 0.500000
vn 0.000000 0.866025 0.500000
vn 0.000000 0.707107 0.707107
vn 0.000000 0.707107 0.707107
vn 0.000000 0.500000 0.866025
vn 0.000000 0.500000 0.866025
vn 0.000000 0.258819 0.965926
vn 0.000000 0.258819 0.965926
vn 0.000000 -0.000000 1.000000
vn 0.000000 0.000000 1.000000
vn 0.000000 -0.258819 0.965926
vn 0.000000 -0.258819 0.965926
vn 0.000000 -0.500000 0.866025
vn 0.000000 -0.500000 0.866025
vn -0.000000 -0.707107 0.707107
vn -0.000000 -0.707107 0.707107
vn -0.000000 -0.866025 0.500000
vn -0.000000 -0.866025 0.500000
vn -0.000000 -0.965926 0.258819
vn -0.000000 -0.965926 0.258819
vn -0.000000 -1.000000 0.000000
vn -0.000000 -1.000000 0.000000
vn -0.000000 -0.965926 -0.258819
vn -0.000000 -0.965926 -0.258819
vn -0.000000 -0.866025 -0.500000
vn -0.000000 -0.866025 -0.500000
vn -0.000000 -0.707107 -0.707107
vn -0.000000 -0.707107 -0.707107
vn -0.000000 -0.500000 -0.866025
vn -0.000000 -0.500000 -0.866025
vn -0.000000 -0.258819 -0.965926
vn -0.000000 -0.258819 -0.965926
vn -0.000000 -0.000000 -1.000000
vn -0.000000 0.000000 -1.000000
vn -0.000000 0.258819 -0.965926
vn -0.000000 0.258819 -0.965926
vn -0.000000 0.500000 -0.866025
vn -0.000000 0.500000 -0.866025
vn 0.000000 0.707107 -0.707107
vn 0.000000 0.707107 -0.707107
vn 0.000000 0.866025 -0.500000
vn 0.000000 0.866025 -0.500000
vn 0.000000 0.965926 -0.258819
vn 0.000000 0.965926 -0.258819
vn 0.000000 1.000000 -0.000000
vn 0.000000 1.000000 -0.000000
vn 0.000000 0.965926 0.258819
vn 0.000000 0.965926 0.258819
vn 0.000000 0.866025 0.500000
vn 0.000000 0.866025 0.500000
vn 0.000000 0.707107 0.707107
vn 0.000000 0.707107 0.707107
vn 0.000000 0.500000 0.866025
vn 0.000000 0.500000 0.866025
vn 0.000000 0.258819 0.965926
vn 0.000000 0.258819 0.965926
vn 0.000000 -0.000000 1.000000
vn 0.000000 0.000000 1.000000
vn 0.000000 -0.258819 0.965926
vn 0.000000 -0.258819 0.965926
vn 0.000000 -0.500000 0.866025
vn 0.000000 -0.500000 0.866025
vn -0.000000 -0.707107 0.707107
vn -0.000000 -0.707107 0.707107
vn -0.000000 -0.866025 0.500000
vn -0.000000 -0.866025 0.500000
vn -0.000000 -0.965926 0.258819
vn -0.000000 -0.965926 0.258819
vn -0.000000 -1.000000 0.000000
vn -0.000000 -1.000000 0.000000
vn -0.000000 -0.965926 -0.258819
vn -0.000000 -0.965926 -0.258819
vn -0.000000 -0.866025 -0.500000
vn -0.000000 -0.866025 -0.500000
vn -0.000000 -0.707107 -0.707107
vn -0.000000 -0.707107 -0.707107
vn -0.000000 -0.500000 -0.866025
vn -0.000000 -0.500000 -0.866025
vn -0.000000 -0.258819 -0.965926
vn -0.000000 -0.258819 -0.965926
vn -0.000000 -0.000000 -1.000000
vn -0.000000 0.000000 -1.000000
vn -0.000000 0.258819 -0.965926
vn -0.000000 0.258819 -0.965926
vn -0.000000 0.500000 -0.866025
vn -0.000000 0.500000 -0.866025
vn 0.000000 0.707107 -0.707107
vn 0.000000 0.707107 -0.707107
vn 0.000000 0.866025 -0.500000
vn 0.000000 0.866025 -0.500000
vn 0.000000 0.965926 -0.258819
vn 0.000000 0.965926 -0.258819
vn 0.000000 1.000000 -0.000000
vn 0.000000 1.000000 -0.000000
vn 0.000000 0.965926 0.258819
vn 0.000000 0.965926 0.258819
vn 0.000000 0.866025 0.500000
vn 0.000000 0.866025 0.500000
vn 0.000000 0.707107 0.707107
vn 0.000000 0.707107 0.707107
vn 0.000000 0.500000 0.866025
vn 0.000000 0.500000 0.866025
vn 0.000000 0.258819 0.965926
vn 0.000000 0.258819 0.965926
vn 0.000000 -0.000000 1.000000
vn 0.000000 0.000000 1.000000
vn 0.000000 -0.258819 0.965926
vn 0.000000 -0.258819 0.965926
vn 0.000000 -0.500000 0.866025
vn 0.000000 -0.500000 0.866025
vn -0.000000 -0.707107 0.707107
vn -0.000000 -0.707107 0.707107
vn -0.000000 -0.866025 0.500000
vn -0.000000 -0.866025 0.500000
vn -0.000000 -0.976621 0.214970
vn -0.000000 -0.976621 0.214970
vn -0.000000 -1.000000 0.000000
vn -0.000000 -1.000000 0.000000
vn -0.000000 -0.976621 -0.214970
vn -0.000000 -0.976621 -0.214970
vn -0.000000 -0.907575 -0.419889
vn -0.000000 -0.907575 -0.419889
vn -0.000000 -0.796093 -0.605174
vn -0.000000 -0.796093 -0.605174
vn -0.000000 -0.647386 -0.762162
vn -0.000000 -0.647386 -0.762162
vn -0.000000 -0.468408 -0.883512
vn -0.000000 -0.468408 -0.883512
vn -0.000000 -0.267528 -0.963550
vn -0.000000 -0.267528 -0.963550
vn -0.000000 -0.054139 -0.998533
vn -0.000000 -0.054139 -0.998533
vn -0.000000 0.161782 -0.986827
vn -0.000000 0.161782 -0.986827
vn -0.000000 0.370138 -0.928977
vn -0.000000 0.370138 -0.928977
vn 0.000000 0.561187 -0.827689
vn 0.000000 0.561187 -0.827689
vn 0.000000 0.725995 -0.687699
vn 0.000000 0.725995 -0.687699
vn 0.000000 0.856857 -0.515554
vn 0.000000 0.856857 -0.515554
vn 0.000000 0.947653 -0.319302
vn 0.000000 0.947653 -0.319302
vn 0.000000 0.994138 -0.108119
vn 0.000000 0.994138 -0.108119
vn 0.000000 0.994138 0.108119
vn 0.000000 0.994138 0.108119
vn 0.000000 0.947653 0.319302
vn 0.000000 0.947653 0.319302
vn 0.000000 0.856857 0.515554
vn 0.000000 0.856857 0.515554
vn 0.000000 0.725995 0.687699
vn 0.000000 0.725995 0.687699
vn 0.000000 0.561187 0.827689
vn 0.000000 0.561187 0.827689
vn 0.000000 0.370138 0.928977
vn 0.000000 0.370138 0.928977
vn 0.000000 0.161782 0.986827
vn 0.000000 0.161782 0.986827
vn 0.000000 -0.054139 0.998533
vn 0.000000 -0.054139 0.998533
vn 0.000000 -0.267528 0.963550
vn 0.000000 -0.267528 0.963550
vn 0.000000 -0.468408 0.883512
vn 0.000000 -0.468408 0.883512
vn -0.000000 -0.647386 0.762162
vn -0.000000 -0.647386 0.762162
vn -0.000000 -0.796093 0.605174
vn -0.000000 -0.796093 0.605174
vn -0.000000 -0.907575 0.419889
vn -0.000000 -0.907575 0.419889
vn 0.000000 0.100152 0.994972
vn 0.000000 0.100152 0.994972
vn 0.000000 0.199297 0.979939
vn 0.000000 0.199297 0.979939
vn 0.000000 0.296439 0.955052
vn 0.000000 0.296439 0.955052
vn 0.000000 0.390599 0.920561
vn 0.000000 0.452326 0.891853
vn 0.000000 0.498900 0.866659
vn 0.000000 0.599901 0.800074
vn 0.000000 0.569214 0.822189
vn 0.000000 0.511956 0.859012
vn 0.000000 0.623834 0.781557
vn 0.000000 0.692122 0.721781
vn 0.000000 0.675563 0.737302
vn 0.000000 0.724161 0.689630
vn 0.000000 0.774214 0.632924
vn 0.000000 0.769404 0.638763
vn 0.000000 0.811080 0.584935
vn 0.000000 0.844976 0.534804
vn 0.000000 0.848998 0.528396
vn 0.000000 0.882981 0.469409
vn 0.000000 0.903372 0.428858
vn 0.000000 0.912872 0.408246
vn 0.000000 0.938532 0.345191
vn 0.000000 0.948547 0.316636
vn 0.000000 0.959843 0.280537
vn 0.000000 0.979841 0.199780
vn 0.000000 0.976706 0.214582
vn 0.000000 0.989042 0.147633
vn 0.000000 0.996795 0.080000
vn 0.000000 0.996795 0.080000
vn 0.000000 0.996795 0.080000
vn 0.000000 0.996795 0.080000
vn 0.000000 0.979841 0.199780
vn 0.000000 0.979841 0.199780
vn 0.000000 0.948547 0.316636
vn 0.000000 0.948547 0.316636
vn 0.000000 0.903372 0.428858
vn 0.000000 0.903372 0.428858
vn 0.000000 0.844976 0.534804
vn 0.000000 0.844976 0.534804
vn 0.000000 0.774214 0.632924
vn 0.000000 0.774214 0.632924
vn 0.000000 0.692122 0.721781
vn 0.000000 0.692122 0.721781
vn 0.000000 0.599901 0.800074
vn 0.000000 0.599901 0.800074
vn 0.000000 0.498900 0.866659
vn 0.000000 0.498900 0.866659
vn 0.000000 0.390599 0.920561
vn 0.000000 0.390599 0.920561
vn -0.000000 -0.965926 0.258819
vn -0.000000 -0.965926 0.258819
vn -0.000000 -1.000000 0.000000
vn -0.000000 -1.000000 0.000000
vn -0.000000 -0.965926 -0.258819
vn -0.000000 -0.965926 -0.258819
vn -0.000000 -0.866025 -0.500000
vn -0.000000 -0.866025 -0.500000
vn -0.000000 -0.707107 -0.707107
vn -0.000000 -0.707107 -0.707107
vn -0.000000 -0.500000 -0.866025
vn -0.000000 -0.500000 -0.866025
vn -0.000000 -0.258819 -0.965926
vn -0.000000 -0.258819 -0.965926
vn -0.000000 0.000000 -1.000000
vn -0.000000 0.000000 -1.000000
vn -0.000000 0.258819 -0.965926
vn -0.000000 0.258819 -0.965926
vn -0.000000 0.500000 -0.866025
vn -0.000000 0.500000 -0.866025
vn 0.000000 0.707107 -0.707107
vn 0.000000 0.707107 -0.707107
vn 0.000000 0.866025 -0.500000
vn 0.000000 0.866025 -0.500000
vn 0.000000 0.965926 -0.258819
vn 0.000000 0.965926 -0.258819
vn 0.000000 1.000000 0.000000
vn 0.000000 1.000000 -0.000000
vn 0.000000 0.965926 0.258819
vn 0.000000 0.965926 0.258819
vn 0.000000 0.866025 0.500000
vn 0.000000 0.866025 0.500000
vn 0.000000 0.707107 0.707107
vn 0.000000 0.707107 0.707107
vn 0.000000 0.500000 0.866025
vn 0.000000 0.500000 0.866025
vn 0.000000 0.258819 0.965926
vn 0.000000 0.258819 0.965926
vn 0.000000 -0.000000 1.000000
vn 0.000000 0.000000 1.000000
vn 0.000000 -0.258819 0.965926
vn 0.000000 -0.258819 0.965926
vn 0.000000 -0.500000 0.866025
vn 0.000000 -0.500000 0.866025
vn -0.000000 -0.707107 0.707107
vn -0.000000 -0.707107 0.707107
vn -0.000000 -0.866025 0.500000
vn -0.000000 -0.866025 0.500000
vn -0.000000 -0.965926 0.258819
vn -0.000000 -0.965926 0.258819
vn -0.000000 -1.000000 0.000000
vn -0.000000 -1.000000 0.000000
vn -0.000000 -0.965926 -0.258819
vn -0.000000 -0.965926 -0.258819
vn -0.000000 -0.866025 -0.500000
vn -0.000000 -0.866025 -0.500000
vn -0.000000 -0.707107 -0.707107
vn -0.000000 -0.707107 -0.707107
vn -0.000000 -0.500000 -0.866025
vn -0.000000 -0.500000 -0.866025
vn -0.000000 -0.258819 -0.965926
vn -0.000000 -0.258819 -0.965926
vn -0.000000 0.000000 -1.000000
vn -0.000000 0.000000 -1.000000
vn -0.000000 0.258819 -0.965926
vn -0.000000 0.258819 -0.965926
vn -0.000000 0.500000 -0.866025
vn -0.000000 0.500000 -0.866025
vn 0.000000 0.707107 -0.707107
vn 0.000000 0.707107 -0.707107
vn 0.000000 0.866025 -0.500000
vn 0.000000 0.866025 -0.500000
vn 0.000000 0.965926 -0.258819
vn 0.000000 0.965926 -0.258819
vn 0.000000 1.000000 0.000000
vn 0.000000 1.000000 -0.000000
vn 0.000000 0.965926 0.258819
vn 0.000000 0.965926 0.258819
vn 0.000000 0.866025 0.500000
vn 0.000000 0.866025 0.500000
vn 0.000000 0.707107 0.707107
vn 0.000000 0.707107 0.707107
vn 0.000000 0.500000 0.866025
vn 0.000000 0.500000 0.866025
vn 0.000000 0.258819 0.965926
vn 0.000000 0.258819 0.965926
vn 0.000000 -0.000000 1.000000
vn 0.000000 0.000000 1.000000
vn 0.000000 -0.258819 0.965926
vn 0.000000 -0.258819 0.965926
vn 0.000000 -0.500000 0.866025
vn 0.000000 -0.500000 0.866025
vn -0.000000 -0.707107 0.707107
vn -0.000000 -0.707107 0.707107
vn -0.000000 -0.866025 0.500000
vn -0.000000 -0.866025 0.500000
vn -0.000000 -0.965926 0.258819
vn -0.000000 -0.965926 0.258819
vn -0.000000 -1.000000 0.000000
vn -0.000000 -1.000000 0.000000
vn -0.000000 -0.965926 -0.258819
vn -0.000000 -0.965926 -0.258819
vn -0.000000 -0.866025 -0.500000
vn -0.000000 -0.866025 -0.500000
vn -0.000000 -0.707107 -0.707107
vn -0.000000 -0.707107 -0.707107
vn -0.000000 -0.500000 -0.866025
vn -0.000000 -0.500000 -0.866025
vn -0.000000 -0.258819 -0.965926
vn -0.000000 -0.258819 -0.965926
vn -0.000000 0.000000 -1.000000
vn -0.000000 0.000000 -1.000000
vn -0.000000 0.258819 -0.965926
vn -0.000000 0.258819 -0.965926
vn -0.000000 0.500000 -0.866025
vn -0.000000 0.500000 -0.866025
vn 0.000000 0.707107 -0.707107
vn 0.000000 0.707107 -0.707107
vn 0.000000 0.866025 -0.500000
vn 0.000000 0.866025 -0.500000
vn 0.000000 0.965926 -0.258819
vn 0.000000 0.965926 -0.258819
vn 0.000000 1.000000 0.000000
vn 0.000000 1.000000 -0.000000
vn 0.000000 0.965926 0.258819
vn 0.000000 0.965926 0.258819
vn 0.000000 0.866025 0.500000
vn 0.000000 0.866025 0.500000
vn 0.000000 0.707107 0.707107
vn 0.000000 0.707107 0.707107
vn 0.000000 0.500000 0.866025
vn 0.000000 0.500000 0.866025
vn 0.000000 0.258819 0.965926
vn 0.000000 0.258819 0.965926
vn 0.000000 -0.000000 1.000000
vn 0.000000 0.000000 1.000000
vn 0.000000 -0.258819 0.965926
vn 0.000000 -0.258819 0.965926
vn 0.000000 -0.500000 0.866025
vn 0.000000 -0.500000 0.866025
vn -0.000000 -0.707107 0.707107
vn -0.000000 -0.707107 0.707107
vn -0.000000 -0.866025 0.500000
vn -0.000000 -0.866025 0.500000
vn -0.000000 -0.965926 0.258819
vn -0.000000 -0.965926 0.258819
vn -0.000000 -1.000000 0.000000
vn -0.000000 -1.000000 0.000000
vn -0.000000 -0.965926 -0.258819
vn -0.000000 -0.965926 -0.258819
vn -0.000000 -0.866025 -0.500000
vn -0.000000 -0.866025 -0.500000
vn -0.000000 -0.707107 -0.707107
vn -0.000000 -0.707107 -0.707107
vn -0.000000 -0.500000 -0.866025
vn -0.000000 -0.500000 -0.866025
vn -0.000000 -0.258819 -0.965926
vn -0.000000 -0.258819 -0.965926
vn -0.000000 0.000000 -1.000000
vn -0.000000 0.000000 -1.000000
vn -0.000000 0.258819 -0.965926
vn -0.000000 0.258819 -0.965926
vn -0.000000 0.500000 -0.866025
vn -0.000000 0.500000 -0.866025
vn 0.000000 0.707107 -0.707107
vn 0.000000 0.707107 -0.707107
vn 0.000000 0.866025 -0.500000
vn 0.000000 0.866025 -0.500000
vn 0.000000 0.965926 -0.258819
vn 0.000000 0.965926 -0.258819
vn 0.000000 1.000000 0.000000
vn 0.000000 1.000000 -0.000000
vn 0.000000 0.965926 0.258819
vn 0.000000 0.965926 0.258819
vn 0.000000 0.866025 0.500000
vn 0.000000 0.866025 0.500000
vn 0.000000 0.707107 0.707107
vn 0.000000 0.707107 0.707107
vn 0.000000 0.500000 0.866025
vn 0.000000 0.500000 0.866025
vn 0.000000 0.258819 0.965926
vn 0.000000 0.258819 0.965926
vn 0.000000 -0.000000 1.000000
vn 0.000000 0.000000 1.000000
vn 0.000000 -0.258819 0.965926
vn 0.000000 -0.258819 0.965926
vn 0.000000 -0.500000 0.866025
vn 0.000000 -0.500000 0.866025
vn -0.000000 -0.707107 0.707107
vn -0.000000 -0.707107 0.707107
vn -0.000000 -0.866025 0.500000
vn -0.000000 -0.866025 0.500000
vn -0.000000 -0.976621 0.214970
vn -0.000000 -0.976621 0.214970
vn -0.000000 -1.000000 0.000000
vn -0.000000 -1.000000 0.000000
vn -0.000000 -0.976621 -0.214970
vn -0.000000 -0.976621 -0.214970
vn -0.000000 -0.907575 -0.419889
vn -0.000000 -0.907575 -0.419889
vn -0.000000 -0.796093 -0.605174
vn -0.000000 -0.796093 -0.605174
vn -0.000000 -0.647386 -0.762162
vn -0.000000 -0.647386 -0.762162
vn -0.000000 -0.468408 -0.883512
vn -0.000000 -0.468408 -0.883512
vn -0.000000 -0.267528 -0.963550
vn -0.000000 -0.267528 -0.963550
vn -0.000000 -0.054139 -0.998533
vn -0.000000 -0.054139 -0.998533
vn -0.000000 0.161782 -0.986827
vn -0.000000 0.161782 -0.986827
vn -0.000000 0.370138 -0.928977
vn -0.000000 0.370138 -0.928977
vn 0.000000 0.561187 -0.827689
vn 0.000000 0.561187 -0.827689
vn 0.000000 0.725995 -0.687699
vn 0.000000 0.725995 -0.687699
vn 0.000000 0.856857 -0.515554
vn 0.000000 0.856857 -0.515554
vn 0.000000 0.947653 -0.319302
vn 0.000000 0.947653 -0.319302
vn 0.000000 0.994138 -0.108119
vn 0.000000 0.994138 -0.108119
vn 0.000000 0.994138 0.108119
vn 0.000000 0.994138 0.108119
vn 0.000000 0.947653 0.319302
vn 0.000000 0.947653 0.319302
vn 0.000000 0.856857 0.515554
vn 0.000000 0.856857 0.515554
vn 0.000000 0.725995 0.687699
vn 0.000000 0.725995 0.687699
vn 0.000000 0.561187 0.827689
vn 0.000000 0.561187 0.827689
vn 0.000000 0.370138 0.928977
vn 0.000000 0.370138 0.928977
vn 0.000000 0.161782 0.986827
vn 0.000000 0.161782 0.986827
vn 0.000000 -0.054139 0.998533
vn 0.000000 -0.054139 0.998533
vn 0.000000 -0.267528 0.963550
vn 0.000000 -0.267528 0.963550
vn 0.000000 -0.468408 0.883512
vn 0.000000 -0.468408 0.883512
vn -0.000000 -0.647386 0.762162
vn -0.000000 -0.647386 0.762162
vn -0.000000 -0.796093 0.605174
vn -0.000000 -0.796093 0.605174
vn -0.000000 -0.907575 0.419889
vn -0.000000 -0.907575 0.419889
vn -0.000000 0.427377 -0.904073
vn -0.000000 0.427377 -0.904073
vn -0.000000 0.414380 -0.910104
vn -0.000000 0.414380 -0.910104
vn 0.000000 0.393700 0.919239
vn 0.000000 0.393700 0.919239
vn 0.000000 0.392667 0.919681
vn 0.000000 0.392667 0.919681
vn 0.000000 0.391633 0.920121
vn 0.000000 0.391633 0.920121
usemtl ABS_(White)
f 16/1/1 1/2/2 17/3/3
f 17/3/3 1/2/2 2/4/4
f 17/3/3 2/4/4 3/5/5
f 17/3/3 3/5/5 18/6/6
f 18/6/6 3/5/5 4/7/7
f 18/6/6 4/7/7 19/8/8
f 19/8/8 4/7/7 5/9/9
f 19/8/8 5/9/9 6/10/10
f 19/8/8 6/10/10 20/11/11
f 20/11/11 6/10/10 7/12/12
f 20/11/11 7/12/12 21/13/13
f 21/13/13 7/12/12 8/14/14
f 21/13/13 8/14/14 10/15/15
f 10/15/15 8/14/14 9/16/16
f 10/15/15 11/17/17 21/13/13
f 21/13/13 11/17/17 12/18/18
f 21/13/13 12/18/18 20/11/11
f 20/11/11 12/18/18 19/8/8
f 12/18/18 13/19/19 19/8/8
f 19/8/8 13/19/19 18/6/6
f 13/19/19 14/20/20 18/6/6
f 18/6/6 14/20/20 15/21/21
f 18/6/6 15/21/21 17/3/3
f 17/3/3 15/21/21 16/1/1
f 16/22/1 22/23/22 1/24/2
f 1/24/2 22/23/22 23/25/23
f 37/26/24 24/27/25 38/28/26
f 38/28/26 24/27/25 25/29/27
f 38/28/26 25/29/27 26/30/28
f 38/28/26 26/30/28 39/31/29
f 39/31/29 26/30/28 27/32/30
f 39/31/29 27/32/30 40/33/31
f 40/33/31 27/32/30 28/34/32
f 40/33/31 28/34/32 29/35/33
f 40/33/31 29/35/33 41/36/34
f 41/36/34 29/35/33 30/37/35
f 41/36/34 30/37/35 42/38/36
f 42/38/36 30/37/35 31/39/37
f 42/38/36 31/39/37 22/40/22
f 22/40/22 31/39/37 23/41/23
f 22/40/22 32/42/38 42/38/36
f 42/38/36 32/42/38 41/36/34
f 32/42/38 33/43/39 41/36/34
f 41/36/34 33/43/39 40/33/31
f 33/43/39 34/44/40 40/33/31
f 40/33/31 34/44/40 35/45/41
f 40/33/31 35/45/41 39/31/29
f 39/31/29 35/45/41 38/28/26
f 35/45/41 36/46/42 38/28/26
f 38/28/26 36/46/42 37/26/24
f 24/47/25 37/48/24 75/49/43
f 75/49/43 37/48/24 191/50/44
f 75/49/43 191/50/44 74/51/45
f 74/51/45 191/50/44 73/52/46
f 73/52/46 191/50/44 72/53/47
f 72/53/47 191/50/44 192/54/48
f 72/53/47 192/54/48 193/55/49
f 43/56/50 184/57/51 37/48/24
f 37/48/24 184/57/51 185/58/52
f 37/48/24 185/58/52 186/59/53
f 44/60/54 138/61/55 43/56/50
f 43/56/50 138/61/55 139/62/56
f 43/56/50 139/62/56 140/63/57
f 45/64/58 136/65/59 44/60/54
f 44/60/54 136/65/59 137/66/60
f 44/60/54 137/66/60 138/61/55
f 46/67/61 134/68/62 45/64/58
f 45/64/58 134/68/62 135/69/63
f 45/64/58 135/69/63 136/65/59
f 47/70/64 132/71/65 46/67/61
f 46/67/61 132/71/65 133/72/66
f 46/67/61 133/72/66 134/68/62
f 132/71/65 47/70/64 131/73/67
f 131/73/67 47/70/64 48/74/68
f 131/73/67 48/74/68 130/75/69
f 130/75/69 48/74/68 49/76/70
f 130/75/69 49/76/70 50/77/71
f 130/75/69 50/77/71 129/78/72
f 129/78/72 50/77/71 51/79/73
f 129/78/72 51/79/73 152/80/74
f 152/80/74 51/79/73 52/81/75
f 152/80/74 52/81/75 151/82/76
f 151/82/76 52/81/75 80/83/77
f 151/82/76 80/83/77 81/84/78
f 52/81/75 53/85/79 80/83/77
f 80/83/77 53/85/79 79/86/80
f 79/86/80 53/85/79 54/87/81
f 79/86/80 54/87/81 113/88/82
f 113/88/82 54/87/81 112/89/83
f 112/89/83 54/87/81 55/90/84
f 112/89/83 55/90/84 111/91/85
f 111/91/85 55/90/84 56/92/86
f 111/91/85 56/92/86 110/93/87
f 110/93/87 56/92/86 57/94/88
f 110/93/87 57/94/88 109/95/89
f 109/95/89 57/94/88 58/96/90
f 109/95/89 58/96/90 108/97/91
f 108/97/91 58/96/90 107/98/92
f 107/98/92 58/96/90 59/99/93
f 107/98/92 59/99/93 106/100/94
f 106/100/94 59/99/93 105/101/95
f 105/101/95 59/99/93 60/102/96
f 105/101/95 60/102/96 128/103/97
f 128/103/97 60/102/96 127/104/98
f 127/104/98 60/102/96 61/105/99
f 127/104/98 61/105/99 126/106/100
f 126/106/100 61/105/99 125/107/101
f 125/107/101 61/105/99 62/108/102
f 125/107/101 62/108/102 124/109/103
f 124/109/103 62/108/102 123/110/104
f 123/110/104 62/108/102 63/111/105
f 123/110/104 63/111/105 122/112/106
f 122/112/106 63/111/105 64/113/107
f 122/112/106 64/113/107 121/114/108
f 121/114/108 64/113/107 65/115/109
f 121/114/108 65/115/109 102/116/110
f 102/116/110 65/115/109 66/117/111
f 102/116/110 66/117/111 101/118/112
f 101/118/112 66/117/111 67/119/113
f 101/118/112 67/119/113 155/120/114
f 155/120/114 67/119/113 154/121/115
f 154/121/115 67/119/113 68/122/116
f 154/121/115 68/122/116 153/123/117
f 153/123/117 68/122/116 69/124/118
f 153/123/117 69/124/118 176/125/119
f 176/125/119 69/124/118 175/126/120
f 175/126/120 69/124/118 174/127/121
f 174/127/121 69/124/118 173/128/122
f 173/128/122 69/124/118 172/129/123
f 172/129/123 69/124/118 70/130/124
f 172/129/123 70/130/124 171/131/125
f 171/131/125 70/130/124 170/132/126
f 170/132/126 70/130/124 169/133/127
f 169/133/127 70/130/124 168/134/128
f 168/134/128 70/130/124 167/135/129
f 167/135/129 70/130/124 166/136/130
f 166/136/130 70/130/124 71/137/131
f 166/136/130 71/137/131 165/138/132
f 165/138/132 71/137/131 195/139/133
f 165/138/132 195/139/133 196/140/134
f 72/53/47 193/55/49 71/137/131
f 71/137/131 193/55/49 194/141/135
f 71/137/131 194/141/135 195/139/133
f 77/142/136 116/143/137 76/144/138
f 76/144/138 116/143/137 117/145/139
f 76/144/138 117/145/139 118/146/140
f 116/143/137 77/142/136 115/147/141
f 115/147/141 77/142/136 78/148/142
f 115/147/141 78/148/142 114/149/143
f 114/149/143 78/148/142 113/88/82
f 113/88/82 78/148/142 79/86/80
f 151/82/76 81/84/78 150/150/144
f 150/150/144 81/84/78 82/151/145
f 150/150/144 82/151/145 149/152/146
f 149/152/146 82/151/145 148/153/147
f 148/153/147 82/151/145 83/154/148
f 148/153/147 83/154/148 147/155/149
f 147/155/149 83/154/148 84/156/150
f 147/155/149 84/156/150 146/157/151
f 146/157/151 84/156/150 145/158/152
f 145/158/152 84/156/150 85/159/153
f 145/158/152 85/159/153 144/160/154
f 144/160/154 85/159/153 86/161/155
f 144/160/154 86/161/155 143/162/156
f 143/162/156 86/161/155 142/163/157
f 142/163/157 86/161/155 87/164/158
f 142/163/157 87/164/158 182/165/159
f 182/165/159 87/164/158 181/166/160
f 181/166/160 87/164/158 88/167/161
f 181/166/160 88/167/161 180/168/162
f 180/168/162 88/167/161 89/169/163
f 180/168/162 89/169/163 179/170/164
f 179/170/164 89/169/163 178/171/165
f 178/171/165 89/169/163 90/172/166
f 178/171/165 90/172/166 177/173/167
f 177/173/167 90/172/166 91/174/168
f 177/173/167 91/174/168 200/175/169
f 200/175/169 91/174/168 92/176/170
f 200/175/169 92/176/170 199/177/171
f 199/177/171 92/176/170 198/178/172
f 198/178/172 92/176/170 93/179/173
f 198/178/172 93/179/173 197/180/174
f 197/180/174 93/179/173 94/181/175
f 197/180/174 94/181/175 196/140/134
f 196/140/134 94/181/175 164/182/176
f 196/140/134 164/182/176 165/138/132
f 94/181/175 95/183/177 164/182/176
f 164/182/176 95/183/177 163/184/178
f 163/184/178 95/183/177 162/185/179
f 162/185/179 95/183/177 96/186/180
f 162/185/179 96/186/180 161/187/181
f 161/187/181 96/186/180 97/188/182
f 161/187/181 97/188/182 160/189/183
f 160/189/183 97/188/182 159/190/184
f 159/190/184 97/188/182 98/191/185
f 159/190/184 98/191/185 158/192/186
f 158/192/186 98/191/185 99/193/187
f 158/192/186 99/193/187 157/194/188
f 157/194/188 99/193/187 156/195/189
f 156/195/189 99/193/187 100/196/190
f 156/195/189 100/196/190 155/120/114
f 155/120/114 100/196/190 101/118/112
f 102/116/110 103/197/191 121/114/108
f 121/114/108 103/197/191 120/198/192
f 120/198/192 103/197/191 119/199/193
f 119/199/193 103/197/191 104/200/194
f 119/199/193 104/200/194 118/146/140
f 118/146/140 104/200/194 76/144/138
f 140/63/57 141/201/195 43/56/50
f 43/56/50 141/201/195 142/163/157
f 43/56/50 142/163/157 182/165/159
f 182/165/159 183/202/196 43/56/50
f 43/56/50 183/202/196 184/57/51
f 186/59/53 187/203/197 37/48/24
f 37/48/24 187/203/197 188/204/198
f 37/48/24 188/204/198 189/205/199
f 189/205/199 190/206/200 37/48/24
f 37/48/24 190/206/200 191/50/44
f 216/207/201 201/208/202 217/209/203
f 217/209/203 201/208/202 202/210/204
f 217/209/203 202/210/204 218/211/205
f 218/211/205 202/210/204 203/212/206
f 218/211/205 203/212/206 219/213/207
f 219/213/207 203/212/206 204/214/208
f 219/213/207 204/214/208 220/215/209
f 220/215/209 204/214/208 205/216/210
f 220/215/209 205/216/210 221/217/211
f 221/217/211 205/216/210 206/218/212
f 221/217/211 206/218/212 222/219/213
f 222/219/213 206/218/212 207/220/214
f 222/219/213 207/220/214 208/221/215
f 208/221/215 209/222/216 222/219/213
f 222/219/213 209/222/216 210/223/217
f 222/219/213 210/223/217 221/217/211
f 221/217/211 210/223/217 211/224/218
f 221/217/211 211/224/218 220/215/209
f 220/215/209 211/224/218 212/225/219
f 220/215/209 212/225/219 219/213/207
f 219/213/207 212/225/219 213/226/220
f 219/213/207 213/226/220 218/211/205
f 218/211/205 213/226/220 214/227/221
f 218/211/205 214/227/221 217/209/203
f 217/209/203 214/227/221 215/228/222
f 217/209/203 215/228/222 216/207/201
f 208/229/215 223/230/223 209/231/216
f 209/231/216 223/230/223 224/232/224
f 215/233/225 16/234/226 216/235/227
f 216/235/227 16/234/226 15/236/228
f 216/235/227 15/236/228 14/237/229
f 215/233/225 214/238/230 16/234/226
f 16/234/226 214/238/230 209/239/231
f 16/234/226 209/239/231 224/240/232
f 214/238/230 213/241/233 209/239/231
f 209/239/231 213/241/233 212/242/234
f 209/239/231 212/242/234 211/243/235
f 211/243/235 210/244/236 209/239/231
f 224/240/232 225/245/237 16/234/226
f 16/234/226 225/245/237 22/246/238
f 22/246/238 225/245/237 226/247/239
f 22/246/238 226/247/239 227/248/240
f 227/248/240 228/249/241 22/246/238
f 22/246/238 228/249/241 233/250/242
f 22/246/238 233/250/242 234/251/243
f 229/252/244 230/253/245 228/249/241
f 228/249/241 230/253/245 231/254/246
f 228/249/241 231/254/246 232/255/247
f 232/255/247 233/250/242 228/249/241
f 234/251/243 235/256/248 22/246/238
f 22/246/238 235/256/248 32/257/249
f 32/257/249 235/256/248 33/258/250
f 33/258/250 235/256/248 34/259/251
f 34/259/251 235/256/248 35/260/252
f 35/260/252 235/256/248 36/261/253
f 36/261/253 235/256/248 37/262/254
f 37/262/254 235/256/248 236/263/255
f 37/262/254 236/263/255 43/264/256
f 14/237/229 13/265/257 216/235/227
f 216/235/227 13/265/257 12/266/258
f 216/235/227 12/266/258 11/267/259
f 11/267/259 10/268/260 216/235/227
f 216/235/227 10/268/260 238/269/261
f 238/269/261 10/268/260 237/270/262
f 246/271/263 235/272/264 247/273/265
f 247/273/265 235/272/264 234/274/266
f 247/273/265 234/274/266 233/275/267
f 247/273/265 233/275/267 248/276/268
f 248/276/268 233/275/267 232/277/269
f 248/276/268 232/277/269 249/278/270
f 249/278/270 232/277/269 231/279/271
f 249/278/270 231/279/271 250/280/272
f 250/280/272 231/279/271 230/281/273
f 250/280/272 230/281/273 251/282/274
f 251/282/274 230/281/273 229/283/275
f 251/282/274 229/283/275 252/284/276
f 252/284/276 229/283/275 228/285/277
f 252/284/276 228/285/277 239/286/278
f 239/286/278 240/287/279 252/284/276
f 252/284/276 240/287/279 251/282/274
f 240/287/279 241/288/280 251/282/274
f 251/282/274 241/288/280 250/280/272
f 241/288/280 242/289/281 250/280/272
f 250/280/272 242/289/281 249/278/270
f 242/289/281 243/290/282 249/278/270
f 249/278/270 243/290/282 248/276/268
f 243/290/282 244/291/283 248/276/268
f 248/276/268 244/291/283 247/273/265
f 244/291/283 245/292/284 247/273/265
f 247/273/265 245/292/284 246/271/263
f 239/293/278 228/294/277 253/295/285
f 253/295/285 228/294/277 227/296/286
f 72/297/287 254/298/288 73/299/289
f 73/299/289 254/298/288 255/300/290
f 73/299/289 255/300/290 74/301/291
f 74/301/291 255/300/290 256/302/292
f 74/301/291 256/302/292 75/303/293
f 75/303/293 256/302/292 257/304/294
f 75/303/293 257/304/294 24/305/295
f 24/305/295 257/304/294 258/306/296
f 24/305/295 258/306/296 25/307/297
f 25/307/297 258/306/296 26/308/298
f 26/308/298 258/306/296 27/309/299
f 27/309/299 258/306/296 259/310/300
f 27/309/299 259/310/300 28/311/301
f 28/311/301 259/310/300 29/312/302
f 29/312/302 259/310/300 30/313/303
f 30/313/303 259/310/300 31/314/304
f 31/314/304 259/310/300 260/315/305
f 31/314/304 260/315/305 23/316/306
f 23/316/306 260/315/305 261/317/307
f 23/316/306 261/317/307 262/318/308
f 262/318/308 263/319/309 23/316/306
f 207/320/310 206/321/311 208/322/312
f 208/322/312 206/321/311 223/323/313
f 223/323/313 206/321/311 205/324/314
f 223/323/313 205/324/314 204/325/315
f 223/323/313 204/325/315 270/326/316
f 270/326/316 204/325/315 203/327/317
f 270/326/316 203/327/317 202/328/318
f 201/329/319 246/330/320 202/328/318
f 202/328/318 246/330/320 245/331/321
f 202/328/318 245/331/321 270/326/316
f 270/326/316 245/331/321 269/332/322
f 269/332/322 245/331/321 244/333/323
f 269/332/322 244/333/323 243/334/324
f 264/335/325 268/336/326 201/329/319
f 201/329/319 268/336/326 1/337/327
f 201/329/319 1/337/327 246/330/320
f 246/330/320 1/337/327 23/338/328
f 246/330/320 23/338/328 263/339/329
f 265/340/330 266/341/331 264/335/325
f 264/335/325 266/341/331 267/342/332
f 264/335/325 267/342/332 268/336/326
f 246/330/320 263/339/329 259/343/300
f 259/343/300 263/339/329 262/344/333
f 259/343/300 262/344/333 261/345/334
f 261/345/334 260/346/305 259/343/300
f 269/332/322 243/334/324 253/347/335
f 253/347/335 243/334/324 242/348/336
f 253/347/335 242/348/336 241/349/337
f 240/350/338 239/351/339 241/349/337
f 241/349/337 239/351/339 253/347/335
f 292/352/340 271/353/341 291/354/342
f 291/354/342 271/353/341 272/355/343
f 291/354/342 272/355/343 290/356/344
f 290/356/344 272/355/343 273/357/345
f 290/356/344 273/357/345 289/358/346
f 289/358/346 273/357/345 274/359/347
f 289/358/346 274/359/347 288/360/348
f 288/360/348 274/359/347 275/361/349
f 288/360/348 275/361/349 287/362/350
f 287/362/350 275/361/349 276/363/351
f 287/362/350 276/363/351 286/364/352
f 286/364/352 276/363/351 277/365/353
f 286/364/352 277/365/353 285/366/354
f 285/366/354 277/365/353 278/367/355
f 285/366/354 278/367/355 284/368/356
f 284/368/356 278/367/355 279/369/357
f 284/368/356 279/369/357 283/370/358
f 283/370/358 279/369/357 280/371/359
f 283/370/358 280/371/359 282/372/360
f 282/372/360 280/371/359 281/373/361
f 292/374/340 227/375/362 271/376/341
f 271/376/341 227/375/362 226/377/363
f 314/378/364 293/379/365 313/380/366
f 313/380/366 293/379/365 294/381/367
f 313/380/366 294/381/367 312/382/368
f 312/382/368 294/381/367 295/383/369
f 312/382/368 295/383/369 311/384/370
f 311/384/370 295/383/369 296/385/371
f 311/384/370 296/385/371 310/386/372
f 310/386/372 296/385/371 297/387/373
f 310/386/372 297/387/373 309/388/374
f 309/388/374 297/387/373 298/389/375
f 309/388/374 298/389/375 308/390/376
f 308/390/376 298/389/375 299/391/377
f 308/390/376 299/391/377 307/392/378
f 307/392/378 299/391/377 300/393/379
f 307/392/378 300/393/379 306/394/380
f 306/394/380 300/393/379 301/395/381
f 306/394/380 301/395/381 305/396/382
f 305/396/382 301/395/381 302/397/383
f 305/396/382 302/397/383 304/398/384
f 304/398/384 302/397/383 303/399/385
f 314/400/364 225/401/386 293/402/365
f 293/402/365 225/401/386 224/403/387
f 223/404/388 270/405/389 332/406/390
f 332/406/390 270/405/389 315/407/391
f 332/406/390 315/407/391 316/408/392
f 332/406/390 316/408/392 331/409/393
f 331/409/393 316/408/392 317/410/394
f 331/409/393 317/410/394 330/411/395
f 330/411/395 317/410/394 318/412/396
f 330/411/395 318/412/396 329/413/397
f 329/413/397 318/412/396 319/414/398
f 329/413/397 319/414/398 328/415/399
f 328/415/399 319/414/398 320/416/400
f 328/415/399 320/416/400 327/417/401
f 327/417/401 320/416/400 321/418/402
f 327/417/401 321/418/402 326/419/403
f 326/419/403 321/418/402 322/420/404
f 326/419/403 322/420/404 325/421/405
f 325/421/405 322/420/404 324/422/406
f 324/422/406 322/420/404 323/423/407
f 269/424/408 253/425/409 350/426/410
f 350/426/410 253/425/409 333/427/411
f 350/426/410 333/427/411 334/428/412
f 350/426/410 334/428/412 349/429/413
f 349/429/413 334/428/412 335/430/414
f 349/429/413 335/430/414 348/431/415
f 348/431/415 335/430/414 336/432/416
f 348/431/415 336/432/416 347/433/417
f 347/433/417 336/432/416 337/434/418
f 347/433/417 337/434/418 346/435/419
f 346/435/419 337/434/418 338/436/420
f 346/435/419 338/436/420 345/437/421
f 345/437/421 338/436/420 339/438/422
f 345/437/421 339/438/422 344/439/423
f 344/439/423 339/438/422 340/440/424
f 344/439/423 340/440/424 343/441/425
f 343/441/425 340/440/424 342/442/426
f 342/442/426 340/440/424 341/443/427
f 269/444/428 226/445/429 270/446/430
f 270/446/430 226/445/429 225/447/431
f 351/448/432 6/449/433 264/450/325
f 264/450/325 6/449/433 5/451/434
f 264/450/325 5/451/434 4/452/435
f 352/453/436 9/454/437 351/448/432
f 351/448/432 9/454/437 8/455/438
f 351/448/432 8/455/438 7/456/439
f 9/454/437 352/453/436 359/457/440
f 359/457/440 352/453/436 353/458/441
f 359/457/440 353/458/441 358/459/442
f 358/459/442 353/458/441 354/460/443
f 358/459/442 354/460/443 357/461/444
f 357/461/444 354/460/443 355/462/445
f 357/461/444 355/462/445 356/463/446
f 7/456/439 6/449/433 351/448/432
f 4/452/435 3/464/447 264/450/325
f 264/450/325 3/464/447 2/465/448
f 264/450/325 2/465/448 265/466/330
f 265/466/330 2/465/448 266/467/449
f 266/467/449 2/465/448 267/468/450
f 267/468/450 2/465/448 268/469/451
f 268/469/451 2/465/448 1/470/452
f 396/471/453 360/472/454 386/473/455
f 386/473/455 360/472/454 361/474/456
f 386/473/455 361/474/456 385/475/457
f 385/475/457 361/474/456 362/476/458
f 385/475/457 362/476/458 384/477/459
f 384/477/459 362/476/458 383/478/460
f 383/478/460 362/476/458 363/479/461
f 383/478/460 363/479/461 382/480/462
f 382/480/462 363/479/461 381/481/463
f 381/481/463 363/479/461 364/482/464
f 381/481/463 364/482/464 380/483/465
f 380/483/465 364/482/464 365/484/466
f 380/483/465 365/484/466 379/485/467
f 379/485/467 365/484/466 378/486/468
f 378/486/468 365/484/466 366/487/469
f 378/486/468 366/487/469 377/488/470
f 377/488/470 366/487/469 367/489/471
f 377/488/470 367/489/471 376/490/472
f 376/490/472 367/489/471 375/491/473
f 375/491/473 367/489/471 368/492/474
f 375/491/473 368/492/474 374/493/475
f 374/493/475 368/492/474 373/494/476
f 373/494/476 368/492/474 369/495/477
f 373/494/476 369/495/477 372/496/478
f 372/496/478 369/495/477 370/497/479
f 372/496/478 370/497/479 371/498/480
f 386/473/455 387/499/481 396/471/453
f 396/471/453 387/499/481 388/500/482
f 396/471/453 388/500/482 395/501/483
f 395/501/483 388/500/482 389/502/484
f 395/501/483 389/502/484 394/503/485
f 394/503/485 389/502/484 390/504/486
f 394/503/485 390/504/486 393/505/487
f 393/505/487 390/504/486 392/506/488
f 392/506/488 390/504/486 391/507/489
f 407/508/490 69/509/491 406/510/492
f 406/510/492 69/509/491 68/511/493
f 406/510/492 68/511/493 405/512/494
f 405/512/494 68/511/493 67/513/495
f 405/512/494 67/513/495 404/514/496
f 404/514/496 67/513/495 66/515/497
f 404/514/496 66/515/497 403/516/498
f 403/516/498 66/515/497 65/517/499
f 403/516/498 65/517/499 402/518/500
f 402/518/500 65/517/499 64/519/501
f 402/518/500 64/519/501 401/520/502
f 401/520/502 64/519/501 63/521/503
f 401/520/502 63/521/503 400/522/504
f 400/522/504 63/521/503 62/523/505
f 400/522/504 62/523/505 399/524/506
f 399/524/506 62/523/505 61/525/507
f 399/524/506 61/525/507 398/526/508
f 398/526/508 61/525/507 60/527/509
f 398/526/508 60/527/509 397/528/510
f 397/528/510 60/527/509 59/529/511
f 201/530/202 216/531/201 264/532/512
f 264/532/512 216/531/201 351/533/513
f 351/533/513 216/531/201 352/534/514
f 352/534/514 216/531/201 540/535/515
f 352/534/514 540/535/515 353/536/516
f 353/536/516 540/535/515 354/537/517
f 354/537/517 540/535/515 355/538/518
f 355/538/518 540/535/515 541/539/519
f 355/538/518 541/539/519 542/540/520
f 238/541/521 534/542/522 216/531/201
f 216/531/201 534/542/522 535/543/523
f 216/531/201 535/543/523 536/544/524
f 408/545/525 487/546/526 238/541/521
f 238/541/521 487/546/526 488/547/527
f 238/541/521 488/547/527 489/548/528
f 409/549/529 485/550/530 408/545/525
f 408/545/525 485/550/530 486/551/531
f 408/545/525 486/551/531 487/546/526
f 410/552/532 483/553/533 409/549/529
f 409/549/529 483/553/533 484/554/534
f 409/549/529 484/554/534 485/550/530
f 411/555/535 481/556/536 410/552/532
f 410/552/532 481/556/536 482/557/537
f 410/552/532 482/557/537 483/553/533
f 481/556/536 411/555/535 480/558/538
f 480/558/538 411/555/535 412/559/539
f 480/558/538 412/559/539 413/560/540
f 480/558/538 413/560/540 479/561/541
f 479/561/541 413/560/540 414/562/542
f 479/561/541 414/562/542 478/563/543
f 478/563/543 414/562/542 415/564/544
f 478/563/543 415/564/544 501/565/545
f 501/565/545 415/564/544 416/566/546
f 501/565/545 416/566/546 500/567/547
f 500/567/547 416/566/546 417/568/548
f 500/567/547 417/568/548 429/569/549
f 429/569/549 417/568/548 418/570/550
f 429/569/549 418/570/550 428/571/551
f 428/571/551 418/570/550 419/572/552
f 428/571/551 419/572/552 461/573/553
f 461/573/553 419/572/552 420/574/554
f 461/573/553 420/574/554 460/575/555
f 460/575/555 420/574/554 421/576/556
f 460/575/555 421/576/556 459/577/557
f 459/577/557 421/576/556 458/578/558
f 458/578/558 421/576/556 422/579/559
f 458/578/558 422/579/559 457/580/560
f 457/580/560 422/579/559 456/581/561
f 456/581/561 422/579/559 370/582/562
f 456/581/561 370/582/562 455/583/563
f 455/583/563 370/582/562 454/584/564
f 454/584/564 370/582/562 369/585/565
f 454/584/564 369/585/565 477/586/566
f 477/586/566 369/585/565 476/587/567
f 476/587/567 369/585/565 475/588/568
f 475/588/568 369/585/565 368/589/569
f 475/588/568 368/589/569 474/590/570
f 474/590/570 368/589/569 367/591/571
f 474/590/570 367/591/571 473/592/572
f 473/592/572 367/591/571 472/593/573
f 472/593/573 367/591/571 366/594/574
f 472/593/573 366/594/574 471/595/575
f 471/595/575 366/594/574 365/596/576
f 471/595/575 365/596/576 451/597/577
f 451/597/577 365/596/576 364/598/578
f 451/597/577 364/598/578 450/599/579
f 450/599/579 364/598/578 363/600/580
f 450/599/579 363/600/580 504/601/581
f 504/601/581 363/600/580 362/602/582
f 504/601/581 362/602/582 503/603/583
f 503/603/583 362/602/582 361/604/584
f 503/603/583 361/604/584 502/605/585
f 502/605/585 361/604/584 360/606/586
f 502/605/585 360/606/586 525/607/587
f 525/607/587 360/606/586 524/608/588
f 524/608/588 360/606/586 523/609/589
f 523/609/589 360/606/586 522/610/590
f 522/610/590 360/606/586 521/611/591
f 521/611/591 360/606/586 423/612/592
f 521/611/591 423/612/592 520/613/593
f 520/613/593 423/612/592 519/614/594
f 519/614/594 423/612/592 518/615/595
f 518/615/595 423/612/592 517/616/596
f 517/616/596 423/612/592 516/617/597
f 516/617/597 423/612/592 515/618/598
f 515/618/598 423/612/592 424/619/599
f 515/618/598 424/619/599 514/620/600
f 514/620/600 424/619/599 543/621/601
f 514/620/600 543/621/601 544/622/602
f 543/621/601 424/619/599 542/540/520
f 542/540/520 424/619/599 355/538/518
f 426/623/603 465/624/604 425/625/605
f 425/625/605 465/624/604 466/626/606
f 425/625/605 466/626/606 467/627/607
f 465/624/604 426/623/603 464/628/608
f 464/628/608 426/623/603 427/629/609
f 464/628/608 427/629/609 463/630/610
f 463/630/610 427/629/609 462/631/611
f 462/631/611 427/629/609 428/571/551
f 462/631/611 428/571/551 461/573/553
f 429/569/549 430/632/612 500/567/547
f 500/567/547 430/632/612 499/633/613
f 499/633/613 430/632/612 498/634/614
f 498/634/614 430/632/612 431/635/615
f 498/634/614 431/635/615 497/636/616
f 497/636/616 431/635/615 432/637/617
f 497/636/616 432/637/617 496/638/618
f 496/638/618 432/637/617 433/639/619
f 496/638/618 433/639/619 495/640/620
f 495/640/620 433/639/619 494/641/621
f 494/641/621 433/639/619 434/642/622
f 494/641/621 434/642/622 493/643/623
f 493/643/623 434/642/622 435/644/624
f 493/643/623 435/644/624 492/645/625
f 492/645/625 435/644/624 436/646/626
f 492/645/625 436/646/626 491/647/627
f 491/647/627 436/646/626 531/648/628
f 491/647/627 531/648/628 532/649/629
f 531/648/628 436/646/626 530/650/630
f 530/650/630 436/646/626 437/651/631
f 530/650/630 437/651/631 529/652/632
f 529/652/632 437/651/631 438/653/633
f 529/652/632 438/653/633 528/654/634
f 528/654/634 438/653/633 439/655/635
f 528/654/634 439/655/635 527/656/636
f 527/656/636 439/655/635 526/657/637
f 526/657/637 439/655/635 440/658/638
f 526/657/637 440/658/638 549/659/639
f 549/659/639 440/658/638 548/660/640
f 548/660/640 440/658/638 441/661/641
f 548/660/640 441/661/641 547/662/642
f 547/662/642 441/661/641 442/663/643
f 547/662/642 442/663/643 546/664/644
f 546/664/644 442/663/643 443/665/645
f 546/664/644 443/665/645 545/666/646
f 545/666/646 443/665/645 513/667/647
f 545/666/646 513/667/647 544/622/602
f 544/622/602 513/667/647 514/620/600
f 513/667/647 443/665/645 512/668/648
f 512/668/648 443/665/645 444/669/649
f 512/668/648 444/669/649 511/670/650
f 511/670/650 444/669/649 445/671/651
f 511/670/650 445/671/651 510/672/652
f 510/672/652 445/671/651 446/673/653
f 510/672/652 446/673/653 509/674/654
f 509/674/654 446/673/653 508/675/655
f 508/675/655 446/673/653 447/676/656
f 508/675/655 447/676/656 507/677/657
f 507/677/657 447/676/656 448/678/658
f 507/677/657 448/678/658 506/679/659
f 506/679/659 448/678/658 449/680/660
f 506/679/659 449/680/660 505/681/661
f 505/681/661 449/680/660 504/601/581
f 504/601/581 449/680/660 450/599/579
f 471/595/575 451/597/577 470/682/662
f 470/682/662 451/597/577 452/683/663
f 470/682/662 452/683/663 469/684/664
f 469/684/664 452/683/663 468/685/665
f 468/685/665 452/683/663 453/686/666
f 468/685/665 453/686/666 467/627/607
f 467/627/607 453/686/666 425/625/605
f 489/548/528 490/687/667 238/541/521
f 238/541/521 490/687/667 532/649/629
f 238/541/521 532/649/629 533/688/668
f 490/687/667 491/647/627 532/649/629
f 533/688/668 534/542/522 238/541/521
f 536/544/524 537/689/669 216/531/201
f 216/531/201 537/689/669 538/690/670
f 216/531/201 538/690/670 539/691/671
f 539/691/671 540/535/515 216/531/201
f 551/692/672 552/693/673 550/694/674
f 550/694/674 552/693/673 561/695/675
f 561/695/675 552/693/673 553/696/676
f 561/695/675 553/696/676 560/697/677
f 560/697/677 553/696/676 554/698/678
f 560/697/677 554/698/678 559/699/679
f 559/699/679 554/698/678 555/700/680
f 559/699/679 555/700/680 558/701/681
f 558/701/681 555/700/680 556/702/682
f 558/701/681 556/702/682 557/703/683
f 556/704/684 555/705/685 392/706/686
f 392/706/686 555/705/685 554/707/687
f 392/706/686 554/707/687 393/708/688
f 393/708/688 554/707/687 553/709/689
f 393/708/688 553/709/689 394/710/690
f 394/710/690 553/709/689 552/711/691
f 394/710/690 552/711/691 551/712/692
f 394/710/690 551/712/692 395/713/693
f 395/713/693 551/712/692 562/714/694
f 395/713/693 562/714/694 563/715/695
f 563/715/695 396/716/696 395/713/693
f 356/717/446 355/718/445 565/719/697
f 565/719/697 355/718/445 424/720/698
f 565/719/697 424/720/698 564/721/699
f 564/721/699 424/720/698 423/722/700
f 564/721/699 423/722/700 550/723/701
f 550/723/701 423/722/700 551/724/702
f 551/724/702 423/722/700 360/725/454
f 551/724/702 360/725/454 562/726/703
f 562/726/703 360/725/454 563/727/704
f 563/727/704 360/725/454 396/728/453
f 567/729/705 409/730/706 566/731/707
f 566/731/707 409/730/706 408/732/708
f 566/731/707 408/732/708 573/733/709
f 573/733/709 408/732/708 572/734/710
f 572/734/710 408/732/708 238/735/261
f 572/734/710 238/735/261 237/736/262
f 567/729/705 568/737/711 409/730/706
f 409/730/706 568/737/711 410/738/712
f 410/738/712 568/737/711 569/739/713
f 410/738/712 569/739/713 570/740/714
f 571/741/715 411/742/716 570/740/714
f 570/740/714 411/742/716 410/738/712
f 573/733/709 574/743/717 566/731/707
f 43/744/256 236/745/255 44/746/718
f 44/746/718 236/745/255 575/747/719
f 44/746/718 575/747/719 45/748/720
f 45/748/720 575/747/719 576/749/721
f 45/748/720 576/749/721 46/750/722
f 46/750/722 576/749/721 577/751/723
f 46/750/722 577/751/723 47/752/724
f 47/752/724 577/751/723 578/753/725
f 411/754/726 571/755/727 412/756/728
f 412/756/728 571/755/727 579/757/729
f 412/756/728 579/757/729 413/758/730
f 413/758/730 579/757/729 580/759/731
f 413/758/730 580/759/731 414/760/732
f 414/760/732 580/759/731 581/761/733
f 570/762/734 584/763/735 571/764/736
f 571/764/736 584/763/735 585/765/737
f 571/764/736 585/765/737 579/766/738
f 579/766/738 585/765/737 580/767/739
f 580/767/739 585/765/737 581/768/740
f 570/762/734 569/769/741 584/763/735
f 584/763/735 569/769/741 583/770/742
f 583/770/742 569/769/741 568/771/743
f 583/770/742 568/771/743 582/772/744
f 582/772/744 568/771/743 567/773/745
f 582/772/744 567/773/745 566/774/746
f 566/775/747 574/776/748 582/777/749
f 582/777/749 574/776/748 586/778/750
f 9/779/16 359/780/751 10/781/15
f 10/781/15 359/780/751 645/782/752
f 10/781/15 645/782/752 646/783/753
f 359/780/751 358/784/754 645/782/752
f 645/782/752 358/784/754 357/785/755
f 645/782/752 357/785/755 356/786/756
f 645/782/752 356/786/756 644/787/757
f 644/787/757 356/786/756 565/788/758
f 644/787/757 565/788/758 643/789/759
f 643/789/759 565/788/758 642/790/760
f 642/790/760 565/788/758 641/791/761
f 641/791/761 565/788/758 564/792/762
f 641/791/761 564/792/762 719/793/763
f 719/793/763 564/792/762 718/794/764
f 718/794/764 564/792/762 717/795/765
f 717/795/765 564/792/762 716/796/766
f 716/796/766 564/792/762 557/797/767
f 716/796/766 557/797/767 715/798/768
f 715/798/768 557/797/767 714/799/769
f 714/799/769 557/797/767 391/800/770
f 714/799/769 391/800/770 713/801/771
f 713/801/771 391/800/770 390/802/772
f 713/801/771 390/802/772 712/803/773
f 712/803/773 390/802/772 711/804/774
f 711/804/774 390/802/772 389/805/775
f 711/804/774 389/805/775 710/806/776
f 710/806/776 389/805/775 709/807/777
f 709/807/777 389/805/775 388/808/778
f 709/807/777 388/808/778 708/809/779
f 708/809/779 388/808/778 387/810/780
f 708/809/779 387/810/780 707/811/781
f 707/811/781 387/810/780 386/812/782
f 707/811/781 386/812/782 730/813/783
f 730/813/783 386/812/782 385/814/784
f 730/813/783 385/814/784 384/815/785
f 550/816/786 561/817/787 564/792/762
f 564/792/762 561/817/787 560/818/788
f 564/792/762 560/818/788 559/819/789
f 559/819/789 558/820/790 564/792/762
f 564/792/762 558/820/790 557/797/767
f 383/821/791 610/822/792 384/815/785
f 384/815/785 610/822/792 729/823/793
f 384/815/785 729/823/793 730/813/783
f 383/821/791 382/824/794 610/822/792
f 610/822/792 382/824/794 609/825/795
f 609/825/795 382/824/794 381/826/796
f 609/825/795 381/826/796 380/827/797
f 379/828/798 666/829/799 380/827/797
f 380/827/797 666/829/799 667/830/800
f 380/827/797 667/830/800 609/825/795
f 609/825/795 667/830/800 608/831/801
f 608/831/801 667/830/800 668/832/802
f 608/831/801 668/832/802 669/833/803
f 379/828/798 378/834/804 666/829/799
f 666/829/799 378/834/804 665/835/805
f 665/835/805 378/834/804 377/836/806
f 665/835/805 377/836/806 376/837/807
f 665/835/805 376/837/807 664/838/808
f 664/838/808 376/837/807 375/839/809
f 664/838/808 375/839/809 663/840/810
f 663/840/810 375/839/809 374/841/811
f 663/840/810 374/841/811 662/842/812
f 662/842/812 374/841/811 661/843/813
f 661/843/813 374/841/811 373/844/814
f 661/843/813 373/844/814 660/845/815
f 660/845/815 373/844/814 372/846/816
f 660/845/815 372/846/816 659/847/817
f 659/847/817 372/846/816 371/848/818
f 659/847/817 371/848/818 682/849/819
f 682/849/819 371/848/818 587/850/820
f 682/849/819 587/850/820 681/851/821
f 681/851/821 587/850/820 588/852/822
f 681/851/821 588/852/822 680/853/823
f 680/853/823 588/852/822 679/854/824
f 679/854/824 588/852/822 589/855/825
f 679/854/824 589/855/825 590/856/826
f 679/854/824 590/856/826 678/857/827
f 678/857/827 590/856/826 591/858/828
f 678/857/827 591/858/828 677/859/829
f 677/859/829 591/858/828 592/860/830
f 677/859/829 592/860/830 676/861/831
f 676/861/831 592/860/830 593/862/832
f 676/861/831 593/862/832 594/863/833
f 676/861/831 594/863/833 675/864/834
f 675/864/834 594/863/833 595/865/835
f 675/864/834 595/865/835 632/866/836
f 632/866/836 595/865/835 596/867/837
f 632/866/836 596/867/837 631/868/838
f 631/868/838 596/867/837 597/869/839
f 631/868/838 597/869/839 598/870/840
f 631/868/838 598/870/840 685/871/841
f 685/871/841 598/870/840 599/872/842
f 685/871/841 599/872/842 684/873/843
f 684/873/843 599/872/842 600/874/844
f 684/873/843 600/874/844 601/875/845
f 684/873/843 601/875/845 683/876/846
f 683/876/846 601/875/845 602/877/847
f 683/876/846 602/877/847 706/878/848
f 706/878/848 602/877/847 603/879/849
f 706/878/848 603/879/849 705/880/850
f 705/880/850 603/879/849 604/881/851
f 705/880/850 604/881/851 704/882/852
f 704/882/852 604/881/851 703/883/853
f 703/883/853 604/881/851 605/884/854
f 703/883/853 605/884/854 702/885/855
f 702/885/855 605/884/854 701/886/856
f 701/886/856 605/884/854 586/887/857
f 701/886/856 586/887/857 700/888/858
f 700/888/858 586/887/857 574/889/859
f 700/888/858 574/889/859 573/890/860
f 572/891/861 698/892/862 573/890/860
f 573/890/860 698/892/862 699/893/863
f 573/890/860 699/893/863 700/888/858
f 572/891/861 237/894/864 698/892/862
f 698/892/862 237/894/864 697/895/865
f 697/895/865 237/894/864 696/896/866
f 696/896/866 237/894/864 695/897/867
f 695/897/867 237/894/864 694/898/868
f 694/898/868 237/894/864 654/899/869
f 694/898/868 654/899/869 624/900/870
f 624/900/870 654/899/869 655/901/871
f 624/900/870 655/901/871 623/902/872
f 623/902/872 655/901/871 656/903/873
f 623/902/872 656/903/873 622/904/874
f 622/904/874 656/903/873 657/905/875
f 622/904/874 657/905/875 658/906/876
f 10/781/15 652/907/877 237/894/864
f 237/894/864 652/907/877 653/908/878
f 237/894/864 653/908/878 654/899/869
f 607/909/879 670/910/880 606/911/881
f 606/911/881 670/910/880 671/912/882
f 606/911/881 671/912/882 672/913/883
f 670/910/880 607/909/879 669/833/803
f 669/833/803 607/909/879 608/831/801
f 610/822/792 611/914/884 729/823/793
f 729/823/793 611/914/884 728/915/885
f 728/915/885 611/914/884 612/916/886
f 728/915/885 612/916/886 727/917/887
f 727/917/887 612/916/886 726/918/888
f 726/918/888 612/916/886 613/919/889
f 726/918/888 613/919/889 725/920/890
f 725/920/890 613/919/889 614/921/891
f 725/920/890 614/921/891 724/922/892
f 724/922/892 614/921/891 723/923/893
f 723/923/893 614/921/891 615/924/894
f 723/923/893 615/924/894 722/925/895
f 722/925/895 615/924/894 616/926/896
f 722/925/895 616/926/896 721/927/897
f 721/927/897 616/926/896 720/928/898
f 720/928/898 616/926/896 617/929/899
f 720/928/898 617/929/899 640/930/900
f 640/930/900 617/929/899 639/931/901
f 639/931/901 617/929/899 618/932/902
f 639/931/901 618/932/902 638/933/903
f 638/933/903 618/932/902 619/934/904
f 638/933/903 619/934/904 637/935/905
f 637/935/905 619/934/904 636/936/906
f 636/936/906 619/934/904 620/937/907
f 636/936/906 620/937/907 635/938/908
f 635/938/908 620/937/907 621/939/909
f 635/938/908 621/939/909 658/906/876
f 658/906/876 621/939/909 622/904/874
f 624/900/870 625/940/910 694/898/868
f 694/898/868 625/940/910 693/941/911
f 693/941/911 625/940/910 692/942/912
f 692/942/912 625/940/910 626/943/913
f 692/942/912 626/943/913 691/944/914
f 691/944/914 626/943/913 627/945/915
f 691/944/914 627/945/915 690/946/916
f 690/946/916 627/945/915 689/947/917
f 689/947/917 627/945/915 628/948/918
f 689/947/917 628/948/918 688/949/919
f 688/949/919 628/948/918 629/950/920
f 688/949/919 629/950/920 687/951/921
f 687/951/921 629/950/920 686/952/922
f 686/952/922 629/950/920 630/953/923
f 686/952/922 630/953/923 685/871/841
f 685/871/841 630/953/923 631/868/838
f 632/866/836 633/954/924 675/864/834
f 675/864/834 633/954/924 674/955/925
f 674/955/925 633/954/924 673/956/926
f 673/956/926 633/954/924 634/957/927
f 673/956/926 634/957/927 672/913/883
f 672/913/883 634/957/927 606/911/881
f 720/928/898 640/930/900 719/793/763
f 719/793/763 640/930/900 641/791/761
f 646/783/753 647/958/928 10/781/15
f 10/781/15 647/958/928 648/959/929
f 10/781/15 648/959/929 649/960/930
f 649/960/930 650/961/931 10/781/15
f 10/781/15 650/961/931 651/962/932
f 10/781/15 651/962/932 652/907/877
f 246/963/263 259/964/933 235/965/264
f 235/965/264 259/964/933 258/966/934
f 235/965/264 258/966/934 257/967/935
f 235/965/264 257/967/935 778/968/936
f 778/968/936 257/967/935 256/969/937
f 778/968/936 256/969/937 255/970/938
f 255/970/938 254/971/939 778/968/936
f 778/968/936 254/971/939 777/972/940
f 777/972/940 254/971/939 776/973/941
f 776/973/941 254/971/939 731/974/942
f 776/973/941 731/974/942 775/975/943
f 775/975/943 731/974/942 828/976/944
f 775/975/943 828/976/944 774/977/945
f 774/977/945 828/976/944 829/978/946
f 774/977/945 829/978/946 773/979/947
f 773/979/947 829/978/946 851/980/948
f 773/979/947 851/980/948 772/981/949
f 772/981/949 851/980/948 852/982/950
f 772/981/949 852/982/950 771/983/951
f 771/983/951 852/982/950 853/984/952
f 771/983/951 853/984/952 770/985/953
f 770/985/953 853/984/952 854/986/954
f 770/985/953 854/986/954 769/987/955
f 769/987/955 854/986/954 768/988/956
f 768/988/956 854/986/954 855/989/957
f 768/988/956 855/989/957 791/990/958
f 791/990/958 855/989/957 790/991/959
f 790/991/959 855/989/957 856/992/960
f 790/991/959 856/992/960 789/993/961
f 789/993/961 856/992/960 857/994/962
f 789/993/961 857/994/962 788/995/963
f 788/995/963 857/994/962 858/996/964
f 788/995/963 858/996/964 787/997/965
f 787/997/965 858/996/964 803/998/966
f 787/997/965 803/998/966 786/999/967
f 786/999/967 803/998/966 804/1000/968
f 786/999/967 804/1000/968 236/1001/969
f 236/1001/969 804/1000/968 805/1002/970
f 236/1001/969 805/1002/970 806/1003/971
f 828/976/944 731/974/942 827/1004/972
f 827/1004/972 731/974/942 732/1005/973
f 827/1004/972 732/1005/973 826/1006/974
f 826/1006/974 732/1005/973 825/1007/975
f 825/1007/975 732/1005/973 824/1008/976
f 824/1008/976 732/1005/973 823/1009/977
f 823/1009/977 732/1005/973 822/1010/978
f 822/1010/978 732/1005/973 821/1011/979
f 821/1011/979 732/1005/973 407/1012/980
f 821/1011/979 407/1012/980 820/1013/981
f 820/1013/981 407/1012/980 819/1014/982
f 819/1014/982 407/1012/980 818/1015/983
f 818/1015/983 407/1012/980 817/1016/984
f 817/1016/984 407/1012/980 816/1017/985
f 816/1017/985 407/1012/980 406/1018/986
f 816/1017/985 406/1018/986 839/1019/987
f 839/1019/987 406/1018/986 405/1020/988
f 839/1019/987 405/1020/988 838/1021/989
f 838/1021/989 405/1020/988 404/1022/990
f 838/1021/989 404/1022/990 844/1023/991
f 844/1023/991 404/1022/990 403/1024/992
f 844/1023/991 403/1024/992 843/1025/993
f 843/1025/993 403/1024/992 402/1026/994
f 843/1025/993 402/1026/994 751/1027/995
f 751/1027/995 402/1026/994 401/1028/996
f 751/1027/995 401/1028/996 750/1029/997
f 750/1029/997 401/1028/996 400/1030/998
f 750/1029/997 400/1030/998 749/1031/999
f 749/1031/999 400/1030/998 748/1032/1000
f 748/1032/1000 400/1030/998 399/1033/1001
f 748/1032/1000 399/1033/1001 747/1034/1002
f 747/1034/1002 399/1033/1001 398/1035/1003
f 747/1034/1002 398/1035/1003 746/1036/1004
f 746/1036/1004 398/1035/1003 745/1037/1005
f 745/1037/1005 398/1035/1003 744/1038/1006
f 744/1038/1006 398/1035/1003 397/1039/1007
f 744/1038/1006 397/1039/1007 767/1040/1008
f 767/1040/1008 397/1039/1007 766/1041/1009
f 766/1041/1009 397/1039/1007 733/1042/1010
f 766/1041/1009 733/1042/1010 765/1043/1011
f 765/1043/1011 733/1042/1010 764/1044/1012
f 764/1044/1012 733/1042/1010 734/1045/1013
f 764/1044/1012 734/1045/1013 763/1046/1014
f 763/1046/1014 734/1045/1013 762/1047/1015
f 762/1047/1015 734/1045/1013 735/1048/1016
f 762/1047/1015 735/1048/1016 761/1049/1017
f 761/1049/1017 735/1048/1016 736/1050/1018
f 761/1049/1017 736/1050/1018 866/1051/1019
f 866/1051/1019 736/1050/1018 737/1052/1020
f 866/1051/1019 737/1052/1020 865/1053/1021
f 865/1053/1021 737/1052/1020 738/1054/1022
f 865/1053/1021 738/1054/1022 794/1055/1023
f 794/1055/1023 738/1054/1022 739/1056/1024
f 794/1055/1023 739/1056/1024 793/1057/1025
f 793/1057/1025 739/1056/1024 740/1058/1026
f 793/1057/1025 740/1058/1026 792/1059/1027
f 792/1059/1027 740/1058/1026 741/1060/1028
f 792/1059/1027 741/1060/1028 815/1061/1029
f 815/1061/1029 741/1060/1028 742/1062/1030
f 815/1061/1029 742/1062/1030 814/1063/1031
f 814/1063/1031 742/1062/1030 743/1064/1032
f 814/1063/1031 743/1064/1032 578/1065/1033
f 814/1063/1031 578/1065/1033 813/1066/1034
f 813/1066/1034 578/1065/1033 577/1067/1035
f 813/1066/1034 577/1067/1035 812/1068/1036
f 812/1068/1036 577/1067/1035 811/1069/1037
f 811/1069/1037 577/1067/1035 576/1070/1038
f 811/1069/1037 576/1070/1038 810/1071/1039
f 810/1071/1039 576/1070/1038 809/1072/1040
f 809/1072/1040 576/1070/1038 575/1073/1041
f 809/1072/1040 575/1073/1041 808/1074/1042
f 808/1074/1042 575/1073/1041 807/1075/1043
f 807/1075/1043 575/1073/1041 236/1001/969
f 807/1075/1043 236/1001/969 806/1003/971
f 235/965/264 784/1076/1044 236/1001/969
f 236/1001/969 784/1076/1044 785/1077/1045
f 236/1001/969 785/1077/1045 786/999/967
f 751/1027/995 752/1078/1046 843/1025/993
f 843/1025/993 752/1078/1046 842/1079/1047
f 842/1079/1047 752/1078/1046 753/1080/1048
f 842/1079/1047 753/1080/1048 754/1081/1049
f 842/1079/1047 754/1081/1049 841/1082/1050
f 841/1082/1050 754/1081/1049 755/1083/1051
f 841/1082/1050 755/1083/1051 840/1084/1052
f 840/1084/1052 755/1083/1051 756/1085/1053
f 840/1084/1052 756/1085/1053 757/1086/1054
f 840/1084/1052 757/1086/1054 868/1087/1055
f 868/1087/1055 757/1086/1054 758/1088/1056
f 868/1087/1055 758/1088/1056 867/1089/1057
f 867/1089/1057 758/1088/1056 759/1090/1058
f 867/1089/1057 759/1090/1058 760/1091/1059
f 867/1089/1057 760/1091/1059 866/1051/1019
f 866/1051/1019 760/1091/1059 761/1049/1017
f 778/968/936 779/1092/1060 235/965/264
f 235/965/264 779/1092/1060 780/1093/1061
f 235/965/264 780/1093/1061 781/1094/1062
f 781/1094/1062 782/1095/1063 235/965/264
f 235/965/264 782/1095/1063 783/1096/1064
f 235/965/264 783/1096/1064 784/1076/1044
f 865/1053/1021 794/1055/1023 864/1097/1065
f 864/1097/1065 794/1055/1023 795/1098/1066
f 864/1097/1065 795/1098/1066 796/1099/1067
f 864/1097/1065 796/1099/1067 863/1100/1068
f 863/1100/1068 796/1099/1067 797/1101/1069
f 863/1100/1068 797/1101/1069 862/1102/1070
f 862/1102/1070 797/1101/1069 798/1103/1071
f 862/1102/1070 798/1103/1071 861/1104/1072
f 861/1104/1072 798/1103/1071 799/1105/1073
f 861/1104/1072 799/1105/1073 800/1106/1074
f 861/1104/1072 800/1106/1074 860/1107/1075
f 860/1107/1075 800/1106/1074 801/1108/1076
f 860/1107/1075 801/1108/1076 859/1109/1077
f 859/1109/1077 801/1108/1076 802/1110/1078
f 859/1109/1077 802/1110/1078 858/996/964
f 858/996/964 802/1110/1078 803/998/966
f 829/978/946 830/1111/1079 851/980/948
f 851/980/948 830/1111/1079 850/1112/1080
f 850/1112/1080 830/1111/1079 831/1113/1081
f 850/1112/1080 831/1113/1081 849/1114/1082
f 849/1114/1082 831/1113/1081 832/1115/1083
f 849/1114/1082 832/1115/1083 848/1116/1084
f 848/1116/1084 832/1115/1083 833/1117/1085
f 848/1116/1084 833/1117/1085 834/1118/1086
f 848/1116/1084 834/1118/1086 847/1119/1087
f 847/1119/1087 834/1118/1086 835/1120/1088
f 847/1119/1087 835/1120/1088 846/1121/1089
f 846/1121/1089 835/1120/1088 836/1122/1090
f 846/1121/1089 836/1122/1090 845/1123/1091
f 845/1123/1091 836/1122/1090 837/1124/1092
f 845/1123/1091 837/1124/1092 838/1021/989
f 844/1023/991 845/1123/1091 838/1021/989
f 557/1125/1093 556/1126/1094 391/1127/489
f 391/1127/489 556/1126/1094 392/1128/488
f 658/1129/1095 527/1130/1096 635/1131/1097
f 635/1131/1097 527/1130/1096 526/1132/1098
f 635/1133/1097 526/1134/1098 636/1135/1099
f 636/1135/1099 526/1134/1098 549/1136/1100
f 636/1135/1099 549/1136/1100 637/1137/1101
f 637/1137/1101 549/1136/1100 548/1138/1102
f 637/1137/1101 548/1138/1102 638/1139/1103
f 638/1139/1103 548/1138/1102 547/1140/1104
f 638/1139/1103 547/1140/1104 639/1141/1105
f 639/1141/1105 547/1140/1104 546/1142/1106
f 639/1141/1105 546/1142/1106 640/1143/1107
f 640/1143/1107 546/1142/1106 545/1144/1108
f 640/1143/1107 545/1144/1108 641/1145/1109
f 641/1145/1109 545/1144/1108 544/1146/1110
f 641/1145/1109 544/1146/1110 642/1147/1111
f 642/1147/1111 544/1146/1110 543/1148/1112
f 642/1147/1111 543/1148/1112 643/1149/1113
f 643/1149/1113 543/1148/1112 542/1150/1114
f 643/1149/1113 542/1150/1114 644/1151/1115
f 644/1151/1115 542/1150/1114 541/1152/1116
f 644/1151/1115 541/1152/1116 645/1153/1117
f 645/1153/1117 541/1152/1116 540/1154/1118
f 645/1153/1117 540/1154/1118 646/1155/1119
f 646/1155/1119 540/1154/1118 539/1156/1120
f 646/1155/1119 539/1156/1120 647/1157/1121
f 647/1157/1121 539/1156/1120 538/1158/1122
f 647/1157/1121 538/1158/1122 648/1159/1123
f 648/1159/1123 538/1158/1122 537/1160/1124
f 648/1159/1123 537/1160/1124 649/1161/1125
f 649/1161/1125 537/1160/1124 536/1162/1126
f 649/1161/1125 536/1162/1126 650/1163/1127
f 650/1163/1127 536/1162/1126 535/1164/1128
f 650/1163/1127 535/1164/1128 651/1165/1129
f 651/1165/1129 535/1164/1128 534/1166/1130
f 651/1165/1129 534/1166/1130 652/1167/1131
f 652/1167/1131 534/1166/1130 533/1168/1132
f 652/1167/1131 533/1168/1132 653/1169/1133
f 653/1169/1133 533/1168/1132 532/1170/1134
f 653/1169/1133 532/1170/1134 654/1171/1135
f 654/1171/1135 532/1170/1134 531/1172/1136
f 654/1171/1135 531/1172/1136 655/1173/1137
f 655/1173/1137 531/1172/1136 530/1174/1138
f 655/1173/1137 530/1174/1138 656/1175/1139
f 656/1175/1139 530/1174/1138 529/1176/1140
f 656/1175/1139 529/1176/1140 657/1177/1141
f 657/1177/1141 529/1176/1140 528/1178/1142
f 657/1177/1141 528/1178/1142 658/1129/1095
f 658/1129/1095 528/1178/1142 527/1130/1096
f 730/1179/1143 503/1180/1144 707/1181/1145
f 707/1181/1145 503/1180/1144 502/1182/1146
f 707/1183/1145 502/1184/1146 708/1185/1147
f 708/1185/1147 502/1184/1146 525/1186/1148
f 708/1185/1147 525/1186/1148 709/1187/1149
f 709/1187/1149 525/1186/1148 524/1188/1150
f 709/1187/1149 524/1188/1150 710/1189/1151
f 710/1189/1151 524/1188/1150 523/1190/1152
f 710/1189/1151 523/1190/1152 711/1191/1153
f 711/1191/1153 523/1190/1152 522/1192/1154
f 711/1191/1153 522/1192/1154 712/1193/1155
f 712/1193/1155 522/1192/1154 521/1194/1156
f 712/1193/1155 521/1194/1156 713/1195/1157
f 713/1195/1157 521/1194/1156 520/1196/1158
f 713/1195/1157 520/1196/1158 714/1197/1159
f 714/1197/1159 520/1196/1158 519/1198/1160
f 714/1197/1159 519/1198/1160 715/1199/1161
f 715/1199/1161 519/1198/1160 518/1200/1162
f 715/1199/1161 518/1200/1162 716/1201/1163
f 716/1201/1163 518/1200/1162 517/1202/1164
f 716/1201/1163 517/1202/1164 717/1203/1165
f 717/1203/1165 517/1202/1164 516/1204/1166
f 717/1203/1165 516/1204/1166 718/1205/1167
f 718/1205/1167 516/1204/1166 515/1206/1168
f 718/1205/1167 515/1206/1168 719/1207/1169
f 719/1207/1169 515/1206/1168 514/1208/1170
f 719/1207/1169 514/1208/1170 720/1209/1171
f 720/1209/1171 514/1208/1170 513/1210/1172
f 720/1209/1171 513/1210/1172 721/1211/1173
f 721/1211/1173 513/1210/1172 512/1212/1174
f 721/1211/1173 512/1212/1174 722/1213/1175
f 722/1213/1175 512/1212/1174 511/1214/1176
f 722/1213/1175 511/1214/1176 723/1215/1177
f 723/1215/1177 511/1214/1176 510/1216/1178
f 723/1215/1177 510/1216/1178 724/1217/1179
f 724/1217/1179 510/1216/1178 509/1218/1180
f 724/1217/1179 509/1218/1180 725/1219/1181
f 725/1219/1181 509/1218/1180 508/1220/1182
f 725/1219/1181 508/1220/1182 726/1221/1183
f 726/1221/1183 508/1220/1182 507/1222/1184
f 726/1221/1183 507/1222/1184 727/1223/1185
f 727/1223/1185 507/1222/1184 506/1224/1186
f 727/1223/1185 506/1224/1186 728/1225/1187
f 728/1225/1187 506/1224/1186 505/1226/1188
f 728/1225/1187 505/1226/1188 729/1227/1189
f 729/1227/1189 505/1226/1188 504/1228/1190
f 729/1227/1189 504/1228/1190 730/1179/1143
f 730/1179/1143 504/1228/1190 503/1180/1144
f 706/1229/1191 479/1230/1192 683/1231/1193
f 683/1231/1193 479/1230/1192 478/1232/1194
f 683/1233/1193 478/1234/1194 684/1235/1195
f 684/1235/1195 478/1234/1194 501/1236/1196
f 684/1235/1195 501/1236/1196 685/1237/1197
f 685/1237/1197 501/1236/1196 500/1238/1198
f 685/1237/1197 500/1238/1198 686/1239/1199
f 686/1239/1199 500/1238/1198 499/1240/1200
f 686/1239/1199 499/1240/1200 687/1241/1201
f 687/1241/1201 499/1240/1200 498/1242/1202
f 687/1241/1201 498/1242/1202 688/1243/1203
f 688/1243/1203 498/1242/1202 497/1244/1204
f 688/1243/1203 497/1244/1204 689/1245/1205
f 689/1245/1205 497/1244/1204 496/1246/1206
f 689/1245/1205 496/1246/1206 690/1247/1207
f 690/1247/1207 496/1246/1206 495/1248/1208
f 690/1247/1207 495/1248/1208 691/1249/1209
f 691/1249/1209 495/1248/1208 494/1250/1210
f 691/1249/1209 494/1250/1210 692/1251/1211
f 692/1251/1211 494/1250/1210 493/1252/1212
f 692/1251/1211 493/1252/1212 693/1253/1213
f 693/1253/1213 493/1252/1212 492/1254/1214
f 693/1253/1213 492/1254/1214 694/1255/1215
f 694/1255/1215 492/1254/1214 491/1256/1216
f 694/1255/1215 491/1256/1216 695/1257/1217
f 695/1257/1217 491/1256/1216 490/1258/1218
f 695/1257/1217 490/1258/1218 696/1259/1219
f 696/1259/1219 490/1258/1218 489/1260/1220
f 696/1259/1219 489/1260/1220 697/1261/1221
f 697/1261/1221 489/1260/1220 488/1262/1222
f 697/1261/1221 488/1262/1222 698/1263/1223
f 698/1263/1223 488/1262/1222 487/1264/1224
f 698/1263/1223 487/1264/1224 699/1265/1225
f 699/1265/1225 487/1264/1224 486/1266/1226
f 699/1265/1225 486/1266/1226 700/1267/1227
f 700/1267/1227 486/1266/1226 485/1268/1228
f 700/1267/1227 485/1268/1228 701/1269/1229
f 701/1269/1229 485/1268/1228 484/1270/1230
f 701/1269/1229 484/1270/1230 702/1271/1231
f 702/1271/1231 484/1270/1230 483/1272/1232
f 702/1271/1231 483/1272/1232 703/1273/1233
f 703/1273/1233 483/1272/1232 482/1274/1234
f 703/1273/1233 482/1274/1234 704/1275/1235
f 704/1275/1235 482/1274/1234 481/1276/1236
f 704/1275/1235 481/1276/1236 705/1277/1237
f 705/1277/1237 481/1276/1236 480/1278/1238
f 705/1277/1237 480/1278/1238 706/1229/1191
f 706/1229/1191 480/1278/1238 479/1230/1192
f 682/1279/1239 455/1280/1240 659/1281/1241
f 659/1281/1241 455/1280/1240 454/1282/1242
f 659/1283/1241 454/1284/1242 660/1285/1243
f 660/1285/1243 454/1284/1242 477/1286/1244
f 660/1285/1243 477/1286/1244 661/1287/1245
f 661/1287/1245 477/1286/1244 476/1288/1246
f 661/1287/1245 476/1288/1246 662/1289/1247
f 662/1289/1247 476/1288/1246 475/1290/1248
f 662/1289/1247 475/1290/1248 663/1291/1249
f 663/1291/1249 475/1290/1248 474/1292/1250
f 663/1291/1249 474/1292/1250 664/1293/1251
f 664/1293/1251 474/1292/1250 473/1294/1252
f 664/1293/1251 473/1294/1252 665/1295/1253
f 665/1295/1253 473/1294/1252 472/1296/1254
f 665/1295/1253 472/1296/1254 666/1297/1255
f 666/1297/1255 472/1296/1254 471/1298/1256
f 666/1297/1255 471/1298/1256 667/1299/1257
f 667/1299/1257 471/1298/1256 470/1300/1258
f 667/1299/1257 470/1300/1258 668/1301/1259
f 668/1301/1259 470/1300/1258 469/1302/1260
f 668/1301/1259 469/1302/1260 669/1303/1261
f 669/1303/1261 469/1302/1260 468/1304/1262
f 669/1303/1261 468/1304/1262 670/1305/1263
f 670/1305/1263 468/1304/1262 467/1306/1264
f 670/1305/1263 467/1306/1264 671/1307/1265
f 671/1307/1265 467/1306/1264 466/1308/1266
f 671/1307/1265 466/1308/1266 672/1309/1267
f 672/1309/1267 466/1308/1266 465/1310/1268
f 672/1309/1267 465/1310/1268 673/1311/1269
f 673/1311/1269 465/1310/1268 464/1312/1270
f 673/1311/1269 464/1312/1270 674/1313/1271
f 674/1313/1271 464/1312/1270 463/1314/1272
f 674/1313/1271 463/1314/1272 675/1315/1273
f 675/1315/1273 463/1314/1272 462/1316/1274
f 675/1315/1273 462/1316/1274 676/1317/1275
f 676/1317/1275 462/1316/1274 461/1318/1276
f 676/1317/1275 461/1318/1276 677/1319/1277
f 677/1319/1277 461/1318/1276 460/1320/1278
f 677/1319/1277 460/1320/1278 678/1321/1279
f 678/1321/1279 460/1320/1278 459/1322/1280
f 678/1321/1279 459/1322/1280 679/1323/1281
f 679/1323/1281 459/1322/1280 458/1324/1282
f 679/1323/1281 458/1324/1282 680/1325/1283
f 680/1325/1283 458/1324/1282 457/1326/1284
f 680/1325/1283 457/1326/1284 681/1327/1285
f 681/1327/1285 457/1326/1284 456/1328/1286
f 681/1327/1285 456/1328/1286 682/1279/1239
f 682/1279/1239 456/1328/1286 455/1280/1240
f 634/1329/1287 426/1330/1288 606/1331/1289
f 606/1331/1289 426/1330/1288 425/1332/1290
f 606/1333/1289 425/1334/1290 607/1335/1291
f 607/1335/1291 425/1334/1290 453/1336/1292
f 607/1335/1291 453/1336/1292 608/1337/1293
f 608/1337/1293 453/1336/1292 452/1338/1294
f 608/1337/1293 452/1338/1294 609/1339/1295
f 609/1339/1295 452/1338/1294 451/1340/1296
f 609/1339/1295 451/1340/1296 610/1341/1297
f 610/1341/1297 451/1340/1296 450/1342/1298
f 610/1341/1297 450/1342/1298 611/1343/1299
f 611/1343/1299 450/1342/1298 449/1344/1300
f 611/1343/1299 449/1344/1300 612/1345/1301
f 612/1345/1301 449/1344/1300 448/1346/1302
f 612/1345/1301 448/1346/1302 613/1347/1303
f 613/1347/1303 448/1346/1302 447/1348/1304
f 613/1347/1303 447/1348/1304 614/1349/1305
f 614/1349/1305 447/1348/1304 446/1350/1306
f 614/1349/1305 446/1350/1306 615/1351/1307
f 615/1351/1307 446/1350/1306 445/1352/1308
f 615/1351/1307 445/1352/1308 616/1353/1309
f 616/1353/1309 445/1352/1308 444/1354/1310
f 616/1353/1309 444/1354/1310 617/1355/1311
f 617/1355/1311 444/1354/1310 443/1356/1312
f 617/1355/1311 443/1356/1312 618/1357/1313
f 618/1357/1313 443/1356/1312 442/1358/1314
f 618/1357/1313 442/1358/1314 619/1359/1315
f 619/1359/1315 442/1358/1314 441/1360/1316
f 619/1359/1315 441/1360/1316 620/1361/1317
f 620/1361/1317 441/1360/1316 440/1362/1318
f 620/1361/1317 440/1362/1318 621/1363/1319
f 621/1363/1319 440/1362/1318 439/1364/1320
f 621/1363/1319 439/1364/1320 622/1365/1321
f 622/1365/1321 439/1364/1320 438/1366/1322
f 622/1365/1321 438/1366/1322 623/1367/1323
f 623/1367/1323 438/1366/1322 437/1368/1324
f 623/1367/1323 437/1368/1324 624/1369/1325
f 624/1369/1325 437/1368/1324 436/1370/1326
f 624/1369/1325 436/1370/1326 625/1371/1327
f 625/1371/1327 436/1370/1326 435/1372/1328
f 625/1371/1327 435/1372/1328 626/1373/1329
f 626/1373/1329 435/1372/1328 434/1374/1330
f 626/1373/1329 434/1374/1330 627/1375/1331
f 627/1375/1331 434/1374/1330 433/1376/1332
f 627/1375/1331 433/1376/1332 628/1377/1333
f 628/1377/1333 433/1376/1332 432/1378/1334
f 628/1377/1333 432/1378/1334 629/1379/1335
f 629/1379/1335 432/1378/1334 431/1380/1336
f 629/1379/1335 431/1380/1336 630/1381/1337
f 630/1381/1337 431/1380/1336 430/1382/1338
f 630/1381/1337 430/1382/1338 631/1383/1339
f 631/1383/1339 430/1382/1338 429/1384/1340
f 631/1383/1339 429/1384/1340 632/1385/1341
f 632/1385/1341 429/1384/1340 428/1386/1342
f 632/1385/1341 428/1386/1342 633/1387/1343
f 633/1387/1343 428/1386/1342 427/1388/1344
f 633/1387/1343 427/1388/1344 634/1329/1287
f 634/1329/1287 427/1388/1344 426/1330/1288
f 585/1389/1345 602/1390/1346 581/1391/733
f 581/1391/733 602/1390/1346 601/1392/1347
f 581/1391/733 601/1392/1347 414/1393/732
f 414/1393/732 601/1392/1347 415/1394/1348
f 415/1394/1348 601/1392/1347 600/1395/1349
f 415/1394/1348 600/1395/1349 599/1396/1350
f 602/1390/1346 585/1389/1345 603/1397/1351
f 603/1397/1351 585/1389/1345 584/1398/1352
f 603/1397/1351 584/1398/1352 604/1399/1353
f 604/1399/1353 584/1398/1352 583/1400/1354
f 604/1399/1353 583/1400/1354 605/1401/1355
f 605/1401/1355 583/1400/1354 586/1402/750
f 586/1402/750 583/1400/1354 582/1403/749
f 415/1394/1348 599/1396/1350 416/1404/1356
f 416/1404/1356 599/1396/1350 598/1405/1357
f 416/1404/1356 598/1405/1357 417/1406/1358
f 417/1406/1358 598/1405/1357 597/1407/1359
f 417/1406/1358 597/1407/1359 596/1408/1360
f 417/1406/1358 596/1408/1360 418/1409/1361
f 418/1409/1361 596/1408/1360 595/1410/1362
f 418/1409/1361 595/1410/1362 594/1411/1363
f 418/1409/1361 594/1411/1363 419/1412/1364
f 419/1412/1364 594/1411/1363 593/1413/1365
f 419/1412/1364 593/1413/1365 592/1414/1366
f 419/1412/1364 592/1414/1366 420/1415/1367
f 420/1415/1367 592/1414/1366 591/1416/1368
f 420/1415/1367 591/1416/1368 590/1417/1369
f 420/1415/1367 590/1417/1369 421/1418/1370
f 421/1418/1370 590/1417/1369 589/1419/1371
f 421/1418/1370 589/1419/1371 422/1420/1372
f 422/1420/1372 589/1419/1371 588/1421/1373
f 422/1420/1372 588/1421/1373 587/1422/1374
f 371/1423/1375 370/1424/1376 587/1422/1374
f 587/1422/1374 370/1424/1376 422/1420/1372
f 50/1425/1377 741/1426/1378 51/1427/1379
f 51/1427/1379 741/1426/1378 740/1428/1380
f 51/1427/1379 740/1428/1380 52/1429/1381
f 52/1429/1381 740/1428/1380 739/1430/1382
f 52/1429/1381 739/1430/1382 53/1431/1383
f 53/1431/1383 739/1430/1382 738/1432/1384
f 53/1431/1383 738/1432/1384 54/1433/1385
f 54/1433/1385 738/1432/1384 737/1434/1386
f 54/1433/1385 737/1434/1386 55/1435/1387
f 55/1435/1387 737/1434/1386 736/1436/1388
f 55/1435/1387 736/1436/1388 56/1437/1389
f 56/1437/1389 736/1436/1388 735/1438/1390
f 56/1437/1389 735/1438/1390 57/1439/1391
f 57/1439/1391 735/1438/1390 734/1440/1392
f 57/1439/1391 734/1440/1392 58/1441/1393
f 58/1441/1393 734/1440/1392 733/1442/1394
f 58/1441/1393 733/1442/1394 59/1443/1395
f 59/1443/1395 733/1442/1394 397/1444/1396
f 791/1445/1397 178/1446/1398 768/1447/1399
f 768/1447/1399 178/1446/1398 177/1448/1400
f 768/1449/1399 177/1450/1400 769/1451/1401
f 769/1451/1401 177/1450/1400 200/1452/1402
f 769/1451/1401 200/1452/1402 770/1453/1403
f 770/1453/1403 200/1452/1402 199/1454/1404
f 770/1453/1403 199/1454/1404 771/1455/1405
f 771/1455/1405 199/1454/1404 198/1456/1406
f 771/1455/1405 198/1456/1406 772/1457/1407
f 772/1457/1407 198/1456/1406 197/1458/1408
f 772/1457/1407 197/1458/1408 773/1459/1409
f 773/1459/1409 197/1458/1408 196/1460/1410
f 773/1459/1409 196/1460/1410 774/1461/1411
f 774/1461/1411 196/1460/1410 195/1462/1412
f 774/1461/1411 195/1462/1412 775/1463/1413
f 775/1463/1413 195/1462/1412 194/1464/1414
f 775/1463/1413 194/1464/1414 776/1465/1415
f 776/1465/1415 194/1464/1414 193/1466/1416
f 776/1465/1415 193/1466/1416 777/1467/1417
f 777/1467/1417 193/1466/1416 192/1468/1418
f 777/1467/1417 192/1468/1418 778/1469/1419
f 778/1469/1419 192/1468/1418 191/1470/1420
f 778/1469/1419 191/1470/1420 779/1471/1421
f 779/1471/1421 191/1470/1420 190/1472/1422
f 779/1471/1421 190/1472/1422 780/1473/1423
f 780/1473/1423 190/1472/1422 189/1474/1424
f 780/1473/1423 189/1474/1424 781/1475/1425
f 781/1475/1425 189/1474/1424 188/1476/1426
f 781/1475/1425 188/1476/1426 782/1477/1427
f 782/1477/1427 188/1476/1426 187/1478/1428
f 782/1477/1427 187/1478/1428 783/1479/1429
f 783/1479/1429 187/1478/1428 186/1480/1430
f 783/1479/1429 186/1480/1430 784/1481/1431
f 784/1481/1431 186/1480/1430 185/1482/1432
f 784/1481/1431 185/1482/1432 785/1483/1433
f 785/1483/1433 185/1482/1432 184/1484/1434
f 785/1483/1433 184/1484/1434 786/1485/1435
f 786/1485/1435 184/1484/1434 183/1486/1436
f 786/1485/1435 183/1486/1436 787/1487/1437
f 787/1487/1437 183/1486/1436 182/1488/1438
f 787/1487/1437 182/1488/1438 788/1489/1439
f 788/1489/1439 182/1488/1438 181/1490/1440
f 788/1489/1439 181/1490/1440 789/1491/1441
f 789/1491/1441 181/1490/1440 180/1492/1442
f 789/1491/1441 180/1492/1442 790/1493/1443
f 790/1493/1443 180/1492/1442 179/1494/1444
f 790/1493/1443 179/1494/1444 791/1445/1397
f 791/1445/1397 179/1494/1444 178/1446/1398
f 839/1495/1445 154/1496/1446 816/1497/1447
f 816/1497/1447 154/1496/1446 153/1498/1448
f 816/1499/1447 153/1500/1448 817/1501/1449
f 817/1501/1449 153/1500/1448 176/1502/1450
f 817/1501/1449 176/1502/1450 818/1503/1451
f 818/1503/1451 176/1502/1450 175/1504/1452
f 818/1503/1451 175/1504/1452 819/1505/1453
f 819/1505/1453 175/1504/1452 174/1506/1454
f 819/1505/1453 174/1506/1454 820/1507/1455
f 820/1507/1455 174/1506/1454 173/1508/1456
f 820/1507/1455 173/1508/1456 821/1509/1457
f 821/1509/1457 173/1508/1456 172/1510/1458
f 821/1509/1457 172/1510/1458 822/1511/1459
f 822/1511/1459 172/1510/1458 171/1512/1460
f 822/1511/1459 171/1512/1460 823/1513/1461
f 823/1513/1461 171/1512/1460 170/1514/1462
f 823/1513/1461 170/1514/1462 824/1515/1463
f 824/1515/1463 170/1514/1462 169/1516/1464
f 824/1515/1463 169/1516/1464 825/1517/1465
f 825/1517/1465 169/1516/1464 168/1518/1466
f 825/1517/1465 168/1518/1466 826/1519/1467
f 826/1519/1467 168/1518/1466 167/1520/1468
f 826/1519/1467 167/1520/1468 827/1521/1469
f 827/1521/1469 167/1520/1468 166/1522/1470
f 827/1521/1469 166/1522/1470 828/1523/1471
f 828/1523/1471 166/1522/1470 165/1524/1472
f 828/1523/1471 165/1524/1472 829/1525/1473
f 829/1525/1473 165/1524/1472 164/1526/1474
f 829/1525/1473 164/1526/1474 830/1527/1475
f 830/1527/1475 164/1526/1474 163/1528/1476
f 830/1527/1475 163/1528/1476 831/1529/1477
f 831/1529/1477 163/1528/1476 162/1530/1478
f 831/1529/1477 162/1530/1478 832/1531/1479
f 832/1531/1479 162/1530/1478 161/1532/1480
f 832/1531/1479 161/1532/1480 833/1533/1481
f 833/1533/1481 161/1532/1480 160/1534/1482
f 833/1533/1481 160/1534/1482 834/1535/1483
f 834/1535/1483 160/1534/1482 159/1536/1484
f 834/1535/1483 159/1536/1484 835/1537/1485
f 835/1537/1485 159/1536/1484 158/1538/1486
f 835/1537/1485 158/1538/1486 836/1539/1487
f 836/1539/1487 158/1538/1486 157/1540/1488
f 836/1539/1487 157/1540/1488 837/1541/1489
f 837/1541/1489 157/1540/1488 156/1542/1490
f 837/1541/1489 156/1542/1490 838/1543/1491
f 838/1543/1491 156/1542/1490 155/1544/1492
f 838/1543/1491 155/1544/1492 839/1495/1445
f 839/1495/1445 155/1544/1492 154/1496/1446
f 815/1545/1493 130/1546/1494 792/1547/1495
f 792/1547/1495 130/1546/1494 129/1548/1496
f 792/1549/1495 129/1550/1496 793/1551/1497
f 793/1551/1497 129/1550/1496 152/1552/1498
f 793/1551/1497 152/1552/1498 794/1553/1499
f 794/1553/1499 152/1552/1498 151/1554/1500
f 794/1553/1499 151/1554/1500 795/1555/1501
f 795/1555/1501 151/1554/1500 150/1556/1502
f 795/1555/1501 150/1556/1502 796/1557/1503
f 796/1557/1503 150/1556/1502 149/1558/1504
f 796/1557/1503 149/1558/1504 797/1559/1505
f 797/1559/1505 149/1558/1504 148/1560/1506
f 797/1559/1505 148/1560/1506 798/1561/1507
f 798/1561/1507 148/1560/1506 147/1562/1508
f 798/1561/1507 147/1562/1508 799/1563/1509
f 799/1563/1509 147/1562/1508 146/1564/1510
f 799/1563/1509 146/1564/1510 800/1565/1511
f 800/1565/1511 146/1564/1510 145/1566/1512
f 800/1565/1511 145/1566/1512 801/1567/1513
f 801/1567/1513 145/1566/1512 144/1568/1514
f 801/1567/1513 144/1568/1514 802/1569/1515
f 802/1569/1515 144/1568/1514 143/1570/1516
f 802/1569/1515 143/1570/1516 803/1571/1517
f 803/1571/1517 143/1570/1516 142/1572/1518
f 803/1571/1517 142/1572/1518 804/1573/1519
f 804/1573/1519 142/1572/1518 141/1574/1520
f 804/1573/1519 141/1574/1520 805/1575/1521
f 805/1575/1521 141/1574/1520 140/1576/1522
f 805/1575/1521 140/1576/1522 806/1577/1523
f 806/1577/1523 140/1576/1522 139/1578/1524
f 806/1577/1523 139/1578/1524 807/1579/1525
f 807/1579/1525 139/1578/1524 138/1580/1526
f 807/1579/1525 138/1580/1526 808/1581/1527
f 808/1581/1527 138/1580/1526 137/1582/1528
f 808/1581/1527 137/1582/1528 809/1583/1529
f 809/1583/1529 137/1582/1528 136/1584/1530
f 809/1583/1529 136/1584/1530 810/1585/1531
f 810/1585/1531 136/1584/1530 135/1586/1532
f 810/1585/1531 135/1586/1532 811/1587/1533
f 811/1587/1533 135/1586/1532 134/1588/1534
f 811/1587/1533 134/1588/1534 812/1589/1535
f 812/1589/1535 134/1588/1534 133/1590/1536
f 812/1589/1535 133/1590/1536 813/1591/1537
f 813/1591/1537 133/1590/1536 132/1592/1538
f 813/1591/1537 132/1592/1538 814/1593/1539
f 814/1593/1539 132/1592/1538 131/1594/1540
f 814/1593/1539 131/1594/1540 815/1545/1493
f 815/1545/1493 131/1594/1540 130/1546/1494
f 767/1595/1541 106/1596/1542 744/1597/1543
f 744/1597/1543 106/1596/1542 105/1598/1544
f 744/1599/1543 105/1600/1544 745/1601/1545
f 745/1601/1545 105/1600/1544 128/1602/1546
f 745/1601/1545 128/1602/1546 746/1603/1547
f 746/1603/1547 128/1602/1546 127/1604/1548
f 746/1603/1547 127/1604/1548 747/1605/1549
f 747/1605/1549 127/1604/1548 126/1606/1550
f 747/1605/1549 126/1606/1550 748/1607/1551
f 748/1607/1551 126/1606/1550 125/1608/1552
f 748/1607/1551 125/1608/1552 749/1609/1553
f 749/1609/1553 125/1608/1552 124/1610/1554
f 749/1609/1553 124/1610/1554 750/1611/1555
f 750/1611/1555 124/1610/1554 123/1612/1556
f 750/1611/1555 123/1612/1556 751/1613/1557
f 751/1613/1557 123/1612/1556 122/1614/1558
f 751/1613/1557 122/1614/1558 752/1615/1559
f 752/1615/1559 122/1614/1558 121/1616/1560
f 752/1615/1559 121/1616/1560 753/1617/1561
f 753/1617/1561 121/1616/1560 120/1618/1562
f 753/1617/1561 120/1618/1562 754/1619/1563
f 754/1619/1563 120/1618/1562 119/1620/1564
f 754/1619/1563 119/1620/1564 755/1621/1565
f 755/1621/1565 119/1620/1564 118/1622/1566
f 755/1621/1565 118/1622/1566 756/1623/1567
f 756/1623/1567 118/1622/1566 117/1624/1568
f 756/1623/1567 117/1624/1568 757/1625/1569
f 757/1625/1569 117/1624/1568 116/1626/1570
f 757/1625/1569 116/1626/1570 758/1627/1571
f 758/1627/1571 116/1626/1570 115/1628/1572
f 758/1627/1571 115/1628/1572 759/1629/1573
f 759/1629/1573 115/1628/1572 114/1630/1574
f 759/1629/1573 114/1630/1574 760/1631/1575
f 760/1631/1575 114/1630/1574 113/1632/1576
f 760/1631/1575 113/1632/1576 761/1633/1577
f 761/1633/1577 113/1632/1576 112/1634/1578
f 761/1633/1577 112/1634/1578 762/1635/1579
f 762/1635/1579 112/1634/1578 111/1636/1580
f 762/1635/1579 111/1636/1580 763/1637/1581
f 763/1637/1581 111/1636/1580 110/1638/1582
f 763/1637/1581 110/1638/1582 764/1639/1583
f 764/1639/1583 110/1638/1582 109/1640/1584
f 764/1639/1583 109/1640/1584 765/1641/1585
f 765/1641/1585 109/1640/1584 108/1642/1586
f 765/1641/1585 108/1642/1586 766/1643/1587
f 766/1643/1587 108/1642/1586 107/1644/1588
f 766/1643/1587 107/1644/1588 767/1595/1541
f 767/1595/1541 107/1644/1588 106/1596/1542
f 868/1645/1589 77/1646/1590 840/1647/1591
f 840/1647/1591 77/1646/1590 76/1648/1592
f 840/1649/1591 76/1650/1592 841/1651/1593
f 841/1651/1593 76/1650/1592 104/1652/1594
f 841/1651/1593 104/1652/1594 842/1653/1595
f 842/1653/1595 104/1652/1594 103/1654/1596
f 842/1653/1595 103/1654/1596 843/1655/1597
f 843/1655/1597 103/1654/1596 102/1656/1598
f 843/1655/1597 102/1656/1598 844/1657/1599
f 844/1657/1599 102/1656/1598 101/1658/1600
f 844/1657/1599 101/1658/1600 845/1659/1601
f 845/1659/1601 101/1658/1600 100/1660/1602
f 845/1659/1601 100/1660/1602 846/1661/1603
f 846/1661/1603 100/1660/1602 99/1662/1604
f 846/1661/1603 99/1662/1604 847/1663/1605
f 847/1663/1605 99/1662/1604 98/1664/1606
f 847/1663/1605 98/1664/1606 848/1665/1607
f 848/1665/1607 98/1664/1606 97/1666/1608
f 848/1665/1607 97/1666/1608 849/1667/1609
f 849/1667/1609 97/1666/1608 96/1668/1610
f 849/1667/1609 96/1668/1610 850/1669/1611
f 850/1669/1611 96/1668/1610 95/1670/1612
f 850/1669/1611 95/1670/1612 851/1671/1613
f 851/1671/1613 95/1670/1612 94/1672/1614
f 851/1671/1613 94/1672/1614 852/1673/1615
f 852/1673/1615 94/1672/1614 93/1674/1616
f 852/1673/1615 93/1674/1616 853/1675/1617
f 853/1675/1617 93/1674/1616 92/1676/1618
f 853/1675/1617 92/1676/1618 854/1677/1619
f 854/1677/1619 92/1676/1618 91/1678/1620
f 854/1677/1619 91/1678/1620 855/1679/1621
f 855/1679/1621 91/1678/1620 90/1680/1622
f 855/1679/1621 90/1680/1622 856/1681/1623
f 856/1681/1623 90/1680/1622 89/1682/1624
f 856/1681/1623 89/1682/1624 857/1683/1625
f 857/1683/1625 89/1682/1624 88/1684/1626
f 857/1683/1625 88/1684/1626 858/1685/1627
f 858/1685/1627 88/1684/1626 87/1686/1628
f 858/1685/1627 87/1686/1628 859/1687/1629
f 859/1687/1629 87/1686/1628 86/1688/1630
f 859/1687/1629 86/1688/1630 860/1689/1631
f 860/1689/1631 86/1688/1630 85/1690/1632
f 860/1689/1631 85/1690/1632 861/1691/1633
f 861/1691/1633 85/1690/1632 84/1692/1634
f 861/1691/1633 84/1692/1634 862/1693/1635
f 862/1693/1635 84/1692/1634 83/1694/1636
f 862/1693/1635 83/1694/1636 863/1695/1637
f 863/1695/1637 83/1694/1636 82/1696/1638
f 863/1695/1637 82/1696/1638 864/1697/1639
f 864/1697/1639 82/1696/1638 81/1698/1640
f 864/1697/1639 81/1698/1640 865/1699/1641
f 865/1699/1641 81/1698/1640 80/1700/1642
f 865/1699/1641 80/1700/1642 866/1701/1643
f 866/1701/1643 80/1700/1642 79/1702/1644
f 866/1701/1643 79/1702/1644 867/1703/1645
f 867/1703/1645 79/1702/1644 78/1704/1646
f 867/1703/1645 78/1704/1646 868/1645/1589
f 868/1645/1589 78/1704/1646 77/1646/1590
f 254/1705/288 72/1706/287 731/1707/1647
f 731/1707/1647 72/1706/287 71/1708/1648
f 731/1707/1647 71/1708/1648 732/1709/1649
f 732/1709/1649 71/1708/1648 70/1710/1650
f 732/1709/1649 70/1710/1650 407/1711/490
f 407/1711/490 70/1710/1650 69/1712/491
f 47/1713/1651 578/1714/1652 48/1715/1653
f 48/1715/1653 578/1714/1652 743/1716/1654
f 48/1715/1653 743/1716/1654 49/1717/1655
f 49/1717/1655 743/1716/1654 742/1718/1656
f 49/1717/1655 742/1718/1656 50/1719/1377
f 50/1719/1377 742/1718/1656 741/1720/1378
f 869/1721/1657 282/1722/360 870/1723/1658
f 870/1723/1658 282/1722/360 281/1724/361
f 341/1725/1659 869/1726/1660 871/1727/1661
f 871/1727/1661 869/1726/1660 872/1728/1662
f 871/1727/1661 872/1728/1662 873/1729/1663
f 340/1730/1664 227/1731/1665 341/1725/1659
f 341/1725/1659 227/1731/1665 292/1732/1666
f 341/1725/1659 292/1732/1666 291/1733/1667
f 340/1730/1664 339/1734/1668 227/1731/1665
f 227/1731/1665 339/1734/1668 338/1735/1669
f 227/1731/1665 338/1735/1669 337/1736/1670
f 337/1736/1670 336/1737/1671 227/1731/1665
f 227/1731/1665 336/1737/1671 335/1738/1672
f 227/1731/1665 335/1738/1672 334/1739/1673
f 334/1739/1673 333/1740/1674 227/1731/1665
f 227/1731/1665 333/1740/1674 253/1741/1675
f 291/1733/1667 290/1742/1676 341/1725/1659
f 341/1725/1659 290/1742/1676 289/1743/1677
f 341/1725/1659 289/1743/1677 288/1744/1678
f 288/1744/1678 287/1745/1679 341/1725/1659
f 341/1725/1659 287/1745/1679 286/1746/1680
f 341/1725/1659 286/1746/1680 285/1747/1681
f 285/1747/1681 284/1748/1682 341/1725/1659
f 341/1725/1659 284/1748/1682 283/1749/1683
f 341/1725/1659 283/1749/1683 282/1750/1684
f 282/1750/1684 869/1726/1660 341/1725/1659
f 873/1729/1663 874/1751/1685 871/1727/1661
f 871/1727/1661 874/1751/1685 875/1752/1686
f 871/1727/1661 875/1752/1686 876/1753/1687
f 876/1753/1687 877/1754/1688 871/1727/1661
f 871/1727/1661 877/1754/1688 878/1755/1689
f 871/1727/1661 878/1755/1689 879/1756/1690
f 879/1756/1690 880/1757/1691 871/1727/1661
f 871/1727/1661 880/1757/1691 881/1758/1692
f 871/1727/1661 881/1758/1692 882/1759/1693
f 883/1760/1694 884/1761/1695 882/1759/1693
f 882/1759/1693 884/1761/1695 885/1762/1696
f 882/1759/1693 885/1762/1696 886/1763/1697
f 886/1763/1697 887/1764/1698 882/1759/1693
f 882/1759/1693 887/1764/1698 888/1765/1699
f 882/1759/1693 888/1765/1699 889/1766/1700
f 889/1766/1700 890/1767/1701 882/1759/1693
f 882/1759/1693 890/1767/1701 891/1768/1702
f 882/1759/1693 891/1768/1702 871/1727/1661
f 892/1769/1703 324/1770/406 893/1771/1704
f 893/1771/1704 324/1770/406 323/1772/407
f 303/1773/1705 324/1774/1706 894/1775/1707
f 894/1775/1707 324/1774/1706 892/1776/1708
f 894/1775/1707 892/1776/1708 914/1777/1709
f 914/1777/1709 892/1776/1708 913/1778/1710
f 913/1778/1710 892/1776/1708 912/1779/1711
f 912/1779/1711 892/1776/1708 911/1780/1712
f 911/1780/1712 892/1776/1708 910/1781/1713
f 910/1781/1713 892/1776/1708 909/1782/1714
f 909/1782/1714 892/1776/1708 908/1783/1715
f 908/1783/1715 892/1776/1708 907/1784/1716
f 907/1784/1716 892/1776/1708 906/1785/1717
f 906/1785/1717 892/1776/1708 905/1786/1718
f 905/1786/1718 892/1776/1708 904/1787/1719
f 904/1787/1719 892/1776/1708 895/1788/1720
f 904/1787/1719 895/1788/1720 896/1789/1721
f 303/1773/1705 302/1790/1722 324/1774/1706
f 324/1774/1706 302/1790/1722 301/1791/1723
f 324/1774/1706 301/1791/1723 300/1792/1724
f 300/1792/1724 299/1793/1725 324/1774/1706
f 324/1774/1706 299/1793/1725 298/1794/1726
f 324/1774/1706 298/1794/1726 297/1795/1727
f 297/1795/1727 296/1796/1728 324/1774/1706
f 324/1774/1706 296/1796/1728 295/1797/1729
f 324/1774/1706 295/1797/1729 294/1798/1730
f 294/1798/1730 293/1799/1731 324/1774/1706
f 324/1774/1706 293/1799/1731 224/1800/1732
f 324/1774/1706 224/1800/1732 325/1801/1733
f 325/1801/1733 224/1800/1732 326/1802/1734
f 326/1802/1734 224/1800/1732 327/1803/1735
f 327/1803/1735 224/1800/1732 328/1804/1736
f 328/1804/1736 224/1800/1732 329/1805/1737
f 329/1805/1737 224/1800/1732 330/1806/1738
f 330/1806/1738 224/1800/1732 331/1807/1739
f 331/1807/1739 224/1800/1732 332/1808/1740
f 332/1808/1740 224/1800/1732 223/1809/1741
f 896/1789/1721 897/1810/1742 904/1787/1719
f 904/1787/1719 897/1810/1742 898/1811/1743
f 904/1787/1719 898/1811/1743 899/1812/1744
f 899/1812/1744 900/1813/1745 904/1787/1719
f 904/1787/1719 900/1813/1745 901/1814/1746
f 904/1787/1719 901/1814/1746 902/1815/1747
f 902/1815/1747 903/1816/1748 904/1787/1719
f 915/1817/1749 342/1818/426 871/1819/1750
f 871/1819/1750 342/1818/426 341/1820/427
f 916/1821/1751 304/1822/384 894/1823/1752
f 894/1823/1752 304/1822/384 303/1824/385
f 939/1825/1753 917/1826/1754 940/1827/1755
f 940/1827/1755 917/1826/1754 918/1828/1756
f 940/1827/1755 918/1828/1756 919/1829/1757
f 940/1827/1755 919/1829/1757 941/1830/1758
f 941/1830/1758 919/1829/1757 920/1831/1759
f 941/1830/1758 920/1831/1759 942/1832/1760
f 942/1832/1760 920/1831/1759 921/1833/1761
f 942/1832/1760 921/1833/1761 943/1834/1762
f 943/1834/1762 921/1833/1761 922/1835/1763
f 943/1834/1762 922/1835/1763 944/1836/1764
f 944/1836/1764 922/1835/1763 923/1837/1765
f 944/1836/1764 923/1837/1765 945/1838/1766
f 945/1838/1766 923/1837/1765 924/1839/1767
f 945/1838/1766 924/1839/1767 946/1840/1768
f 946/1840/1768 924/1839/1767 925/1841/1769
f 946/1840/1768 925/1841/1769 947/1842/1770
f 947/1842/1770 925/1841/1769 926/1843/1771
f 947/1842/1770 926/1843/1771 948/1844/1772
f 948/1844/1772 926/1843/1771 927/1845/1773
f 948/1844/1772 927/1845/1773 929/1846/1774
f 929/1846/1774 927/1845/1773 928/1847/1775
f 929/1846/1774 930/1848/1776 948/1844/1772
f 948/1844/1772 930/1848/1776 931/1849/1777
f 948/1844/1772 931/1849/1777 947/1842/1770
f 947/1842/1770 931/1849/1777 932/1850/1778
f 947/1842/1770 932/1850/1778 946/1840/1768
f 946/1840/1768 932/1850/1778 933/1851/1779
f 946/1840/1768 933/1851/1779 945/1838/1766
f 945/1838/1766 933/1851/1779 934/1852/1780
f 945/1838/1766 934/1852/1780 944/1836/1764
f 944/1836/1764 934/1852/1780 935/1853/1781
f 944/1836/1764 935/1853/1781 943/1834/1762
f 943/1834/1762 935/1853/1781 936/1854/1782
f 943/1834/1762 936/1854/1782 942/1832/1760
f 942/1832/1760 936/1854/1782 937/1855/1783
f 942/1832/1760 937/1855/1783 941/1830/1758
f 941/1830/1758 937/1855/1783 938/1856/1784
f 941/1830/1758 938/1856/1784 940/1827/1755
f 940/1827/1755 938/1856/1784 939/1825/1753
f 938/1857/1785 937/1858/1786 939/1859/1787
f 939/1859/1787 937/1858/1786 936/1860/1788
f 939/1859/1787 936/1860/1788 960/1861/1789
f 960/1861/1789 936/1860/1788 935/1862/1790
f 960/1861/1789 935/1862/1790 934/1863/1791
f 960/1861/1789 934/1863/1791 959/1864/1792
f 959/1864/1792 934/1863/1791 933/1865/1793
f 959/1864/1792 933/1865/1793 932/1866/1794
f 959/1864/1792 932/1866/1794 958/1867/1795
f 958/1867/1795 932/1866/1794 931/1868/1796
f 958/1867/1795 931/1868/1796 957/1869/1797
f 957/1869/1797 931/1868/1796 930/1870/1798
f 957/1869/1797 930/1870/1798 929/1871/1799
f 949/1872/1800 951/1873/1801 929/1871/1799
f 929/1871/1799 951/1873/1801 952/1874/1802
f 929/1871/1799 952/1874/1802 953/1875/1803
f 949/1872/1800 950/1876/1804 951/1873/1801
f 953/1875/1803 954/1877/1805 929/1871/1799
f 929/1871/1799 954/1877/1805 955/1878/1806
f 929/1871/1799 955/1878/1806 956/1879/1807
f 956/1879/1807 957/1869/1797 929/1871/1799
f 939/1859/1787 960/1861/1789 904/1880/1808
f 904/1880/1808 960/1861/1789 961/1881/1809
f 904/1880/1808 961/1881/1809 987/1882/1810
f 987/1882/1810 961/1881/1809 962/1883/1811
f 987/1882/1810 962/1883/1811 986/1884/1812
f 986/1884/1812 962/1883/1811 882/1885/1813
f 882/1885/1813 962/1883/1811 963/1886/1814
f 882/1885/1813 963/1886/1814 985/1887/1815
f 985/1887/1815 963/1886/1814 982/1888/1816
f 985/1887/1815 982/1888/1816 983/1889/1817
f 964/1890/1818 980/1891/1819 963/1886/1814
f 963/1886/1814 980/1891/1819 981/1892/1820
f 963/1886/1814 981/1892/1820 982/1888/1816
f 965/1893/1821 978/1894/1822 964/1890/1818
f 964/1890/1818 978/1894/1822 979/1895/1823
f 964/1890/1818 979/1895/1823 980/1891/1819
f 978/1894/1822 965/1893/1821 977/1896/1824
f 977/1896/1824 965/1893/1821 966/1897/1825
f 977/1896/1824 966/1897/1825 976/1898/1826
f 976/1898/1826 966/1897/1825 975/1899/1827
f 975/1899/1827 966/1897/1825 967/1900/1828
f 975/1899/1827 967/1900/1828 968/1901/1829
f 968/1901/1829 969/1902/1830 975/1899/1827
f 975/1899/1827 969/1902/1830 970/1903/1831
f 975/1899/1827 970/1903/1831 971/1904/1832
f 971/1904/1832 972/1905/1833 975/1899/1827
f 975/1899/1827 972/1905/1833 974/1906/1834
f 974/1906/1834 972/1905/1833 973/1907/1835
f 983/1889/1817 984/1908/1836 985/1887/1815
f 917/1909/1754 939/1910/1753 903/1911/1837
f 903/1911/1837 939/1910/1753 904/1912/1838
f 1007/1913/1839 926/1914/1840 1006/1915/1841
f 1006/1915/1841 926/1914/1840 925/1916/1842
f 1006/1915/1841 925/1916/1842 1005/1917/1843
f 1005/1917/1843 925/1916/1842 924/1918/1844
f 1005/1917/1843 924/1918/1844 997/1919/1845
f 997/1919/1845 924/1918/1844 996/1920/1846
f 996/1920/1846 924/1918/1844 923/1921/1847
f 996/1920/1846 923/1921/1847 995/1922/1848
f 995/1922/1848 923/1921/1847 922/1923/1849
f 995/1922/1848 922/1923/1849 988/1924/1850
f 988/1924/1850 922/1923/1849 921/1925/1851
f 988/1924/1850 921/1925/1851 920/1926/1852
f 988/1924/1850 920/1926/1852 903/1927/1853
f 903/1927/1853 920/1926/1852 919/1928/1854
f 903/1927/1853 919/1928/1854 917/1929/1855
f 917/1929/1855 919/1928/1854 918/1930/1856
f 988/1924/1850 989/1931/1857 995/1922/1848
f 995/1922/1848 989/1931/1857 994/1932/1858
f 994/1932/1858 989/1931/1857 993/1933/1859
f 993/1933/1859 989/1931/1857 883/1934/1860
f 993/1933/1859 883/1934/1860 992/1935/1861
f 992/1935/1861 883/1934/1860 990/1936/1862
f 992/1935/1861 990/1936/1862 991/1937/1863
f 1005/1917/1843 997/1919/1845 1004/1938/1864
f 1004/1938/1864 997/1919/1845 998/1939/1865
f 1004/1938/1864 998/1939/1865 1003/1940/1866
f 1003/1940/1866 998/1939/1865 999/1941/1867
f 1003/1940/1866 999/1941/1867 1002/1942/1868
f 1002/1942/1868 999/1941/1867 1001/1943/1869
f 1001/1943/1869 999/1941/1867 1000/1944/1870
f 984/1945/1871 1010/1946/1872 985/1947/1873
f 985/1947/1873 1010/1946/1872 991/1948/1874
f 985/1947/1873 991/1948/1874 990/1949/1875
f 1010/1946/1872 984/1945/1871 1011/1950/1876
f 1011/1950/1876 984/1945/1871 983/1951/1877
f 1011/1950/1876 983/1951/1877 1012/1952/1878
f 1012/1952/1878 983/1951/1877 982/1953/1879
f 1012/1952/1878 982/1953/1879 1013/1954/1880
f 1013/1954/1880 982/1953/1879 981/1955/1881
f 1013/1954/1880 981/1955/1881 1014/1956/1882
f 1014/1956/1882 981/1955/1881 980/1957/1883
f 1014/1956/1882 980/1957/1883 1015/1958/1884
f 1015/1958/1884 980/1957/1883 979/1959/1885
f 1015/1958/1884 979/1959/1885 1016/1960/1886
f 1016/1960/1886 979/1959/1885 978/1961/1887
f 1016/1960/1886 978/1961/1887 1017/1962/1888
f 1017/1962/1888 978/1961/1887 977/1963/1889
f 1017/1962/1888 977/1963/1889 1018/1964/1890
f 1018/1964/1890 977/1963/1889 976/1965/1891
f 1018/1964/1890 976/1965/1891 975/1966/1892
f 975/1966/1892 1008/1967/1893 1018/1964/1890
f 1018/1964/1890 1008/1967/1893 1009/1968/1894
f 1018/1964/1890 1009/1968/1894 999/1969/1895
f 1018/1964/1890 999/1969/1895 1017/1962/1888
f 1017/1962/1888 999/1969/1895 998/1970/1896
f 1017/1962/1888 998/1970/1896 1016/1960/1886
f 1016/1960/1886 998/1970/1896 997/1971/1897
f 1016/1960/1886 997/1971/1897 1015/1958/1884
f 1015/1958/1884 997/1971/1897 996/1972/1898
f 1015/1958/1884 996/1972/1898 1014/1956/1882
f 1014/1956/1882 996/1972/1898 995/1973/1899
f 1014/1956/1882 995/1973/1899 1013/1954/1880
f 1013/1954/1880 995/1973/1899 994/1974/1900
f 1013/1954/1880 994/1974/1900 1012/1952/1878
f 1012/1952/1878 994/1974/1900 993/1975/1901
f 1012/1952/1878 993/1975/1901 1011/1950/1876
f 1011/1950/1876 993/1975/1901 992/1976/1902
f 1011/1950/1876 992/1976/1902 1010/1946/1872
f 1010/1946/1872 992/1976/1902 991/1948/1874
f 1009/1977/1903 1039/1978/1904 999/1979/1867
f 999/1979/1867 1039/1978/1904 1040/1980/1905
f 999/1979/1867 1040/1980/1905 1041/1981/1906
f 1039/1978/1904 1009/1977/1903 1038/1982/1907
f 1038/1982/1907 1009/1977/1903 1008/1983/1908
f 1038/1982/1907 1008/1983/1908 1037/1984/1909
f 1037/1984/1909 1008/1983/1908 1036/1985/1910
f 1036/1985/1910 1008/1983/1908 1035/1986/1911
f 1035/1986/1911 1008/1983/1908 1019/1987/1912
f 1035/1986/1911 1019/1987/1912 1034/1988/1913
f 1034/1988/1913 1019/1987/1912 1033/1989/1914
f 1033/1989/1914 1019/1987/1912 1032/1990/1915
f 1032/1990/1915 1019/1987/1912 1020/1991/1916
f 1032/1990/1915 1020/1991/1916 1031/1992/1917
f 1031/1992/1917 1020/1991/1916 1030/1993/1918
f 1030/1993/1918 1020/1991/1916 1021/1994/1919
f 1030/1993/1918 1021/1994/1919 1029/1995/1920
f 1029/1995/1920 1021/1994/1919 1028/1996/1921
f 1028/1996/1921 1021/1994/1919 1022/1997/1922
f 1028/1996/1921 1022/1997/1922 1027/1998/1923
f 1027/1998/1923 1022/1997/1922 1026/1999/1924
f 1026/1999/1924 1022/1997/1922 1025/2000/1925
f 1025/2000/1925 1022/1997/1922 1023/2001/1926
f 1025/2000/1925 1023/2001/1926 1024/2002/1927
f 1041/1981/1906 1042/2003/1928 999/1979/1867
f 999/1979/1867 1042/2003/1928 1000/2004/1870
f 1000/2004/1870 1042/2003/1928 1004/2005/1929
f 1000/2004/1870 1004/2005/1929 1001/2006/1930
f 1001/2006/1930 1004/2005/1929 1002/2007/1931
f 1002/2007/1931 1004/2005/1929 1003/2008/1932
f 990/2009/1875 883/2010/1933 985/2011/1873
f 985/2011/1873 883/2010/1933 882/2012/1934
f 951/2013/1935 1043/2014/1936 1059/2015/1937
f 1059/2015/1937 1043/2014/1936 1044/2016/1938
f 1059/2015/1937 1044/2016/1938 1045/2017/1939
f 1059/2015/1937 1045/2017/1939 1060/2018/1940
f 1060/2018/1940 1045/2017/1939 1046/2019/1941
f 1060/2018/1940 1046/2019/1941 1047/2020/1942
f 1060/2018/1940 1047/2020/1942 1061/2021/1943
f 1061/2021/1943 1047/2020/1942 1048/2022/1944
f 1061/2021/1943 1048/2022/1944 1049/2023/1945
f 1061/2021/1943 1049/2023/1945 1062/2024/1946
f 1062/2024/1946 1049/2023/1945 1050/2025/1947
f 1062/2024/1946 1050/2025/1947 1063/2026/1948
f 1063/2026/1948 1050/2025/1947 1051/2027/1949
f 1063/2026/1948 1051/2027/1949 1052/2028/1950
f 1063/2026/1948 1052/2028/1950 1064/2029/1951
f 1064/2029/1951 1052/2028/1950 1053/2030/1952
f 1064/2029/1951 1053/2030/1952 1065/2031/1953
f 1065/2031/1953 1053/2030/1952 1054/2032/1954
f 1065/2031/1953 1054/2032/1954 1055/2033/1955
f 1065/2031/1953 1055/2033/1955 1066/2034/1956
f 1066/2034/1956 1055/2033/1955 1056/2035/1957
f 1066/2034/1956 1056/2035/1957 1057/2036/1958
f 1066/2034/1956 1057/2036/1958 1067/2037/1959
f 1067/2037/1959 1057/2036/1958 1058/2038/1960
f 1067/2037/1959 1058/2038/1960 961/2039/1961
f 961/2039/1961 1058/2038/1960 1005/2040/1962
f 961/2039/1961 960/2041/1963 1067/2037/1959
f 1067/2037/1959 960/2041/1963 1066/2034/1956
f 960/2041/1963 959/2042/1964 1066/2034/1956
f 1066/2034/1956 959/2042/1964 1065/2031/1953
f 959/2042/1964 958/2043/1965 1065/2031/1953
f 1065/2031/1953 958/2043/1965 1064/2029/1951
f 958/2043/1965 957/2044/1966 1064/2029/1951
f 1064/2029/1951 957/2044/1966 1063/2026/1948
f 957/2044/1966 956/2045/1967 1063/2026/1948
f 1063/2026/1948 956/2045/1967 1062/2024/1946
f 956/2045/1967 955/2046/1968 1062/2024/1946
f 1062/2024/1946 955/2046/1968 1061/2021/1943
f 955/2046/1968 954/2047/1969 1061/2021/1943
f 1061/2021/1943 954/2047/1969 1060/2018/1940
f 954/2047/1969 953/2048/1970 1060/2018/1940
f 1060/2018/1940 953/2048/1970 1059/2015/1937
f 953/2048/1970 952/2049/1971 1059/2015/1937
f 1059/2015/1937 952/2049/1971 951/2013/1935
f 1005/2050/1962 1004/2051/1972 961/2052/1961
f 961/2052/1961 1004/2051/1972 962/2053/1973
f 962/2054/1973 1004/2055/1972 1068/2056/1974
f 1068/2056/1974 1004/2055/1972 1042/2057/1975
f 1068/2056/1974 1042/2057/1975 1041/2058/1976
f 1068/2056/1974 1041/2058/1976 1069/2059/1977
f 1069/2059/1977 1041/2058/1976 1040/2060/1978
f 1069/2059/1977 1040/2060/1978 1039/2061/1979
f 1069/2059/1977 1039/2061/1979 1070/2062/1980
f 1070/2062/1980 1039/2061/1979 1038/2063/1981
f 1070/2062/1980 1038/2063/1981 1037/2064/1982
f 1070/2062/1980 1037/2064/1982 1071/2065/1983
f 1071/2065/1983 1037/2064/1982 1036/2066/1984
f 1071/2065/1983 1036/2066/1984 1072/2067/1985
f 1072/2067/1985 1036/2066/1984 1035/2068/1986
f 1072/2067/1985 1035/2068/1986 1034/2069/1987
f 1072/2067/1985 1034/2069/1987 1073/2070/1988
f 1073/2070/1988 1034/2069/1987 1033/2071/1989
f 1073/2070/1988 1033/2071/1989 1074/2072/1990
f 1074/2072/1990 1033/2071/1989 1032/2073/1991
f 1074/2072/1990 1032/2073/1991 1031/2074/1992
f 1074/2072/1990 1031/2074/1992 1075/2075/1993
f 1075/2075/1993 1031/2074/1992 1030/2076/1994
f 1075/2075/1993 1030/2076/1994 1029/2077/1995
f 1075/2075/1993 1029/2077/1995 1076/2078/1996
f 1076/2078/1996 1029/2077/1995 1028/2079/1997
f 1076/2078/1996 1028/2079/1997 972/2080/1998
f 972/2080/1998 1028/2079/1997 1027/2081/1999
f 972/2080/1998 971/2082/2000 1076/2078/1996
f 1076/2078/1996 971/2082/2000 970/2083/2001
f 1076/2078/1996 970/2083/2001 1075/2075/1993
f 1075/2075/1993 970/2083/2001 969/2084/2002
f 1075/2075/1993 969/2084/2002 1074/2072/1990
f 1074/2072/1990 969/2084/2002 968/2085/2003
f 1074/2072/1990 968/2085/2003 1073/2070/1988
f 1073/2070/1988 968/2085/2003 967/2086/2004
f 1073/2070/1988 967/2086/2004 1072/2067/1985
f 1072/2067/1985 967/2086/2004 966/2087/2005
f 1072/2067/1985 966/2087/2005 1071/2065/1983
f 1071/2065/1983 966/2087/2005 965/2088/2006
f 1071/2065/1983 965/2088/2006 1070/2062/1980
f 1070/2062/1980 965/2088/2006 964/2089/2007
f 1070/2062/1980 964/2089/2007 1069/2059/1977
f 1069/2059/1977 964/2089/2007 963/2090/2008
f 1069/2059/1977 963/2090/2008 1068/2056/1974
f 1068/2056/1974 963/2090/2008 962/2054/1973
f 869/2091/1657 870/2092/1658 872/2093/2009
f 872/2093/2009 870/2092/1658 1077/2094/2010
f 872/2093/2009 1077/2094/2010 873/2095/2011
f 873/2095/2011 1077/2094/2010 1078/2096/2012
f 873/2095/2011 1078/2096/2012 874/2097/2013
f 874/2097/2013 1078/2096/2012 1079/2098/2014
f 874/2097/2013 1079/2098/2014 875/2099/2015
f 875/2099/2015 1079/2098/2014 1080/2100/2016
f 875/2099/2015 1080/2100/2016 876/2101/2017
f 876/2101/2017 1080/2100/2016 1081/2102/2018
f 876/2101/2017 1081/2102/2018 877/2103/2019
f 877/2103/2019 1081/2102/2018 1082/2104/2020
f 877/2103/2019 1082/2104/2020 878/2105/2021
f 878/2105/2021 1082/2104/2020 1083/2106/2022
f 878/2105/2021 1083/2106/2022 879/2107/2023
f 879/2107/2023 1083/2106/2022 1084/2108/2024
f 879/2107/2023 1084/2108/2024 880/2109/2025
f 880/2109/2025 1084/2108/2024 1085/2110/2026
f 880/2109/2025 1085/2110/2026 881/2111/2027
f 881/2111/2027 1085/2110/2026 1086/2112/2028
f 281/2113/2029 342/2114/2030 870/2115/2031
f 870/2115/2031 342/2114/2030 915/2116/2032
f 870/2115/2031 915/2116/2032 1077/2117/2033
f 1077/2117/2033 915/2116/2032 1078/2118/2034
f 1078/2118/2034 915/2116/2032 1079/2119/2035
f 1079/2119/2035 915/2116/2032 1080/2120/2036
f 1080/2120/2036 915/2116/2032 1081/2121/2037
f 1081/2121/2037 915/2116/2032 1082/2122/2038
f 1082/2122/2038 915/2116/2032 1083/2123/2039
f 1083/2123/2039 915/2116/2032 1084/2124/2040
f 1084/2124/2040 915/2116/2032 1085/2125/2041
f 1085/2125/2041 915/2116/2032 1086/2126/2042
f 1086/2126/2042 915/2116/2032 986/2127/2043
f 986/2127/2043 915/2116/2032 1087/2128/2044
f 986/2127/2043 1087/2128/2044 1088/2129/2045
f 281/2113/2029 280/2130/2046 342/2114/2030
f 342/2114/2030 280/2130/2046 279/2131/2047
f 342/2114/2030 279/2131/2047 278/2132/2048
f 278/2132/2048 277/2133/2049 342/2114/2030
f 342/2114/2030 277/2133/2049 276/2134/2050
f 342/2114/2030 276/2134/2050 275/2135/2051
f 275/2135/2051 274/2136/2052 342/2114/2030
f 342/2114/2030 274/2136/2052 273/2137/2053
f 342/2114/2030 273/2137/2053 272/2138/2054
f 272/2138/2054 271/2139/2055 342/2114/2030
f 342/2114/2030 271/2139/2055 226/2140/2056
f 342/2114/2030 226/2140/2056 343/2141/2057
f 343/2141/2057 226/2140/2056 344/2142/2058
f 344/2142/2058 226/2140/2056 345/2143/2059
f 345/2143/2059 226/2140/2056 346/2144/2060
f 346/2144/2060 226/2140/2056 347/2145/2061
f 347/2145/2061 226/2140/2056 348/2146/2062
f 348/2146/2062 226/2140/2056 349/2147/2063
f 349/2147/2063 226/2140/2056 350/2148/2064
f 350/2148/2064 226/2140/2056 269/2149/2065
f 1088/2129/2045 1089/2150/2066 986/2127/2043
f 986/2127/2043 1089/2150/2066 1090/2151/2067
f 986/2127/2043 1090/2151/2067 1091/2152/2068
f 1091/2152/2068 1092/2153/2069 986/2127/2043
f 986/2127/2043 1092/2153/2069 1093/2154/2070
f 986/2127/2043 1093/2154/2070 1094/2155/2071
f 1094/2155/2071 989/2156/2072 986/2127/2043
f 1086/2157/2028 986/2158/2073 881/2159/2027
f 881/2159/2027 986/2158/2073 882/2160/2074
f 916/2161/1751 894/2162/1752 1104/2163/2075
f 1104/2163/2075 894/2162/1752 914/2164/2076
f 1104/2163/2075 914/2164/2076 1103/2165/2077
f 1103/2165/2077 914/2164/2076 913/2166/2078
f 1103/2165/2077 913/2166/2078 1102/2167/2079
f 1102/2167/2079 913/2166/2078 912/2168/2080
f 1102/2167/2079 912/2168/2080 1101/2169/2081
f 1101/2169/2081 912/2168/2080 911/2170/2082
f 1101/2169/2081 911/2170/2082 1100/2171/2083
f 1100/2171/2083 911/2170/2082 910/2172/2084
f 1100/2171/2083 910/2172/2084 1099/2173/2085
f 1099/2173/2085 910/2172/2084 909/2174/2086
f 1099/2173/2085 909/2174/2086 1098/2175/2087
f 1098/2175/2087 909/2174/2086 908/2176/2088
f 1098/2175/2087 908/2176/2088 1097/2177/2089
f 1097/2177/2089 908/2176/2088 907/2178/2090
f 1097/2177/2089 907/2178/2090 1096/2179/2091
f 1096/2179/2091 907/2178/2090 906/2180/2092
f 1096/2179/2091 906/2180/2092 1095/2181/2093
f 1095/2181/2093 906/2180/2092 905/2182/2094
f 905/2183/2094 904/2184/2095 1095/2185/2093
f 1095/2185/2093 904/2184/2095 987/2186/2096
f 892/2187/1703 893/2188/1704 895/2189/2097
f 895/2189/2097 893/2188/1704 1105/2190/2098
f 895/2189/2097 1105/2190/2098 1106/2191/2099
f 895/2189/2097 1106/2191/2099 896/2192/2100
f 896/2192/2100 1106/2191/2099 1107/2193/2101
f 896/2192/2100 1107/2193/2101 897/2194/2102
f 897/2194/2102 1107/2193/2101 1108/2195/2103
f 897/2194/2102 1108/2195/2103 898/2196/2104
f 898/2196/2104 1108/2195/2103 1109/2197/2105
f 898/2196/2104 1109/2197/2105 899/2198/2106
f 899/2198/2106 1109/2197/2105 1110/2199/2107
f 899/2198/2106 1110/2199/2107 900/2200/2108
f 900/2200/2108 1110/2199/2107 1111/2201/2109
f 900/2200/2108 1111/2201/2109 901/2202/2110
f 901/2202/2110 1111/2201/2109 1112/2203/2111
f 901/2202/2110 1112/2203/2111 902/2204/2112
f 902/2204/2112 1112/2203/2111 903/2205/2113
f 903/2205/2113 1112/2203/2111 988/2206/2114
f 915/2207/1749 871/2208/1750 1087/2209/2115
f 1087/2209/2115 871/2208/1750 891/2210/2116
f 1087/2209/2115 891/2210/2116 890/2211/2117
f 1087/2209/2115 890/2211/2117 1088/2212/2118
f 1088/2212/2118 890/2211/2117 889/2213/2119
f 1088/2212/2118 889/2213/2119 1089/2214/2120
f 1089/2214/2120 889/2213/2119 888/2215/2121
f 1089/2214/2120 888/2215/2121 1090/2216/2122
f 1090/2216/2122 888/2215/2121 887/2217/2123
f 1090/2216/2122 887/2217/2123 1091/2218/2124
f 1091/2218/2124 887/2217/2123 886/2219/2125
f 1091/2218/2124 886/2219/2125 1092/2220/2126
f 1092/2220/2126 886/2219/2125 885/2221/2127
f 1092/2220/2126 885/2221/2127 1093/2222/2128
f 1093/2222/2128 885/2221/2127 884/2223/2129
f 1093/2222/2128 884/2223/2129 1094/2224/2130
f 1094/2224/2130 884/2223/2129 989/2225/2131
f 989/2225/2131 884/2223/2129 883/2226/2132
f 986/2227/2133 989/2228/2134 987/2229/2135
f 987/2229/2135 989/2228/2134 988/2230/2136
f 927/2231/2137 1054/2232/2138 928/2233/2139
f 928/2233/2139 1054/2232/2138 1053/2234/2140
f 928/2233/2139 1053/2234/2140 1052/2235/2141
f 926/2236/1840 1007/2237/1839 927/2231/2137
f 927/2231/2137 1007/2237/1839 1056/2238/2142
f 927/2231/2137 1056/2238/2142 1055/2239/2143
f 1006/2240/2144 1005/2241/2145 1007/2237/1839
f 1007/2237/1839 1005/2241/2145 1058/2242/2146
f 1007/2237/1839 1058/2242/2146 1057/2243/2147
f 1057/2243/2147 1056/2238/2142 1007/2237/1839
f 1055/2239/2143 1054/2232/2138 927/2231/2137
f 1052/2235/2141 1051/2244/2148 928/2233/2139
f 928/2233/2139 1051/2244/2148 1120/2245/2149
f 1120/2245/2149 1051/2244/2148 1050/2246/2150
f 1120/2245/2149 1050/2246/2150 1049/2247/2151
f 1049/2247/2151 1048/2248/2152 1120/2245/2149
f 1120/2245/2149 1048/2248/2152 1119/2249/2153
f 1119/2249/2153 1048/2248/2152 1047/2250/2154
f 1119/2249/2153 1047/2250/2154 1046/2251/2155
f 1119/2249/2153 1046/2251/2155 1118/2252/2156
f 1118/2252/2156 1046/2251/2155 1045/2253/2157
f 1118/2252/2156 1045/2253/2157 1044/2254/2158
f 1118/2252/2156 1044/2254/2158 1117/2255/2159
f 1117/2255/2159 1044/2254/2158 1043/2256/2160
f 1117/2255/2159 1043/2256/2160 1113/2257/2161
f 1113/2257/2161 1114/2258/2162 1117/2255/2159
f 1117/2255/2159 1114/2258/2162 1116/2259/2163
f 1116/2259/2163 1114/2258/2162 1115/2260/2164
f 1157/2261/2165 1121/2262/2166 1156/2263/2167
f 1156/2263/2167 1121/2262/2166 1122/2264/2168
f 1156/2263/2167 1122/2264/2168 1155/2265/2169
f 1155/2265/2169 1122/2264/2168 1123/2266/2170
f 1155/2265/2169 1123/2266/2170 1154/2267/2171
f 1154/2267/2171 1123/2266/2170 1153/2268/2172
f 1153/2268/2172 1123/2266/2170 1124/2269/2173
f 1153/2268/2172 1124/2269/2173 1152/2270/2174
f 1152/2270/2174 1124/2269/2173 1151/2271/2175
f 1151/2271/2175 1124/2269/2173 1125/2272/2176
f 1151/2271/2175 1125/2272/2176 1150/2273/2177
f 1150/2273/2177 1125/2272/2176 1126/2274/2178
f 1150/2273/2177 1126/2274/2178 1149/2275/2179
f 1149/2275/2179 1126/2274/2178 1148/2276/2180
f 1148/2276/2180 1126/2274/2178 1127/2277/2181
f 1148/2276/2180 1127/2277/2181 1147/2278/2182
f 1147/2278/2182 1127/2277/2181 1128/2279/2183
f 1147/2278/2182 1128/2279/2183 1146/2280/2184
f 1146/2280/2184 1128/2279/2183 1145/2281/2185
f 1145/2281/2185 1128/2279/2183 1129/2282/2186
f 1145/2281/2185 1129/2282/2186 1144/2283/2187
f 1144/2283/2187 1129/2282/2186 1143/2284/2188
f 1143/2284/2188 1129/2282/2186 1130/2285/2189
f 1143/2284/2188 1130/2285/2189 1142/2286/2190
f 1142/2286/2190 1130/2285/2189 1131/2287/2191
f 1142/2286/2190 1131/2287/2191 1132/2288/2192
f 1142/2286/2190 1132/2288/2192 1141/2289/2193
f 1141/2289/2193 1132/2288/2192 1133/2290/2194
f 1141/2289/2193 1133/2290/2194 1140/2291/2195
f 1140/2291/2195 1133/2290/2194 1134/2292/2196
f 1140/2291/2195 1134/2292/2196 1139/2293/2197
f 1139/2293/2197 1134/2292/2196 1135/2294/2198
f 1139/2293/2197 1135/2294/2198 1138/2295/2199
f 1138/2295/2199 1135/2294/2198 1137/2296/2200
f 1137/2296/2200 1135/2294/2198 1136/2297/2201
f 1179/2298/2202 1158/2299/2203 1178/2300/2204
f 1178/2300/2204 1158/2299/2203 1159/2301/2205
f 1178/2300/2204 1159/2301/2205 1177/2302/2206
f 1177/2302/2206 1159/2301/2205 1160/2303/2207
f 1177/2302/2206 1160/2303/2207 1176/2304/2208
f 1176/2304/2208 1160/2303/2207 1161/2305/2209
f 1176/2304/2208 1161/2305/2209 1175/2306/2210
f 1175/2306/2210 1161/2305/2209 1162/2307/2211
f 1175/2306/2210 1162/2307/2211 1174/2308/2212
f 1174/2308/2212 1162/2307/2211 1163/2309/2213
f 1174/2308/2212 1163/2309/2213 1173/2310/2214
f 1173/2310/2214 1163/2309/2213 1164/2311/2215
f 1173/2310/2214 1164/2311/2215 1172/2312/2216
f 1172/2312/2216 1164/2311/2215 1165/2313/2217
f 1172/2312/2216 1165/2313/2217 1171/2314/2218
f 1171/2314/2218 1165/2313/2217 1166/2315/2219
f 1171/2314/2218 1166/2315/2219 1170/2316/2220
f 1170/2316/2220 1166/2315/2219 1167/2317/2221
f 1170/2316/2220 1167/2317/2221 1169/2318/2222
f 1169/2318/2222 1167/2317/2221 1168/2319/2223
f 928/2320/1775 1120/2321/2224 929/2322/1774
f 929/2322/1774 1120/2321/2224 1119/2323/2225
f 929/2322/1774 1119/2323/2225 1308/2324/2226
f 1308/2324/2226 1119/2323/2225 1118/2325/2227
f 1308/2324/2226 1118/2325/2227 1117/2326/2228
f 1117/2326/2228 1116/2327/2229 1308/2324/2226
f 1308/2324/2226 1116/2327/2229 1307/2328/2230
f 1307/2328/2230 1116/2327/2229 1306/2329/2231
f 1306/2329/2231 1116/2327/2229 1180/2330/2232
f 1306/2329/2231 1180/2330/2232 1305/2331/2233
f 1305/2331/2233 1180/2330/2232 1304/2332/2234
f 1304/2332/2234 1180/2330/2232 1286/2333/2235
f 1304/2332/2234 1286/2333/2235 1287/2334/2236
f 1286/2333/2235 1180/2330/2232 1285/2335/2237
f 1285/2335/2237 1180/2330/2232 1181/2336/2238
f 1285/2335/2237 1181/2336/2238 1284/2337/2239
f 1284/2337/2239 1181/2336/2238 1283/2338/2240
f 1283/2338/2240 1181/2336/2238 1282/2339/2241
f 1282/2339/2241 1181/2336/2238 1281/2340/2242
f 1281/2340/2242 1181/2336/2238 1280/2341/2243
f 1280/2341/2243 1181/2336/2238 1279/2342/2244
f 1279/2342/2244 1181/2336/2238 1131/2343/2245
f 1279/2342/2244 1131/2343/2245 1278/2344/2246
f 1278/2344/2246 1131/2343/2245 1277/2345/2247
f 1277/2345/2247 1131/2343/2245 1276/2346/2248
f 1276/2346/2248 1131/2343/2245 1275/2347/2249
f 1275/2347/2249 1131/2343/2245 1274/2348/2250
f 1274/2348/2250 1131/2343/2245 1130/2349/2251
f 1274/2348/2250 1130/2349/2251 1297/2350/2252
f 1297/2350/2252 1130/2349/2251 1129/2351/2253
f 1297/2350/2252 1129/2351/2253 1296/2352/2254
f 1296/2352/2254 1129/2351/2253 1201/2353/2255
f 1296/2352/2254 1201/2353/2255 1202/2354/2256
f 1129/2351/2253 1128/2355/2257 1201/2353/2255
f 1201/2353/2255 1128/2355/2257 1127/2356/2258
f 1201/2353/2255 1127/2356/2258 1200/2357/2259
f 1200/2357/2259 1127/2356/2258 1126/2358/2260
f 1200/2357/2259 1126/2358/2260 1234/2359/2261
f 1234/2359/2261 1126/2358/2260 1233/2360/2262
f 1233/2360/2262 1126/2358/2260 1125/2361/2263
f 1233/2360/2262 1125/2361/2263 1232/2362/2264
f 1232/2362/2264 1125/2361/2263 1124/2363/2265
f 1232/2362/2264 1124/2363/2265 1231/2364/2266
f 1231/2364/2266 1124/2363/2265 1230/2365/2267
f 1230/2365/2267 1124/2363/2265 1123/2366/2268
f 1230/2365/2267 1123/2366/2268 1229/2367/2269
f 1229/2367/2269 1123/2366/2268 1228/2368/2270
f 1228/2368/2270 1123/2366/2268 1122/2369/2271
f 1228/2368/2270 1122/2369/2271 1227/2370/2272
f 1227/2370/2272 1122/2369/2271 1226/2371/2273
f 1226/2371/2273 1122/2369/2271 1121/2372/2274
f 1226/2371/2273 1121/2372/2274 1249/2373/2275
f 1249/2373/2275 1121/2372/2274 1248/2374/2276
f 1248/2374/2276 1121/2372/2274 1182/2375/2277
f 1248/2374/2276 1182/2375/2277 1247/2376/2278
f 1247/2376/2278 1182/2375/2277 1246/2377/2279
f 1246/2377/2279 1182/2375/2277 1183/2378/2280
f 1246/2377/2279 1183/2378/2280 1245/2379/2281
f 1245/2379/2281 1183/2378/2280 1184/2380/2282
f 1245/2379/2281 1184/2380/2282 1244/2381/2283
f 1244/2381/2283 1184/2380/2282 1243/2382/2284
f 1243/2382/2284 1184/2380/2282 1185/2383/2285
f 1243/2382/2284 1185/2383/2285 1242/2384/2286
f 1242/2384/2286 1185/2383/2285 1186/2385/2287
f 1242/2384/2286 1186/2385/2287 1223/2386/2288
f 1223/2386/2288 1186/2385/2287 1222/2387/2289
f 1222/2387/2289 1186/2385/2287 1187/2388/2290
f 1222/2387/2289 1187/2388/2290 1188/2389/2291
f 1189/2390/2292 1251/2391/2293 1188/2389/2291
f 1188/2389/2291 1251/2391/2293 1252/2392/2294
f 1188/2389/2291 1252/2392/2294 1222/2387/2289
f 1222/2387/2289 1252/2392/2294 1221/2393/2295
f 1221/2393/2295 1252/2392/2294 1253/2394/2296
f 1221/2393/2295 1253/2394/2296 1220/2395/2297
f 1220/2395/2297 1253/2394/2296 1254/2396/2298
f 1220/2395/2297 1254/2396/2298 1255/2397/2299
f 1251/2391/2293 1189/2390/2292 1250/2398/2300
f 1250/2398/2300 1189/2390/2292 1190/2399/2301
f 1250/2398/2300 1190/2399/2301 1273/2400/2302
f 1273/2400/2302 1190/2399/2301 1191/2401/2303
f 1273/2400/2302 1191/2401/2303 1192/2402/2304
f 1273/2400/2302 1192/2402/2304 1272/2403/2305
f 1272/2403/2305 1192/2402/2304 1193/2404/2306
f 1272/2403/2305 1193/2404/2306 1271/2405/2307
f 1271/2405/2307 1193/2404/2306 1194/2406/2308
f 1271/2405/2307 1194/2406/2308 1270/2407/2309
f 1270/2407/2309 1194/2406/2308 1269/2408/2310
f 1269/2408/2310 1194/2406/2308 1195/2409/2311
f 1269/2408/2310 1195/2409/2311 1268/2410/2312
f 1268/2410/2312 1195/2409/2311 1267/2411/2313
f 1267/2411/2313 1195/2409/2311 1196/2412/2314
f 1267/2411/2313 1196/2412/2314 1266/2413/2315
f 1266/2413/2315 1196/2412/2314 1265/2414/2316
f 1265/2414/2316 1196/2412/2314 949/2415/2317
f 1265/2414/2316 949/2415/2317 1264/2416/2318
f 1264/2416/2318 949/2415/2317 1263/2417/2319
f 1263/2417/2319 949/2415/2317 1262/2418/2320
f 1262/2418/2320 949/2415/2317 1261/2419/2321
f 1261/2419/2321 949/2415/2317 1316/2420/2322
f 1261/2419/2321 1316/2420/2322 1317/2421/2323
f 1316/2420/2322 949/2415/2317 1315/2422/2324
f 1315/2422/2324 949/2415/2317 929/2322/1774
f 1315/2422/2324 929/2322/1774 1314/2423/2325
f 1314/2423/2325 929/2322/1774 1313/2424/2326
f 1313/2424/2326 929/2322/1774 1312/2425/2327
f 1312/2425/2327 929/2322/1774 1311/2426/2328
f 1311/2426/2328 929/2322/1774 1310/2427/2329
f 1310/2427/2329 929/2322/1774 1309/2428/2330
f 1309/2428/2330 929/2322/1774 1308/2324/2226
f 1198/2429/2331 1237/2430/2332 1197/2431/2333
f 1197/2431/2333 1237/2430/2332 1238/2432/2334
f 1197/2431/2333 1238/2432/2334 1239/2433/2335
f 1237/2430/2332 1198/2429/2331 1236/2434/2336
f 1236/2434/2336 1198/2429/2331 1199/2435/2337
f 1236/2434/2336 1199/2435/2337 1235/2436/2338
f 1235/2436/2338 1199/2435/2337 1234/2359/2261
f 1234/2359/2261 1199/2435/2337 1200/2357/2259
f 1296/2352/2254 1202/2354/2256 1295/2437/2339
f 1295/2437/2339 1202/2354/2256 1203/2438/2340
f 1295/2437/2339 1203/2438/2340 1294/2439/2341
f 1294/2439/2341 1203/2438/2340 1293/2440/2342
f 1293/2440/2342 1203/2438/2340 1204/2441/2343
f 1293/2440/2342 1204/2441/2343 1292/2442/2344
f 1292/2442/2344 1204/2441/2343 1205/2443/2345
f 1292/2442/2344 1205/2443/2345 1291/2444/2346
f 1291/2444/2346 1205/2443/2345 1290/2445/2347
f 1290/2445/2347 1205/2443/2345 1206/2446/2348
f 1290/2445/2347 1206/2446/2348 1289/2447/2349
f 1289/2447/2349 1206/2446/2348 1207/2448/2350
f 1289/2447/2349 1207/2448/2350 1288/2449/2351
f 1288/2449/2351 1207/2448/2350 1208/2450/2352
f 1288/2449/2351 1208/2450/2352 1287/2334/2236
f 1287/2334/2236 1208/2450/2352 1303/2451/2353
f 1287/2334/2236 1303/2451/2353 1304/2332/2234
f 1303/2451/2353 1208/2450/2352 1302/2452/2354
f 1302/2452/2354 1208/2450/2352 1209/2453/2355
f 1302/2452/2354 1209/2453/2355 1301/2454/2356
f 1301/2454/2356 1209/2453/2355 1210/2455/2357
f 1301/2454/2356 1210/2455/2357 1300/2456/2358
f 1300/2456/2358 1210/2455/2357 1299/2457/2359
f 1299/2457/2359 1210/2455/2357 1211/2458/2360
f 1299/2457/2359 1211/2458/2360 1298/2459/2361
f 1298/2459/2361 1211/2458/2360 1212/2460/2362
f 1298/2459/2361 1212/2460/2362 1321/2461/2363
f 1321/2461/2363 1212/2460/2362 1213/2462/2364
f 1321/2461/2363 1213/2462/2364 1320/2463/2365
f 1320/2463/2365 1213/2462/2364 1319/2464/2366
f 1319/2464/2366 1213/2462/2364 1214/2465/2367
f 1319/2464/2366 1214/2465/2367 1318/2466/2368
f 1318/2466/2368 1214/2465/2367 1215/2467/2369
f 1318/2466/2368 1215/2467/2369 1317/2421/2323
f 1317/2421/2323 1215/2467/2369 1261/2419/2321
f 1261/2419/2321 1215/2467/2369 1260/2468/2370
f 1260/2468/2370 1215/2467/2369 1216/2469/2371
f 1260/2468/2370 1216/2469/2371 1259/2470/2372
f 1259/2470/2372 1216/2469/2371 1217/2471/2373
f 1259/2470/2372 1217/2471/2373 1258/2472/2374
f 1258/2472/2374 1217/2471/2373 1218/2473/2375
f 1258/2472/2374 1218/2473/2375 1257/2474/2376
f 1257/2474/2376 1218/2473/2375 1256/2475/2377
f 1256/2475/2377 1218/2473/2375 1219/2476/2378
f 1256/2475/2377 1219/2476/2378 1255/2397/2299
f 1255/2397/2299 1219/2476/2378 1220/2395/2297
f 1223/2386/2288 1224/2477/2379 1242/2384/2286
f 1242/2384/2286 1224/2477/2379 1241/2478/2380
f 1241/2478/2380 1224/2477/2379 1240/2479/2381
f 1240/2479/2381 1224/2477/2379 1225/2480/2382
f 1240/2479/2381 1225/2480/2382 1239/2433/2335
f 1239/2433/2335 1225/2480/2382 1197/2431/2333
f 1323/2481/2383 1324/2482/2384 1322/2483/2385
f 1322/2483/2385 1324/2482/2384 1333/2484/2386
f 1333/2484/2386 1324/2482/2384 1325/2485/2387
f 1333/2484/2386 1325/2485/2387 1332/2486/2388
f 1332/2486/2388 1325/2485/2387 1326/2487/2389
f 1332/2486/2388 1326/2487/2389 1331/2488/2390
f 1331/2488/2390 1326/2487/2389 1327/2489/2391
f 1331/2488/2390 1327/2489/2391 1330/2490/2392
f 1330/2490/2392 1327/2489/2391 1328/2491/2393
f 1330/2490/2392 1328/2491/2393 1329/2492/2394
f 1333/2493/2395 1134/2494/2396 1322/2495/2397
f 1322/2495/2397 1134/2494/2396 1133/2496/2398
f 1322/2495/2397 1133/2496/2398 1335/2497/2399
f 1335/2497/2399 1133/2496/2398 1334/2498/2400
f 1334/2498/2400 1133/2496/2398 1132/2499/2401
f 1333/2493/2395 1332/2500/2402 1134/2494/2396
f 1134/2494/2396 1332/2500/2402 1135/2501/2403
f 1135/2501/2403 1332/2500/2402 1331/2502/2404
f 1135/2501/2403 1331/2502/2404 1136/2503/2405
f 1136/2503/2405 1331/2502/2404 1330/2504/2406
f 1136/2503/2405 1330/2504/2406 1329/2505/2407
f 1181/2506/2408 1322/2507/2409 1131/2508/2191
f 1131/2508/2191 1322/2507/2409 1335/2509/2410
f 1131/2508/2191 1335/2509/2410 1334/2510/2411
f 1180/2511/2412 1337/2512/2413 1181/2506/2408
f 1181/2506/2408 1337/2512/2413 1323/2513/2414
f 1181/2506/2408 1323/2513/2414 1322/2507/2409
f 1337/2512/2413 1180/2511/2412 1336/2514/2415
f 1336/2514/2415 1180/2511/2412 1116/2515/2163
f 1336/2514/2415 1116/2515/2163 1115/2516/2164
f 1334/2510/2411 1132/2517/2192 1131/2508/2191
f 1338/2518/2416 1339/2519/2417 1193/2520/2418
f 1193/2520/2418 1339/2519/2417 1194/2521/2419
f 1194/2521/2419 1339/2519/2417 1340/2522/2420
f 1194/2521/2419 1340/2522/2420 1341/2523/2421
f 1194/2521/2419 1341/2523/2421 1195/2524/2422
f 1195/2524/2422 1341/2523/2421 1342/2525/2423
f 1195/2524/2422 1342/2525/2423 1343/2526/2424
f 1344/2527/2425 1345/2528/2426 1343/2526/2424
f 1343/2526/2424 1345/2528/2426 1196/2529/2427
f 1343/2526/2424 1196/2529/2427 1195/2524/2422
f 1345/2528/2426 1346/2530/2428 1196/2529/2427
f 1196/2529/2427 1346/2530/2428 949/2531/1800
f 949/2531/1800 1346/2530/2428 950/2532/1804
f 1354/2533/2429 1347/2534/2430 1353/2535/2431
f 1353/2535/2431 1347/2534/2430 1348/2536/2432
f 1353/2535/2431 1348/2536/2432 1352/2537/2433
f 1352/2537/2433 1348/2536/2432 1349/2538/2434
f 1352/2537/2433 1349/2538/2434 1351/2539/2435
f 1351/2539/2435 1349/2538/2434 1350/2540/2436
f 1351/2539/2435 1350/2540/2436 973/2541/1835
f 973/2541/1835 1350/2540/2436 974/2542/1834
f 323/2543/2437 916/2544/2438 893/2545/2439
f 893/2545/2439 916/2544/2438 1104/2546/2440
f 893/2545/2439 1104/2546/2440 1103/2547/2441
f 322/2548/2442 225/2549/2443 323/2543/2437
f 323/2543/2437 225/2549/2443 314/2550/2444
f 323/2543/2437 314/2550/2444 313/2551/2445
f 322/2548/2442 321/2552/2446 225/2549/2443
f 225/2549/2443 321/2552/2446 320/2553/2447
f 225/2549/2443 320/2553/2447 319/2554/2448
f 319/2554/2448 318/2555/2449 225/2549/2443
f 225/2549/2443 318/2555/2449 317/2556/2450
f 225/2549/2443 317/2556/2450 316/2557/2451
f 316/2557/2451 315/2558/2452 225/2549/2443
f 225/2549/2443 315/2558/2452 270/2559/2453
f 313/2551/2445 312/2560/2454 323/2543/2437
f 323/2543/2437 312/2560/2454 311/2561/2455
f 323/2543/2437 311/2561/2455 310/2562/2456
f 310/2562/2456 309/2563/2457 323/2543/2437
f 323/2543/2437 309/2563/2457 308/2564/2458
f 323/2543/2437 308/2564/2458 307/2565/2459
f 307/2565/2459 306/2566/2460 323/2543/2437
f 323/2543/2437 306/2566/2460 305/2567/2461
f 323/2543/2437 305/2567/2461 304/2568/2462
f 304/2568/2462 916/2544/2438 323/2543/2437
f 1103/2547/2441 1102/2569/2463 893/2545/2439
f 893/2545/2439 1102/2569/2463 1101/2570/2464
f 893/2545/2439 1101/2570/2464 1100/2571/2465
f 1100/2571/2465 1099/2572/2466 893/2545/2439
f 893/2545/2439 1099/2572/2466 1098/2573/2467
f 893/2545/2439 1098/2573/2467 1097/2574/2468
f 1097/2574/2468 1096/2575/2469 893/2545/2439
f 893/2545/2439 1096/2575/2469 1095/2576/2470
f 893/2545/2439 1095/2576/2470 987/2577/2471
f 988/2578/2472 1112/2579/2473 987/2577/2471
f 987/2577/2471 1112/2579/2473 1111/2580/2474
f 987/2577/2471 1111/2580/2474 1110/2581/2475
f 1110/2581/2475 1109/2582/2476 987/2577/2471
f 987/2577/2471 1109/2582/2476 1108/2583/2477
f 987/2577/2471 1108/2583/2477 1107/2584/2478
f 1107/2584/2478 1106/2585/2479 987/2577/2471
f 987/2577/2471 1106/2585/2479 1105/2586/2480
f 987/2577/2471 1105/2586/2480 893/2545/2439
f 1338/2587/2481 1193/2588/2482 1357/2589/2483
f 1357/2589/2483 1193/2588/2482 1192/2590/2484
f 1357/2589/2483 1192/2590/2484 1356/2591/2485
f 1356/2591/2485 1192/2590/2484 1191/2592/2486
f 1356/2591/2485 1191/2592/2486 1355/2593/2487
f 1355/2593/2487 1191/2592/2486 1190/2594/2488
f 1343/2595/2489 1342/2596/2490 1361/2597/2491
f 1361/2597/2491 1342/2596/2490 1341/2598/2492
f 1361/2597/2491 1341/2598/2492 1360/2599/2493
f 1360/2599/2493 1341/2598/2492 1340/2600/2494
f 1360/2599/2493 1340/2600/2494 1359/2601/2495
f 1359/2601/2495 1340/2600/2494 1339/2602/2496
f 1359/2601/2495 1339/2602/2496 1338/2603/2497
f 1359/2601/2495 1338/2603/2497 1358/2604/2498
f 1358/2604/2498 1338/2603/2497 1357/2605/2499
f 1358/2604/2498 1357/2605/2499 1356/2606/2500
f 1356/2606/2500 1355/2607/2501 1358/2604/2498
f 1344/2608/2502 1343/2609/2503 1362/2610/2504
f 1362/2610/2504 1343/2609/2503 1361/2611/2505
f 951/2612/1935 1496/2613/2506 1043/2614/1936
f 1043/2614/1936 1496/2613/2506 1497/2615/2507
f 1043/2614/1936 1497/2615/2507 1113/2616/2508
f 1113/2616/2508 1497/2615/2507 1114/2617/2509
f 1114/2617/2509 1497/2615/2507 1115/2618/2510
f 1115/2618/2510 1497/2615/2507 1498/2619/2511
f 1115/2618/2510 1498/2619/2511 1336/2620/2512
f 1336/2620/2512 1498/2619/2511 1499/2621/2513
f 1336/2620/2512 1499/2621/2513 1500/2622/2514
f 950/2623/2515 1490/2624/2516 951/2612/1935
f 951/2612/1935 1490/2624/2516 1491/2625/2517
f 951/2612/1935 1491/2625/2517 1492/2626/2518
f 1346/2627/2519 1445/2628/2520 950/2623/2515
f 950/2623/2515 1445/2628/2520 1446/2629/2521
f 950/2623/2515 1446/2629/2521 1447/2630/2522
f 1445/2628/2520 1346/2627/2519 1444/2631/2523
f 1444/2631/2523 1346/2627/2519 1345/2632/2524
f 1444/2631/2523 1345/2632/2524 1443/2633/2525
f 1443/2633/2525 1345/2632/2524 1344/2634/2526
f 1443/2633/2525 1344/2634/2526 1442/2635/2527
f 1442/2635/2527 1344/2634/2526 1362/2636/2528
f 1442/2635/2527 1362/2636/2528 1441/2637/2529
f 1441/2637/2529 1362/2636/2528 1363/2638/2530
f 1441/2637/2529 1363/2638/2530 1440/2639/2531
f 1440/2639/2531 1363/2638/2530 1439/2640/2532
f 1439/2640/2532 1363/2638/2530 1364/2641/2533
f 1439/2640/2532 1364/2641/2533 1438/2642/2534
f 1438/2642/2534 1364/2641/2533 1437/2643/2535
f 1437/2643/2535 1364/2641/2533 1365/2644/2536
f 1437/2643/2535 1365/2644/2536 1436/2645/2537
f 1436/2645/2537 1365/2644/2536 1366/2646/2538
f 1436/2645/2537 1366/2646/2538 1435/2647/2539
f 1435/2647/2539 1366/2646/2538 1367/2648/2540
f 1435/2647/2539 1367/2648/2540 1458/2649/2541
f 1458/2649/2541 1367/2648/2540 1368/2650/2542
f 1458/2649/2541 1368/2650/2542 1369/2651/2543
f 1458/2649/2541 1369/2651/2543 1386/2652/2544
f 1386/2652/2544 1369/2651/2543 1370/2653/2545
f 1386/2652/2544 1370/2653/2545 1385/2654/2546
f 1385/2654/2546 1370/2653/2545 1371/2655/2547
f 1385/2654/2546 1371/2655/2547 1372/2656/2548
f 1385/2654/2546 1372/2656/2548 1419/2657/2549
f 1419/2657/2549 1372/2656/2548 1373/2658/2550
f 1419/2657/2549 1373/2658/2550 1418/2659/2551
f 1418/2659/2551 1373/2658/2550 1374/2660/2552
f 1418/2659/2551 1374/2660/2552 1375/2661/2553
f 1418/2659/2551 1375/2661/2553 1417/2662/2554
f 1417/2662/2554 1375/2661/2553 1376/2663/2555
f 1417/2662/2554 1376/2663/2555 1377/2664/2556
f 1417/2662/2554 1377/2664/2556 1416/2665/2557
f 1416/2665/2557 1377/2664/2556 1378/2666/2558
f 1416/2665/2557 1378/2666/2558 1415/2667/2559
f 1415/2667/2559 1378/2666/2558 1379/2668/2560
f 1415/2667/2559 1379/2668/2560 1414/2669/2561
f 1414/2669/2561 1379/2668/2560 1380/2670/2562
f 1414/2669/2561 1380/2670/2562 1413/2671/2563
f 1413/2671/2563 1380/2670/2562 1381/2672/2564
f 1413/2671/2563 1381/2672/2564 1412/2673/2565
f 1412/2673/2565 1381/2672/2564 1157/2674/2566
f 1412/2673/2565 1157/2674/2566 1411/2675/2567
f 1411/2675/2567 1157/2674/2566 1156/2676/2568
f 1411/2675/2567 1156/2676/2568 1434/2677/2569
f 1434/2677/2569 1156/2676/2568 1155/2678/2570
f 1434/2677/2569 1155/2678/2570 1433/2679/2571
f 1433/2679/2571 1155/2678/2570 1154/2680/2572
f 1433/2679/2571 1154/2680/2572 1432/2681/2573
f 1432/2681/2573 1154/2680/2572 1153/2682/2574
f 1432/2681/2573 1153/2682/2574 1431/2683/2575
f 1431/2683/2575 1153/2682/2574 1152/2684/2576
f 1431/2683/2575 1152/2684/2576 1430/2685/2577
f 1430/2685/2577 1152/2684/2576 1151/2686/2578
f 1430/2685/2577 1151/2686/2578 1429/2687/2579
f 1429/2687/2579 1151/2686/2578 1150/2688/2580
f 1429/2687/2579 1150/2688/2580 1428/2689/2581
f 1428/2689/2581 1150/2688/2580 1149/2690/2582
f 1428/2689/2581 1149/2690/2582 1148/2691/2583
f 1428/2689/2581 1148/2691/2583 1427/2692/2584
f 1427/2692/2584 1148/2691/2583 1147/2693/2585
f 1427/2692/2584 1147/2693/2585 1408/2694/2586
f 1408/2694/2586 1147/2693/2585 1146/2695/2587
f 1408/2694/2586 1146/2695/2587 1145/2696/2588
f 1408/2694/2586 1145/2696/2588 1407/2697/2589
f 1407/2697/2589 1145/2696/2588 1144/2698/2590
f 1407/2697/2589 1144/2698/2590 1143/2699/2591
f 1407/2697/2589 1143/2699/2591 1460/2700/2592
f 1460/2700/2592 1143/2699/2591 1142/2701/2593
f 1460/2700/2592 1142/2701/2593 1459/2702/2594
f 1459/2702/2594 1142/2701/2593 1141/2703/2595
f 1459/2702/2594 1141/2703/2595 1482/2704/2596
f 1482/2704/2596 1141/2703/2595 1140/2705/2597
f 1482/2704/2596 1140/2705/2597 1481/2706/2598
f 1481/2706/2598 1140/2705/2597 1139/2707/2599
f 1481/2706/2598 1139/2707/2599 1480/2708/2600
f 1480/2708/2600 1139/2707/2599 1479/2709/2601
f 1479/2709/2601 1139/2707/2599 1138/2710/2602
f 1479/2709/2601 1138/2710/2602 1478/2711/2603
f 1478/2711/2603 1138/2710/2602 1477/2712/2604
f 1477/2712/2604 1138/2710/2602 1137/2713/2605
f 1477/2712/2604 1137/2713/2605 1476/2714/2606
f 1476/2714/2606 1137/2713/2605 1328/2715/2607
f 1476/2714/2606 1328/2715/2607 1475/2716/2608
f 1475/2716/2608 1328/2715/2607 1474/2717/2609
f 1474/2717/2609 1328/2715/2607 1337/2718/2610
f 1474/2717/2609 1337/2718/2610 1473/2719/2611
f 1473/2719/2611 1337/2718/2610 1472/2720/2612
f 1472/2720/2612 1337/2718/2610 1471/2721/2613
f 1471/2721/2613 1337/2718/2610 1501/2722/2614
f 1471/2721/2613 1501/2722/2614 1502/2723/2615
f 1328/2715/2607 1327/2724/2616 1337/2718/2610
f 1337/2718/2610 1327/2724/2616 1326/2725/2617
f 1337/2718/2610 1326/2725/2617 1325/2726/2618
f 1325/2726/2618 1324/2727/2619 1337/2718/2610
f 1337/2718/2610 1324/2727/2619 1323/2728/2620
f 1337/2718/2610 1336/2620/2512 1501/2722/2614
f 1501/2722/2614 1336/2620/2512 1500/2622/2514
f 1383/2729/2621 1422/2730/2622 1382/2731/2623
f 1382/2731/2623 1422/2730/2622 1423/2732/2624
f 1382/2731/2623 1423/2732/2624 1424/2733/2625
f 1422/2730/2622 1383/2729/2621 1421/2734/2626
f 1421/2734/2626 1383/2729/2621 1384/2735/2627
f 1421/2734/2626 1384/2735/2627 1420/2736/2628
f 1420/2736/2628 1384/2735/2627 1385/2654/2546
f 1420/2736/2628 1385/2654/2546 1419/2657/2549
f 1458/2649/2541 1386/2652/2544 1457/2737/2629
f 1457/2737/2629 1386/2652/2544 1387/2738/2630
f 1457/2737/2629 1387/2738/2630 1456/2739/2631
f 1456/2739/2631 1387/2738/2630 1388/2740/2632
f 1456/2739/2631 1388/2740/2632 1455/2741/2633
f 1455/2741/2633 1388/2740/2632 1454/2742/2634
f 1454/2742/2634 1388/2740/2632 1389/2743/2635
f 1454/2742/2634 1389/2743/2635 1453/2744/2636
f 1453/2744/2636 1389/2743/2635 1390/2745/2637
f 1453/2744/2636 1390/2745/2637 1452/2746/2638
f 1452/2746/2638 1390/2745/2637 1451/2747/2639
f 1451/2747/2639 1390/2745/2637 1391/2748/2640
f 1451/2747/2639 1391/2748/2640 1450/2749/2641
f 1450/2749/2641 1391/2748/2640 1392/2750/2642
f 1450/2749/2641 1392/2750/2642 1449/2751/2643
f 1449/2751/2643 1392/2750/2642 1448/2752/2644
f 1448/2752/2644 1392/2750/2642 1393/2753/2645
f 1448/2752/2644 1393/2753/2645 1488/2754/2646
f 1488/2754/2646 1393/2753/2645 1487/2755/2647
f 1487/2755/2647 1393/2753/2645 1394/2756/2648
f 1487/2755/2647 1394/2756/2648 1486/2757/2649
f 1486/2757/2649 1394/2756/2648 1395/2758/2650
f 1486/2757/2649 1395/2758/2650 1485/2759/2651
f 1485/2759/2651 1395/2758/2650 1484/2760/2652
f 1484/2760/2652 1395/2758/2650 1396/2761/2653
f 1484/2760/2652 1396/2761/2653 1483/2762/2654
f 1483/2762/2654 1396/2761/2653 1397/2763/2655
f 1483/2762/2654 1397/2763/2655 1506/2764/2656
f 1506/2764/2656 1397/2763/2655 1398/2765/2657
f 1506/2764/2656 1398/2765/2657 1505/2766/2658
f 1505/2766/2658 1398/2765/2657 1504/2767/2659
f 1504/2767/2659 1398/2765/2657 1399/2768/2660
f 1504/2767/2659 1399/2768/2660 1503/2769/2661
f 1503/2769/2661 1399/2768/2660 1400/2770/2662
f 1503/2769/2661 1400/2770/2662 1502/2723/2615
f 1502/2723/2615 1400/2770/2662 1470/2771/2663
f 1502/2723/2615 1470/2771/2663 1471/2721/2613
f 1400/2770/2662 1401/2772/2664 1470/2771/2663
f 1470/2771/2663 1401/2772/2664 1469/2773/2665
f 1469/2773/2665 1401/2772/2664 1468/2774/2666
f 1468/2774/2666 1401/2772/2664 1402/2775/2667
f 1468/2774/2666 1402/2775/2667 1467/2776/2668
f 1467/2776/2668 1402/2775/2667 1403/2777/2669
f 1467/2776/2668 1403/2777/2669 1466/2778/2670
f 1466/2778/2670 1403/2777/2669 1465/2779/2671
f 1465/2779/2671 1403/2777/2669 1404/2780/2672
f 1465/2779/2671 1404/2780/2672 1464/2781/2673
f 1464/2781/2673 1404/2780/2672 1405/2782/2674
f 1464/2781/2673 1405/2782/2674 1463/2783/2675
f 1463/2783/2675 1405/2782/2674 1462/2784/2676
f 1462/2784/2676 1405/2782/2674 1406/2785/2677
f 1462/2784/2676 1406/2785/2677 1461/2786/2678
f 1461/2786/2678 1406/2785/2677 1407/2697/2589
f 1461/2786/2678 1407/2697/2589 1460/2700/2592
f 1427/2692/2584 1408/2694/2586 1426/2787/2679
f 1426/2787/2679 1408/2694/2586 1409/2788/2680
f 1426/2787/2679 1409/2788/2680 1425/2789/2681
f 1425/2789/2681 1409/2788/2680 1410/2790/2682
f 1425/2789/2681 1410/2790/2682 1424/2733/2625
f 1424/2733/2625 1410/2790/2682 1382/2731/2623
f 1447/2630/2522 1448/2752/2644 950/2623/2515
f 950/2623/2515 1448/2752/2644 1488/2754/2646
f 950/2623/2515 1488/2754/2646 1489/2791/2683
f 1489/2791/2683 1490/2624/2516 950/2623/2515
f 1492/2626/2518 1493/2792/2684 951/2612/1935
f 951/2612/1935 1493/2792/2684 1494/2793/2685
f 951/2612/1935 1494/2793/2685 1495/2794/2686
f 1495/2794/2686 1496/2613/2506 951/2612/1935
f 1027/2795/1999 1632/2796/2687 972/2797/1998
f 972/2797/1998 1632/2796/2687 1633/2798/2688
f 972/2797/1998 1633/2798/2688 1634/2799/2689
f 1632/2796/2687 1027/2795/1999 1631/2800/2690
f 1631/2800/2690 1027/2795/1999 1026/2801/2691
f 1631/2800/2690 1026/2801/2691 1025/2802/2692
f 1025/2802/2692 1024/2803/2693 1631/2800/2690
f 1631/2800/2690 1024/2803/2693 1630/2804/2694
f 1630/2804/2694 1024/2803/2693 1507/2805/2695
f 1630/2804/2694 1507/2805/2695 1629/2806/2696
f 1629/2806/2696 1507/2805/2695 1628/2807/2697
f 1628/2807/2697 1507/2805/2695 1627/2808/2698
f 1627/2808/2698 1507/2805/2695 1609/2809/2699
f 1627/2808/2698 1609/2809/2699 1626/2810/2700
f 1626/2810/2700 1609/2809/2699 1610/2811/2701
f 1626/2810/2700 1610/2811/2701 1531/2812/2702
f 1531/2812/2702 1610/2811/2701 1530/2813/2703
f 1530/2813/2703 1610/2811/2701 1611/2814/2704
f 1530/2813/2703 1611/2814/2704 1612/2815/2705
f 1609/2809/2699 1507/2805/2695 1608/2816/2706
f 1608/2816/2706 1507/2805/2695 1508/2817/2707
f 1608/2816/2706 1508/2817/2707 1607/2818/2708
f 1607/2818/2708 1508/2817/2707 1606/2819/2709
f 1606/2819/2709 1508/2817/2707 1605/2820/2710
f 1605/2820/2710 1508/2817/2707 1604/2821/2711
f 1604/2821/2711 1508/2817/2707 1603/2822/2712
f 1603/2822/2712 1508/2817/2707 1602/2823/2713
f 1602/2823/2713 1508/2817/2707 1601/2824/2714
f 1601/2824/2714 1508/2817/2707 1168/2825/2715
f 1601/2824/2714 1168/2825/2715 1600/2826/2716
f 1600/2826/2716 1168/2825/2715 1599/2827/2717
f 1599/2827/2717 1168/2825/2715 1598/2828/2718
f 1598/2828/2718 1168/2825/2715 1597/2829/2719
f 1597/2829/2719 1168/2825/2715 1620/2830/2720
f 1620/2830/2720 1168/2825/2715 1167/2831/2721
f 1620/2830/2720 1167/2831/2721 1524/2832/2722
f 1524/2832/2722 1167/2831/2721 1166/2833/2723
f 1524/2832/2722 1166/2833/2723 1523/2834/2724
f 1523/2834/2724 1166/2833/2723 1165/2835/2725
f 1523/2834/2724 1165/2835/2725 1164/2836/2726
f 1163/2837/2727 1556/2838/2728 1164/2836/2726
f 1164/2836/2726 1556/2838/2728 1557/2839/2729
f 1164/2836/2726 1557/2839/2729 1523/2834/2724
f 1523/2834/2724 1557/2839/2729 1558/2840/2730
f 1523/2834/2724 1558/2840/2730 1522/2841/2731
f 1522/2841/2731 1558/2840/2730 1559/2842/2732
f 1522/2841/2731 1559/2842/2732 1521/2843/2733
f 1521/2843/2733 1559/2842/2732 1560/2844/2734
f 1521/2843/2733 1560/2844/2734 1520/2845/2735
f 1520/2845/2735 1560/2844/2734 1561/2846/2736
f 1520/2845/2735 1561/2846/2736 1562/2847/2737
f 1556/2838/2728 1163/2837/2727 1555/2848/2738
f 1555/2848/2738 1163/2837/2727 1162/2849/2739
f 1555/2848/2738 1162/2849/2739 1554/2850/2740
f 1554/2850/2740 1162/2849/2739 1161/2851/2741
f 1554/2850/2740 1161/2851/2741 1553/2852/2742
f 1553/2852/2742 1161/2851/2741 1160/2853/2743
f 1553/2852/2742 1160/2853/2743 1552/2854/2744
f 1552/2854/2744 1160/2853/2743 1551/2855/2745
f 1551/2855/2745 1160/2853/2743 1159/2856/2746
f 1551/2855/2745 1159/2856/2746 1550/2857/2747
f 1550/2857/2747 1159/2856/2746 1549/2858/2748
f 1549/2858/2748 1159/2856/2746 1158/2859/2749
f 1549/2858/2748 1158/2859/2749 1572/2860/2750
f 1572/2860/2750 1158/2859/2749 1571/2861/2751
f 1571/2861/2751 1158/2859/2749 1509/2862/2752
f 1571/2861/2751 1509/2862/2752 1570/2863/2753
f 1570/2863/2753 1509/2862/2752 1510/2864/2754
f 1570/2863/2753 1510/2864/2754 1569/2865/2755
f 1569/2865/2755 1510/2864/2754 1568/2866/2756
f 1568/2866/2756 1510/2864/2754 1511/2867/2757
f 1568/2866/2756 1511/2867/2757 1567/2868/2758
f 1567/2868/2758 1511/2867/2757 1512/2869/2759
f 1567/2868/2758 1512/2869/2759 1566/2870/2760
f 1566/2870/2760 1512/2869/2759 1513/2871/2761
f 1566/2870/2760 1513/2871/2761 1565/2872/2762
f 1565/2872/2762 1513/2871/2761 1546/2873/2763
f 1565/2872/2762 1546/2873/2763 1564/2874/2764
f 1564/2874/2764 1546/2873/2763 1547/2875/2765
f 1564/2874/2764 1547/2875/2765 1563/2876/2766
f 1563/2876/2766 1547/2875/2765 1548/2877/2767
f 1563/2876/2766 1548/2877/2767 1562/2847/2737
f 1562/2847/2737 1548/2877/2767 1520/2845/2735
f 1513/2871/2761 1514/2878/2768 1546/2873/2763
f 1546/2873/2763 1514/2878/2768 1515/2879/2769
f 1546/2873/2763 1515/2879/2769 1545/2880/2770
f 1545/2880/2770 1515/2879/2769 1516/2881/2771
f 1545/2880/2770 1516/2881/2771 1574/2882/2772
f 1574/2882/2772 1516/2881/2771 1517/2883/2773
f 1574/2882/2772 1517/2883/2773 1573/2884/2774
f 1573/2884/2774 1517/2883/2773 1518/2885/2775
f 1573/2884/2774 1518/2885/2775 1596/2886/2776
f 1596/2886/2776 1518/2885/2775 1519/2887/2777
f 1596/2886/2776 1519/2887/2777 1595/2888/2778
f 1595/2888/2778 1519/2887/2777 1354/2889/2779
f 1595/2888/2778 1354/2889/2779 1594/2890/2780
f 1594/2890/2780 1354/2889/2779 1353/2891/2781
f 1594/2890/2780 1353/2891/2781 1593/2892/2782
f 1593/2892/2782 1353/2891/2781 1592/2893/2783
f 1592/2893/2783 1353/2891/2781 1352/2894/2784
f 1592/2893/2783 1352/2894/2784 1591/2895/2785
f 1591/2895/2785 1352/2894/2784 1590/2896/2786
f 1590/2896/2786 1352/2894/2784 1351/2897/2787
f 1590/2896/2786 1351/2897/2787 1589/2898/2788
f 1589/2898/2788 1351/2897/2787 1588/2899/2789
f 1588/2899/2789 1351/2897/2787 973/2900/2790
f 1588/2899/2789 973/2900/2790 1587/2901/2791
f 1587/2901/2791 973/2900/2790 1586/2902/2792
f 1586/2902/2792 973/2900/2790 1585/2903/2793
f 1585/2903/2793 973/2900/2790 1584/2904/2794
f 1584/2904/2794 973/2900/2790 1640/2905/2795
f 1584/2904/2794 1640/2905/2795 1538/2906/2796
f 1538/2906/2796 1640/2905/2795 1641/2907/2797
f 1538/2906/2796 1641/2907/2797 1537/2908/2798
f 1537/2908/2798 1641/2907/2797 1642/2909/2799
f 1537/2908/2798 1642/2909/2799 1536/2910/2800
f 1536/2910/2800 1642/2909/2799 1643/2911/2801
f 1536/2910/2800 1643/2911/2801 1644/2912/2802
f 972/2797/1998 1638/2913/2803 973/2900/2790
f 973/2900/2790 1638/2913/2803 1639/2914/2804
f 973/2900/2790 1639/2914/2804 1640/2905/2795
f 1620/2830/2720 1524/2832/2722 1619/2915/2805
f 1619/2915/2805 1524/2832/2722 1525/2916/2806
f 1619/2915/2805 1525/2916/2806 1618/2917/2807
f 1618/2917/2807 1525/2916/2806 1526/2918/2808
f 1618/2917/2807 1526/2918/2808 1617/2919/2809
f 1617/2919/2809 1526/2918/2808 1616/2920/2810
f 1616/2920/2810 1526/2918/2808 1527/2921/2811
f 1616/2920/2810 1527/2921/2811 1615/2922/2812
f 1615/2922/2812 1527/2921/2811 1528/2923/2813
f 1615/2922/2812 1528/2923/2813 1614/2924/2814
f 1614/2924/2814 1528/2923/2813 1613/2925/2815
f 1613/2925/2815 1528/2923/2813 1529/2926/2816
f 1613/2925/2815 1529/2926/2816 1612/2815/2705
f 1612/2815/2705 1529/2926/2816 1530/2813/2703
f 1626/2810/2700 1531/2812/2702 1625/2927/2817
f 1625/2927/2817 1531/2812/2702 1532/2928/2818
f 1625/2927/2817 1532/2928/2818 1624/2929/2819
f 1624/2929/2819 1532/2928/2818 1533/2930/2820
f 1624/2929/2819 1533/2930/2820 1623/2931/2821
f 1623/2931/2821 1533/2930/2820 1622/2932/2822
f 1622/2932/2822 1533/2930/2820 1534/2933/2823
f 1622/2932/2822 1534/2933/2823 1621/2934/2824
f 1621/2934/2824 1534/2933/2823 1535/2935/2825
f 1621/2934/2824 1535/2935/2825 1644/2912/2802
f 1644/2912/2802 1535/2935/2825 1536/2910/2800
f 1538/2906/2796 1539/2936/2826 1584/2904/2794
f 1584/2904/2794 1539/2936/2826 1583/2937/2827
f 1583/2937/2827 1539/2936/2826 1582/2938/2828
f 1582/2938/2828 1539/2936/2826 1540/2939/2829
f 1582/2938/2828 1540/2939/2829 1581/2940/2830
f 1581/2940/2830 1540/2939/2829 1541/2941/2831
f 1581/2940/2830 1541/2941/2831 1580/2942/2832
f 1580/2942/2832 1541/2941/2831 1579/2943/2833
f 1579/2943/2833 1541/2941/2831 1542/2944/2834
f 1579/2943/2833 1542/2944/2834 1578/2945/2835
f 1578/2945/2835 1542/2944/2834 1543/2946/2836
f 1578/2945/2835 1543/2946/2836 1577/2947/2837
f 1577/2947/2837 1543/2946/2836 1576/2948/2838
f 1576/2948/2838 1543/2946/2836 1544/2949/2839
f 1576/2948/2838 1544/2949/2839 1575/2950/2840
f 1575/2950/2840 1544/2949/2839 1545/2880/2770
f 1575/2950/2840 1545/2880/2770 1574/2882/2772
f 1634/2799/2689 1635/2951/2841 972/2797/1998
f 972/2797/1998 1635/2951/2841 1636/2952/2842
f 972/2797/1998 1636/2952/2842 1637/2953/2843
f 1637/2953/2843 1638/2913/2803 972/2797/1998
f 1008/2954/1893 975/2955/1892 1019/2956/2844
f 1019/2956/2844 975/2955/1892 1020/2957/2845
f 1020/2957/2845 975/2955/1892 1696/2958/2846
f 1020/2957/2845 1696/2958/2846 1021/2959/2847
f 1021/2959/2847 1696/2958/2846 1022/2960/2848
f 1022/2960/2848 1696/2958/2846 1023/2961/2849
f 1023/2961/2849 1696/2958/2846 1697/2962/2850
f 1023/2961/2849 1697/2962/2850 1698/2963/2851
f 974/2964/2852 1689/2965/2853 975/2955/1892
f 975/2955/1892 1689/2965/2853 1690/2966/2854
f 975/2955/1892 1690/2966/2854 1691/2967/2855
f 1350/2968/2856 1715/2969/2857 974/2964/2852
f 974/2964/2852 1715/2969/2857 1716/2970/2858
f 974/2964/2852 1716/2970/2858 1717/2971/2859
f 1349/2972/2860 1713/2973/2861 1350/2968/2856
f 1350/2968/2856 1713/2973/2861 1714/2974/2862
f 1350/2968/2856 1714/2974/2862 1715/2969/2857
f 1348/2975/2863 1711/2976/2864 1349/2972/2860
f 1349/2972/2860 1711/2976/2864 1712/2977/2865
f 1349/2972/2860 1712/2977/2865 1713/2973/2861
f 1347/2978/2866 1709/2979/2867 1348/2975/2863
f 1348/2975/2863 1709/2979/2867 1710/2980/2868
f 1348/2975/2863 1710/2980/2868 1711/2976/2864
f 1709/2979/2867 1347/2978/2866 1708/2981/2869
f 1708/2981/2869 1347/2978/2866 1645/2982/2870
f 1708/2981/2869 1645/2982/2870 1707/2983/2871
f 1707/2983/2871 1645/2982/2870 1646/2984/2872
f 1707/2983/2871 1646/2984/2872 1647/2985/2873
f 1707/2983/2871 1647/2985/2873 1706/2986/2874
f 1706/2986/2874 1647/2985/2873 1648/2987/2875
f 1706/2986/2874 1648/2987/2875 1729/2988/2876
f 1729/2988/2876 1648/2987/2875 1649/2989/2877
f 1729/2988/2876 1649/2989/2877 1728/2990/2878
f 1728/2990/2878 1649/2989/2877 1758/2991/2879
f 1728/2990/2878 1758/2991/2879 1759/2992/2880
f 1649/2989/2877 1650/2993/2881 1758/2991/2879
f 1758/2991/2879 1650/2993/2881 1651/2994/2882
f 1758/2991/2879 1651/2994/2882 1757/2995/2883
f 1757/2995/2883 1651/2994/2882 1666/2996/2884
f 1757/2995/2883 1666/2996/2884 1756/2997/2885
f 1756/2997/2885 1666/2996/2884 1667/2998/2886
f 1756/2997/2885 1667/2998/2886 1668/2999/2887
f 1651/2994/2882 1652/3000/2888 1666/2996/2884
f 1666/2996/2884 1652/3000/2888 1665/3001/2889
f 1665/3001/2889 1652/3000/2888 1653/3002/2890
f 1665/3001/2889 1653/3002/2890 1664/3003/2891
f 1664/3003/2891 1653/3002/2890 1663/3004/2892
f 1663/3004/2892 1653/3002/2890 1654/3005/2893
f 1663/3004/2892 1654/3005/2893 1662/3006/2894
f 1662/3006/2894 1654/3005/2893 1655/3007/2895
f 1662/3006/2894 1655/3007/2895 1661/3008/2896
f 1661/3008/2896 1655/3007/2895 1660/3009/2897
f 1660/3009/2897 1655/3007/2895 1179/3010/2898
f 1660/3009/2897 1179/3010/2898 1659/3011/2899
f 1659/3011/2899 1179/3010/2898 1658/3012/2900
f 1658/3012/2900 1179/3010/2898 1178/3013/2901
f 1658/3012/2900 1178/3013/2901 1681/3014/2902
f 1681/3014/2902 1178/3013/2901 1680/3015/2903
f 1680/3015/2903 1178/3013/2901 1177/3016/2904
f 1680/3015/2903 1177/3016/2904 1679/3017/2905
f 1679/3017/2905 1177/3016/2904 1678/3018/2906
f 1678/3018/2906 1177/3016/2904 1176/3019/2907
f 1678/3018/2906 1176/3019/2907 1677/3020/2908
f 1677/3020/2908 1176/3019/2907 1676/3021/2909
f 1676/3021/2909 1176/3019/2907 1175/3022/2910
f 1676/3021/2909 1175/3022/2910 1675/3023/2911
f 1675/3023/2911 1175/3022/2910 1174/3024/2912
f 1675/3023/2911 1174/3024/2912 1674/3025/2913
f 1674/3025/2913 1174/3024/2912 1780/3026/2914
f 1674/3025/2913 1780/3026/2914 1781/3027/2915
f 1174/3024/2912 1173/3028/2916 1780/3026/2914
f 1780/3026/2914 1173/3028/2916 1779/3029/2917
f 1779/3029/2917 1173/3028/2916 1172/3030/2918
f 1779/3029/2917 1172/3030/2918 1171/3031/2919
f 1170/3032/2920 1731/3033/2921 1171/3031/2919
f 1171/3031/2919 1731/3033/2921 1732/3034/2922
f 1171/3031/2919 1732/3034/2922 1779/3029/2917
f 1779/3029/2917 1732/3034/2922 1778/3035/2923
f 1778/3035/2923 1732/3034/2922 1733/3036/2924
f 1778/3035/2923 1733/3036/2924 1777/3037/2925
f 1777/3037/2925 1733/3036/2924 1734/3038/2926
f 1777/3037/2925 1734/3038/2926 1735/3039/2927
f 1731/3033/2921 1170/3032/2920 1730/3040/2928
f 1730/3040/2928 1170/3032/2920 1169/3041/2929
f 1730/3040/2928 1169/3041/2929 1753/3042/2930
f 1753/3042/2930 1169/3041/2929 1752/3043/2931
f 1752/3043/2931 1169/3041/2929 1751/3044/2932
f 1751/3044/2932 1169/3041/2929 1750/3045/2933
f 1750/3045/2933 1169/3041/2929 1749/3046/2934
f 1749/3046/2934 1169/3041/2929 1656/3047/2935
f 1749/3046/2934 1656/3047/2935 1748/3048/2936
f 1748/3048/2936 1656/3047/2935 1747/3049/2937
f 1747/3049/2937 1656/3047/2935 1746/3050/2938
f 1746/3050/2938 1656/3047/2935 1745/3051/2939
f 1745/3051/2939 1656/3047/2935 1744/3052/2940
f 1744/3052/2940 1656/3047/2935 1743/3053/2941
f 1743/3053/2941 1656/3047/2935 1657/3054/2942
f 1743/3053/2941 1657/3054/2942 1742/3055/2943
f 1742/3055/2943 1657/3054/2942 1700/3056/2944
f 1742/3055/2943 1700/3056/2944 1741/3057/2945
f 1741/3057/2945 1700/3056/2944 1701/3058/2946
f 1741/3057/2945 1701/3058/2946 1772/3059/2947
f 1772/3059/2947 1701/3058/2946 1702/3060/2948
f 1772/3059/2947 1702/3060/2948 1771/3061/2949
f 1771/3061/2949 1702/3060/2948 1703/3062/2950
f 1771/3061/2949 1703/3062/2950 1770/3063/2951
f 1770/3063/2951 1703/3062/2950 1704/3064/2952
f 1770/3063/2951 1704/3064/2952 1705/3065/2953
f 1023/2961/2849 1698/2963/2851 1657/3054/2942
f 1657/3054/2942 1698/2963/2851 1699/3066/2954
f 1657/3054/2942 1699/3066/2954 1700/3056/2944
f 1756/2997/2885 1668/2999/2887 1755/3067/2955
f 1755/3067/2955 1668/2999/2887 1669/3068/2956
f 1755/3067/2955 1669/3068/2956 1754/3069/2957
f 1754/3069/2957 1669/3068/2956 1670/3070/2958
f 1754/3069/2957 1670/3070/2958 1671/3071/2959
f 1754/3069/2957 1671/3071/2959 1782/3072/2960
f 1782/3072/2960 1671/3071/2959 1672/3073/2961
f 1782/3072/2960 1672/3073/2961 1781/3027/2915
f 1781/3027/2915 1672/3073/2961 1673/3074/2962
f 1781/3027/2915 1673/3074/2962 1674/3025/2913
f 1683/3075/2963 1768/3076/2964 1682/3077/2965
f 1682/3077/2965 1768/3076/2964 1769/3078/2966
f 1682/3077/2965 1769/3078/2966 1705/3065/2953
f 1705/3065/2953 1769/3078/2966 1770/3063/2951
f 1768/3076/2964 1683/3075/2963 1767/3079/2967
f 1767/3079/2967 1683/3075/2963 1684/3080/2968
f 1767/3079/2967 1684/3080/2968 1685/3081/2969
f 1767/3079/2967 1685/3081/2969 1766/3082/2970
f 1766/3082/2970 1685/3081/2969 1686/3083/2971
f 1766/3082/2970 1686/3083/2971 1765/3084/2972
f 1765/3084/2972 1686/3083/2971 1687/3085/2973
f 1765/3084/2972 1687/3085/2973 1719/3086/2974
f 1719/3086/2974 1687/3085/2973 1688/3087/2975
f 1719/3086/2974 1688/3087/2975 974/2964/2852
f 974/2964/2852 1688/3087/2975 1689/2965/2853
f 1691/2967/2855 1692/3088/2976 975/2955/1892
f 975/2955/1892 1692/3088/2976 1693/3089/2977
f 975/2955/1892 1693/3089/2977 1694/3090/2978
f 1694/3090/2978 1695/3091/2979 975/2955/1892
f 975/2955/1892 1695/3091/2979 1696/2958/2846
f 1717/2971/2859 1718/3092/2980 974/2964/2852
f 974/2964/2852 1718/3092/2980 1719/3086/2974
f 1719/3086/2974 1720/3093/2981 1765/3084/2972
f 1765/3084/2972 1720/3093/2981 1764/3094/2982
f 1764/3094/2982 1720/3093/2981 1721/3095/2983
f 1764/3094/2982 1721/3095/2983 1763/3096/2984
f 1763/3096/2984 1721/3095/2983 1722/3097/2985
f 1763/3096/2984 1722/3097/2985 1762/3098/2986
f 1762/3098/2986 1722/3097/2985 1723/3099/2987
f 1762/3098/2986 1723/3099/2987 1724/3100/2988
f 1762/3098/2986 1724/3100/2988 1761/3101/2989
f 1761/3101/2989 1724/3100/2988 1725/3102/2990
f 1761/3101/2989 1725/3102/2990 1760/3103/2991
f 1760/3103/2991 1725/3102/2990 1726/3104/2992
f 1760/3103/2991 1726/3104/2992 1727/3105/2993
f 1760/3103/2991 1727/3105/2993 1759/2992/2880
f 1759/2992/2880 1727/3105/2993 1728/2990/2878
f 1777/3037/2925 1735/3039/2927 1776/3106/2994
f 1776/3106/2994 1735/3039/2927 1736/3107/2995
f 1776/3106/2994 1736/3107/2995 1775/3108/2996
f 1775/3108/2996 1736/3107/2995 1737/3109/2997
f 1775/3108/2996 1737/3109/2997 1738/3110/2998
f 1775/3108/2996 1738/3110/2998 1774/3111/2999
f 1774/3111/2999 1738/3110/2998 1739/3112/3000
f 1774/3111/2999 1739/3112/3000 1773/3113/3001
f 1773/3113/3001 1739/3112/3000 1740/3114/3002
f 1773/3113/3001 1740/3114/3002 1772/3059/2947
f 1772/3059/2947 1740/3114/3002 1741/3057/2945
f 1329/3115/3003 1328/3116/3004 1136/3117/2201
f 1136/3117/2201 1328/3116/3004 1137/3118/2200
f 1506/3119/3005 1299/3120/3006 1483/3121/3007
f 1483/3121/3007 1299/3120/3006 1298/3122/3008
f 1483/3123/3007 1298/3124/3008 1484/3125/3009
f 1484/3125/3009 1298/3124/3008 1321/3126/3010
f 1484/3125/3009 1321/3126/3010 1485/3127/3011
f 1485/3127/3011 1321/3126/3010 1320/3128/3012
f 1485/3127/3011 1320/3128/3012 1486/3129/3013
f 1486/3129/3013 1320/3128/3012 1319/3130/3014
f 1486/3129/3013 1319/3130/3014 1487/3131/3015
f 1487/3131/3015 1319/3130/3014 1318/3132/3016
f 1487/3131/3015 1318/3132/3016 1488/3133/3017
f 1488/3133/3017 1318/3132/3016 1317/3134/3018
f 1488/3133/3017 1317/3134/3018 1489/3135/3019
f 1489/3135/3019 1317/3134/3018 1316/3136/3020
f 1489/3135/3019 1316/3136/3020 1490/3137/3021
f 1490/3137/3021 1316/3136/3020 1315/3138/3022
f 1490/3137/3021 1315/3138/3022 1491/3139/3023
f 1491/3139/3023 1315/3138/3022 1314/3140/3024
f 1491/3139/3023 1314/3140/3024 1492/3141/3025
f 1492/3141/3025 1314/3140/3024 1313/3142/3026
f 1492/3141/3025 1313/3142/3026 1493/3143/3027
f 1493/3143/3027 1313/3142/3026 1312/3144/3028
f 1493/3143/3027 1312/3144/3028 1494/3145/3029
f 1494/3145/3029 1312/3144/3028 1311/3146/3030
f 1494/3145/3029 1311/3146/3030 1495/3147/3031
f 1495/3147/3031 1311/3146/3030 1310/3148/3032
f 1495/3147/3031 1310/3148/3032 1496/3149/3033
f 1496/3149/3033 1310/3148/3032 1309/3150/3034
f 1496/3149/3033 1309/3150/3034 1497/3151/3035
f 1497/3151/3035 1309/3150/3034 1308/3152/3036
f 1497/3151/3035 1308/3152/3036 1498/3153/3037
f 1498/3153/3037 1308/3152/3036 1307/3154/3038
f 1498/3153/3037 1307/3154/3038 1499/3155/3039
f 1499/3155/3039 1307/3154/3038 1306/3156/3040
f 1499/3155/3039 1306/3156/3040 1500/3157/3041
f 1500/3157/3041 1306/3156/3040 1305/3158/3042
f 1500/3157/3041 1305/3158/3042 1501/3159/3043
f 1501/3159/3043 1305/3158/3042 1304/3160/3044
f 1501/3159/3043 1304/3160/3044 1502/3161/3045
f 1502/3161/3045 1304/3160/3044 1303/3162/3046
f 1502/3161/3045 1303/3162/3046 1503/3163/3047
f 1503/3163/3047 1303/3162/3046 1302/3164/3048
f 1503/3163/3047 1302/3164/3048 1504/3165/3049
f 1504/3165/3049 1302/3164/3048 1301/3166/3050
f 1504/3165/3049 1301/3166/3050 1505/3167/3051
f 1505/3167/3051 1301/3166/3050 1300/3168/3052
f 1505/3167/3051 1300/3168/3052 1506/3119/3005
f 1506/3119/3005 1300/3168/3052 1299/3120/3006
f 1482/3169/3053 1275/3170/3054 1459/3171/3055
f 1459/3171/3055 1275/3170/3054 1274/3172/3056
f 1459/3173/3055 1274/3174/3056 1460/3175/3057
f 1460/3175/3057 1274/3174/3056 1297/3176/3058
f 1460/3175/3057 1297/3176/3058 1461/3177/3059
f 1461/3177/3059 1297/3176/3058 1296/3178/3060
f 1461/3177/3059 1296/3178/3060 1462/3179/3061
f 1462/3179/3061 1296/3178/3060 1295/3180/3062
f 1462/3179/3061 1295/3180/3062 1463/3181/3063
f 1463/3181/3063 1295/3180/3062 1294/3182/3064
f 1463/3181/3063 1294/3182/3064 1464/3183/3065
f 1464/3183/3065 1294/3182/3064 1293/3184/3066
f 1464/3183/3065 1293/3184/3066 1465/3185/3067
f 1465/3185/3067 1293/3184/3066 1292/3186/3068
f 1465/3185/3067 1292/3186/3068 1466/3187/3069
f 1466/3187/3069 1292/3186/3068 1291/3188/3070
f 1466/3187/3069 1291/3188/3070 1467/3189/3071
f 1467/3189/3071 1291/3188/3070 1290/3190/3072
f 1467/3189/3071 1290/3190/3072 1468/3191/3073
f 1468/3191/3073 1290/3190/3072 1289/3192/3074
f 1468/3191/3073 1289/3192/3074 1469/3193/3075
f 1469/3193/3075 1289/3192/3074 1288/3194/3076
f 1469/3193/3075 1288/3194/3076 1470/3195/3077
f 1470/3195/3077 1288/3194/3076 1287/3196/3078
f 1470/3195/3077 1287/3196/3078 1471/3197/3079
f 1471/3197/3079 1287/3196/3078 1286/3198/3080
f 1471/3197/3079 1286/3198/3080 1472/3199/3081
f 1472/3199/3081 1286/3198/3080 1285/3200/3082
f 1472/3199/3081 1285/3200/3082 1473/3201/3083
f 1473/3201/3083 1285/3200/3082 1284/3202/3084
f 1473/3201/3083 1284/3202/3084 1474/3203/3085
f 1474/3203/3085 1284/3202/3084 1283/3204/3086
f 1474/3203/3085 1283/3204/3086 1475/3205/3087
f 1475/3205/3087 1283/3204/3086 1282/3206/3088
f 1475/3205/3087 1282/3206/3088 1476/3207/3089
f 1476/3207/3089 1282/3206/3088 1281/3208/3090
f 1476/3207/3089 1281/3208/3090 1477/3209/3091
f 1477/3209/3091 1281/3208/3090 1280/3210/3092
f 1477/3209/3091 1280/3210/3092 1478/3211/3093
f 1478/3211/3093 1280/3210/3092 1279/3212/3094
f 1478/3211/3093 1279/3212/3094 1479/3213/3095
f 1479/3213/3095 1279/3212/3094 1278/3214/3096
f 1479/3213/3095 1278/3214/3096 1480/3215/3097
f 1480/3215/3097 1278/3214/3096 1277/3216/3098
f 1480/3215/3097 1277/3216/3098 1481/3217/3099
f 1481/3217/3099 1277/3216/3098 1276/3218/3100
f 1481/3217/3099 1276/3218/3100 1482/3169/3053
f 1482/3169/3053 1276/3218/3100 1275/3170/3054
f 1458/3219/3101 1251/3220/3102 1435/3221/3103
f 1435/3221/3103 1251/3220/3102 1250/3222/3104
f 1435/3223/3103 1250/3224/3104 1436/3225/3105
f 1436/3225/3105 1250/3224/3104 1273/3226/3106
f 1436/3225/3105 1273/3226/3106 1437/3227/3107
f 1437/3227/3107 1273/3226/3106 1272/3228/3108
f 1437/3227/3107 1272/3228/3108 1438/3229/3109
f 1438/3229/3109 1272/3228/3108 1271/3230/3110
f 1438/3229/3109 1271/3230/3110 1439/3231/3111
f 1439/3231/3111 1271/3230/3110 1270/3232/3112
f 1439/3231/3111 1270/3232/3112 1440/3233/3113
f 1440/3233/3113 1270/3232/3112 1269/3234/3114
f 1440/3233/3113 1269/3234/3114 1441/3235/3115
f 1441/3235/3115 1269/3234/3114 1268/3236/3116
f 1441/3235/3115 1268/3236/3116 1442/3237/3117
f 1442/3237/3117 1268/3236/3116 1267/3238/3118
f 1442/3237/3117 1267/3238/3118 1443/3239/3119
f 1443/3239/3119 1267/3238/3118 1266/3240/3120
f 1443/3239/3119 1266/3240/3120 1444/3241/3121
f 1444/3241/3121 1266/3240/3120 1265/3242/3122
f 1444/3241/3121 1265/3242/3122 1445/3243/3123
f 1445/3243/3123 1265/3242/3122 1264/3244/3124
f 1445/3243/3123 1264/3244/3124 1446/3245/3125
f 1446/3245/3125 1264/3244/3124 1263/3246/3126
f 1446/3245/3125 1263/3246/3126 1447/3247/3127
f 1447/3247/3127 1263/3246/3126 1262/3248/3128
f 1447/3247/3127 1262/3248/3128 1448/3249/3129
f 1448/3249/3129 1262/3248/3128 1261/3250/3130
f 1448/3249/3129 1261/3250/3130 1449/3251/3131
f 1449/3251/3131 1261/3250/3130 1260/3252/3132
f 1449/3251/3131 1260/3252/3132 1450/3253/3133
f 1450/3253/3133 1260/3252/3132 1259/3254/3134
f 1450/3253/3133 1259/3254/3134 1451/3255/3135
f 1451/3255/3135 1259/3254/3134 1258/3256/3136
f 1451/3255/3135 1258/3256/3136 1452/3257/3137
f 1452/3257/3137 1258/3256/3136 1257/3258/3138
f 1452/3257/3137 1257/3258/3138 1453/3259/3139
f 1453/3259/3139 1257/3258/3138 1256/3260/3140
f 1453/3259/3139 1256/3260/3140 1454/3261/3141
f 1454/3261/3141 1256/3260/3140 1255/3262/3142
f 1454/3261/3141 1255/3262/3142 1455/3263/3143
f 1455/3263/3143 1255/3262/3142 1254/3264/3144
f 1455/3263/3143 1254/3264/3144 1456/3265/3145
f 1456/3265/3145 1254/3264/3144 1253/3266/3146
f 1456/3265/3145 1253/3266/3146 1457/3267/3147
f 1457/3267/3147 1253/3266/3146 1252/3268/3148
f 1457/3267/3147 1252/3268/3148 1458/3219/3101
f 1458/3219/3101 1252/3268/3148 1251/3220/3102
f 1434/3269/3149 1227/3270/3150 1411/3271/3151
f 1411/3271/3151 1227/3270/3150 1226/3272/3152
f 1411/3273/3151 1226/3274/3152 1412/3275/3153
f 1412/3275/3153 1226/3274/3152 1249/3276/3154
f 1412/3275/3153 1249/3276/3154 1413/3277/3155
f 1413/3277/3155 1249/3276/3154 1248/3278/3156
f 1413/3277/3155 1248/3278/3156 1414/3279/3157
f 1414/3279/3157 1248/3278/3156 1247/3280/3158
f 1414/3279/3157 1247/3280/3158 1415/3281/3159
f 1415/3281/3159 1247/3280/3158 1246/3282/3160
f 1415/3281/3159 1246/3282/3160 1416/3283/3161
f 1416/3283/3161 1246/3282/3160 1245/3284/3162
f 1416/3283/3161 1245/3284/3162 1417/3285/3163
f 1417/3285/3163 1245/3284/3162 1244/3286/3164
f 1417/3285/3163 1244/3286/3164 1418/3287/3165
f 1418/3287/3165 1244/3286/3164 1243/3288/3166
f 1418/3287/3165 1243/3288/3166 1419/3289/3167
f 1419/3289/3167 1243/3288/3166 1242/3290/3168
f 1419/3289/3167 1242/3290/3168 1420/3291/3169
f 1420/3291/3169 1242/3290/3168 1241/3292/3170
f 1420/3291/3169 1241/3292/3170 1421/3293/3171
f 1421/3293/3171 1241/3292/3170 1240/3294/3172
f 1421/3293/3171 1240/3294/3172 1422/3295/3173
f 1422/3295/3173 1240/3294/3172 1239/3296/3174
f 1422/3295/3173 1239/3296/3174 1423/3297/3175
f 1423/3297/3175 1239/3296/3174 1238/3298/3176
f 1423/3297/3175 1238/3298/3176 1424/3299/3177
f 1424/3299/3177 1238/3298/3176 1237/3300/3178
f 1424/3299/3177 1237/3300/3178 1425/3301/3179
f 1425/3301/3179 1237/3300/3178 1236/3302/3180
f 1425/3301/3179 1236/3302/3180 1426/3303/3181
f 1426/3303/3181 1236/3302/3180 1235/3304/3182
f 1426/3303/3181 1235/3304/3182 1427/3305/3183
f 1427/3305/3183 1235/3304/3182 1234/3306/3184
f 1427/3305/3183 1234/3306/3184 1428/3307/3185
f 1428/3307/3185 1234/3306/3184 1233/3308/3186
f 1428/3307/3185 1233/3308/3186 1429/3309/3187
f 1429/3309/3187 1233/3308/3186 1232/3310/3188
f 1429/3309/3187 1232/3310/3188 1430/3311/3189
f 1430/3311/3189 1232/3310/3188 1231/3312/3190
f 1430/3311/3189 1231/3312/3190 1431/3313/3191
f 1431/3313/3191 1231/3312/3190 1230/3314/3192
f 1431/3313/3191 1230/3314/3192 1432/3315/3193
f 1432/3315/3193 1230/3314/3192 1229/3316/3194
f 1432/3315/3193 1229/3316/3194 1433/3317/3195
f 1433/3317/3195 1229/3316/3194 1228/3318/3196
f 1433/3317/3195 1228/3318/3196 1434/3269/3149
f 1434/3269/3149 1228/3318/3196 1227/3270/3150
f 1410/3319/3197 1198/3320/3198 1382/3321/3199
f 1382/3321/3199 1198/3320/3198 1197/3322/3200
f 1382/3323/3199 1197/3324/3200 1383/3325/3201
f 1383/3325/3201 1197/3324/3200 1225/3326/3202
f 1383/3325/3201 1225/3326/3202 1384/3327/3203
f 1384/3327/3203 1225/3326/3202 1224/3328/3204
f 1384/3327/3203 1224/3328/3204 1385/3329/3205
f 1385/3329/3205 1224/3328/3204 1223/3330/3206
f 1385/3329/3205 1223/3330/3206 1386/3331/3207
f 1386/3331/3207 1223/3330/3206 1222/3332/3208
f 1386/3331/3207 1222/3332/3208 1387/3333/3209
f 1387/3333/3209 1222/3332/3208 1221/3334/3210
f 1387/3333/3209 1221/3334/3210 1388/3335/3211
f 1388/3335/3211 1221/3334/3210 1220/3336/3212
f 1388/3335/3211 1220/3336/3212 1389/3337/3213
f 1389/3337/3213 1220/3336/3212 1219/3338/3214
f 1389/3337/3213 1219/3338/3214 1390/3339/3215
f 1390/3339/3215 1219/3338/3214 1218/3340/3216
f 1390/3339/3215 1218/3340/3216 1391/3341/3217
f 1391/3341/3217 1218/3340/3216 1217/3342/3218
f 1391/3341/3217 1217/3342/3218 1392/3343/3219
f 1392/3343/3219 1217/3342/3218 1216/3344/3220
f 1392/3343/3219 1216/3344/3220 1393/3345/3221
f 1393/3345/3221 1216/3344/3220 1215/3346/3222
f 1393/3345/3221 1215/3346/3222 1394/3347/3223
f 1394/3347/3223 1215/3346/3222 1214/3348/3224
f 1394/3347/3223 1214/3348/3224 1395/3349/3225
f 1395/3349/3225 1214/3348/3224 1213/3350/3226
f 1395/3349/3225 1213/3350/3226 1396/3351/3227
f 1396/3351/3227 1213/3350/3226 1212/3352/3228
f 1396/3351/3227 1212/3352/3228 1397/3353/3229
f 1397/3353/3229 1212/3352/3228 1211/3354/3230
f 1397/3353/3229 1211/3354/3230 1398/3355/3231
f 1398/3355/3231 1211/3354/3230 1210/3356/3232
f 1398/3355/3231 1210/3356/3232 1399/3357/3233
f 1399/3357/3233 1210/3356/3232 1209/3358/3234
f 1399/3357/3233 1209/3358/3234 1400/3359/3235
f 1400/3359/3235 1209/3358/3234 1208/3360/3236
f 1400/3359/3235 1208/3360/3236 1401/3361/3237
f 1401/3361/3237 1208/3360/3236 1207/3362/3238
f 1401/3361/3237 1207/3362/3238 1402/3363/3239
f 1402/3363/3239 1207/3362/3238 1206/3364/3240
f 1402/3363/3239 1206/3364/3240 1403/3365/3241
f 1403/3365/3241 1206/3364/3240 1205/3366/3242
f 1403/3365/3241 1205/3366/3242 1404/3367/3243
f 1404/3367/3243 1205/3366/3242 1204/3368/3244
f 1404/3367/3243 1204/3368/3244 1405/3369/3245
f 1405/3369/3245 1204/3368/3244 1203/3370/3246
f 1405/3369/3245 1203/3370/3246 1406/3371/3247
f 1406/3371/3247 1203/3370/3246 1202/3372/3248
f 1406/3371/3247 1202/3372/3248 1407/3373/3249
f 1407/3373/3249 1202/3372/3248 1201/3374/3250
f 1407/3373/3249 1201/3374/3250 1408/3375/3251
f 1408/3375/3251 1201/3374/3250 1200/3376/3252
f 1408/3375/3251 1200/3376/3252 1409/3377/3253
f 1409/3377/3253 1200/3376/3252 1199/3378/3254
f 1409/3377/3253 1199/3378/3254 1410/3319/3197
f 1410/3319/3197 1199/3378/3254 1198/3320/3198
f 1362/3379/2504 1361/3380/2505 1363/3381/3255
f 1363/3381/3255 1361/3380/2505 1360/3382/3256
f 1363/3381/3255 1360/3382/3256 1359/3383/3257
f 1363/3381/3255 1359/3383/3257 1364/3384/3258
f 1364/3384/3258 1359/3383/3257 1358/3385/3259
f 1364/3384/3258 1358/3385/3259 1365/3386/3260
f 1365/3386/3260 1358/3385/3259 1355/3387/2487
f 1365/3386/3260 1355/3387/2487 1366/3388/3261
f 1366/3388/3261 1355/3387/2487 1367/3389/3262
f 1367/3389/3262 1355/3387/2487 1190/3390/2488
f 1367/3389/3262 1190/3390/2488 1189/3391/3263
f 1188/3392/3264 1369/3393/3265 1189/3391/3263
f 1189/3391/3263 1369/3393/3265 1368/3394/3266
f 1189/3391/3263 1368/3394/3266 1367/3389/3262
f 1369/3393/3265 1188/3392/3264 1370/3395/3267
f 1370/3395/3267 1188/3392/3264 1187/3396/3268
f 1370/3395/3267 1187/3396/3268 1371/3397/3269
f 1371/3397/3269 1187/3396/3268 1372/3398/3270
f 1372/3398/3270 1187/3396/3268 1186/3399/3271
f 1372/3398/3270 1186/3399/3271 1373/3400/3272
f 1373/3400/3272 1186/3399/3271 1374/3401/3273
f 1374/3401/3273 1186/3399/3271 1185/3402/3274
f 1374/3401/3273 1185/3402/3274 1375/3403/3275
f 1375/3403/3275 1185/3402/3274 1376/3404/3276
f 1376/3404/3276 1185/3402/3274 1184/3405/3277
f 1376/3404/3276 1184/3405/3277 1377/3406/3278
f 1377/3406/3278 1184/3405/3277 1378/3407/3279
f 1378/3407/3279 1184/3405/3277 1183/3408/3280
f 1378/3407/3279 1183/3408/3280 1379/3409/3281
f 1379/3409/3281 1183/3408/3280 1182/3410/3282
f 1379/3409/3281 1182/3410/3282 1380/3411/3283
f 1380/3411/3283 1182/3410/3282 1381/3412/3284
f 1381/3412/3284 1182/3410/3282 1121/3413/3285
f 1381/3412/3284 1121/3413/3285 1157/3414/3286
f 1158/3415/3287 1179/3416/3288 1509/3417/3289
f 1509/3417/3289 1179/3416/3288 1655/3418/3290
f 1509/3417/3289 1655/3418/3290 1510/3419/3291
f 1510/3419/3291 1655/3418/3290 1654/3420/3292
f 1510/3419/3291 1654/3420/3292 1511/3421/3293
f 1511/3421/3293 1654/3420/3292 1653/3422/3294
f 1511/3421/3293 1653/3422/3294 1512/3423/3295
f 1512/3423/3295 1653/3422/3294 1652/3424/3296
f 1512/3423/3295 1652/3424/3296 1513/3425/3297
f 1513/3425/3297 1652/3424/3296 1651/3426/3298
f 1513/3425/3297 1651/3426/3298 1514/3427/3299
f 1514/3427/3299 1651/3426/3298 1650/3428/3300
f 1514/3427/3299 1650/3428/3300 1515/3429/3301
f 1515/3429/3301 1650/3428/3300 1649/3430/3302
f 1515/3429/3301 1649/3430/3302 1516/3431/3303
f 1516/3431/3303 1649/3430/3302 1648/3432/3304
f 1516/3431/3303 1648/3432/3304 1517/3433/3305
f 1517/3433/3305 1648/3432/3304 1647/3434/3306
f 1705/3435/3307 1622/3436/3308 1682/3437/3309
f 1682/3437/3309 1622/3436/3308 1621/3438/3310
f 1682/3439/3309 1621/3440/3310 1683/3441/3311
f 1683/3441/3311 1621/3440/3310 1644/3442/3312
f 1683/3441/3311 1644/3442/3312 1684/3443/3313
f 1684/3443/3313 1644/3442/3312 1643/3444/3314
f 1684/3443/3313 1643/3444/3314 1685/3445/3315
f 1685/3445/3315 1643/3444/3314 1642/3446/3316
f 1685/3445/3315 1642/3446/3316 1686/3447/3317
f 1686/3447/3317 1642/3446/3316 1641/3448/3318
f 1686/3447/3317 1641/3448/3318 1687/3449/3319
f 1687/3449/3319 1641/3448/3318 1640/3450/3320
f 1687/3449/3319 1640/3450/3320 1688/3451/3321
f 1688/3451/3321 1640/3450/3320 1639/3452/3322
f 1688/3451/3321 1639/3452/3322 1689/3453/3323
f 1689/3453/3323 1639/3452/3322 1638/3454/3324
f 1689/3453/3323 1638/3454/3324 1690/3455/3325
f 1690/3455/3325 1638/3454/3324 1637/3456/3326
f 1690/3455/3325 1637/3456/3326 1691/3457/3327
f 1691/3457/3327 1637/3456/3326 1636/3458/3328
f 1691/3457/3327 1636/3458/3328 1692/3459/3329
f 1692/3459/3329 1636/3458/3328 1635/3460/3330
f 1692/3459/3329 1635/3460/3330 1693/3461/3331
f 1693/3461/3331 1635/3460/3330 1634/3462/3332
f 1693/3461/3331 1634/3462/3332 1694/3463/3333
f 1694/3463/3333 1634/3462/3332 1633/3464/3334
f 1694/3463/3333 1633/3464/3334 1695/3465/3335
f 1695/3465/3335 1633/3464/3334 1632/3466/3336
f 1695/3465/3335 1632/3466/3336 1696/3467/3337
f 1696/3467/3337 1632/3466/3336 1631/3468/3338
f 1696/3467/3337 1631/3468/3338 1697/3469/3339
f 1697/3469/3339 1631/3468/3338 1630/3470/3340
f 1697/3469/3339 1630/3470/3340 1698/3471/3341
f 1698/3471/3341 1630/3470/3340 1629/3472/3342
f 1698/3471/3341 1629/3472/3342 1699/3473/3343
f 1699/3473/3343 1629/3472/3342 1628/3474/3344
f 1699/3473/3343 1628/3474/3344 1700/3475/3345
f 1700/3475/3345 1628/3474/3344 1627/3476/3346
f 1700/3475/3345 1627/3476/3346 1701/3477/3347
f 1701/3477/3347 1627/3476/3346 1626/3478/3348
f 1701/3477/3347 1626/3478/3348 1702/3479/3349
f 1702/3479/3349 1626/3478/3348 1625/3480/3350
f 1702/3479/3349 1625/3480/3350 1703/3481/3351
f 1703/3481/3351 1625/3480/3350 1624/3482/3352
f 1703/3481/3351 1624/3482/3352 1704/3483/3353
f 1704/3483/3353 1624/3482/3352 1623/3484/3354
f 1704/3483/3353 1623/3484/3354 1705/3435/3307
f 1705/3435/3307 1623/3484/3354 1622/3436/3308
f 1753/3485/3355 1598/3486/3356 1730/3487/3357
f 1730/3487/3357 1598/3486/3356 1597/3488/3358
f 1730/3489/3357 1597/3490/3358 1731/3491/3359
f 1731/3491/3359 1597/3490/3358 1620/3492/3360
f 1731/3491/3359 1620/3492/3360 1732/3493/3361
f 1732/3493/3361 1620/3492/3360 1619/3494/3362
f 1732/3493/3361 1619/3494/3362 1733/3495/3363
f 1733/3495/3363 1619/3494/3362 1618/3496/3364
f 1733/3495/3363 1618/3496/3364 1734/3497/3365
f 1734/3497/3365 1618/3496/3364 1617/3498/3366
f 1734/3497/3365 1617/3498/3366 1735/3499/3367
f 1735/3499/3367 1617/3498/3366 1616/3500/3368
f 1735/3499/3367 1616/3500/3368 1736/3501/3369
f 1736/3501/3369 1616/3500/3368 1615/3502/3370
f 1736/3501/3369 1615/3502/3370 1737/3503/3371
f 1737/3503/3371 1615/3502/3370 1614/3504/3372
f 1737/3503/3371 1614/3504/3372 1738/3505/3373
f 1738/3505/3373 1614/3504/3372 1613/3506/3374
f 1738/3505/3373 1613/3506/3374 1739/3507/3375
f 1739/3507/3375 1613/3506/3374 1612/3508/3376
f 1739/3507/3375 1612/3508/3376 1740/3509/3377
f 1740/3509/3377 1612/3508/3376 1611/3510/3378
f 1740/3509/3377 1611/3510/3378 1741/3511/3379
f 1741/3511/3379 1611/3510/3378 1610/3512/3380
f 1741/3511/3379 1610/3512/3380 1742/3513/3381
f 1742/3513/3381 1610/3512/3380 1609/3514/3382
f 1742/3513/3381 1609/3514/3382 1743/3515/3383
f 1743/3515/3383 1609/3514/3382 1608/3516/3384
f 1743/3515/3383 1608/3516/3384 1744/3517/3385
f 1744/3517/3385 1608/3516/3384 1607/3518/3386
f 1744/3517/3385 1607/3518/3386 1745/3519/3387
f 1745/3519/3387 1607/3518/3386 1606/3520/3388
f 1745/3519/3387 1606/3520/3388 1746/3521/3389
f 1746/3521/3389 1606/3520/3388 1605/3522/3390
f 1746/3521/3389 1605/3522/3390 1747/3523/3391
f 1747/3523/3391 1605/3522/3390 1604/3524/3392
f 1747/3523/3391 1604/3524/3392 1748/3525/3393
f 1748/3525/3393 1604/3524/3392 1603/3526/3394
f 1748/3525/3393 1603/3526/3394 1749/3527/3395
f 1749/3527/3395 1603/3526/3394 1602/3528/3396
f 1749/3527/3395 1602/3528/3396 1750/3529/3397
f 1750/3529/3397 1602/3528/3396 1601/3530/3398
f 1750/3529/3397 1601/3530/3398 1751/3531/3399
f 1751/3531/3399 1601/3530/3398 1600/3532/3400
f 1751/3531/3399 1600/3532/3400 1752/3533/3401
f 1752/3533/3401 1600/3532/3400 1599/3534/3402
f 1752/3533/3401 1599/3534/3402 1753/3485/3355
f 1753/3485/3355 1599/3534/3402 1598/3486/3356
f 1729/3535/3403 1574/3536/3404 1706/3537/3405
f 1706/3537/3405 1574/3536/3404 1573/3538/3406
f 1706/3539/3405 1573/3540/3406 1707/3541/3407
f 1707/3541/3407 1573/3540/3406 1596/3542/3408
f 1707/3541/3407 1596/3542/3408 1708/3543/3409
f 1708/3543/3409 1596/3542/3408 1595/3544/3410
f 1708/3543/3409 1595/3544/3410 1709/3545/3411
f 1709/3545/3411 1595/3544/3410 1594/3546/3412
f 1709/3545/3411 1594/3546/3412 1710/3547/3413
f 1710/3547/3413 1594/3546/3412 1593/3548/3414
f 1710/3547/3413 1593/3548/3414 1711/3549/3415
f 1711/3549/3415 1593/3548/3414 1592/3550/3416
f 1711/3549/3415 1592/3550/3416 1712/3551/3417
f 1712/3551/3417 1592/3550/3416 1591/3552/3418
f 1712/3551/3417 1591/3552/3418 1713/3553/3419
f 1713/3553/3419 1591/3552/3418 1590/3554/3420
f 1713/3553/3419 1590/3554/3420 1714/3555/3421
f 1714/3555/3421 1590/3554/3420 1589/3556/3422
f 1714/3555/3421 1589/3556/3422 1715/3557/3423
f 1715/3557/3423 1589/3556/3422 1588/3558/3424
f 1715/3557/3423 1588/3558/3424 1716/3559/3425
f 1716/3559/3425 1588/3558/3424 1587/3560/3426
f 1716/3559/3425 1587/3560/3426 1717/3561/3427
f 1717/3561/3427 1587/3560/3426 1586/3562/3428
f 1717/3561/3427 1586/3562/3428 1718/3563/3429
f 1718/3563/3429 1586/3562/3428 1585/3564/3430
f 1718/3563/3429 1585/3564/3430 1719/3565/3431
f 1719/3565/3431 1585/3564/3430 1584/3566/3432
f 1719/3565/3431 1584/3566/3432 1720/3567/3433
f 1720/3567/3433 1584/3566/3432 1583/3568/3434
f 1720/3567/3433 1583/3568/3434 1721/3569/3435
f 1721/3569/3435 1583/3568/3434 1582/3570/3436
f 1721/3569/3435 1582/3570/3436 1722/3571/3437
f 1722/3571/3437 1582/3570/3436 1581/3572/3438
f 1722/3571/3437 1581/3572/3438 1723/3573/3439
f 1723/3573/3439 1581/3572/3438 1580/3574/3440
f 1723/3573/3439 1580/3574/3440 1724/3575/3441
f 1724/3575/3441 1580/3574/3440 1579/3576/3442
f 1724/3575/3441 1579/3576/3442 1725/3577/3443
f 1725/3577/3443 1579/3576/3442 1578/3578/3444
f 1725/3577/3443 1578/3578/3444 1726/3579/3445
f 1726/3579/3445 1578/3578/3444 1577/3580/3446
f 1726/3579/3445 1577/3580/3446 1727/3581/3447
f 1727/3581/3447 1577/3580/3446 1576/3582/3448
f 1727/3581/3447 1576/3582/3448 1728/3583/3449
f 1728/3583/3449 1576/3582/3448 1575/3584/3450
f 1728/3583/3449 1575/3584/3450 1729/3535/3403
f 1729/3535/3403 1575/3584/3450 1574/3536/3404
f 1681/3585/3451 1550/3586/3452 1658/3587/3453
f 1658/3587/3453 1550/3586/3452 1549/3588/3454
f 1658/3589/3453 1549/3590/3454 1659/3591/3455
f 1659/3591/3455 1549/3590/3454 1572/3592/3456
f 1659/3591/3455 1572/3592/3456 1660/3593/3457
f 1660/3593/3457 1572/3592/3456 1571/3594/3458
f 1660/3593/3457 1571/3594/3458 1661/3595/3459
f 1661/3595/3459 1571/3594/3458 1570/3596/3460
f 1661/3595/3459 1570/3596/3460 1662/3597/3461
f 1662/3597/3461 1570/3596/3460 1569/3598/3462
f 1662/3597/3461 1569/3598/3462 1663/3599/3463
f 1663/3599/3463 1569/3598/3462 1568/3600/3464
f 1663/3599/3463 1568/3600/3464 1664/3601/3465
f 1664/3601/3465 1568/3600/3464 1567/3602/3466
f 1664/3601/3465 1567/3602/3466 1665/3603/3467
f 1665/3603/3467 1567/3602/3466 1566/3604/3468
f 1665/3603/3467 1566/3604/3468 1666/3605/3469
f 1666/3605/3469 1566/3604/3468 1565/3606/3470
f 1666/3605/3469 1565/3606/3470 1667/3607/3471
f 1667/3607/3471 1565/3606/3470 1564/3608/3472
f 1667/3607/3471 1564/3608/3472 1668/3609/3473
f 1668/3609/3473 1564/3608/3472 1563/3610/3474
f 1668/3609/3473 1563/3610/3474 1669/3611/3475
f 1669/3611/3475 1563/3610/3474 1562/3612/3476
f 1669/3611/3475 1562/3612/3476 1670/3613/3477
f 1670/3613/3477 1562/3612/3476 1561/3614/3478
f 1670/3613/3477 1561/3614/3478 1671/3615/3479
f 1671/3615/3479 1561/3614/3478 1560/3616/3480
f 1671/3615/3479 1560/3616/3480 1672/3617/3481
f 1672/3617/3481 1560/3616/3480 1559/3618/3482
f 1672/3617/3481 1559/3618/3482 1673/3619/3483
f 1673/3619/3483 1559/3618/3482 1558/3620/3484
f 1673/3619/3483 1558/3620/3484 1674/3621/3485
f 1674/3621/3485 1558/3620/3484 1557/3622/3486
f 1674/3621/3485 1557/3622/3486 1675/3623/3487
f 1675/3623/3487 1557/3622/3486 1556/3624/3488
f 1675/3623/3487 1556/3624/3488 1676/3625/3489
f 1676/3625/3489 1556/3624/3488 1555/3626/3490
f 1676/3625/3489 1555/3626/3490 1677/3627/3491
f 1677/3627/3491 1555/3626/3490 1554/3628/3492
f 1677/3627/3491 1554/3628/3492 1678/3629/3493
f 1678/3629/3493 1554/3628/3492 1553/3630/3494
f 1678/3629/3493 1553/3630/3494 1679/3631/3495
f 1679/3631/3495 1553/3630/3494 1552/3632/3496
f 1679/3631/3495 1552/3632/3496 1680/3633/3497
f 1680/3633/3497 1552/3632/3496 1551/3634/3498
f 1680/3633/3497 1551/3634/3498 1681/3585/3451
f 1681/3585/3451 1551/3634/3498 1550/3586/3452
f 1782/3635/3499 1521/3636/3500 1754/3637/3501
f 1754/3637/3501 1521/3636/3500 1520/3638/3502
f 1754/3639/3501 1520/3640/3502 1755/3641/3503
f 1755/3641/3503 1520/3640/3502 1548/3642/3504
f 1755/3641/3503 1548/3642/3504 1756/3643/3505
f 1756/3643/3505 1548/3642/3504 1547/3644/3506
f 1756/3643/3505 1547/3644/3506 1757/3645/3507
f 1757/3645/3507 1547/3644/3506 1546/3646/3508
f 1757/3645/3507 1546/3646/3508 1758/3647/3509
f 1758/3647/3509 1546/3646/3508 1545/3648/3510
f 1758/3647/3509 1545/3648/3510 1759/3649/3511
f 1759/3649/3511 1545/3648/3510 1544/3650/3512
f 1759/3649/3511 1544/3650/3512 1760/3651/3513
f 1760/3651/3513 1544/3650/3512 1543/3652/3514
f 1760/3651/3513 1543/3652/3514 1761/3653/3515
f 1761/3653/3515 1543/3652/3514 1542/3654/3516
f 1761/3653/3515 1542/3654/3516 1762/3655/3517
f 1762/3655/3517 1542/3654/3516 1541/3656/3518
f 1762/3655/3517 1541/3656/3518 1763/3657/3519
f 1763/3657/3519 1541/3656/3518 1540/3658/3520
f 1763/3657/3519 1540/3658/3520 1764/3659/3521
f 1764/3659/3521 1540/3658/3520 1539/3660/3522
f 1764/3659/3521 1539/3660/3522 1765/3661/3523
f 1765/3661/3523 1539/3660/3522 1538/3662/3524
f 1765/3661/3523 1538/3662/3524 1766/3663/3525
f 1766/3663/3525 1538/3662/3524 1537/3664/3526
f 1766/3663/3525 1537/3664/3526 1767/3665/3527
f 1767/3665/3527 1537/3664/3526 1536/3666/3528
f 1767/3665/3527 1536/3666/3528 1768/3667/3529
f 1768/3667/3529 1536/3666/3528 1535/3668/3530
f 1768/3667/3529 1535/3668/3530 1769/3669/3531
f 1769/3669/3531 1535/3668/3530 1534/3670/3532
f 1769/3669/3531 1534/3670/3532 1770/3671/3533
f 1770/3671/3533 1534/3670/3532 1533/3672/3534
f 1770/3671/3533 1533/3672/3534 1771/3673/3535
f 1771/3673/3535 1533/3672/3534 1532/3674/3536
f 1771/3673/3535 1532/3674/3536 1772/3675/3537
f 1772/3675/3537 1532/3674/3536 1531/3676/3538
f 1772/3675/3537 1531/3676/3538 1773/3677/3539
f 1773/3677/3539 1531/3676/3538 1530/3678/3540
f 1773/3677/3539 1530/3678/3540 1774/3679/3541
f 1774/3679/3541 1530/3678/3540 1529/3680/3542
f 1774/3679/3541 1529/3680/3542 1775/3681/3543
f 1775/3681/3543 1529/3680/3542 1528/3682/3544
f 1775/3681/3543 1528/3682/3544 1776/3683/3545
f 1776/3683/3545 1528/3682/3544 1527/3684/3546
f 1776/3683/3545 1527/3684/3546 1777/3685/3547
f 1777/3685/3547 1527/3684/3546 1526/3686/3548
f 1777/3685/3547 1526/3686/3548 1778/3687/3549
f 1778/3687/3549 1526/3686/3548 1525/3688/3550
f 1778/3687/3549 1525/3688/3550 1779/3689/3551
f 1779/3689/3551 1525/3688/3550 1524/3690/3552
f 1779/3689/3551 1524/3690/3552 1780/3691/3553
f 1780/3691/3553 1524/3690/3552 1523/3692/3554
f 1780/3691/3553 1523/3692/3554 1781/3693/3555
f 1781/3693/3555 1523/3692/3554 1522/3694/3556
f 1781/3693/3555 1522/3694/3556 1782/3635/3499
f 1782/3635/3499 1522/3694/3556 1521/3636/3500
f 1024/3695/1927 1023/3696/1926 1507/3697/3557
f 1507/3697/3557 1023/3696/1926 1657/3698/3558
f 1507/3697/3557 1657/3698/3558 1508/3699/3559
f 1508/3699/3559 1657/3698/3558 1656/3700/3560
f 1508/3699/3559 1656/3700/3560 1168/3701/2223
f 1168/3701/2223 1656/3700/3560 1169/3702/2222
f 1347/3703/3561 1354/3704/3562 1645/3705/3563
f 1645/3705/3563 1354/3704/3562 1519/3706/3564
f 1645/3705/3563 1519/3706/3564 1646/3707/3565
f 1646/3707/3565 1519/3706/3564 1518/3708/3566
f 1646/3707/3565 1518/3708/3566 1647/3709/3306
f 1647/3709/3306 1518/3708/3566 1517/3710/3305
# 1782 vertices
# 3710 texture params
# 3566 normals
# 3644 facets

# 1 groups
