# WaveFront *.obj file (generated by Autodesk ATF)

mtllib Pi_Holder.mtl

g servo_holder_v2_bar (1)

v -31.010003 19.549999 14.946950
v -32.105044 19.636181 14.946950
v -33.173122 19.892603 14.946950
v -34.187937 20.312953 14.946950
v -35.124500 20.886880 14.946950
v -35.959751 21.600252 14.946950
v -36.673122 22.435502 14.946950
v -37.247049 23.372066 14.946950
v -37.667399 24.386880 14.946950
v -37.923821 25.454958 14.946950
v -38.010003 26.549999 14.946950
v -38.010003 26.549999 10.946950
v -37.923821 25.454958 10.946950
v -37.667399 24.386880 10.946950
v -37.247049 23.372066 10.946950
v -36.673122 22.435502 10.946950
v -35.959751 21.600252 10.946950
v -35.124500 20.886880 10.946950
v -34.187937 20.312953 10.946950
v -33.173122 19.892603 10.946950
v -32.105044 19.636181 10.946950
v -31.010003 19.549999 10.946950
v -22.510002 19.549999 10.946950
v -22.510002 19.549999 14.946950
v -9.000001 40.000000 10.946950
v -8.905658 39.192844 10.946950
v -8.627715 38.429203 10.946950
v -8.181157 37.750243 10.946950
v -7.590056 37.192569 10.946950
v -6.886280 36.786244 10.946950
v -6.107770 36.553173 10.946950
v -5.296494 36.505921 10.946950
v -4.496190 36.647037 10.946950
v -3.750001 36.968911 10.946950
v -3.098155 37.454192 10.946950
v -2.575794 38.076719 10.946950
v -2.211077 38.802929 10.946950
v -2.023667 39.593675 10.946950
v -2.023667 40.406325 10.946950
v -2.211077 41.197071 10.946950
v -2.575794 41.923281 10.946950
v -3.098155 42.545808 10.946950
v -3.750001 43.031089 10.946950
v -4.496190 43.352963 10.946950
v -5.296494 43.494079 10.946950
v -6.107770 43.446827 10.946950
v -6.886280 43.213756 10.946950
v -7.590056 42.807431 10.946950
v -8.181157 42.249757 10.946950
v -8.627715 41.570797 10.946950
v -8.905658 40.807156 10.946950
v 62.999999 34.000000 10.946950
v 63.093517 33.140118 10.946950
v 63.369697 32.320444 10.946950
v 63.815627 31.579303 10.946950
v 64.410454 30.951352 10.946950
v 65.126365 30.465952 10.946950
v 65.929886 30.145800 10.946950
v 66.783443 30.005866 10.946950
v 67.647127 30.052694 10.946950
v 68.480552 30.284093 10.946950
v 69.244747 30.689244 10.946950
v 69.903981 31.249202 10.946950
v 70.427428 31.937785 10.946950
v 70.790612 32.722794 10.946950
v 70.976551 33.567524 10.946950
v 70.976551 34.432476 10.946950
v 70.790612 35.277206 10.946950
v 70.427428 36.062215 10.946950
v 69.903981 36.750798 10.946950
v 69.244747 37.310756 10.946950
v 68.480552 37.715907 10.946950
v 67.647127 37.947306 10.946950
v 66.783443 37.994134 10.946950
v 65.929886 37.854200 10.946950
v 65.126365 37.534048 10.946950
v 64.410454 37.048648 10.946950
v 63.815627 36.420697 10.946950
v 63.369697 35.679556 10.946950
v 63.093517 34.859882 10.946950
v 62.999999 83.000000 10.946950
v 63.093517 82.140118 10.946950
v 63.369697 81.320444 10.946950
v 63.815627 80.579303 10.946950
v 64.410454 79.951352 10.946950
v 65.126365 79.465952 10.946950
v 65.929886 79.145800 10.946950
v 66.783443 79.005866 10.946950
v 67.647127 79.052694 10.946950
v 68.480552 79.284093 10.946950
v 69.244747 79.689244 10.946950
v 69.903981 80.249202 10.946950
v 70.427428 80.937785 10.946950
v 70.790612 81.722794 10.946950
v 70.976551 82.567524 10.946950
v 70.976551 83.432476 10.946950
v 70.790612 84.277206 10.946950
v 70.427428 85.062215 10.946950
v 69.903981 85.750798 10.946950
v 69.244747 86.310756 10.946950
v 68.480552 86.715907 10.946950
v 67.647127 86.947306 10.946950
v 66.783443 86.994134 10.946950
v 65.929886 86.854200 10.946950
v 65.126365 86.534048 10.946950
v 64.410454 86.048648 10.946950
v 63.815627 85.420697 10.946950
v 63.369697 84.679556 10.946950
v 63.093517 83.859882 10.946950
v 4.999999 83.000000 10.946950
v 5.093517 82.140118 10.946950
v 5.369697 81.320444 10.946950
v 5.815627 80.579303 10.946950
v 6.410454 79.951352 10.946950
v 7.126365 79.465952 10.946950
v 7.929886 79.145800 10.946950
v 8.783443 79.005866 10.946950
v 9.647127 79.052694 10.946950
v 10.480552 79.284093 10.946950
v 11.244747 79.689244 10.946950
v 11.903981 80.249202 10.946950
v 12.427428 80.937785 10.946950
v 12.790612 81.722794 10.946950
v 12.976551 82.567524 10.946950
v 12.976551 83.432476 10.946950
v 12.790612 84.277206 10.946950
v 12.427428 85.062215 10.946950
v 11.903981 85.750798 10.946950
v 11.244747 86.310756 10.946950
v 10.480552 86.715907 10.946950
v 9.647127 86.947306 10.946950
v 8.783443 86.994134 10.946950
v 7.929886 86.854200 10.946950
v 7.126365 86.534048 10.946950
v 6.410454 86.048648 10.946950
v 5.815627 85.420697 10.946950
v 5.369697 84.679556 10.946950
v 5.093517 83.859882 10.946950
v 4.999999 34.000000 10.946950
v 5.093517 33.140118 10.946950
v 5.369697 32.320444 10.946950
v 5.815627 31.579303 10.946950
v 6.410454 30.951352 10.946950
v 7.126365 30.465952 10.946950
v 7.929886 30.145800 10.946950
v 8.783443 30.005866 10.946950
v 9.647127 30.052694 10.946950
v 10.480552 30.284093 10.946950
v 11.244747 30.689244 10.946950
v 11.903981 31.249202 10.946950
v 12.427428 31.937785 10.946950
v 12.790612 32.722794 10.946950
v 12.976551 33.567524 10.946950
v 12.976551 34.432476 10.946950
v 12.790612 35.277206 10.946950
v 12.427428 36.062215 10.946950
v 11.903981 36.750798 10.946950
v 11.244747 37.310756 10.946950
v 10.480552 37.715907 10.946950
v 9.647127 37.947306 10.946950
v 8.783443 37.994134 10.946950
v 7.929886 37.854200 10.946950
v 7.126365 37.534048 10.946950
v 6.410454 37.048648 10.946950
v 5.815627 36.420697 10.946950
v 5.369697 35.679556 10.946950
v 5.093517 34.859882 10.946950
v -9.000001 77.000000 10.946950
v -8.905658 76.192844 10.946950
v -8.627715 75.429203 10.946950
v -8.181157 74.750243 10.946950
v -7.590056 74.192569 10.946950
v -6.886280 73.786244 10.946950
v -6.107770 73.553173 10.946950
v -5.296494 73.505921 10.946950
v -4.496190 73.647037 10.946950
v -3.750001 73.968911 10.946950
v -3.098155 74.454192 10.946950
v -2.575794 75.076719 10.946950
v -2.211077 75.802929 10.946950
v -2.023667 76.593675 10.946950
v -2.023667 77.406325 10.946950
v -2.211077 78.197071 10.946950
v -2.575794 78.923281 10.946950
v -3.098155 79.545808 10.946950
v -3.750001 80.031089 10.946950
v -4.496190 80.352963 10.946950
v -5.296494 80.494079 10.946950
v -6.107770 80.446827 10.946950
v -6.886280 80.213756 10.946950
v -7.590056 79.807431 10.946950
v -8.181157 79.249757 10.946950
v -8.627715 78.570797 10.946950
v -8.905658 77.807156 10.946950
v -37.000001 77.000000 10.946950
v -36.905658 76.192844 10.946950
v -36.627715 75.429203 10.946950
v -36.181157 74.750243 10.946950
v -35.590056 74.192569 10.946950
v -34.886280 73.786244 10.946950
v -34.107770 73.553173 10.946950
v -33.296494 73.505921 10.946950
v -32.496190 73.647037 10.946950
v -31.750001 73.968911 10.946950
v -31.098155 74.454192 10.946950
v -30.575794 75.076719 10.946950
v -30.211077 75.802929 10.946950
v -30.023667 76.593675 10.946950
v -30.023667 77.406325 10.946950
v -30.211077 78.197071 10.946950
v -30.575794 78.923281 10.946950
v -31.098155 79.545808 10.946950
v -31.750001 80.031089 10.946950
v -32.496190 80.352963 10.946950
v -33.296494 80.494079 10.946950
v -34.107770 80.446827 10.946950
v -34.886280 80.213756 10.946950
v -35.590056 79.807431 10.946950
v -36.181157 79.249757 10.946950
v -36.627715 78.570797 10.946950
v -36.905658 77.807156 10.946950
v -37.000001 40.000000 10.946950
v -36.905658 39.192844 10.946950
v -36.627715 38.429203 10.946950
v -36.181157 37.750243 10.946950
v -35.590056 37.192569 10.946950
v -34.886280 36.786244 10.946950
v -34.107770 36.553173 10.946950
v -33.296494 36.505921 10.946950
v -32.496190 36.647037 10.946950
v -31.750001 36.968911 10.946950
v -31.098155 37.454192 10.946950
v -30.575794 38.076719 10.946950
v -30.211077 38.802929 10.946950
v -30.023667 39.593675 10.946950
v -30.023667 40.406325 10.946950
v -30.211077 41.197071 10.946950
v -30.575794 41.923281 10.946950
v -31.098155 42.545808 10.946950
v -31.750001 43.031089 10.946950
v -32.496190 43.352963 10.946950
v -33.296494 43.494079 10.946950
v -34.107770 43.446827 10.946950
v -34.886280 43.213756 10.946950
v -35.590056 42.807431 10.946950
v -36.181157 42.249757 10.946950
v -36.627715 41.570797 10.946950
v -36.905658 40.807156 10.946950
v -38.010003 82.549999 10.946950
v -37.923821 83.645040 10.946950
v -37.667399 84.713118 10.946950
v -37.247049 85.727932 10.946950
v -36.673122 86.664496 10.946950
v -35.959751 87.499746 10.946950
v -35.124500 88.213118 10.946950
v -34.187937 88.787045 10.946950
v -33.173122 89.207395 10.946950
v -32.105044 89.463817 10.946950
v -31.010003 89.549999 10.946950
v 87.010001 89.549999 10.946950
v 88.105042 89.463817 10.946950
v 89.173120 89.207395 10.946950
v 90.187935 88.787045 10.946950
v 91.124498 88.213118 10.946950
v 91.959749 87.499746 10.946950
v 92.673120 86.664496 10.946950
v 93.247047 85.727932 10.946950
v 93.667397 84.713118 10.946950
v 93.923820 83.645040 10.946950
v 94.010001 82.549999 10.946950
v 94.010001 26.549999 10.946950
v 93.923820 25.454958 10.946950
v 93.667397 24.386880 10.946950
v 93.247047 23.372066 10.946950
v 92.673120 22.435502 10.946950
v 91.959749 21.600252 10.946950
v 91.124498 20.886880 10.946950
v 90.187935 20.312953 10.946950
v 89.173120 19.892603 10.946950
v 88.105042 19.636181 10.946950
v 87.010001 19.549999 10.946950
v 78.510003 19.549999 10.946950
v 77.729642 19.473140 10.946950
v 76.979269 19.245517 10.946950
v 76.287722 18.875877 10.946950
v 75.681576 18.378426 10.946950
v 75.184125 17.772280 10.946950
v 74.814485 17.080733 10.946950
v 74.586862 16.330360 10.946950
v 74.510003 15.549999 10.946950
v 74.510003 23.549999 10.946950
v -18.510002 23.549999 10.946950
v -18.510002 15.549999 10.946950
v -18.586861 16.330360 10.946950
v -18.814484 17.080733 10.946950
v -19.184123 17.772280 10.946950
v -19.681575 18.378426 10.946950
v -20.287721 18.875877 10.946950
v -20.979268 19.245517 10.946950
v -21.729640 19.473140 10.946950
v 32.123421 21.549999 -8.780328
v 32.217671 21.549999 -9.526398
v 32.494501 21.549999 -10.225589
v 32.936515 21.549999 -10.833970
v 33.515941 21.549999 -11.313312
v 34.196370 21.549999 -11.633498
v 34.935049 21.549999 -11.774408
v 35.685565 21.549999 -11.727190
v 36.400759 21.549999 -11.494809
v 37.035693 21.549999 -11.091868
v 37.550472 21.549999 -10.543684
v 37.912750 21.549999 -9.884702
v 38.099765 21.549999 -9.156328
v 38.099765 21.549999 -8.404329
v 37.912750 21.549999 -7.675955
v 37.550472 21.549999 -7.016972
v 37.035693 21.549999 -6.468788
v 36.400759 21.549999 -6.065847
v 35.685565 21.549999 -5.833466
v 34.935049 21.549999 -5.786248
v 34.196370 21.549999 -5.927159
v 33.515941 21.549999 -6.247344
v 32.936515 21.549999 -6.726687
v 32.494501 21.549999 -7.335067
v 32.217671 21.549999 -8.034259
v 30.123421 19.549999 -8.780328
v 30.219495 19.549999 -7.804877
v 30.504023 19.549999 -6.866911
v 30.966073 19.549999 -6.002477
v 31.587887 19.549999 -5.244794
v 32.345570 19.549999 -4.622980
v 33.210004 19.549999 -4.160931
v 34.147969 19.549999 -3.876402
v 35.123421 19.549999 -3.780328
v 36.098873 19.549999 -3.876402
v 37.036838 19.549999 -4.160931
v 37.901272 19.549999 -4.622980
v 38.658955 19.549999 -5.244794
v 39.280769 19.549999 -6.002477
v 39.742819 19.549999 -6.866911
v 40.027347 19.549999 -7.804877
v 40.123421 19.549999 -8.780328
v 40.027347 19.549999 -9.755780
v 39.742819 19.549999 -10.693745
v 39.280769 19.549999 -11.558179
v 38.658955 19.549999 -12.315862
v 37.901272 19.549999 -12.937676
v 37.036838 19.549999 -13.399726
v 36.098873 19.549999 -13.684255
v 35.123421 19.549999 -13.780328
v 34.147969 19.549999 -13.684255
v 33.210004 19.549999 -13.399726
v 32.345570 19.549999 -12.937676
v 31.587887 19.549999 -12.315862
v 30.966073 19.549999 -11.558179
v 30.504023 19.549999 -10.693745
v 30.219495 19.549999 -9.755780
v 35.123421 21.032361 -5.712180
v 35.123421 20.549999 -5.512379
v 35.123421 20.135785 -5.194542
v 35.123421 19.817948 -4.780328
v 35.123421 19.618147 -4.297966
v 34.127195 21.032361 -5.878421
v 31.018593 19.618147 -6.979784
v 32.866111 21.032361 -6.702328
v 32.149157 21.032361 -8.027142
v 32.065752 21.032361 -9.033694
v 31.018593 19.618147 -10.580872
v 32.554870 21.032361 -10.458446
v 33.663144 21.032361 -11.478684
v 35.123421 21.032361 -11.848477
v 36.583698 21.032361 -11.478684
v 39.228248 19.618147 -10.580872
v 37.691972 21.032361 -10.458446
v 38.181090 21.032361 -9.033694
v 39.228248 19.618147 -6.979784
v 37.933149 21.032361 -7.547867
v 37.007917 21.032361 -6.359128
v 31.866633 20.549999 -9.050193
v 31.549882 20.135785 -9.076440
v 31.137083 19.817948 -9.110646
v 30.656369 19.618147 -9.150479
v 30.656369 19.618147 -8.410178
v 31.137083 19.817948 -8.450011
v 31.549882 20.135785 -8.484216
v 31.866633 20.549999 -8.510463
v 32.065752 21.032361 -8.526963
v 32.313693 21.032361 -10.012789
v 32.130720 20.549999 -10.093048
v 31.839653 20.135785 -10.220722
v 31.460328 19.817948 -10.387110
v 30.778218 19.618147 -9.880683
v 31.245820 19.817948 -9.762270
v 31.647359 20.135785 -9.660587
v 31.955470 20.549999 -9.582562
v 32.149157 21.032361 -9.533514
v 32.387603 20.549999 -10.567727
v 32.121521 20.135785 -10.741568
v 31.774755 19.817948 -10.968121
v 31.370938 19.618147 -11.231948
v 33.238925 21.032361 -11.201528
v 33.116205 20.549999 -11.359199
v 32.920985 20.135785 -11.610018
v 32.666570 19.817948 -11.936890
v 32.370297 19.618147 -12.317542
v 31.825640 19.618147 -11.816149
v 32.180525 19.817948 -11.489455
v 32.485272 20.135785 -11.208915
v 32.719113 20.549999 -10.993650
v 32.866111 21.032361 -10.858329
v 33.568049 20.549999 -11.654404
v 33.416775 20.135785 -11.933933
v 33.219631 19.817948 -12.298223
v 32.990052 19.618147 -12.722448
v 34.618420 21.032361 -11.806631
v 34.585534 20.549999 -12.003707
v 34.533220 20.135785 -12.317209
v 34.465043 19.817948 -12.725773
v 34.385648 19.618147 -13.201557
v 33.668000 19.618147 -13.019823
v 33.824623 19.817948 -12.563597
v 33.959118 20.135785 -12.171827
v 34.062320 20.549999 -11.871211
v 34.127195 21.032361 -11.682236
v 35.123421 20.549999 -12.048277
v 35.123421 20.135785 -12.366115
v 35.123421 19.817948 -12.780328
v 35.123421 19.618147 -13.262690
v 36.119647 21.032361 -11.682236
v 36.184522 20.549999 -11.871211
v 36.287724 20.135785 -12.171827
v 36.422219 19.817948 -12.563597
v 36.578841 19.618147 -13.019823
v 35.861193 19.618147 -13.201557
v 35.781799 19.817948 -12.725773
v 35.713622 20.135785 -12.317209
v 35.661308 20.549999 -12.003707
v 35.628422 21.032361 -11.806631
v 36.678793 20.549999 -11.654404
v 36.830067 20.135785 -11.933933
v 37.027210 19.817948 -12.298223
v 37.256789 19.618147 -12.722448
v 37.380731 21.032361 -10.858329
v 37.527729 20.549999 -10.993650
v 37.761570 20.135785 -11.208915
v 38.066317 19.817948 -11.489455
v 38.421202 19.618147 -11.816149
v 37.876545 19.618147 -12.317542
v 37.580272 19.817948 -11.936890
v 37.325857 20.135785 -11.610018
v 37.130637 20.549999 -11.359199
v 37.007917 21.032361 -11.201528
v 37.859238 20.549999 -10.567727
v 38.125321 20.135785 -10.741568
v 38.472087 19.817948 -10.968121
v 38.875904 19.618147 -11.231948
v 38.097685 21.032361 -9.533514
v 38.291372 20.549999 -9.582562
v 38.599483 20.135785 -9.660587
v 39.001022 19.817948 -9.762270
v 39.468624 19.618147 -9.880683
v 38.786514 19.817948 -10.387110
v 38.407188 20.135785 -10.220722
v 38.116122 20.549999 -10.093048
v 37.933149 21.032361 -10.012789
v 38.380208 20.549999 -9.050193
v 38.696960 20.135785 -9.076440
v 39.109759 19.817948 -9.110646
v 39.590473 19.618147 -9.150479
v 38.097685 21.032361 -8.027142
v 38.291372 20.549999 -7.978094
v 38.599483 20.135785 -7.900070
v 39.001022 19.817948 -7.798386
v 39.468624 19.618147 -7.679973
v 39.590473 19.618147 -8.410178
v 39.109759 19.817948 -8.450011
v 38.696960 20.135785 -8.484216
v 38.380208 20.549999 -8.510463
v 38.181090 21.032361 -8.526963
v 38.116122 20.549999 -7.467608
v 38.407188 20.135785 -7.339934
v 38.786514 19.817948 -7.173547
v 37.380731 21.032361 -6.702328
v 37.527729 20.549999 -6.567006
v 37.761570 20.135785 -6.351741
v 38.066317 19.817948 -6.071202
v 38.421202 19.618147 -5.744507
v 38.875904 19.618147 -6.328709
v 38.472087 19.817948 -6.592536
v 38.125321 20.135785 -6.819089
v 37.859238 20.549999 -6.992929
v 37.691972 21.032361 -7.102210
v 37.130637 20.549999 -6.201457
v 37.325857 20.135785 -5.950639
v 37.580272 19.817948 -5.623766
v 37.876545 19.618147 -5.243115
v 36.119647 21.032361 -5.878421
v 36.184522 20.549999 -5.689446
v 36.287724 20.135785 -5.388830
v 36.422219 19.817948 -4.997059
v 36.578841 19.618147 -4.540833
v 37.256789 19.618147 -4.838209
v 37.027210 19.817948 -5.262433
v 36.830067 20.135785 -5.626723
v 36.678793 20.549999 -5.906253
v 36.583698 21.032361 -6.081972
v 35.628422 21.032361 -5.754025
v 35.661308 20.549999 -5.556950
v 35.713622 20.135785 -5.243447
v 35.781799 19.817948 -4.834883
v 35.861193 19.618147 -4.359100
v 34.618420 21.032361 -5.754025
v 34.585534 20.549999 -5.556950
v 34.533220 20.135785 -5.243447
v 34.465043 19.817948 -4.834883
v 34.385648 19.618147 -4.359100
v 34.062320 20.549999 -5.689446
v 33.959118 20.135785 -5.388830
v 33.824623 19.817948 -4.997059
v 33.668000 19.618147 -4.540833
v 33.238925 21.032361 -6.359128
v 33.116205 20.549999 -6.201457
v 32.920985 20.135785 -5.950639
v 32.666570 19.817948 -5.623766
v 32.370297 19.618147 -5.243115
v 32.990052 19.618147 -4.838209
v 33.219631 19.817948 -5.262433
v 33.416775 20.135785 -5.626723
v 33.568049 20.549999 -5.906253
v 33.663144 21.032361 -6.081972
v 32.719113 20.549999 -6.567006
v 32.485272 20.135785 -6.351741
v 32.180525 19.817948 -6.071202
v 31.825640 19.618147 -5.744507
v 32.313693 21.032361 -7.547867
v 32.130720 20.549999 -7.467608
v 31.839653 20.135785 -7.339934
v 31.460328 19.817948 -7.173547
v 31.370938 19.618147 -6.328709
v 31.774755 19.817948 -6.592536
v 32.121521 20.135785 -6.819089
v 32.387603 20.549999 -6.992929
v 32.554870 21.032361 -7.102210
v 31.955470 20.549999 -7.978094
v 31.647359 20.135785 -7.900070
v 31.245820 19.817948 -7.798386
v 30.778218 19.618147 -7.679973
v 16.123421 19.549999 -8.780328
v 16.219495 19.549999 -9.755780
v 16.504023 19.549999 -10.693745
v 16.966073 19.549999 -11.558179
v 17.587887 19.549999 -12.315862
v 18.345570 19.549999 -12.937676
v 19.210004 19.549999 -13.399726
v 20.147969 19.549999 -13.684255
v 21.123421 19.549999 -13.780328
v 22.098873 19.549999 -13.684255
v 23.036838 19.549999 -13.399726
v 23.901272 19.549999 -12.937676
v 24.658955 19.549999 -12.315862
v 25.280769 19.549999 -11.558179
v 25.742819 19.549999 -10.693745
v 26.027347 19.549999 -9.755780
v 26.123421 19.549999 -8.780328
v 26.027347 19.549999 -7.804877
v 25.742819 19.549999 -6.866911
v 25.280769 19.549999 -6.002477
v 24.658955 19.549999 -5.244794
v 23.901272 19.549999 -4.622980
v 23.036838 19.549999 -4.160931
v 22.098873 19.549999 -3.876402
v 21.123421 19.549999 -3.780328
v 20.147969 19.549999 -3.876402
v 19.210004 19.549999 -4.160931
v 18.345570 19.549999 -4.622980
v 17.587887 19.549999 -5.244794
v 16.966073 19.549999 -6.002477
v 16.504023 19.549999 -6.866911
v 16.219495 19.549999 -7.804877
v 58.732003 19.549999 -4.013049
v 58.684299 19.549999 -3.650702
v 58.544439 19.549999 -3.313049
v 58.321953 19.549999 -3.023100
v 58.032003 19.549999 -2.800614
v 57.694350 19.549999 -2.660753
v 57.332003 19.549999 -2.613049
v 56.969656 19.549999 -2.660753
v 56.632003 19.549999 -2.800614
v 56.342054 19.549999 -3.023100
v 56.119568 19.549999 -3.313049
v 55.979707 19.549999 -3.650702
v 55.932003 19.549999 -4.013049
v 55.979707 19.549999 -4.375396
v 56.119568 19.549999 -4.713049
v 56.342054 19.549999 -5.002999
v 56.632003 19.549999 -5.225485
v 56.969656 19.549999 -5.365345
v 57.332003 19.549999 -5.413049
v 57.694350 19.549999 -5.365345
v 58.032003 19.549999 -5.225485
v 58.321953 19.549999 -5.002999
v 58.544439 19.549999 -4.713049
v 58.684299 19.549999 -4.375396
v -2.732211 19.549999 -2.677629
v -2.684508 19.549999 -3.039976
v -2.544647 19.549999 -3.377629
v -2.322161 19.549999 -3.667579
v -2.032211 19.549999 -3.890065
v -1.694558 19.549999 -4.029925
v -1.332211 19.549999 -4.077629
v -0.969865 19.549999 -4.029925
v -0.632211 19.549999 -3.890065
v -0.342262 19.549999 -3.667579
v -0.119776 19.549999 -3.377629
v 0.020085 19.549999 -3.039976
v 0.067789 19.549999 -2.677629
v 0.020085 19.549999 -2.315283
v -0.119776 19.549999 -1.977629
v -0.342262 19.549999 -1.687680
v -0.632211 19.549999 -1.465194
v -0.969865 19.549999 -1.325333
v -1.332211 19.549999 -1.277629
v -1.694558 19.549999 -1.325333
v -2.032211 19.549999 -1.465194
v -2.322161 19.549999 -1.687680
v -2.544647 19.549999 -1.977629
v -2.684508 19.549999 -2.315283
v -18.510002 19.549999 6.946950
v 74.510003 19.549999 6.946950
v 74.510003 19.549999 -14.973048
v -18.510002 19.549999 -14.973048
v 32.123421 24.549999 -8.780328
v 32.217671 24.549999 -9.526398
v 32.494501 24.549999 -10.225589
v 32.936515 24.549999 -10.833970
v 33.515941 24.549999 -11.313312
v 34.196370 24.549999 -11.633498
v 34.935049 24.549999 -11.774408
v 35.685565 24.549999 -11.727190
v 36.400759 24.549999 -11.494809
v 37.035693 24.549999 -11.091868
v 37.550472 24.549999 -10.543684
v 37.912750 24.549999 -9.884702
v 38.099765 24.549999 -9.156328
v 38.099765 24.549999 -8.404329
v 37.912750 24.549999 -7.675955
v 37.550472 24.549999 -7.016972
v 37.035693 24.549999 -6.468788
v 36.400759 24.549999 -6.065847
v 35.685565 24.549999 -5.833466
v 34.935049 24.549999 -5.786248
v 34.196370 24.549999 -5.927159
v 33.515941 24.549999 -6.247344
v 32.936515 24.549999 -6.726687
v 32.494501 24.549999 -7.335067
v 32.217671 24.549999 -8.034259
v 18.123421 21.549999 -8.780328
v 18.217671 21.549999 -9.526398
v 18.494501 21.549999 -10.225589
v 18.936515 21.549999 -10.833970
v 19.515941 21.549999 -11.313312
v 20.196370 21.549999 -11.633498
v 20.935049 21.549999 -11.774408
v 21.685565 21.549999 -11.727190
v 22.400759 21.549999 -11.494809
v 23.035693 21.549999 -11.091868
v 23.550472 21.549999 -10.543684
v 23.912750 21.549999 -9.884702
v 24.099765 21.549999 -9.156328
v 24.099765 21.549999 -8.404329
v 23.912750 21.549999 -7.675955
v 23.550472 21.549999 -7.016972
v 23.035693 21.549999 -6.468788
v 22.400759 21.549999 -6.065847
v 21.685565 21.549999 -5.833466
v 20.935049 21.549999 -5.786248
v 20.196370 21.549999 -5.927159
v 19.515941 21.549999 -6.247344
v 18.936515 21.549999 -6.726687
v 18.494501 21.549999 -7.335067
v 18.217671 21.549999 -8.034259
v 21.123421 21.032361 -5.712180
v 21.123421 20.549999 -5.512379
v 21.123421 20.135785 -5.194542
v 21.123421 19.817948 -4.780328
v 21.123421 19.618147 -4.297966
v 20.127195 21.032361 -5.878421
v 17.018593 19.618147 -6.979784
v 18.866111 21.032361 -6.702328
v 18.149157 21.032361 -8.027142
v 18.065752 21.032361 -9.033694
v 17.018593 19.618147 -10.580872
v 18.554870 21.032361 -10.458446
v 19.663144 21.032361 -11.478684
v 21.123421 21.032361 -11.848477
v 22.583698 21.032361 -11.478684
v 25.228248 19.618147 -10.580872
v 23.691972 21.032361 -10.458446
v 24.181090 21.032361 -9.033694
v 25.228248 19.618147 -6.979784
v 23.933149 21.032361 -7.547867
v 23.007917 21.032361 -6.359128
v 17.866633 20.549999 -9.050193
v 17.549882 20.135785 -9.076440
v 17.137083 19.817948 -9.110646
v 16.656369 19.618147 -9.150479
v 16.656369 19.618147 -8.410178
v 17.137083 19.817948 -8.450011
v 17.549882 20.135785 -8.484216
v 17.866633 20.549999 -8.510463
v 18.065752 21.032361 -8.526963
v 18.313693 21.032361 -10.012789
v 18.130720 20.549999 -10.093048
v 17.839653 20.135785 -10.220722
v 17.460328 19.817948 -10.387110
v 16.778218 19.618147 -9.880683
v 17.245820 19.817948 -9.762270
v 17.647359 20.135785 -9.660587
v 17.955470 20.549999 -9.582562
v 18.149157 21.032361 -9.533514
v 18.387603 20.549999 -10.567727
v 18.121521 20.135785 -10.741568
v 17.774755 19.817948 -10.968121
v 17.370938 19.618147 -11.231948
v 19.238925 21.032361 -11.201528
v 19.116205 20.549999 -11.359199
v 18.920985 20.135785 -11.610018
v 18.666570 19.817948 -11.936890
v 18.370297 19.618147 -12.317542
v 17.825640 19.618147 -11.816149
v 18.180525 19.817948 -11.489455
v 18.485272 20.135785 -11.208915
v 18.719113 20.549999 -10.993650
v 18.866111 21.032361 -10.858329
v 19.568049 20.549999 -11.654404
v 19.416775 20.135785 -11.933933
v 19.219631 19.817948 -12.298223
v 18.990052 19.618147 -12.722448
v 20.618420 21.032361 -11.806631
v 20.585534 20.549999 -12.003707
v 20.533220 20.135785 -12.317209
v 20.465043 19.817948 -12.725773
v 20.385648 19.618147 -13.201557
v 19.668000 19.618147 -13.019823
v 19.824623 19.817948 -12.563597
v 19.959118 20.135785 -12.171827
v 20.062320 20.549999 -11.871211
v 20.127195 21.032361 -11.682236
v 21.123421 20.549999 -12.048277
v 21.123421 20.135785 -12.366115
v 21.123421 19.817948 -12.780328
v 21.123421 19.618147 -13.262690
v 22.119647 21.032361 -11.682236
v 22.184522 20.549999 -11.871211
v 22.287724 20.135785 -12.171827
v 22.422219 19.817948 -12.563597
v 22.578841 19.618147 -13.019823
v 21.861193 19.618147 -13.201557
v 21.781799 19.817948 -12.725773
v 21.713622 20.135785 -12.317209
v 21.661308 20.549999 -12.003707
v 21.628422 21.032361 -11.806631
v 22.678793 20.549999 -11.654404
v 22.830067 20.135785 -11.933933
v 23.027210 19.817948 -12.298223
v 23.256789 19.618147 -12.722448
v 23.380731 21.032361 -10.858329
v 23.527729 20.549999 -10.993650
v 23.761570 20.135785 -11.208915
v 24.066317 19.817948 -11.489455
v 24.421202 19.618147 -11.816149
v 23.876545 19.618147 -12.317542
v 23.580272 19.817948 -11.936890
v 23.325857 20.135785 -11.610018
v 23.130637 20.549999 -11.359199
v 23.007917 21.032361 -11.201528
v 23.859238 20.549999 -10.567727
v 24.125321 20.135785 -10.741568
v 24.472087 19.817948 -10.968121
v 24.875904 19.618147 -11.231948
v 24.097685 21.032361 -9.533514
v 24.291372 20.549999 -9.582562
v 24.599483 20.135785 -9.660587
v 25.001022 19.817948 -9.762270
v 25.468624 19.618147 -9.880683
v 24.786514 19.817948 -10.387110
v 24.407188 20.135785 -10.220722
v 24.116122 20.549999 -10.093048
v 23.933149 21.032361 -10.012789
v 24.380208 20.549999 -9.050193
v 24.696960 20.135785 -9.076440
v 25.109759 19.817948 -9.110646
v 25.590473 19.618147 -9.150479
v 24.097685 21.032361 -8.027142
v 24.291372 20.549999 -7.978094
v 24.599483 20.135785 -7.900070
v 25.001022 19.817948 -7.798386
v 25.468624 19.618147 -7.679973
v 25.590473 19.618147 -8.410178
v 25.109759 19.817948 -8.450011
v 24.696960 20.135785 -8.484216
v 24.380208 20.549999 -8.510463
v 24.181090 21.032361 -8.526963
v 24.116122 20.549999 -7.467608
v 24.407188 20.135785 -7.339934
v 24.786514 19.817948 -7.173547
v 23.380731 21.032361 -6.702328
v 23.527729 20.549999 -6.567006
v 23.761570 20.135785 -6.351741
v 24.066317 19.817948 -6.071202
v 24.421202 19.618147 -5.744507
v 24.875904 19.618147 -6.328709
v 24.472087 19.817948 -6.592536
v 24.125321 20.135785 -6.819089
v 23.859238 20.549999 -6.992929
v 23.691972 21.032361 -7.102210
v 23.130637 20.549999 -6.201457
v 23.325857 20.135785 -5.950639
v 23.580272 19.817948 -5.623766
v 23.876545 19.618147 -5.243115
v 22.119647 21.032361 -5.878421
v 22.184522 20.549999 -5.689446
v 22.287724 20.135785 -5.388830
v 22.422219 19.817948 -4.997059
v 22.578841 19.618147 -4.540833
v 23.256789 19.618147 -4.838209
v 23.027210 19.817948 -5.262433
v 22.830067 20.135785 -5.626723
v 22.678793 20.549999 -5.906253
v 22.583698 21.032361 -6.081972
v 21.628422 21.032361 -5.754025
v 21.661308 20.549999 -5.556950
v 21.713622 20.135785 -5.243447
v 21.781799 19.817948 -4.834883
v 21.861193 19.618147 -4.359100
v 20.618420 21.032361 -5.754025
v 20.585534 20.549999 -5.556950
v 20.533220 20.135785 -5.243447
v 20.465043 19.817948 -4.834883
v 20.385648 19.618147 -4.359100
v 20.062320 20.549999 -5.689446
v 19.959118 20.135785 -5.388830
v 19.824623 19.817948 -4.997059
v 19.668000 19.618147 -4.540833
v 19.238925 21.032361 -6.359128
v 19.116205 20.549999 -6.201457
v 18.920985 20.135785 -5.950639
v 18.666570 19.817948 -5.623766
v 18.370297 19.618147 -5.243115
v 18.990052 19.618147 -4.838209
v 19.219631 19.817948 -5.262433
v 19.416775 20.135785 -5.626723
v 19.568049 20.549999 -5.906253
v 19.663144 21.032361 -6.081972
v 18.719113 20.549999 -6.567006
v 18.485272 20.135785 -6.351741
v 18.180525 19.817948 -6.071202
v 17.825640 19.618147 -5.744507
v 18.313693 21.032361 -7.547867
v 18.130720 20.549999 -7.467608
v 17.839653 20.135785 -7.339934
v 17.460328 19.817948 -7.173547
v 17.370938 19.618147 -6.328709
v 17.774755 19.817948 -6.592536
v 18.121521 20.135785 -6.819089
v 18.387603 20.549999 -6.992929
v 18.554870 21.032361 -7.102210
v 17.955470 20.549999 -7.978094
v 17.647359 20.135785 -7.900070
v 17.245820 19.817948 -7.798386
v 16.778218 19.618147 -7.679973
v 18.123421 24.549999 -8.780328
v 18.217671 24.549999 -9.526398
v 18.494501 24.549999 -10.225589
v 18.936515 24.549999 -10.833970
v 19.515941 24.549999 -11.313312
v 20.196370 24.549999 -11.633498
v 20.935049 24.549999 -11.774408
v 21.685565 24.549999 -11.727190
v 22.400759 24.549999 -11.494809
v 23.035693 24.549999 -11.091868
v 23.550472 24.549999 -10.543684
v 23.912750 24.549999 -9.884702
v 24.099765 24.549999 -9.156328
v 24.099765 24.549999 -8.404329
v 23.912750 24.549999 -7.675955
v 23.550472 24.549999 -7.016972
v 23.035693 24.549999 -6.468788
v 22.400759 24.549999 -6.065847
v 21.685565 24.549999 -5.833466
v 20.935049 24.549999 -5.786248
v 20.196370 24.549999 -5.927159
v 19.515941 24.549999 -6.247344
v 18.936515 24.549999 -6.726687
v 18.494501 24.549999 -7.335067
v 18.217671 24.549999 -8.034259
v 58.732003 15.549999 -4.013049
v 58.684299 15.549999 -3.650702
v 58.544439 15.549999 -3.313049
v 58.321953 15.549999 -3.023100
v 58.032003 15.549999 -2.800614
v 57.694350 15.549999 -2.660753
v 57.332003 15.549999 -2.613049
v 56.969656 15.549999 -2.660753
v 56.632003 15.549999 -2.800614
v 56.342054 15.549999 -3.023100
v 56.119568 15.549999 -3.313049
v 55.979707 15.549999 -3.650702
v 55.932003 15.549999 -4.013049
v 55.979707 15.549999 -4.375396
v 56.119568 15.549999 -4.713049
v 56.342054 15.549999 -5.002999
v 56.632003 15.549999 -5.225485
v 56.969656 15.549999 -5.365345
v 57.332003 15.549999 -5.413049
v 57.694350 15.549999 -5.365345
v 58.032003 15.549999 -5.225485
v 58.321953 15.549999 -5.002999
v 58.544439 15.549999 -4.713049
v 58.684299 15.549999 -4.375396
v 0.067789 15.549999 -2.677629
v 0.020085 15.549999 -2.315283
v -0.119776 15.549999 -1.977629
v -0.342262 15.549999 -1.687680
v -0.632211 15.549999 -1.465194
v -0.969865 15.549999 -1.325333
v -1.332211 15.549999 -1.277629
v -1.694558 15.549999 -1.325333
v -2.032211 15.549999 -1.465194
v -2.322161 15.549999 -1.687680
v -2.544647 15.549999 -1.977629
v -2.684508 15.549999 -2.315283
v -2.732211 15.549999 -2.677629
v -2.684508 15.549999 -3.039976
v -2.544647 15.549999 -3.377629
v -2.322161 15.549999 -3.667579
v -2.032211 15.549999 -3.890065
v -1.694558 15.549999 -4.029925
v -1.332211 15.549999 -4.077629
v -0.969865 15.549999 -4.029925
v -0.632211 15.549999 -3.890065
v -0.342262 15.549999 -3.667579
v -0.119776 15.549999 -3.377629
v 0.020085 15.549999 -3.039976
v 78.510003 19.549999 14.946950
v 77.729642 19.473140 14.946950
v 76.979269 19.245517 14.946950
v 76.287722 18.875877 14.946950
v 75.681576 18.378426 14.946950
v 75.184125 17.772280 14.946950
v 74.814485 17.080733 14.946950
v 74.586862 16.330360 14.946950
v 74.510003 15.549999 14.946950
v 87.010001 19.549999 14.946950
v 74.510003 15.549999 -14.973048
v -18.510002 15.549999 14.946950
v -18.586861 16.330360 14.946950
v -18.814484 17.080733 14.946950
v -19.184123 17.772280 14.946950
v -19.681575 18.378426 14.946950
v -20.287721 18.875877 14.946950
v -20.979268 19.245517 14.946950
v -21.729640 19.473140 14.946950
v -18.510002 15.549999 -14.973048
v 88.105042 19.636181 14.946950
v 89.173120 19.892603 14.946950
v 90.187935 20.312953 14.946950
v 91.124498 20.886880 14.946950
v 91.959749 21.600252 14.946950
v 92.673120 22.435502 14.946950
v 93.247047 23.372066 14.946950
v 93.667397 24.386880 14.946950
v 93.923820 25.454958 14.946950
v 94.010001 26.549999 14.946950
v 94.010001 82.549999 14.946950
v 93.923820 83.645040 14.946950
v 93.667397 84.713118 14.946950
v 93.247047 85.727932 14.946950
v 92.673120 86.664496 14.946950
v 91.959749 87.499746 14.946950
v 91.124498 88.213118 14.946950
v 90.187935 88.787045 14.946950
v 89.173120 89.207395 14.946950
v 88.105042 89.463817 14.946950
v 87.010001 89.549999 14.946950
v -31.010003 89.549999 14.946950
v -32.105044 89.463817 14.946950
v -33.173122 89.207395 14.946950
v -34.187937 88.787045 14.946950
v -35.124500 88.213118 14.946950
v -35.959751 87.499746 14.946950
v -36.673122 86.664496 14.946950
v -37.247049 85.727932 14.946950
v -37.667399 84.713118 14.946950
v -37.923821 83.645040 14.946950
v -38.010003 82.549999 14.946950
v 33.723421 15.549999 -8.780328
v 33.771125 15.549999 -8.417982
v 33.910985 15.549999 -8.080328
v 34.133471 15.549999 -7.790379
v 34.423421 15.549999 -7.567893
v 34.761074 15.549999 -7.428032
v 35.123421 15.549999 -7.380328
v 35.485768 15.549999 -7.428032
v 35.823421 15.549999 -7.567893
v 36.113370 15.549999 -7.790379
v 36.335856 15.549999 -8.080328
v 36.475717 15.549999 -8.417982
v 36.523421 15.549999 -8.780328
v 36.475717 15.549999 -9.142675
v 36.335856 15.549999 -9.480328
v 36.113370 15.549999 -9.770278
v 35.823421 15.549999 -9.992764
v 35.485768 15.549999 -10.132624
v 35.123421 15.549999 -10.180328
v 34.761074 15.549999 -10.132624
v 34.423421 15.549999 -9.992764
v 34.133471 15.549999 -9.770278
v 33.910985 15.549999 -9.480328
v 33.771125 15.549999 -9.142675
v 19.723421 15.549999 -8.780328
v 19.771125 15.549999 -8.417982
v 19.910985 15.549999 -8.080328
v 20.133471 15.549999 -7.790379
v 20.423421 15.549999 -7.567893
v 20.761074 15.549999 -7.428032
v 21.123421 15.549999 -7.380328
v 21.485768 15.549999 -7.428032
v 21.823421 15.549999 -7.567893
v 22.113370 15.549999 -7.790379
v 22.335856 15.549999 -8.080328
v 22.475717 15.549999 -8.417982
v 22.523421 15.549999 -8.780328
v 22.475717 15.549999 -9.142675
v 22.335856 15.549999 -9.480328
v 22.113370 15.549999 -9.770278
v 21.823421 15.549999 -9.992764
v 21.485768 15.549999 -10.132624
v 21.123421 15.549999 -10.180328
v 20.761074 15.549999 -10.132624
v 20.423421 15.549999 -9.992764
v 20.133471 15.549999 -9.770278
v 19.910985 15.549999 -9.480328
v 19.771125 15.549999 -9.142675
v 33.723421 24.549999 -8.780328
v 33.771125 24.549999 -8.417982
v 33.910985 24.549999 -8.080328
v 34.133471 24.549999 -7.790379
v 34.423421 24.549999 -7.567893
v 34.761074 24.549999 -7.428032
v 35.123421 24.549999 -7.380328
v 35.485768 24.549999 -7.428032
v 35.823421 24.549999 -7.567893
v 36.113370 24.549999 -7.790379
v 36.335856 24.549999 -8.080328
v 36.475717 24.549999 -8.417982
v 36.523421 24.549999 -8.780328
v 36.475717 24.549999 -9.142675
v 36.335856 24.549999 -9.480328
v 36.113370 24.549999 -9.770278
v 35.823421 24.549999 -9.992764
v 35.485768 24.549999 -10.132624
v 35.123421 24.549999 -10.180328
v 34.761074 24.549999 -10.132624
v 34.423421 24.549999 -9.992764
v 34.133471 24.549999 -9.770278
v 33.910985 24.549999 -9.480328
v 33.771125 24.549999 -9.142675
v 33.723421 20.049999 -8.780328
v 33.771125 20.049999 -9.142675
v 33.910985 20.049999 -9.480328
v 34.133471 20.049999 -9.770278
v 34.423421 20.049999 -9.992764
v 34.761074 20.049999 -10.132624
v 35.123421 20.049999 -10.180328
v 35.485768 20.049999 -10.132624
v 35.823421 20.049999 -9.992764
v 36.113370 20.049999 -9.770278
v 36.335856 20.049999 -9.480328
v 36.475717 20.049999 -9.142675
v 36.523421 20.049999 -8.780328
v 36.475717 20.049999 -8.417982
v 36.335856 20.049999 -8.080328
v 36.113370 20.049999 -7.790379
v 35.823421 20.049999 -7.567893
v 35.485768 20.049999 -7.428032
v 35.123421 20.049999 -7.380328
v 34.761074 20.049999 -7.428032
v 34.423421 20.049999 -7.567893
v 34.133471 20.049999 -7.790379
v 33.910985 20.049999 -8.080328
v 33.771125 20.049999 -8.417982
v 19.723421 24.549999 -8.780328
v 19.771125 24.549999 -8.417982
v 19.910985 24.549999 -8.080328
v 20.133471 24.549999 -7.790379
v 20.423421 24.549999 -7.567893
v 20.761074 24.549999 -7.428032
v 21.123421 24.549999 -7.380328
v 21.485768 24.549999 -7.428032
v 21.823421 24.549999 -7.567893
v 22.113370 24.549999 -7.790379
v 22.335856 24.549999 -8.080328
v 22.475717 24.549999 -8.417982
v 22.523421 24.549999 -8.780328
v 22.475717 24.549999 -9.142675
v 22.335856 24.549999 -9.480328
v 22.113370 24.549999 -9.770278
v 21.823421 24.549999 -9.992764
v 21.485768 24.549999 -10.132624
v 21.123421 24.549999 -10.180328
v 20.761074 24.549999 -10.132624
v 20.423421 24.549999 -9.992764
v 20.133471 24.549999 -9.770278
v 19.910985 24.549999 -9.480328
v 19.771125 24.549999 -9.142675
v 19.723421 20.049999 -8.780328
v 19.771125 20.049999 -9.142675
v 19.910985 20.049999 -9.480328
v 20.133471 20.049999 -9.770278
v 20.423421 20.049999 -9.992764
v 20.761074 20.049999 -10.132624
v 21.123421 20.049999 -10.180328
v 21.485768 20.049999 -10.132624
v 21.823421 20.049999 -9.992764
v 22.113370 20.049999 -9.770278
v 22.335856 20.049999 -9.480328
v 22.475717 20.049999 -9.142675
v 22.523421 20.049999 -8.780328
v 22.475717 20.049999 -8.417982
v 22.335856 20.049999 -8.080328
v 22.113370 20.049999 -7.790379
v 21.823421 20.049999 -7.567893
v 21.485768 20.049999 -7.428032
v 21.123421 20.049999 -7.380328
v 20.761074 20.049999 -7.428032
v 20.423421 20.049999 -7.567893
v 20.133471 20.049999 -7.790379
v 19.910985 20.049999 -8.080328
v 19.771125 20.049999 -8.417982
v -34.500001 77.000000 10.946950
v -34.465927 76.741181 10.946950
v -34.366026 76.500000 10.946950
v -34.207108 76.292893 10.946950
v -34.000001 76.133975 10.946950
v -33.758820 76.034074 10.946950
v -33.500001 76.000000 10.946950
v -33.241182 76.034074 10.946950
v -33.000001 76.133975 10.946950
v -32.792894 76.292893 10.946950
v -32.633976 76.500000 10.946950
v -32.534075 76.741181 10.946950
v -32.500001 77.000000 10.946950
v -32.534075 77.258819 10.946950
v -32.633976 77.500000 10.946950
v -32.792894 77.707107 10.946950
v -33.000001 77.866025 10.946950
v -33.241182 77.965926 10.946950
v -33.500001 78.000000 10.946950
v -33.758820 77.965926 10.946950
v -34.000001 77.866025 10.946950
v -34.207108 77.707107 10.946950
v -34.366026 77.500000 10.946950
v -34.465927 77.258819 10.946950
v -34.500001 77.000000 4.946950
v -34.465927 77.258819 4.946950
v -34.366026 77.500000 4.946950
v -34.207108 77.707107 4.946950
v -34.000001 77.866025 4.946950
v -33.758820 77.965926 4.946950
v -33.500001 78.000000 4.946950
v -33.241182 77.965926 4.946950
v -33.000001 77.866025 4.946950
v -32.792894 77.707107 4.946950
v -32.633976 77.500000 4.946950
v -32.534075 77.258819 4.946950
v -32.500001 77.000000 4.946950
v -32.534075 76.741181 4.946950
v -32.633976 76.500000 4.946950
v -32.792894 76.292893 4.946950
v -33.000001 76.133975 4.946950
v -33.241182 76.034074 4.946950
v -33.500001 76.000000 4.946950
v -33.758820 76.034074 4.946950
v -34.000001 76.133975 4.946950
v -34.207108 76.292893 4.946950
v -34.366026 76.500000 4.946950
v -34.465927 76.741181 4.946950
v -34.500001 40.000000 10.946950
v -34.465927 39.741181 10.946950
v -34.366026 39.500000 10.946950
v -34.207108 39.292893 10.946950
v -34.000001 39.133975 10.946950
v -33.758820 39.034074 10.946950
v -33.500001 39.000000 10.946950
v -33.241182 39.034074 10.946950
v -33.000001 39.133975 10.946950
v -32.792894 39.292893 10.946950
v -32.633976 39.500000 10.946950
v -32.534075 39.741181 10.946950
v -32.500001 40.000000 10.946950
v -32.534075 40.258819 10.946950
v -32.633976 40.500000 10.946950
v -32.792894 40.707107 10.946950
v -33.000001 40.866025 10.946950
v -33.241182 40.965926 10.946950
v -33.500001 41.000000 10.946950
v -33.758820 40.965926 10.946950
v -34.000001 40.866025 10.946950
v -34.207108 40.707107 10.946950
v -34.366026 40.500000 10.946950
v -34.465927 40.258819 10.946950
v -34.500001 40.000000 4.946950
v -34.465927 40.258819 4.946950
v -34.366026 40.500000 4.946950
v -34.207108 40.707107 4.946950
v -34.000001 40.866025 4.946950
v -33.758820 40.965926 4.946950
v -33.500001 41.000000 4.946950
v -33.241182 40.965926 4.946950
v -33.000001 40.866025 4.946950
v -32.792894 40.707107 4.946950
v -32.633976 40.500000 4.946950
v -32.534075 40.258819 4.946950
v -32.500001 40.000000 4.946950
v -32.534075 39.741181 4.946950
v -32.633976 39.500000 4.946950
v -32.792894 39.292893 4.946950
v -33.000001 39.133975 4.946950
v -33.241182 39.034074 4.946950
v -33.500001 39.000000 4.946950
v -33.758820 39.034074 4.946950
v -34.000001 39.133975 4.946950
v -34.207108 39.292893 4.946950
v -34.366026 39.500000 4.946950
v -34.465927 39.741181 4.946950
v -6.500001 77.000000 10.946950
v -6.465927 76.741181 10.946950
v -6.366026 76.500000 10.946950
v -6.207108 76.292893 10.946950
v -6.000001 76.133975 10.946950
v -5.758820 76.034074 10.946950
v -5.500001 76.000000 10.946950
v -5.241182 76.034074 10.946950
v -5.000001 76.133975 10.946950
v -4.792894 76.292893 10.946950
v -4.633976 76.500000 10.946950
v -4.534075 76.741181 10.946950
v -4.500001 77.000000 10.946950
v -4.534075 77.258819 10.946950
v -4.633976 77.500000 10.946950
v -4.792894 77.707107 10.946950
v -5.000001 77.866025 10.946950
v -5.241182 77.965926 10.946950
v -5.500001 78.000000 10.946950
v -5.758820 77.965926 10.946950
v -6.000001 77.866025 10.946950
v -6.207108 77.707107 10.946950
v -6.366026 77.500000 10.946950
v -6.465927 77.258819 10.946950
v -6.500001 77.000000 4.946950
v -6.465927 77.258819 4.946950
v -6.366026 77.500000 4.946950
v -6.207108 77.707107 4.946950
v -6.000001 77.866025 4.946950
v -5.758820 77.965926 4.946950
v -5.500001 78.000000 4.946950
v -5.241182 77.965926 4.946950
v -5.000001 77.866025 4.946950
v -4.792894 77.707107 4.946950
v -4.633976 77.500000 4.946950
v -4.534075 77.258819 4.946950
v -4.500001 77.000000 4.946950
v -4.534075 76.741181 4.946950
v -4.633976 76.500000 4.946950
v -4.792894 76.292893 4.946950
v -5.000001 76.133975 4.946950
v -5.241182 76.034074 4.946950
v -5.500001 76.000000 4.946950
v -5.758820 76.034074 4.946950
v -6.000001 76.133975 4.946950
v -6.207108 76.292893 4.946950
v -6.366026 76.500000 4.946950
v -6.465927 76.741181 4.946950
v -6.500001 40.000000 10.946950
v -6.465927 39.741181 10.946950
v -6.366026 39.500000 10.946950
v -6.207108 39.292893 10.946950
v -6.000001 39.133975 10.946950
v -5.758820 39.034074 10.946950
v -5.500001 39.000000 10.946950
v -5.241182 39.034074 10.946950
v -5.000001 39.133975 10.946950
v -4.792894 39.292893 10.946950
v -4.633976 39.500000 10.946950
v -4.534075 39.741181 10.946950
v -4.500001 40.000000 10.946950
v -4.534075 40.258819 10.946950
v -4.633976 40.500000 10.946950
v -4.792894 40.707107 10.946950
v -5.000001 40.866025 10.946950
v -5.241182 40.965926 10.946950
v -5.500001 41.000000 10.946950
v -5.758820 40.965926 10.946950
v -6.000001 40.866025 10.946950
v -6.207108 40.707107 10.946950
v -6.366026 40.500000 10.946950
v -6.465927 40.258819 10.946950
v -6.500001 40.000000 4.946950
v -6.465927 40.258819 4.946950
v -6.366026 40.500000 4.946950
v -6.207108 40.707107 4.946950
v -6.000001 40.866025 4.946950
v -5.758820 40.965926 4.946950
v -5.500001 41.000000 4.946950
v -5.241182 40.965926 4.946950
v -5.000001 40.866025 4.946950
v -4.792894 40.707107 4.946950
v -4.633976 40.500000 4.946950
v -4.534075 40.258819 4.946950
v -4.500001 40.000000 4.946950
v -4.534075 39.741181 4.946950
v -4.633976 39.500000 4.946950
v -4.792894 39.292893 4.946950
v -5.000001 39.133975 4.946950
v -5.241182 39.034074 4.946950
v -5.500001 39.000000 4.946950
v -5.758820 39.034074 4.946950
v -6.000001 39.133975 4.946950
v -6.207108 39.292893 4.946950
v -6.366026 39.500000 4.946950
v -6.465927 39.741181 4.946950
v 7.649999 83.000000 10.946950
v 7.695999 83.349406 10.946950
v 7.830865 83.675000 10.946950
v 8.045405 83.954594 10.946950
v 8.324999 84.169134 10.946950
v 8.650593 84.304000 10.946950
v 8.999999 84.350000 10.946950
v 9.349405 84.304000 10.946950
v 9.674999 84.169134 10.946950
v 9.954593 83.954594 10.946950
v 10.169133 83.675000 10.946950
v 10.303999 83.349406 10.946950
v 10.349999 83.000000 10.946950
v 10.303999 82.650594 10.946950
v 10.169133 82.325000 10.946950
v 9.954593 82.045406 10.946950
v 9.674999 81.830866 10.946950
v 9.349405 81.696000 10.946950
v 8.999999 81.650000 10.946950
v 8.650593 81.696000 10.946950
v 8.324999 81.830866 10.946950
v 8.045405 82.045406 10.946950
v 7.830865 82.325000 10.946950
v 7.695999 82.650594 10.946950
v 7.699999 34.000000 10.946950
v 7.744295 34.336465 10.946950
v 7.874166 34.650000 10.946950
v 8.080760 34.919239 10.946950
v 8.349999 35.125833 10.946950
v 8.663534 35.255704 10.946950
v 8.999999 35.300000 10.946950
v 9.336464 35.255704 10.946950
v 9.649999 35.125833 10.946950
v 9.919238 34.919239 10.946950
v 10.125832 34.650000 10.946950
v 10.255703 34.336465 10.946950
v 10.299999 34.000000 10.946950
v 10.255703 33.663535 10.946950
v 10.125832 33.350000 10.946950
v 9.919238 33.080761 10.946950
v 9.649999 32.874167 10.946950
v 9.336464 32.744296 10.946950
v 8.999999 32.700000 10.946950
v 8.663534 32.744296 10.946950
v 8.349999 32.874167 10.946950
v 8.080760 33.080761 10.946950
v 7.874166 33.350000 10.946950
v 7.744295 33.663535 10.946950
v 7.649999 83.000000 5.946950
v 7.695999 82.650594 5.946950
v 7.830865 82.325000 5.946950
v 8.045405 82.045406 5.946950
v 8.324999 81.830866 5.946950
v 8.650593 81.696000 5.946950
v 8.999999 81.650000 5.946950
v 9.349405 81.696000 5.946950
v 9.674999 81.830866 5.946950
v 9.954593 82.045406 5.946950
v 10.169133 82.325000 5.946950
v 10.303999 82.650594 5.946950
v 10.349999 83.000000 5.946950
v 10.303999 83.349406 5.946950
v 10.169133 83.675000 5.946950
v 9.954593 83.954594 5.946950
v 9.674999 84.169134 5.946950
v 9.349405 84.304000 5.946950
v 8.999999 84.350000 5.946950
v 8.650593 84.304000 5.946950
v 8.324999 84.169134 5.946950
v 8.045405 83.954594 5.946950
v 7.830865 83.675000 5.946950
v 7.695999 83.349406 5.946950
v 5.999999 83.000000 5.946950
v 6.094250 83.746070 5.946950
v 6.371079 84.445261 5.946950
v 6.813093 85.053641 5.946950
v 7.392519 85.532984 5.946950
v 8.072948 85.853170 5.946950
v 8.811627 85.994080 5.946950
v 9.562143 85.946862 5.946950
v 10.277337 85.714481 5.946950
v 10.912271 85.311540 5.946950
v 11.427050 84.763356 5.946950
v 11.789329 84.104374 5.946950
v 11.976343 83.376000 5.946950
v 11.976343 82.624000 5.946950
v 11.789329 81.895626 5.946950
v 11.427050 81.236644 5.946950
v 10.912271 80.688460 5.946950
v 10.277337 80.285519 5.946950
v 9.562143 80.053138 5.946950
v 8.811627 80.005920 5.946950
v 8.072948 80.146830 5.946950
v 7.392519 80.467016 5.946950
v 6.813093 80.946359 5.946950
v 6.371079 81.554739 5.946950
v 6.094250 82.253930 5.946950
v 65.649999 83.000000 10.946950
v 65.695999 83.349406 10.946950
v 65.830865 83.675000 10.946950
v 66.045405 83.954594 10.946950
v 66.324999 84.169134 10.946950
v 66.650593 84.304000 10.946950
v 66.999999 84.350000 10.946950
v 67.349405 84.304000 10.946950
v 67.674999 84.169134 10.946950
v 67.954593 83.954594 10.946950
v 68.169133 83.675000 10.946950
v 68.303999 83.349406 10.946950
v 68.349999 83.000000 10.946950
v 68.303999 82.650594 10.946950
v 68.169133 82.325000 10.946950
v 67.954593 82.045406 10.946950
v 67.674999 81.830866 10.946950
v 67.349405 81.696000 10.946950
v 66.999999 81.650000 10.946950
v 66.650593 81.696000 10.946950
v 66.324999 81.830866 10.946950
v 66.045405 82.045406 10.946950
v 65.830865 82.325000 10.946950
v 65.695999 82.650594 10.946950
v 7.699999 34.000000 5.946950
v 7.744295 34.336465 5.946950
v 7.874166 34.650000 5.946950
v 8.080760 34.919239 5.946950
v 8.349999 35.125833 5.946950
v 8.663534 35.255704 5.946950
v 8.999999 35.300000 5.946950
v 9.336464 35.255704 5.946950
v 9.649999 35.125833 5.946950
v 9.919238 34.919239 5.946950
v 10.125832 34.650000 5.946950
v 10.255703 34.336465 5.946950
v 10.299999 34.000000 5.946950
v 10.255703 33.663535 5.946950
v 10.125832 33.350000 5.946950
v 9.919238 33.080761 5.946950
v 9.649999 32.874167 5.946950
v 9.336464 32.744296 5.946950
v 8.999999 32.700000 5.946950
v 8.663534 32.744296 5.946950
v 8.349999 32.874167 5.946950
v 8.080760 33.080761 5.946950
v 7.874166 33.350000 5.946950
v 7.744295 33.663535 5.946950
v 65.649999 34.000000 10.946950
v 65.695999 34.349406 10.946950
v 65.830865 34.675000 10.946950
v 66.045405 34.954594 10.946950
v 66.324999 35.169134 10.946950
v 66.650593 35.304000 10.946950
v 66.999999 35.350000 10.946950
v 67.349405 35.304000 10.946950
v 67.674999 35.169134 10.946950
v 67.954593 34.954594 10.946950
v 68.169133 34.675000 10.946950
v 68.303999 34.349406 10.946950
v 68.349999 34.000000 10.946950
v 68.303999 33.650594 10.946950
v 68.169133 33.325000 10.946950
v 67.954593 33.045406 10.946950
v 67.674999 32.830866 10.946950
v 67.349405 32.696000 10.946950
v 66.999999 32.650000 10.946950
v 66.650593 32.696000 10.946950
v 66.324999 32.830866 10.946950
v 66.045405 33.045406 10.946950
v 65.830865 33.325000 10.946950
v 65.695999 33.650594 10.946950
v 65.649999 83.000000 5.946950
v 65.695999 82.650594 5.946950
v 65.830865 82.325000 5.946950
v 66.045405 82.045406 5.946950
v 66.324999 81.830866 5.946950
v 66.650593 81.696000 5.946950
v 66.999999 81.650000 5.946950
v 67.349405 81.696000 5.946950
v 67.674999 81.830866 5.946950
v 67.954593 82.045406 5.946950
v 68.169133 82.325000 5.946950
v 68.303999 82.650594 5.946950
v 68.349999 83.000000 5.946950
v 68.303999 83.349406 5.946950
v 68.169133 83.675000 5.946950
v 67.954593 83.954594 5.946950
v 67.674999 84.169134 5.946950
v 67.349405 84.304000 5.946950
v 66.999999 84.350000 5.946950
v 66.650593 84.304000 5.946950
v 66.324999 84.169134 5.946950
v 66.045405 83.954594 5.946950
v 65.830865 83.675000 5.946950
v 65.695999 83.349406 5.946950
v 63.999999 83.000000 5.946950
v 64.094250 83.746070 5.946950
v 64.371079 84.445261 5.946950
v 64.813093 85.053641 5.946950
v 65.392519 85.532984 5.946950
v 66.072948 85.853170 5.946950
v 66.811627 85.994080 5.946950
v 67.562143 85.946862 5.946950
v 68.277337 85.714481 5.946950
v 68.912271 85.311540 5.946950
v 69.427050 84.763356 5.946950
v 69.789329 84.104374 5.946950
v 69.976343 83.376000 5.946950
v 69.976343 82.624000 5.946950
v 69.789329 81.895626 5.946950
v 69.427050 81.236644 5.946950
v 68.912271 80.688460 5.946950
v 68.277337 80.285519 5.946950
v 67.562143 80.053138 5.946950
v 66.811627 80.005920 5.946950
v 66.072948 80.146830 5.946950
v 65.392519 80.467016 5.946950
v 64.813093 80.946359 5.946950
v 64.371079 81.554739 5.946950
v 64.094250 82.253930 5.946950
v 65.649999 34.000000 5.946950
v 65.695999 33.650594 5.946950
v 65.830865 33.325000 5.946950
v 66.045405 33.045406 5.946950
v 66.324999 32.830866 5.946950
v 66.650593 32.696000 5.946950
v 66.999999 32.650000 5.946950
v 67.349405 32.696000 5.946950
v 67.674999 32.830866 5.946950
v 67.954593 33.045406 5.946950
v 68.169133 33.325000 5.946950
v 68.303999 33.650594 5.946950
v 68.349999 34.000000 5.946950
v 68.303999 34.349406 5.946950
v 68.169133 34.675000 5.946950
v 67.954593 34.954594 5.946950
v 67.674999 35.169134 5.946950
v 67.349405 35.304000 5.946950
v 66.999999 35.350000 5.946950
v 66.650593 35.304000 5.946950
v 66.324999 35.169134 5.946950
v 66.045405 34.954594 5.946950
v 65.830865 34.675000 5.946950
v 65.695999 34.349406 5.946950
v 63.999999 34.000000 5.946950
v 64.094250 34.746070 5.946950
v 64.371079 35.445261 5.946950
v 64.813093 36.053641 5.946950
v 65.392519 36.532984 5.946950
v 66.072948 36.853170 5.946950
v 66.811627 36.994080 5.946950
v 67.562143 36.946862 5.946950
v 68.277337 36.714481 5.946950
v 68.912271 36.311540 5.946950
v 69.427050 35.763356 5.946950
v 69.789329 35.104374 5.946950
v 69.976343 34.376000 5.946950
v 69.976343 33.624000 5.946950
v 69.789329 32.895626 5.946950
v 69.427050 32.236644 5.946950
v 68.912271 31.688460 5.946950
v 68.277337 31.285519 5.946950
v 67.562143 31.053138 5.946950
v 66.811627 31.005920 5.946950
v 66.072948 31.146830 5.946950
v 65.392519 31.467016 5.946950
v 64.813093 31.946359 5.946950
v 64.371079 32.554739 5.946950
v 64.094250 33.253930 5.946950
v -36.000001 77.000000 4.946950
v -35.914816 77.647048 4.946950
v -35.665064 78.250000 4.946950
v -35.267768 78.767767 4.946950
v -34.750001 79.165064 4.946950
v -34.147049 79.414815 4.946950
v -33.500001 79.500000 4.946950
v -32.852953 79.414815 4.946950
v -32.250001 79.165064 4.946950
v -31.732234 78.767767 4.946950
v -31.334937 78.250000 4.946950
v -31.085186 77.647048 4.946950
v -31.000001 77.000000 4.946950
v -31.085186 76.352952 4.946950
v -31.334937 75.750000 4.946950
v -31.732234 75.232233 4.946950
v -32.250001 74.834936 4.946950
v -32.852953 74.585185 4.946950
v -33.500001 74.500000 4.946950
v -34.147049 74.585185 4.946950
v -34.750001 74.834936 4.946950
v -35.267768 75.232233 4.946950
v -35.665064 75.750000 4.946950
v -35.914816 76.352952 4.946950
v -33.500001 37.500000 4.946950
v -34.147049 37.585185 4.946950
v -34.750001 37.834936 4.946950
v -35.267768 38.232233 4.946950
v -35.665064 38.750000 4.946950
v -35.914816 39.352952 4.946950
v -36.000001 40.000000 4.946950
v -35.914816 40.647048 4.946950
v -35.665064 41.250000 4.946950
v -35.267768 41.767767 4.946950
v -34.750001 42.165064 4.946950
v -34.147049 42.414815 4.946950
v -33.500001 42.500000 4.946950
v -32.852953 42.414815 4.946950
v -32.250001 42.165064 4.946950
v -31.732234 41.767767 4.946950
v -31.334937 41.250000 4.946950
v -31.085186 40.647048 4.946950
v -31.000001 40.000000 4.946950
v -31.085186 39.352952 4.946950
v -31.334937 38.750000 4.946950
v -31.732234 38.232233 4.946950
v -32.250001 37.834936 4.946950
v -32.852953 37.585185 4.946950
v -5.500001 79.500000 4.946950
v -4.852953 79.414815 4.946950
v -4.250001 79.165064 4.946950
v -3.732234 78.767767 4.946950
v -3.334937 78.250000 4.946950
v -3.085186 77.647048 4.946950
v -3.000001 77.000000 4.946950
v -3.085186 76.352952 4.946950
v -3.334937 75.750000 4.946950
v -3.732234 75.232233 4.946950
v -4.250001 74.834936 4.946950
v -4.852953 74.585185 4.946950
v -5.500001 74.500000 4.946950
v -6.147049 74.585185 4.946950
v -6.750001 74.834936 4.946950
v -7.267768 75.232233 4.946950
v -7.665064 75.750000 4.946950
v -7.914816 76.352952 4.946950
v -8.000001 77.000000 4.946950
v -7.914816 77.647048 4.946950
v -7.665064 78.250000 4.946950
v -7.267768 78.767767 4.946950
v -6.750001 79.165064 4.946950
v -6.147049 79.414815 4.946950
v -5.500001 37.500000 4.946950
v -6.147049 37.585185 4.946950
v -6.750001 37.834936 4.946950
v -7.267768 38.232233 4.946950
v -7.665064 38.750000 4.946950
v -7.914816 39.352952 4.946950
v -8.000001 40.000000 4.946950
v -7.914816 40.647048 4.946950
v -7.665064 41.250000 4.946950
v -7.267768 41.767767 4.946950
v -6.750001 42.165064 4.946950
v -6.147049 42.414815 4.946950
v -5.500001 42.500000 4.946950
v -4.852953 42.414815 4.946950
v -4.250001 42.165064 4.946950
v -3.732234 41.767767 4.946950
v -3.334937 41.250000 4.946950
v -3.085186 40.647048 4.946950
v -3.000001 40.000000 4.946950
v -3.085186 39.352952 4.946950
v -3.334937 38.750000 4.946950
v -3.732234 38.232233 4.946950
v -4.250001 37.834936 4.946950
v -4.852953 37.585185 4.946950
v 63.999999 83.000000 9.946950
v 64.094250 83.746070 9.946950
v 64.371079 84.445261 9.946950
v 64.813093 85.053641 9.946950
v 65.392519 85.532984 9.946950
v 66.072948 85.853170 9.946950
v 66.811627 85.994080 9.946950
v 67.562143 85.946862 9.946950
v 68.277337 85.714481 9.946950
v 68.912271 85.311540 9.946950
v 69.427050 84.763356 9.946950
v 69.789329 84.104374 9.946950
v 69.976343 83.376000 9.946950
v 69.976343 82.624000 9.946950
v 69.789329 81.895626 9.946950
v 69.427050 81.236644 9.946950
v 68.912271 80.688460 9.946950
v 68.277337 80.285519 9.946950
v 67.562143 80.053138 9.946950
v 66.811627 80.005920 9.946950
v 66.072948 80.146830 9.946950
v 65.392519 80.467016 9.946950
v 64.813093 80.946359 9.946950
v 64.371079 81.554739 9.946950
v 64.094250 82.253930 9.946950
v 5.999999 83.000000 9.946950
v 6.094250 83.746070 9.946950
v 6.371079 84.445261 9.946950
v 6.813093 85.053641 9.946950
v 7.392519 85.532984 9.946950
v 8.072948 85.853170 9.946950
v 8.811627 85.994080 9.946950
v 9.562143 85.946862 9.946950
v 10.277337 85.714481 9.946950
v 10.912271 85.311540 9.946950
v 11.427050 84.763356 9.946950
v 11.789329 84.104374 9.946950
v 11.976343 83.376000 9.946950
v 11.976343 82.624000 9.946950
v 11.789329 81.895626 9.946950
v 11.427050 81.236644 9.946950
v 10.912271 80.688460 9.946950
v 10.277337 80.285519 9.946950
v 9.562143 80.053138 9.946950
v 8.811627 80.005920 9.946950
v 8.072948 80.146830 9.946950
v 7.392519 80.467016 9.946950
v 6.813093 80.946359 9.946950
v 6.371079 81.554739 9.946950
v 6.094250 82.253930 9.946950
v 63.999999 34.000000 9.946950
v 64.094250 34.746070 9.946950
v 64.371079 35.445261 9.946950
v 64.813093 36.053641 9.946950
v 65.392519 36.532984 9.946950
v 66.072948 36.853170 9.946950
v 66.811627 36.994080 9.946950
v 67.562143 36.946862 9.946950
v 68.277337 36.714481 9.946950
v 68.912271 36.311540 9.946950
v 69.427050 35.763356 9.946950
v 69.789329 35.104374 9.946950
v 69.976343 34.376000 9.946950
v 69.976343 33.624000 9.946950
v 69.789329 32.895626 9.946950
v 69.427050 32.236644 9.946950
v 68.912271 31.688460 9.946950
v 68.277337 31.285519 9.946950
v 67.562143 31.053138 9.946950
v 66.811627 31.005920 9.946950
v 66.072948 31.146830 9.946950
v 65.392519 31.467016 9.946950
v 64.813093 31.946359 9.946950
v 64.371079 32.554739 9.946950
v 64.094250 33.253930 9.946950
v 6.999999 31.763932 5.986951
v 6.999999 31.763932 5.946950
v 7.594565 31.349574 5.946950
v 8.271146 31.089884 5.946950
v 8.990260 31.000016 5.946950
v 9.709942 31.085213 5.946950
v 10.388195 31.340505 5.946950
v 10.985439 31.750994 5.946950
v 11.466821 32.292724 5.946950
v 11.804250 32.934084 5.946950
v 11.978035 33.637646 5.946950
v 11.978035 34.362354 5.946950
v 11.804250 35.065916 5.946950
v 11.466821 35.707276 5.946950
v 10.985439 36.249006 5.946950
v 10.388195 36.659495 5.946950
v 9.709942 36.914787 5.946950
v 8.990260 36.999984 5.946950
v 8.271146 36.910116 5.946950
v 7.594565 36.650426 5.946950
v 6.999999 36.236068 5.946950
v 6.999999 36.236068 5.986951
v 6.525286 35.695817 5.986951
v 6.192793 35.058109 5.986951
v 6.021628 34.359591 5.986951
v 6.021628 33.640409 5.986951
v 6.192793 32.941891 5.986951
v 6.525286 32.304183 5.986951
v 5.999999 34.000000 9.946950
v 6.094250 34.746070 9.946950
v 6.371079 35.445261 9.946950
v 6.813093 36.053641 9.946950
v 7.392519 36.532984 9.946950
v 8.072948 36.853170 9.946950
v 8.811627 36.994080 9.946950
v 9.562143 36.946862 9.946950
v 10.277337 36.714481 9.946950
v 10.912271 36.311540 9.946950
v 11.427050 35.763356 9.946950
v 11.789329 35.104374 9.946950
v 11.976343 34.376000 9.946950
v 11.976343 33.624000 9.946950
v 11.789329 32.895626 9.946950
v 11.427050 32.236644 9.946950
v 10.912271 31.688460 9.946950
v 10.277337 31.285519 9.946950
v 9.562143 31.053138 9.946950
v 8.811627 31.005920 9.946950
v 8.072948 31.146830 9.946950
v 7.392519 31.467016 9.946950
v 6.813093 31.946359 9.946950
v 6.371079 32.554739 9.946950
v 6.094250 33.253930 9.946950
v -8.000001 40.000000 9.946950
v -7.914816 40.647048 9.946950
v -7.665064 41.250000 9.946950
v -7.267768 41.767767 9.946950
v -6.750001 42.165064 9.946950
v -6.147049 42.414815 9.946950
v -5.500001 42.500000 9.946950
v -4.852953 42.414815 9.946950
v -4.250001 42.165064 9.946950
v -3.732234 41.767767 9.946950
v -3.334937 41.250000 9.946950
v -3.085186 40.647048 9.946950
v -3.000001 40.000000 9.946950
v -3.085186 39.352952 9.946950
v -3.334937 38.750000 9.946950
v -3.732234 38.232233 9.946950
v -4.250001 37.834936 9.946950
v -4.852953 37.585185 9.946950
v -5.500001 37.500000 9.946950
v -6.147049 37.585185 9.946950
v -6.750001 37.834936 9.946950
v -7.267768 38.232233 9.946950
v -7.665064 38.750000 9.946950
v -7.914816 39.352952 9.946950
v -36.000001 40.000000 9.946950
v -35.914816 40.647048 9.946950
v -35.665064 41.250000 9.946950
v -35.267768 41.767767 9.946950
v -34.750001 42.165064 9.946950
v -34.147049 42.414815 9.946950
v -33.500001 42.500000 9.946950
v -32.852953 42.414815 9.946950
v -32.250001 42.165064 9.946950
v -31.732234 41.767767 9.946950
v -31.334937 41.250000 9.946950
v -31.085186 40.647048 9.946950
v -31.000001 40.000000 9.946950
v -31.085186 39.352952 9.946950
v -31.334937 38.750000 9.946950
v -31.732234 38.232233 9.946950
v -32.250001 37.834936 9.946950
v -32.852953 37.585185 9.946950
v -33.500001 37.500000 9.946950
v -34.147049 37.585185 9.946950
v -34.750001 37.834936 9.946950
v -35.267768 38.232233 9.946950
v -35.665064 38.750000 9.946950
v -35.914816 39.352952 9.946950
v -36.000001 77.000000 9.946950
v -35.914816 77.647048 9.946950
v -35.665064 78.250000 9.946950
v -35.267768 78.767767 9.946950
v -34.750001 79.165064 9.946950
v -34.147049 79.414815 9.946950
v -33.500001 79.500000 9.946950
v -32.852953 79.414815 9.946950
v -32.250001 79.165064 9.946950
v -31.732234 78.767767 9.946950
v -31.334937 78.250000 9.946950
v -31.085186 77.647048 9.946950
v -31.000001 77.000000 9.946950
v -31.085186 76.352952 9.946950
v -31.334937 75.750000 9.946950
v -31.732234 75.232233 9.946950
v -32.250001 74.834936 9.946950
v -32.852953 74.585185 9.946950
v -33.500001 74.500000 9.946950
v -34.147049 74.585185 9.946950
v -34.750001 74.834936 9.946950
v -35.267768 75.232233 9.946950
v -35.665064 75.750000 9.946950
v -35.914816 76.352952 9.946950
v -8.000001 77.000000 9.946950
v -7.914816 77.647048 9.946950
v -7.665064 78.250000 9.946950
v -7.267768 78.767767 9.946950
v -6.750001 79.165064 9.946950
v -6.147049 79.414815 9.946950
v -5.500001 79.500000 9.946950
v -4.852953 79.414815 9.946950
v -4.250001 79.165064 9.946950
v -3.732234 78.767767 9.946950
v -3.334937 78.250000 9.946950
v -3.085186 77.647048 9.946950
v -3.000001 77.000000 9.946950
v -3.085186 76.352952 9.946950
v -3.334937 75.750000 9.946950
v -3.732234 75.232233 9.946950
v -4.250001 74.834936 9.946950
v -4.852953 74.585185 9.946950
v -5.500001 74.500000 9.946950
v -6.147049 74.585185 9.946950
v -6.750001 74.834936 9.946950
v -7.267768 75.232233 9.946950
v -7.665064 75.750000 9.946950
v -7.914816 76.352952 9.946950
vt -0.592711 0.549779 0.000000
vt -0.992711 0.549779 0.000000
vt -0.592711 0.439823 0.000000
vt -0.992711 0.439823 0.000000
vt -0.592711 0.329867 0.000000
vt -0.992711 0.329867 0.000000
vt -0.592711 0.219911 0.000000
vt -0.992711 0.219911 0.000000
vt -0.592711 0.109956 0.000000
vt -0.992711 0.109956 0.000000
vt -0.592711 0.000000 0.000000
vt -0.992711 0.000000 0.000000
vt -0.592711 -0.109956 0.000000
vt -0.992711 -0.109956 0.000000
vt -0.592711 -0.219911 0.000000
vt -0.992711 -0.219911 0.000000
vt -0.592711 -0.329867 0.000000
vt -0.992711 -0.329867 0.000000
vt -0.592711 -0.439823 0.000000
vt -0.992711 -0.439823 0.000000
vt -0.592711 -0.549779 0.000000
vt -0.992711 -0.549779 0.000000
vt 1.496000 5.901000 0.000000
vt 1.096000 5.901000 0.000000
vt 1.496000 5.051000 0.000000
vt 1.096000 5.051000 0.000000
vt 10.216566 1.964285 0.000000
vt 12.328367 2.004368 0.000000
vt 10.226000 2.045000 0.000000
vt 12.328367 2.085633 0.000000
vt 10.216566 2.125716 0.000000
vt 12.347108 2.164707 0.000000
vt 10.188772 2.202080 0.000000
vt 12.383579 2.237328 0.000000
vt 10.144116 2.269976 0.000000
vt 12.435816 2.299581 0.000000
vt 10.085006 2.325743 0.000000
vt 12.501000 2.348109 0.000000
vt 10.014628 2.366376 0.000000
vt 12.575619 2.380296 0.000000
vt 9.936777 2.389683 0.000000
vt 9.936777 5.400317 0.000000
vt 9.855650 5.395592 0.000000
vt 12.347108 1.925293 0.000000
vt 10.188772 1.887920 0.000000
vt 12.383579 1.852672 0.000000
vt 10.144116 1.820024 0.000000
vt 12.435816 1.790419 0.000000
vt 10.085006 1.764257 0.000000
vt 12.501000 1.741891 0.000000
vt 11.177000 0.400000 0.000000
vt 12.575619 1.709704 0.000000
vt 13.127000 0.700000 0.000000
vt 12.655650 1.695592 0.000000
vt 12.736777 1.700317 0.000000
vt 12.814628 1.723624 0.000000
vt 12.885006 1.764257 0.000000
vt 12.944116 1.820024 0.000000
vt 12.988772 1.887920 0.000000
vt 13.016566 1.964285 0.000000
vt 13.026000 2.045000 0.000000
vt 13.127000 6.300000 0.000000
vt 13.016566 2.125716 0.000000
vt 13.016566 5.664285 0.000000
vt 12.988772 5.587920 0.000000
vt 10.014628 1.723624 0.000000
vt 9.936777 1.700317 0.000000
vt 8.744437 1.202930 0.000000
vt 9.855650 1.695592 0.000000
vt 8.789030 1.277044 0.000000
vt 8.816648 1.359012 0.000000
vt 9.775619 1.709704 0.000000
vt 8.826000 1.445000 0.000000
vt 9.701000 1.741891 0.000000
vt 8.816648 1.530988 0.000000
vt 9.635816 1.790419 0.000000
vt 8.789030 1.612956 0.000000
vt 9.583579 1.852672 0.000000
vt 8.744437 1.687070 0.000000
vt 9.547108 1.925293 0.000000
vt 8.684955 1.749865 0.000000
vt 9.528367 2.004368 0.000000
vt 8.613364 1.798405 0.000000
vt 9.528367 2.085633 0.000000
vt 8.533012 1.830420 0.000000
vt 9.547108 2.164707 0.000000
vt 8.447656 1.844413 0.000000
vt 9.583579 2.237328 0.000000
vt 9.635816 2.299581 0.000000
vt 8.361287 1.839731 0.000000
vt 9.701000 2.348109 0.000000
vt 9.701000 5.441891 0.000000
vt 9.775619 2.380296 0.000000
vt 9.775619 5.409704 0.000000
vt 9.855650 2.394408 0.000000
vt 3.016648 1.359012 0.000000
vt 8.028345 1.401752 0.000000
vt 3.026000 1.445000 0.000000
vt 8.028345 1.488248 0.000000
vt 3.016648 1.530988 0.000000
vt 8.046939 1.572721 0.000000
vt 2.989030 1.612956 0.000000
vt 8.083257 1.651222 0.000000
vt 2.944437 1.687070 0.000000
vt 8.135602 1.720080 0.000000
vt 2.884955 1.749865 0.000000
vt 8.201525 1.776076 0.000000
vt 2.813364 1.798405 0.000000
vt 8.277945 1.816591 0.000000
vt 2.813364 5.991595 0.000000
vt 8.277945 5.973409 0.000000
vt 8.201525 6.013925 0.000000
vt 8.046939 1.317279 0.000000
vt 2.989030 1.277044 0.000000
vt 8.083257 1.238779 0.000000
vt 2.944437 1.202930 0.000000
vt 8.135602 1.169920 0.000000
vt 2.884955 1.140135 0.000000
vt 8.201525 1.113925 0.000000
vt 2.813364 1.091595 0.000000
vt 8.277945 1.073409 0.000000
vt 1.875000 0.400000 0.000000
vt 8.361287 1.050269 0.000000
vt 8.447656 1.045587 0.000000
vt 8.533012 1.059580 0.000000
vt 8.613364 1.091595 0.000000
vt 8.684955 1.140135 0.000000
vt 2.733012 1.059580 0.000000
vt 2.647656 1.045587 0.000000
vt 2.561287 1.050269 0.000000
vt 2.477945 1.073409 0.000000
vt 2.401525 1.113925 0.000000
vt 2.335602 1.169920 0.000000
vt 2.283257 1.238779 0.000000
vt -0.075000 0.700000 0.000000
vt -0.066382 0.590496 0.000000
vt 2.246939 1.317279 0.000000
vt 2.228345 1.401752 0.000000
vt 2.228345 1.488248 0.000000
vt 2.246939 1.572721 0.000000
vt 2.283257 1.651222 0.000000
vt 2.335602 1.720080 0.000000
vt 2.401525 1.776076 0.000000
vt -0.075000 6.300000 0.000000
vt 2.477945 1.816591 0.000000
vt 2.477945 5.973409 0.000000
vt 2.561287 5.950269 0.000000
vt 2.561287 1.839731 0.000000
vt 2.647656 5.945587 0.000000
vt 2.647656 1.844413 0.000000
vt 2.733012 1.830420 0.000000
vt 2.733012 5.959580 0.000000
vt 3.016648 6.259012 0.000000
vt 8.028345 6.301752 0.000000
vt 3.026000 6.345000 0.000000
vt 8.028345 6.388248 0.000000
vt 3.016648 6.430988 0.000000
vt 8.046939 6.472721 0.000000
vt 2.989030 6.512956 0.000000
vt 8.083257 6.551222 0.000000
vt 2.944437 6.587070 0.000000
vt 8.135602 6.620080 0.000000
vt 2.884955 6.649865 0.000000
vt 8.201525 6.676076 0.000000
vt 2.813364 6.698405 0.000000
vt 8.277945 6.716591 0.000000
vt 2.733012 6.730420 0.000000
vt 8.361287 6.739731 0.000000
vt 2.647656 6.744413 0.000000
vt 0.625000 7.000000 0.000000
vt 2.561287 6.739731 0.000000
vt 2.477945 6.716591 0.000000
vt 2.401525 6.676076 0.000000
vt 2.335602 6.620080 0.000000
vt 2.283257 6.551222 0.000000
vt 2.246939 6.472721 0.000000
vt 2.228345 6.388248 0.000000
vt -0.040740 6.516312 0.000000
vt -0.066382 6.409504 0.000000
vt 8.046939 6.217279 0.000000
vt 2.989030 6.177044 0.000000
vt 8.083257 6.138779 0.000000
vt 2.944437 6.102930 0.000000
vt 8.135602 6.069920 0.000000
vt 2.884955 6.040135 0.000000
vt 2.401525 6.013925 0.000000
vt 2.335602 6.069920 0.000000
vt 2.283257 6.138779 0.000000
vt 2.246939 6.217279 0.000000
vt 2.228345 6.301752 0.000000
vt 8.816648 6.259012 0.000000
vt 9.701000 6.048109 0.000000
vt 8.826000 6.345000 0.000000
vt 9.775619 6.080296 0.000000
vt 8.816648 6.430988 0.000000
vt 9.855650 6.094408 0.000000
vt 8.789030 6.512956 0.000000
vt 8.744437 6.587070 0.000000
vt 9.936777 6.089683 0.000000
vt 8.684955 6.649865 0.000000
vt 12.427000 7.000000 0.000000
vt 8.613364 6.698405 0.000000
vt 8.533012 6.730420 0.000000
vt 8.447656 6.744413 0.000000
vt 9.635816 5.999581 0.000000
vt 8.789030 6.177044 0.000000
vt 9.583579 5.937328 0.000000
vt 8.744437 6.102930 0.000000
vt 9.547108 5.864707 0.000000
vt 8.684955 6.040135 0.000000
vt 9.528367 5.785633 0.000000
vt 8.613364 5.991595 0.000000
vt 9.528367 5.704368 0.000000
vt 8.533012 5.959580 0.000000
vt 9.547108 5.625293 0.000000
vt 8.447656 5.945587 0.000000
vt 9.583579 5.552672 0.000000
vt 9.635816 5.490419 0.000000
vt 8.361287 5.950269 0.000000
vt 10.216566 5.664285 0.000000
vt 12.328367 5.704368 0.000000
vt 10.226000 5.745000 0.000000
vt 12.328367 5.785633 0.000000
vt 10.216566 5.825716 0.000000
vt 12.347108 5.864707 0.000000
vt 10.188772 5.902080 0.000000
vt 12.383579 5.937328 0.000000
vt 10.144116 5.969976 0.000000
vt 12.435816 5.999581 0.000000
vt 10.085006 6.025743 0.000000
vt 10.014628 6.066376 0.000000
vt 12.347108 5.625293 0.000000
vt 10.188772 5.587920 0.000000
vt 12.383579 5.552672 0.000000
vt 10.144116 5.520024 0.000000
vt 12.435816 5.490419 0.000000
vt 10.085006 5.464257 0.000000
vt 12.501000 5.441891 0.000000
vt 10.014628 5.423624 0.000000
vt 12.575619 5.409704 0.000000
vt 13.016566 5.825716 0.000000
vt 13.026000 5.745000 0.000000
vt 12.988772 2.202080 0.000000
vt 12.944116 5.520024 0.000000
vt 12.944116 2.269976 0.000000
vt 12.885006 5.464257 0.000000
vt 12.885006 2.325743 0.000000
vt 12.814628 5.423624 0.000000
vt 12.814628 2.366376 0.000000
vt 12.736777 5.400317 0.000000
vt 12.736777 2.389683 0.000000
vt 12.655650 5.395592 0.000000
vt 12.655650 2.394408 0.000000
vt 12.501000 6.048109 0.000000
vt 12.575619 6.080296 0.000000
vt 12.993312 6.711450 0.000000
vt 13.050705 6.617793 0.000000
vt 13.092740 6.516312 0.000000
vt 12.655650 6.094408 0.000000
vt 13.118382 6.409504 0.000000
vt 12.736777 6.089683 0.000000
vt 12.814628 6.066376 0.000000
vt 12.885006 6.025743 0.000000
vt 12.944116 5.969976 0.000000
vt 12.988772 5.902080 0.000000
vt 12.536505 0.008618 0.000000
vt 12.643312 0.034260 0.000000
vt 12.427000 0.000000 0.000000
vt 12.744794 0.076295 0.000000
vt 12.838450 0.133688 0.000000
vt 12.921975 0.205025 0.000000
vt 12.993312 0.288550 0.000000
vt 13.050705 0.382207 0.000000
vt 13.092740 0.483688 0.000000
vt 13.118382 0.590496 0.000000
vt 12.921975 6.794975 0.000000
vt 12.838450 6.866312 0.000000
vt 12.744794 6.923705 0.000000
vt 12.643312 6.965740 0.000000
vt 12.536505 6.991382 0.000000
vt 0.515496 6.991382 0.000000
vt 0.408688 6.965740 0.000000
vt 0.307207 6.923705 0.000000
vt 0.213550 6.866312 0.000000
vt 0.130025 6.794975 0.000000
vt 0.058688 6.711450 0.000000
vt 0.001295 6.617793 0.000000
vt -0.040740 0.483688 0.000000
vt 0.001295 0.382207 0.000000
vt 0.058688 0.288550 0.000000
vt 0.625000 -0.000000 0.000000
vt 0.130025 0.205025 0.000000
vt 0.213550 0.133688 0.000000
vt 0.307207 0.076295 0.000000
vt 0.408688 0.034260 0.000000
vt 0.515496 0.008618 0.000000
vt 1.475000 0.000000 0.000000
vt 1.553036 -0.007686 0.000000
vt 1.628073 -0.030448 0.000000
vt 1.697228 -0.067412 0.000000
vt 1.757843 -0.117157 0.000000
vt 1.807588 -0.177772 0.000000
vt 1.844552 -0.246927 0.000000
vt 1.867314 -0.321964 0.000000
vt 1.875000 -0.400000 0.000000
vt 11.177000 -0.400000 0.000000
vt 11.184686 -0.321964 0.000000
vt 11.207448 -0.246927 0.000000
vt 11.244412 -0.177772 0.000000
vt 11.294158 -0.117157 0.000000
vt 11.354772 -0.067412 0.000000
vt 11.423927 -0.030448 0.000000
vt 11.498964 -0.007686 0.000000
vt 11.577000 0.000000 0.000000
vt 0.628319 -0.473133 0.000000
vt 0.575959 -0.533609 0.000000
vt 0.628319 -0.563254 0.000000
vt 0.575959 -0.592899 0.000000
vt 0.575959 -0.652189 0.000000
vt 0.523599 -0.592899 0.000000
vt 0.523599 -0.652189 0.000000
vt 0.471239 -0.592899 0.000000
vt 0.471239 -0.652189 0.000000
vt 0.418879 -0.592899 0.000000
vt 0.418879 -0.652189 0.000000
vt 0.366519 -0.592899 0.000000
vt 0.366519 -0.652189 0.000000
vt 0.314159 -0.633661 0.000000
vt 0.314159 -0.704068 0.000000
vt 0.628319 -0.383013 0.000000
vt 0.575959 -0.415029 0.000000
vt 0.575959 -0.474319 0.000000
vt 0.523599 -0.474319 0.000000
vt 0.523599 -0.533609 0.000000
vt 0.471239 -0.474319 0.000000
vt 0.471239 -0.533609 0.000000
vt 0.418879 -0.474319 0.000000
vt 0.418879 -0.533609 0.000000
vt 0.366519 -0.474319 0.000000
vt 0.366519 -0.533609 0.000000
vt 0.314159 -0.492847 0.000000
vt 0.314159 -0.563254 0.000000
vt 0.575959 -0.355739 0.000000
vt 0.628319 -0.292892 0.000000
vt 0.575959 -0.296449 0.000000
vt 0.575959 -0.237160 0.000000
vt 0.523599 -0.237160 0.000000
vt 0.523599 -0.177870 0.000000
vt 0.471239 -0.177870 0.000000
vt 0.471239 -0.118580 0.000000
vt 0.418879 -0.118580 0.000000
vt 0.418879 -0.059290 0.000000
vt 0.366519 -0.059290 0.000000
vt 0.366519 0.000000 0.000000
vt 0.314159 0.000000 0.000000
vt 0.366519 0.059290 0.000000
vt 0.314159 0.070407 0.000000
vt 0.366519 0.118580 0.000000
vt 0.314159 0.140814 0.000000
vt 0.366519 0.177870 0.000000
vt 0.314159 0.211220 0.000000
vt 0.366519 0.237160 0.000000
vt 0.314159 0.281627 0.000000
vt 0.366519 0.296449 0.000000
vt 0.314159 0.352034 0.000000
vt 0.366519 0.355739 0.000000
vt 0.366519 0.415029 0.000000
vt 0.418879 0.355739 0.000000
vt 0.418879 0.415029 0.000000
vt 0.471239 0.355739 0.000000
vt 0.471239 0.415029 0.000000
vt 0.523599 0.355739 0.000000
vt 0.523599 0.415029 0.000000
vt 0.575959 0.355739 0.000000
vt 0.575959 0.415029 0.000000
vt 0.628319 0.428073 0.000000
vt 0.575959 0.474319 0.000000
vt 0.628319 0.518194 0.000000
vt 0.575959 0.533609 0.000000
vt 0.628319 0.608314 0.000000
vt 0.575959 0.592899 0.000000
vt 0.575959 0.652189 0.000000
vt 0.523599 0.652189 0.000000
vt 0.523599 0.711479 0.000000
vt 0.471239 0.711479 0.000000
vt 0.471239 0.770769 0.000000
vt 0.418879 0.770769 0.000000
vt 0.418879 0.830059 0.000000
vt 0.366519 0.830059 0.000000
vt 0.366519 0.889348 0.000000
vt 0.314159 0.844881 0.000000
vt 0.314159 0.915288 0.000000
vt 0.366519 0.948638 0.000000
vt 0.314159 0.985695 0.000000
vt 0.366519 1.007928 0.000000
vt 0.314159 1.056101 0.000000
vt 0.366519 1.067218 0.000000
vt 0.314159 1.126508 0.000000
vt 0.366519 1.126508 0.000000
vt 0.314159 -1.126508 0.000000
vt 0.366519 -1.126508 0.000000
vt 0.366519 -1.067218 0.000000
vt 0.418879 -1.126508 0.000000
vt 0.418879 -1.067218 0.000000
vt 0.471239 -1.126508 0.000000
vt 0.471239 -1.067218 0.000000
vt 0.523599 -1.126508 0.000000
vt 0.523599 -1.067218 0.000000
vt 0.575959 -1.126508 0.000000
vt 0.575959 -1.067218 0.000000
vt 0.628319 -1.103978 0.000000
vt 0.628319 -1.013857 0.000000
vt 0.628319 -0.202771 0.000000
vt 0.575959 -0.177870 0.000000
vt 0.523599 -0.118580 0.000000
vt 0.471239 -0.059290 0.000000
vt 0.418879 0.000000 0.000000
vt 0.628319 -0.112651 0.000000
vt 0.575959 -0.118580 0.000000
vt 0.523599 -0.059290 0.000000
vt 0.471239 0.000000 0.000000
vt 0.418879 0.059290 0.000000
vt 0.575959 -0.059290 0.000000
vt 0.628319 -0.022530 0.000000
vt 0.575959 0.000000 0.000000
vt 0.628319 0.067590 0.000000
vt 0.575959 0.059290 0.000000
vt 0.575959 0.118580 0.000000
vt 0.523599 0.118580 0.000000
vt 0.523599 0.177870 0.000000
vt 0.471239 0.177870 0.000000
vt 0.471239 0.237160 0.000000
vt 0.418879 0.237160 0.000000
vt 0.418879 0.296449 0.000000
vt 0.628319 0.157711 0.000000
vt 0.575959 0.177870 0.000000
vt 0.523599 0.237160 0.000000
vt 0.471239 0.296449 0.000000
vt 0.628319 0.247832 0.000000
vt 0.575959 0.237160 0.000000
vt 0.523599 0.296449 0.000000
vt 0.575959 0.296449 0.000000
vt 0.628319 0.337952 0.000000
vt 0.628319 0.698435 0.000000
vt 0.575959 0.711479 0.000000
vt 0.523599 0.770769 0.000000
vt 0.471239 0.830059 0.000000
vt 0.418879 0.889348 0.000000
vt 0.628319 0.788556 0.000000
vt 0.575959 0.770769 0.000000
vt 0.523599 0.830059 0.000000
vt 0.471239 0.889348 0.000000
vt 0.418879 0.948638 0.000000
vt 0.575959 0.830059 0.000000
vt 0.628319 0.878676 0.000000
vt 0.575959 0.889348 0.000000
vt 0.628319 0.968797 0.000000
vt 0.575959 0.948638 0.000000
vt 0.575959 1.007928 0.000000
vt 0.523599 1.007928 0.000000
vt 0.523599 1.067218 0.000000
vt 0.471239 1.067218 0.000000
vt 0.471239 1.126508 0.000000
vt 0.418879 1.126508 0.000000
vt 0.628319 1.058918 0.000000
vt 0.575959 1.067218 0.000000
vt 0.523599 1.126508 0.000000
vt 0.628319 -1.194099 0.000000
vt 0.575959 -1.185798 0.000000
vt 0.575959 1.126508 0.000000
vt 0.575959 -1.007928 0.000000
vt 0.628319 -0.923737 0.000000
vt 0.575959 -0.948638 0.000000
vt 0.575959 -0.889348 0.000000
vt 0.523599 -0.889348 0.000000
vt 0.523599 -0.830059 0.000000
vt 0.471239 -0.830059 0.000000
vt 0.471239 -0.770769 0.000000
vt 0.418879 -0.770769 0.000000
vt 0.418879 -0.711479 0.000000
vt 0.366519 -0.711479 0.000000
vt 0.628319 -0.833616 0.000000
vt 0.575959 -0.830059 0.000000
vt 0.523599 -0.770769 0.000000
vt 0.471239 -0.711479 0.000000
vt 0.628319 -0.743495 0.000000
vt 0.575959 -0.770769 0.000000
vt 0.523599 -0.711479 0.000000
vt 0.575959 -0.711479 0.000000
vt 0.628319 -0.653375 0.000000
vt 0.314159 -0.774474 0.000000
vt 0.366519 -0.770769 0.000000
vt 0.418879 -0.830059 0.000000
vt 0.471239 -0.889348 0.000000
vt 0.523599 -0.948638 0.000000
vt 0.366519 -0.830059 0.000000
vt 0.314159 -0.844881 0.000000
vt 0.366519 -0.889348 0.000000
vt 0.314159 -0.915288 0.000000
vt 0.366519 -0.948638 0.000000
vt 0.314159 -0.985695 0.000000
vt 0.366519 -1.007928 0.000000
vt 0.314159 -1.056101 0.000000
vt 0.314159 0.774474 0.000000
vt 0.366519 0.770769 0.000000
vt 0.418879 0.711479 0.000000
vt 0.471239 0.652189 0.000000
vt 0.523599 0.592899 0.000000
vt 0.366519 0.711479 0.000000
vt 0.314159 0.704068 0.000000
vt 0.366519 0.652189 0.000000
vt 0.314159 0.633661 0.000000
vt 0.366519 0.592899 0.000000
vt 0.314159 0.563254 0.000000
vt 0.366519 0.533609 0.000000
vt 0.314159 0.492847 0.000000
vt 0.366519 0.474319 0.000000
vt 0.314159 0.422441 0.000000
vt 0.314159 -0.070407 0.000000
vt 0.366519 -0.118580 0.000000
vt 0.418879 -0.177870 0.000000
vt 0.471239 -0.237160 0.000000
vt 0.523599 -0.296449 0.000000
vt 0.314159 -0.140814 0.000000
vt 0.366519 -0.177870 0.000000
vt 0.418879 -0.237160 0.000000
vt 0.471239 -0.296449 0.000000
vt 0.523599 -0.355739 0.000000
vt 0.314159 -0.211220 0.000000
vt 0.366519 -0.237160 0.000000
vt 0.418879 -0.296449 0.000000
vt 0.471239 -0.355739 0.000000
vt 0.523599 -0.415029 0.000000
vt 0.314159 -0.281627 0.000000
vt 0.366519 -0.296449 0.000000
vt 0.418879 -0.355739 0.000000
vt 0.471239 -0.415029 0.000000
vt 0.314159 -0.352034 0.000000
vt 0.366519 -0.355739 0.000000
vt 0.418879 -0.415029 0.000000
vt 0.366519 -0.415029 0.000000
vt 0.314159 -0.422441 0.000000
vt 0.418879 1.067218 0.000000
vt 0.418879 1.007928 0.000000
vt 0.523599 0.000000 0.000000
vt 0.471239 0.059290 0.000000
vt 0.418879 0.118580 0.000000
vt 0.523599 0.059290 0.000000
vt 0.471239 0.118580 0.000000
vt 0.418879 0.177870 0.000000
vt 0.523599 0.474319 0.000000
vt 0.523599 0.533609 0.000000
vt 0.471239 0.474319 0.000000
vt 0.471239 0.533609 0.000000
vt 0.471239 0.592899 0.000000
vt 0.418879 0.474319 0.000000
vt 0.418879 0.533609 0.000000
vt 0.418879 0.592899 0.000000
vt 0.418879 0.652189 0.000000
vt 0.523599 0.889348 0.000000
vt 0.471239 0.948638 0.000000
vt 0.523599 0.948638 0.000000
vt 0.471239 1.007928 0.000000
vt 0.523599 -1.007928 0.000000
vt 0.471239 -1.007928 0.000000
vt 0.471239 -0.948638 0.000000
vt 0.418879 -1.007928 0.000000
vt 0.418879 -0.948638 0.000000
vt 0.418879 -0.889348 0.000000
vt 0.779183 -0.321950 0.000000
vt 0.876728 -0.312342 0.000000
vt 0.406458 1.433221 0.000000
vt 0.974273 -0.321950 0.000000
vt 1.496000 3.151000 0.000000
vt 1.068070 -0.350402 0.000000
vt 1.154513 -0.396607 0.000000
vt 1.230281 -0.458789 0.000000
vt 1.292463 -0.534557 0.000000
vt 1.338668 -0.621000 0.000000
vt 1.367121 -0.714797 0.000000
vt 1.376728 -0.812342 0.000000
vt 1.496000 -6.151000 0.000000
vt 1.376728 -2.212342 0.000000
vt 1.367121 -2.309887 0.000000
vt 1.367121 -0.909887 0.000000
vt 1.367121 -2.114797 0.000000
vt 1.338668 -1.003684 0.000000
vt 1.338668 -2.021000 0.000000
vt 1.292463 -1.090127 0.000000
vt 1.292463 -1.934557 0.000000
vt 1.230281 -1.165896 0.000000
vt 1.230281 -1.858789 0.000000
vt 1.154513 -1.228077 0.000000
vt 1.154513 -1.796607 0.000000
vt 1.068070 -1.274282 0.000000
vt 1.068070 -1.750402 0.000000
vt 0.974273 -1.302735 0.000000
vt 0.974273 -1.721950 0.000000
vt 0.876728 -1.312342 0.000000
vt 0.876728 -1.712342 0.000000
vt 0.779183 -1.721950 0.000000
vt 0.779183 -1.302735 0.000000
vt 0.685386 -1.750402 0.000000
vt 0.685386 -1.274282 0.000000
vt 0.598943 -1.796607 0.000000
vt 0.598943 -1.228077 0.000000
vt 0.523175 -1.858789 0.000000
vt 0.523175 -1.165896 0.000000
vt 0.460993 -1.934557 0.000000
vt 0.460993 -1.090127 0.000000
vt 0.414788 -2.021000 0.000000
vt 0.414788 -1.003684 0.000000
vt 0.386335 -2.114797 0.000000
vt 0.386335 -0.909887 0.000000
vt 0.376728 -0.812342 0.000000
vt 0.386335 -0.714797 0.000000
vt 0.145214 1.363221 0.000000
vt 0.131228 1.396986 0.000000
vt -0.696000 -6.151000 0.000000
vt -0.696000 3.151000 0.000000
vt 0.126458 1.433221 0.000000
vt 0.131228 1.469456 0.000000
vt 0.414788 -0.621000 0.000000
vt 0.266458 1.293221 0.000000
vt 0.230223 1.297991 0.000000
vt 0.196458 1.311977 0.000000
vt 0.460993 -0.534557 0.000000
vt 0.336458 1.311977 0.000000
vt 0.302693 1.297991 0.000000
vt 0.365453 1.334226 0.000000
vt 0.523175 -0.458789 0.000000
vt 0.387702 1.363221 0.000000
vt 0.401688 1.396986 0.000000
vt 0.598943 -0.396607 0.000000
vt 0.685386 -0.350402 0.000000
vt 0.363765 -4.568430 0.000000
vt 0.400000 -4.573200 0.000000
vt 0.436235 -4.568430 0.000000
vt 0.470000 -4.554444 0.000000
vt 0.498995 -4.532195 0.000000
vt 0.521244 -4.503200 0.000000
vt 0.535230 -4.469435 0.000000
vt 0.540000 -4.433200 0.000000
vt 0.974273 -2.702735 0.000000
vt 0.876728 -2.712342 0.000000
vt 0.330000 -4.554444 0.000000
vt 0.301005 -4.532195 0.000000
vt 0.278756 -4.503200 0.000000
vt 0.264770 -4.469435 0.000000
vt 0.260000 -4.433200 0.000000
vt 0.264770 -4.396966 0.000000
vt 0.278756 -4.363200 0.000000
vt 0.386335 -2.309887 0.000000
vt 0.376728 -2.212342 0.000000
vt 0.301005 -4.334205 0.000000
vt 0.414788 -2.403684 0.000000
vt 0.330000 -4.311957 0.000000
vt 0.363765 -4.297971 0.000000
vt 0.460993 -2.490127 0.000000
vt 0.400000 -4.293200 0.000000
vt 0.436235 -4.297971 0.000000
vt 0.523175 -2.565896 0.000000
vt 0.470000 -4.311957 0.000000
vt 0.498995 -4.334205 0.000000
vt 0.598943 -2.628077 0.000000
vt 0.521244 -4.363200 0.000000
vt 0.685386 -2.674282 0.000000
vt 0.535230 -4.396966 0.000000
vt 0.779183 -2.702735 0.000000
vt 0.230223 1.568451 0.000000
vt 0.266458 1.573221 0.000000
vt 0.302693 1.568451 0.000000
vt 0.336458 1.554465 0.000000
vt 0.365453 1.532216 0.000000
vt 0.387702 1.503221 0.000000
vt 0.401688 1.469456 0.000000
vt 0.167463 1.334226 0.000000
vt 0.145214 1.503221 0.000000
vt 0.167463 1.532216 0.000000
vt 0.196458 1.554465 0.000000
vt 1.338668 -2.403684 0.000000
vt 1.292463 -2.490127 0.000000
vt 1.230281 -2.565896 0.000000
vt 1.154513 -2.628077 0.000000
vt 1.068070 -2.674282 0.000000
vt -0.500000 0.867080 0.000000
vt -0.200000 0.867080 0.000000
vt -0.500000 0.942478 0.000000
vt -0.200000 0.942478 0.000000
vt -0.500000 -0.942478 0.000000
vt -0.200000 -0.942478 0.000000
vt -0.500000 -0.867080 0.000000
vt -0.200000 -0.867080 0.000000
vt -0.500000 -0.791681 0.000000
vt -0.200000 -0.791681 0.000000
vt -0.500000 -0.716283 0.000000
vt -0.200000 -0.716283 0.000000
vt -0.500000 -0.640885 0.000000
vt -0.200000 -0.640885 0.000000
vt -0.500000 -0.565487 0.000000
vt -0.200000 -0.565487 0.000000
vt -0.500000 -0.490088 0.000000
vt -0.200000 -0.490088 0.000000
vt -0.500000 -0.414690 0.000000
vt -0.200000 -0.414690 0.000000
vt -0.500000 -0.339292 0.000000
vt -0.200000 -0.339292 0.000000
vt -0.500000 -0.263894 0.000000
vt -0.200000 -0.263894 0.000000
vt -0.500000 -0.188496 0.000000
vt -0.200000 -0.188496 0.000000
vt -0.500000 -0.113097 0.000000
vt -0.200000 -0.113097 0.000000
vt -0.500000 -0.037699 0.000000
vt -0.200000 -0.037699 0.000000
vt -0.500000 0.037699 0.000000
vt -0.200000 0.037699 0.000000
vt -0.500000 0.113097 0.000000
vt -0.200000 0.113097 0.000000
vt -0.500000 0.188496 0.000000
vt -0.200000 0.188496 0.000000
vt -0.500000 0.263894 0.000000
vt -0.200000 0.263894 0.000000
vt -0.500000 0.339292 0.000000
vt -0.200000 0.339292 0.000000
vt -0.500000 0.414690 0.000000
vt -0.200000 0.414690 0.000000
vt -0.500000 0.490088 0.000000
vt -0.200000 0.490088 0.000000
vt -0.500000 0.565487 0.000000
vt -0.200000 0.565487 0.000000
vt -0.500000 0.640885 0.000000
vt -0.200000 0.640885 0.000000
vt -0.500000 0.716283 0.000000
vt -0.200000 0.716283 0.000000
vt -0.500000 0.791681 0.000000
vt -0.200000 0.791681 0.000000
vt 0.628319 -0.473133 0.000000
vt 0.575959 -0.533609 0.000000
vt 0.628319 -0.563254 0.000000
vt 0.575959 -0.592899 0.000000
vt 0.575959 -0.652189 0.000000
vt 0.523599 -0.592899 0.000000
vt 0.523599 -0.652189 0.000000
vt 0.471239 -0.592899 0.000000
vt 0.471239 -0.652189 0.000000
vt 0.418879 -0.592899 0.000000
vt 0.418879 -0.652189 0.000000
vt 0.366519 -0.592899 0.000000
vt 0.366519 -0.652189 0.000000
vt 0.314159 -0.633661 0.000000
vt 0.314159 -0.704068 0.000000
vt 0.628319 -0.383013 0.000000
vt 0.575959 -0.415029 0.000000
vt 0.575959 -0.474319 0.000000
vt 0.523599 -0.474319 0.000000
vt 0.523599 -0.533609 0.000000
vt 0.471239 -0.474319 0.000000
vt 0.471239 -0.533609 0.000000
vt 0.418879 -0.474319 0.000000
vt 0.418879 -0.533609 0.000000
vt 0.366519 -0.474319 0.000000
vt 0.366519 -0.533609 0.000000
vt 0.314159 -0.492847 0.000000
vt 0.314159 -0.563254 0.000000
vt 0.575959 -0.355739 0.000000
vt 0.628319 -0.292892 0.000000
vt 0.575959 -0.296449 0.000000
vt 0.575959 -0.237160 0.000000
vt 0.523599 -0.237160 0.000000
vt 0.523599 -0.177870 0.000000
vt 0.471239 -0.177870 0.000000
vt 0.471239 -0.118580 0.000000
vt 0.418879 -0.118580 0.000000
vt 0.418879 -0.059290 0.000000
vt 0.366519 -0.059290 0.000000
vt 0.366519 0.000000 0.000000
vt 0.314159 0.000000 0.000000
vt 0.366519 0.059290 0.000000
vt 0.314159 0.070407 0.000000
vt 0.366519 0.118580 0.000000
vt 0.314159 0.140814 0.000000
vt 0.366519 0.177870 0.000000
vt 0.314159 0.211220 0.000000
vt 0.366519 0.237160 0.000000
vt 0.314159 0.281627 0.000000
vt 0.366519 0.296449 0.000000
vt 0.314159 0.352034 0.000000
vt 0.366519 0.355739 0.000000
vt 0.366519 0.415029 0.000000
vt 0.418879 0.355739 0.000000
vt 0.418879 0.415029 0.000000
vt 0.471239 0.355739 0.000000
vt 0.471239 0.415029 0.000000
vt 0.523599 0.355739 0.000000
vt 0.523599 0.415029 0.000000
vt 0.575959 0.355739 0.000000
vt 0.575959 0.415029 0.000000
vt 0.628319 0.428073 0.000000
vt 0.575959 0.474319 0.000000
vt 0.628319 0.518194 0.000000
vt 0.575959 0.533609 0.000000
vt 0.628319 0.608314 0.000000
vt 0.575959 0.592899 0.000000
vt 0.575959 0.652189 0.000000
vt 0.523599 0.652189 0.000000
vt 0.523599 0.711479 0.000000
vt 0.471239 0.711479 0.000000
vt 0.471239 0.770769 0.000000
vt 0.418879 0.770769 0.000000
vt 0.418879 0.830059 0.000000
vt 0.366519 0.830059 0.000000
vt 0.366519 0.889348 0.000000
vt 0.314159 0.844881 0.000000
vt 0.314159 0.915288 0.000000
vt 0.366519 0.948638 0.000000
vt 0.314159 0.985695 0.000000
vt 0.366519 1.007928 0.000000
vt 0.314159 1.056101 0.000000
vt 0.366519 1.067218 0.000000
vt 0.314159 1.126508 0.000000
vt 0.366519 1.126508 0.000000
vt 0.314159 -1.126508 0.000000
vt 0.366519 -1.126508 0.000000
vt 0.366519 -1.067218 0.000000
vt 0.418879 -1.126508 0.000000
vt 0.418879 -1.067218 0.000000
vt 0.471239 -1.126508 0.000000
vt 0.471239 -1.067218 0.000000
vt 0.523599 -1.126508 0.000000
vt 0.523599 -1.067218 0.000000
vt 0.575959 -1.126508 0.000000
vt 0.575959 -1.067218 0.000000
vt 0.628319 -1.103978 0.000000
vt 0.628319 -1.013857 0.000000
vt 0.628319 -0.202771 0.000000
vt 0.575959 -0.177870 0.000000
vt 0.523599 -0.118580 0.000000
vt 0.471239 -0.059290 0.000000
vt 0.418879 0.000000 0.000000
vt 0.628319 -0.112651 0.000000
vt 0.575959 -0.118580 0.000000
vt 0.523599 -0.059290 0.000000
vt 0.471239 0.000000 0.000000
vt 0.418879 0.059290 0.000000
vt 0.575959 -0.059290 0.000000
vt 0.628319 -0.022530 0.000000
vt 0.575959 0.000000 0.000000
vt 0.628319 0.067590 0.000000
vt 0.575959 0.059290 0.000000
vt 0.575959 0.118580 0.000000
vt 0.523599 0.118580 0.000000
vt 0.523599 0.177870 0.000000
vt 0.471239 0.177870 0.000000
vt 0.471239 0.237160 0.000000
vt 0.418879 0.237160 0.000000
vt 0.418879 0.296449 0.000000
vt 0.628319 0.157711 0.000000
vt 0.575959 0.177870 0.000000
vt 0.523599 0.237160 0.000000
vt 0.471239 0.296449 0.000000
vt 0.628319 0.247832 0.000000
vt 0.575959 0.237160 0.000000
vt 0.523599 0.296449 0.000000
vt 0.575959 0.296449 0.000000
vt 0.628319 0.337952 0.000000
vt 0.628319 0.698435 0.000000
vt 0.575959 0.711479 0.000000
vt 0.523599 0.770769 0.000000
vt 0.471239 0.830059 0.000000
vt 0.418879 0.889348 0.000000
vt 0.628319 0.788556 0.000000
vt 0.575959 0.770769 0.000000
vt 0.523599 0.830059 0.000000
vt 0.471239 0.889348 0.000000
vt 0.418879 0.948638 0.000000
vt 0.575959 0.830059 0.000000
vt 0.628319 0.878676 0.000000
vt 0.575959 0.889348 0.000000
vt 0.628319 0.968797 0.000000
vt 0.575959 0.948638 0.000000
vt 0.575959 1.007928 0.000000
vt 0.523599 1.007928 0.000000
vt 0.523599 1.067218 0.000000
vt 0.471239 1.067218 0.000000
vt 0.471239 1.126508 0.000000
vt 0.418879 1.126508 0.000000
vt 0.628319 1.058918 0.000000
vt 0.575959 1.067218 0.000000
vt 0.523599 1.126508 0.000000
vt 0.628319 -1.194099 0.000000
vt 0.575959 -1.185798 0.000000
vt 0.575959 1.126508 0.000000
vt 0.575959 -1.007928 0.000000
vt 0.628319 -0.923737 0.000000
vt 0.575959 -0.948638 0.000000
vt 0.575959 -0.889348 0.000000
vt 0.523599 -0.889348 0.000000
vt 0.523599 -0.830059 0.000000
vt 0.471239 -0.830059 0.000000
vt 0.471239 -0.770769 0.000000
vt 0.418879 -0.770769 0.000000
vt 0.418879 -0.711479 0.000000
vt 0.366519 -0.711479 0.000000
vt 0.628319 -0.833616 0.000000
vt 0.575959 -0.830059 0.000000
vt 0.523599 -0.770769 0.000000
vt 0.471239 -0.711479 0.000000
vt 0.628319 -0.743495 0.000000
vt 0.575959 -0.770769 0.000000
vt 0.523599 -0.711479 0.000000
vt 0.575959 -0.711479 0.000000
vt 0.628319 -0.653375 0.000000
vt 0.314159 -0.774474 0.000000
vt 0.366519 -0.770769 0.000000
vt 0.418879 -0.830059 0.000000
vt 0.471239 -0.889348 0.000000
vt 0.523599 -0.948638 0.000000
vt 0.366519 -0.830059 0.000000
vt 0.314159 -0.844881 0.000000
vt 0.366519 -0.889348 0.000000
vt 0.314159 -0.915288 0.000000
vt 0.366519 -0.948638 0.000000
vt 0.314159 -0.985695 0.000000
vt 0.366519 -1.007928 0.000000
vt 0.314159 -1.056101 0.000000
vt 0.314159 0.774474 0.000000
vt 0.366519 0.770769 0.000000
vt 0.418879 0.711479 0.000000
vt 0.471239 0.652189 0.000000
vt 0.523599 0.592899 0.000000
vt 0.366519 0.711479 0.000000
vt 0.314159 0.704068 0.000000
vt 0.366519 0.652189 0.000000
vt 0.314159 0.633661 0.000000
vt 0.366519 0.592899 0.000000
vt 0.314159 0.563254 0.000000
vt 0.366519 0.533609 0.000000
vt 0.314159 0.492847 0.000000
vt 0.366519 0.474319 0.000000
vt 0.314159 0.422441 0.000000
vt 0.314159 -0.070407 0.000000
vt 0.366519 -0.118580 0.000000
vt 0.418879 -0.177870 0.000000
vt 0.471239 -0.237160 0.000000
vt 0.523599 -0.296449 0.000000
vt 0.314159 -0.140814 0.000000
vt 0.366519 -0.177870 0.000000
vt 0.418879 -0.237160 0.000000
vt 0.471239 -0.296449 0.000000
vt 0.523599 -0.355739 0.000000
vt 0.314159 -0.211220 0.000000
vt 0.366519 -0.237160 0.000000
vt 0.418879 -0.296449 0.000000
vt 0.471239 -0.355739 0.000000
vt 0.523599 -0.415029 0.000000
vt 0.314159 -0.281627 0.000000
vt 0.366519 -0.296449 0.000000
vt 0.418879 -0.355739 0.000000
vt 0.471239 -0.415029 0.000000
vt 0.314159 -0.352034 0.000000
vt 0.366519 -0.355739 0.000000
vt 0.418879 -0.415029 0.000000
vt 0.366519 -0.415029 0.000000
vt 0.314159 -0.422441 0.000000
vt 0.418879 1.067218 0.000000
vt 0.418879 1.007928 0.000000
vt 0.523599 0.000000 0.000000
vt 0.471239 0.059290 0.000000
vt 0.418879 0.118580 0.000000
vt 0.523599 0.059290 0.000000
vt 0.471239 0.118580 0.000000
vt 0.418879 0.177870 0.000000
vt 0.523599 0.474319 0.000000
vt 0.523599 0.533609 0.000000
vt 0.471239 0.474319 0.000000
vt 0.471239 0.533609 0.000000
vt 0.471239 0.592899 0.000000
vt 0.418879 0.474319 0.000000
vt 0.418879 0.533609 0.000000
vt 0.418879 0.592899 0.000000
vt 0.418879 0.652189 0.000000
vt 0.523599 0.889348 0.000000
vt 0.471239 0.948638 0.000000
vt 0.523599 0.948638 0.000000
vt 0.471239 1.007928 0.000000
vt 0.523599 -1.007928 0.000000
vt 0.471239 -1.007928 0.000000
vt 0.471239 -0.948638 0.000000
vt 0.418879 -1.007928 0.000000
vt 0.418879 -0.948638 0.000000
vt 0.418879 -0.889348 0.000000
vt -0.500000 0.867080 0.000000
vt -0.200000 0.867080 0.000000
vt -0.500000 0.942478 0.000000
vt -0.200000 0.942478 0.000000
vt -0.500000 -0.942478 0.000000
vt -0.200000 -0.942478 0.000000
vt -0.500000 -0.867080 0.000000
vt -0.200000 -0.867080 0.000000
vt -0.500000 -0.791681 0.000000
vt -0.200000 -0.791681 0.000000
vt -0.500000 -0.716283 0.000000
vt -0.200000 -0.716283 0.000000
vt -0.500000 -0.640885 0.000000
vt -0.200000 -0.640885 0.000000
vt -0.500000 -0.565487 0.000000
vt -0.200000 -0.565487 0.000000
vt -0.500000 -0.490088 0.000000
vt -0.200000 -0.490088 0.000000
vt -0.500000 -0.414690 0.000000
vt -0.200000 -0.414690 0.000000
vt -0.500000 -0.339292 0.000000
vt -0.200000 -0.339292 0.000000
vt -0.500000 -0.263894 0.000000
vt -0.200000 -0.263894 0.000000
vt -0.500000 -0.188496 0.000000
vt -0.200000 -0.188496 0.000000
vt -0.500000 -0.113097 0.000000
vt -0.200000 -0.113097 0.000000
vt -0.500000 -0.037699 0.000000
vt -0.200000 -0.037699 0.000000
vt -0.500000 0.037699 0.000000
vt -0.200000 0.037699 0.000000
vt -0.500000 0.113097 0.000000
vt -0.200000 0.113097 0.000000
vt -0.500000 0.188496 0.000000
vt -0.200000 0.188496 0.000000
vt -0.500000 0.263894 0.000000
vt -0.200000 0.263894 0.000000
vt -0.500000 0.339292 0.000000
vt -0.200000 0.339292 0.000000
vt -0.500000 0.414690 0.000000
vt -0.200000 0.414690 0.000000
vt -0.500000 0.490088 0.000000
vt -0.200000 0.490088 0.000000
vt -0.500000 0.565487 0.000000
vt -0.200000 0.565487 0.000000
vt -0.500000 0.640885 0.000000
vt -0.200000 0.640885 0.000000
vt -0.500000 0.716283 0.000000
vt -0.200000 0.716283 0.000000
vt -0.500000 0.791681 0.000000
vt -0.200000 0.791681 0.000000
vt 0.400000 -0.403171 0.000000
vt -0.000000 -0.403171 0.000000
vt 0.400000 -0.439823 0.000000
vt 0.000000 -0.439823 0.000000
vt 0.400000 0.439823 0.000000
vt 0.000000 0.439823 0.000000
vt 0.400000 0.403171 0.000000
vt 0.000000 0.403171 0.000000
vt 0.400000 0.366519 0.000000
vt 0.000000 0.366519 0.000000
vt 0.400000 0.329867 0.000000
vt 0.000000 0.329867 0.000000
vt 0.400000 0.293215 0.000000
vt 0.000000 0.293215 0.000000
vt 0.400000 0.256563 0.000000
vt 0.000000 0.256563 0.000000
vt 0.400000 0.219911 0.000000
vt 0.000000 0.219911 0.000000
vt 0.400000 0.183260 0.000000
vt 0.000000 0.183260 0.000000
vt 0.400000 0.146608 0.000000
vt 0.000000 0.146608 0.000000
vt 0.400000 0.109956 0.000000
vt 0.000000 0.109956 0.000000
vt 0.400000 0.073304 0.000000
vt 0.000000 0.073304 0.000000
vt 0.400000 0.036652 0.000000
vt 0.000000 0.036652 0.000000
vt 0.400000 -0.000000 0.000000
vt -0.000000 0.000000 0.000000
vt 0.400000 -0.036652 0.000000
vt -0.000000 -0.036652 0.000000
vt 0.400000 -0.073304 0.000000
vt -0.000000 -0.073304 0.000000
vt 0.400000 -0.109956 0.000000
vt -0.000000 -0.109956 0.000000
vt 0.400000 -0.146608 0.000000
vt -0.000000 -0.146608 0.000000
vt 0.400000 -0.183260 0.000000
vt -0.000000 -0.183260 0.000000
vt 0.400000 -0.219911 0.000000
vt -0.000000 -0.219911 0.000000
vt 0.400000 -0.256563 0.000000
vt -0.000000 -0.256563 0.000000
vt 0.400000 -0.293215 0.000000
vt -0.000000 -0.293215 0.000000
vt 0.400000 -0.329867 0.000000
vt -0.000000 -0.329867 0.000000
vt 0.400000 -0.366519 0.000000
vt -0.000000 -0.366519 0.000000
vt 0.400000 -0.403171 0.000000
vt -0.000000 -0.403171 0.000000
vt 0.400000 -0.439823 0.000000
vt 0.000000 -0.439823 0.000000
vt 0.400000 0.439823 0.000000
vt 0.000000 0.439823 0.000000
vt 0.400000 0.403171 0.000000
vt 0.000000 0.403171 0.000000
vt 0.400000 0.366519 0.000000
vt 0.000000 0.366519 0.000000
vt 0.400000 0.329867 0.000000
vt 0.000000 0.329867 0.000000
vt 0.400000 0.293215 0.000000
vt 0.000000 0.293215 0.000000
vt 0.400000 0.256563 0.000000
vt 0.000000 0.256563 0.000000
vt 0.400000 0.219911 0.000000
vt 0.000000 0.219911 0.000000
vt 0.400000 0.183260 0.000000
vt 0.000000 0.183260 0.000000
vt 0.400000 0.146608 0.000000
vt 0.000000 0.146608 0.000000
vt 0.400000 0.109956 0.000000
vt 0.000000 0.109956 0.000000
vt 0.400000 0.073304 0.000000
vt 0.000000 0.073304 0.000000
vt 0.400000 0.036652 0.000000
vt 0.000000 0.036652 0.000000
vt 0.400000 -0.000000 0.000000
vt -0.000000 -0.000000 0.000000
vt 0.400000 -0.036652 0.000000
vt -0.000000 -0.036652 0.000000
vt 0.400000 -0.073304 0.000000
vt -0.000000 -0.073304 0.000000
vt 0.400000 -0.109956 0.000000
vt -0.000000 -0.109956 0.000000
vt 0.400000 -0.146608 0.000000
vt -0.000000 -0.146608 0.000000
vt 0.400000 -0.183260 0.000000
vt -0.000000 -0.183260 0.000000
vt 0.400000 -0.219911 0.000000
vt -0.000000 -0.219911 0.000000
vt 0.400000 -0.256563 0.000000
vt -0.000000 -0.256563 0.000000
vt 0.400000 -0.293215 0.000000
vt -0.000000 -0.293215 0.000000
vt 0.400000 -0.329867 0.000000
vt -0.000000 -0.329867 0.000000
vt 0.400000 -0.366519 0.000000
vt -0.000000 -0.366519 0.000000
vt -0.748000 -0.314159 0.000000
vt -0.348000 -0.314159 0.000000
vt -0.748000 -0.235619 0.000000
vt -0.348000 -0.235619 0.000000
vt -0.348000 -0.157080 0.000000
vt -0.748000 -0.157080 0.000000
vt -0.348000 -0.078540 0.000000
vt -0.748000 -0.078540 0.000000
vt -0.348000 0.000000 0.000000
vt -0.748000 -0.000000 0.000000
vt -0.348000 0.078540 0.000000
vt -0.748000 0.078540 0.000000
vt -0.348000 0.157080 0.000000
vt -0.748000 0.157080 0.000000
vt -0.348000 0.235619 0.000000
vt -0.748000 0.235619 0.000000
vt -0.748000 0.314159 0.000000
vt -0.348000 0.314159 0.000000
vt 1.496000 -5.051000 0.000000
vt 1.096000 -5.051000 0.000000
vt 1.496000 -5.901000 0.000000
vt 1.096000 -5.901000 0.000000
vt 0.400000 0.800000 0.000000
vt 0.400000 -0.000000 0.000000
vt 0.800000 0.400000 0.000000
vt 2.992000 0.000000 0.000000
vt 2.992000 0.400000 0.000000
vt 2.244000 0.314159 0.000000
vt 1.844000 0.314159 0.000000
vt 2.244000 0.235619 0.000000
vt 1.844000 0.235619 0.000000
vt 1.844000 0.157080 0.000000
vt 2.244000 0.157080 0.000000
vt 1.844000 0.078540 0.000000
vt 2.244000 0.078540 0.000000
vt 1.844000 -0.000000 0.000000
vt 2.244000 -0.000000 0.000000
vt 1.844000 -0.078540 0.000000
vt 2.244000 -0.078540 0.000000
vt 1.844000 -0.157080 0.000000
vt 2.244000 -0.157080 0.000000
vt 1.844000 -0.235619 0.000000
vt 2.244000 -0.235619 0.000000
vt 2.244000 -0.314159 0.000000
vt 1.844000 -0.314159 0.000000
vt 2.592000 0.800000 0.000000
vt 2.192000 0.400000 0.000000
vt 2.592000 -0.000000 0.000000
vt -0.000000 0.000000 0.000000
vt -0.000000 0.400000 0.000000
vt 7.164000 0.282843 0.000000
vt -2.138000 0.282843 0.000000
vt 7.164000 -0.282843 0.000000
vt -2.138000 -0.282843 0.000000
vt -0.066382 4.700496 0.000000
vt 1.475000 4.110000 0.000000
vt -0.075000 4.810000 0.000000
vt 1.553036 4.102314 0.000000
vt 1.628074 4.079552 0.000000
vt -0.040740 4.593688 0.000000
vt 0.001295 4.492206 0.000000
vt 0.625000 4.110000 0.000000
vt 0.058688 4.398550 0.000000
vt 0.130025 4.315025 0.000000
vt 0.213550 4.243688 0.000000
vt 0.307207 4.186295 0.000000
vt 0.408688 4.144260 0.000000
vt 0.515496 4.118618 0.000000
vt 1.697228 4.042588 0.000000
vt 11.354773 4.042588 0.000000
vt 11.423927 4.079552 0.000000
vt 13.127000 10.410000 0.000000
vt 13.127000 4.810000 0.000000
vt 11.498964 4.102314 0.000000
vt 11.577001 4.110000 0.000000
vt 11.294158 3.992842 0.000000
vt 1.757843 3.992842 0.000000
vt 11.244413 3.932228 0.000000
vt 1.807588 3.932228 0.000000
vt 11.207449 3.863073 0.000000
vt 1.844552 3.863073 0.000000
vt 11.184687 3.788036 0.000000
vt 1.867314 3.788036 0.000000
vt 11.177001 3.710000 0.000000
vt 1.875000 3.710000 0.000000
vt 12.427000 4.110000 0.000000
vt 13.050705 4.492206 0.000000
vt 13.092740 4.593688 0.000000
vt 13.118382 4.700496 0.000000
vt 12.536505 4.118618 0.000000
vt 12.643312 4.144260 0.000000
vt 12.744794 4.186295 0.000000
vt 12.838450 4.243688 0.000000
vt 12.921975 4.315025 0.000000
vt 12.993312 4.398550 0.000000
vt 13.118382 10.519504 0.000000
vt 12.427000 11.110000 0.000000
vt 0.625000 11.110000 0.000000
vt -0.075000 10.410000 0.000000
vt -0.066382 10.519504 0.000000
vt -0.040740 10.626312 0.000000
vt 0.001295 10.727793 0.000000
vt 0.058688 10.821449 0.000000
vt 0.130025 10.904975 0.000000
vt 0.213550 10.976312 0.000000
vt 0.307207 11.033704 0.000000
vt 0.408688 11.075739 0.000000
vt 0.515496 11.101382 0.000000
vt 13.092740 10.626312 0.000000
vt 13.050705 10.727793 0.000000
vt 12.993312 10.821449 0.000000
vt 12.921975 10.904975 0.000000
vt 12.838450 10.976312 0.000000
vt 12.744794 11.033704 0.000000
vt 12.643312 11.075739 0.000000
vt 12.536505 11.101382 0.000000
vt -0.363765 -4.568430 0.000000
vt -0.400000 -4.573200 0.000000
vt -1.496000 -6.151000 0.000000
vt -0.436235 -4.568430 0.000000
vt -0.470000 -4.554444 0.000000
vt -0.498995 -4.532195 0.000000
vt -0.521244 -4.503200 0.000000
vt -0.535230 -4.469435 0.000000
vt -0.540000 -4.433200 0.000000
vt -0.975723 -2.311337 0.000000
vt -0.997971 -2.282342 0.000000
vt -0.535230 -4.396966 0.000000
vt -0.912963 -2.347572 0.000000
vt -0.946728 -2.333586 0.000000
vt -0.521244 -4.363200 0.000000
vt -0.806728 -2.333586 0.000000
vt -0.840493 -2.347572 0.000000
vt -0.876728 -2.352342 0.000000
vt -0.777733 -2.311337 0.000000
vt -0.498995 -4.334205 0.000000
vt -0.755484 -2.282342 0.000000
vt -0.470000 -4.311957 0.000000
vt -0.741498 -2.248577 0.000000
vt -0.436235 -4.297971 0.000000
vt -0.400000 -4.293200 0.000000
vt -0.363765 -4.297971 0.000000
vt -0.736728 -2.212342 0.000000
vt -0.330000 -4.311957 0.000000
vt -0.301005 -4.334205 0.000000
vt -0.278756 -4.363200 0.000000
vt -0.145214 1.363221 0.000000
vt -0.736728 -0.812342 0.000000
vt -0.167463 1.334226 0.000000
vt -0.196458 1.311977 0.000000
vt -0.264770 -4.396966 0.000000
vt -0.131228 1.396986 0.000000
vt 1.096000 -6.151000 0.000000
vt 1.096000 3.151000 0.000000
vt 1.496000 -6.151000 0.000000
vt 1.496000 3.151000 0.000000
vt -0.260000 -4.433200 0.000000
vt -0.264770 -4.469435 0.000000
vt -0.278756 -4.503200 0.000000
vt -0.301005 -4.532195 0.000000
vt -0.330000 -4.554444 0.000000
vt -0.302693 1.297991 0.000000
vt -0.741498 -0.776108 0.000000
vt -0.266458 1.293221 0.000000
vt -0.230223 1.297991 0.000000
vt -0.336458 1.311977 0.000000
vt -0.365453 1.334226 0.000000
vt -0.755484 -0.742342 0.000000
vt -0.387702 1.363221 0.000000
vt -0.777733 -0.713347 0.000000
vt -0.401688 1.396986 0.000000
vt -0.806728 -0.691099 0.000000
vt -0.840493 -0.677113 0.000000
vt -0.876728 -0.672342 0.000000
vt -0.406458 1.433221 0.000000
vt -0.912963 -0.677113 0.000000
vt -0.946728 -0.691099 0.000000
vt -1.496000 3.151000 0.000000
vt -0.975723 -0.713347 0.000000
vt -0.997971 -0.742342 0.000000
vt -1.011958 -0.776108 0.000000
vt -1.016728 -0.812342 0.000000
vt -1.016728 -2.212342 0.000000
vt -1.011958 -2.248577 0.000000
vt -0.401688 1.469456 0.000000
vt -0.387702 1.503221 0.000000
vt -0.365453 1.532216 0.000000
vt -0.336458 1.554465 0.000000
vt -0.302693 1.568451 0.000000
vt -0.266458 1.573221 0.000000
vt -0.230223 1.568451 0.000000
vt -0.196458 1.554465 0.000000
vt -0.167463 1.532216 0.000000
vt -0.145214 1.503221 0.000000
vt -0.131228 1.469456 0.000000
vt -0.126458 1.433221 0.000000
vt -0.912963 -2.077113 0.000000
vt -0.876728 -2.072342 0.000000
vt -0.876728 -0.952342 0.000000
vt -0.840493 -2.077113 0.000000
vt -0.840493 -0.947572 0.000000
vt -0.806728 -2.091099 0.000000
vt -0.806728 -0.933586 0.000000
vt -0.777733 -2.113347 0.000000
vt -0.777733 -0.911337 0.000000
vt -0.755484 -2.142342 0.000000
vt -0.755484 -0.882342 0.000000
vt -0.741498 -0.848577 0.000000
vt -0.741498 -2.176108 0.000000
vt -1.011958 -0.848577 0.000000
vt -1.011958 -2.176108 0.000000
vt -0.997971 -0.882342 0.000000
vt -0.997971 -2.142342 0.000000
vt -0.975723 -0.911337 0.000000
vt -0.975723 -2.113347 0.000000
vt -0.946728 -0.933586 0.000000
vt -0.946728 -2.091099 0.000000
vt -0.912963 -0.947572 0.000000
vt 0.450000 0.000000 0.000000
vt 9.752000 0.000000 0.000000
vt 0.450000 0.400000 0.000000
vt 9.752000 0.400000 0.000000
vt 0.089422 2.322180 0.000000
vt 0.489422 2.322180 0.000000
vt 0.089422 7.922180 0.000000
vt 0.489422 7.922180 0.000000
vt -0.400000 0.403171 0.000000
vt 0.050000 0.403171 0.000000
vt -0.400000 0.439823 0.000000
vt 0.050000 0.439823 0.000000
vt -0.400000 -0.439823 0.000000
vt 0.050000 -0.439823 0.000000
vt -0.400000 -0.403171 0.000000
vt 0.050000 -0.403171 0.000000
vt -0.400000 -0.366519 0.000000
vt 0.050000 -0.366519 0.000000
vt -0.400000 -0.329867 0.000000
vt 0.050000 -0.329867 0.000000
vt -0.400000 -0.293215 0.000000
vt 0.050000 -0.293215 0.000000
vt -0.400000 -0.256563 0.000000
vt 0.050000 -0.256563 0.000000
vt -0.400000 -0.219911 0.000000
vt 0.050000 -0.219911 0.000000
vt -0.400000 -0.183260 0.000000
vt 0.050000 -0.183260 0.000000
vt -0.400000 -0.146608 0.000000
vt 0.050000 -0.146608 0.000000
vt -0.400000 -0.109956 0.000000
vt 0.050000 -0.109956 0.000000
vt -0.400000 -0.073304 0.000000
vt 0.050000 -0.073304 0.000000
vt -0.400000 -0.036652 0.000000
vt 0.050000 -0.036652 0.000000
vt -0.400000 0.000000 0.000000
vt 0.050000 0.000000 0.000000
vt -0.400000 0.036652 0.000000
vt 0.050000 0.036652 0.000000
vt -0.400000 0.073304 0.000000
vt 0.050000 0.073304 0.000000
vt -0.400000 0.109956 0.000000
vt 0.050000 0.109956 0.000000
vt -0.400000 0.146608 0.000000
vt 0.050000 0.146608 0.000000
vt -0.400000 0.183260 0.000000
vt 0.050000 0.183260 0.000000
vt -0.400000 0.219911 0.000000
vt 0.050000 0.219911 0.000000
vt -0.400000 0.256563 0.000000
vt 0.050000 0.256563 0.000000
vt -0.400000 0.293215 0.000000
vt 0.050000 0.293215 0.000000
vt -0.400000 0.329867 0.000000
vt 0.050000 0.329867 0.000000
vt -0.400000 0.366519 0.000000
vt 0.050000 0.366519 0.000000
vt 0.500000 -0.403171 0.000000
vt 0.500000 -0.439823 0.000000
vt 0.500000 0.439823 0.000000
vt 0.500000 0.403171 0.000000
vt 0.500000 0.366519 0.000000
vt 0.500000 0.329867 0.000000
vt 0.500000 0.293215 0.000000
vt 0.500000 0.256563 0.000000
vt 0.500000 0.219911 0.000000
vt 0.500000 0.183260 0.000000
vt 0.500000 0.146608 0.000000
vt 0.500000 0.109956 0.000000
vt 0.500000 0.073304 0.000000
vt 0.500000 0.036652 0.000000
vt 0.500000 0.000000 0.000000
vt 0.500000 -0.036652 0.000000
vt 0.500000 -0.073304 0.000000
vt 0.500000 -0.109956 0.000000
vt 0.500000 -0.146608 0.000000
vt 0.500000 -0.183260 0.000000
vt 0.500000 -0.219911 0.000000
vt 0.500000 -0.256563 0.000000
vt 0.500000 -0.293215 0.000000
vt 0.500000 -0.329867 0.000000
vt 0.500000 -0.366519 0.000000
vt -0.135230 0.036235 0.000000
vt -0.290575 0.074607 0.000000
vt -0.140000 -0.000000 0.000000
vt -0.300000 0.000000 0.000000
vt -0.290575 -0.074607 0.000000
vt -0.262892 0.144526 0.000000
vt -0.121244 0.070000 0.000000
vt -0.218691 0.205364 0.000000
vt -0.098995 0.098995 0.000000
vt -0.160748 0.253298 0.000000
vt -0.070000 0.121244 0.000000
vt -0.092705 0.285317 0.000000
vt -0.036235 0.135230 0.000000
vt -0.018837 0.299408 0.000000
vt -0.000000 0.140000 0.000000
vt 0.056214 0.294686 0.000000
vt 0.036235 0.135230 0.000000
vt 0.127734 0.271448 0.000000
vt 0.070000 0.121244 0.000000
vt 0.191227 0.231154 0.000000
vt 0.098995 0.098995 0.000000
vt 0.242705 0.176336 0.000000
vt 0.121244 0.070000 0.000000
vt 0.278933 0.110437 0.000000
vt 0.135230 0.036235 0.000000
vt 0.297634 0.037600 0.000000
vt 0.140000 0.000000 0.000000
vt 0.297634 -0.037600 0.000000
vt 0.135230 -0.036235 0.000000
vt 0.278933 -0.110437 0.000000
vt 0.121244 -0.070000 0.000000
vt 0.242705 -0.176336 0.000000
vt 0.098995 -0.098995 0.000000
vt 0.191227 -0.231154 0.000000
vt 0.070000 -0.121244 0.000000
vt 0.127734 -0.271448 0.000000
vt 0.036235 -0.135230 0.000000
vt 0.056214 -0.294686 0.000000
vt 0.000000 -0.140000 0.000000
vt -0.018837 -0.299408 0.000000
vt -0.036235 -0.135230 0.000000
vt -0.092705 -0.285317 0.000000
vt -0.070000 -0.121244 0.000000
vt -0.160748 -0.253298 0.000000
vt -0.098995 -0.098995 0.000000
vt -0.218691 -0.205364 0.000000
vt -0.121244 -0.070000 0.000000
vt -0.262892 -0.144526 0.000000
vt -0.135230 -0.036235 0.000000
vt -0.400000 0.403171 0.000000
vt 0.050000 0.403171 0.000000
vt -0.400000 0.439823 0.000000
vt 0.050000 0.439823 0.000000
vt -0.400000 -0.439823 0.000000
vt 0.050000 -0.439823 0.000000
vt -0.400000 -0.403171 0.000000
vt 0.050000 -0.403171 0.000000
vt -0.400000 -0.366519 0.000000
vt 0.050000 -0.366519 0.000000
vt -0.400000 -0.329867 0.000000
vt 0.050000 -0.329867 0.000000
vt -0.400000 -0.293215 0.000000
vt 0.050000 -0.293215 0.000000
vt -0.400000 -0.256563 0.000000
vt 0.050000 -0.256563 0.000000
vt -0.400000 -0.219911 0.000000
vt 0.050000 -0.219911 0.000000
vt -0.400000 -0.183260 0.000000
vt 0.050000 -0.183260 0.000000
vt -0.400000 -0.146608 0.000000
vt 0.050000 -0.146608 0.000000
vt -0.400000 -0.109956 0.000000
vt 0.050000 -0.109956 0.000000
vt -0.400000 -0.073304 0.000000
vt 0.050000 -0.073304 0.000000
vt -0.400000 -0.036652 0.000000
vt 0.050000 -0.036652 0.000000
vt -0.400000 0.000000 0.000000
vt 0.050000 0.000000 0.000000
vt -0.400000 0.036652 0.000000
vt 0.050000 0.036652 0.000000
vt -0.400000 0.073304 0.000000
vt 0.050000 0.073304 0.000000
vt -0.400000 0.109956 0.000000
vt 0.050000 0.109956 0.000000
vt -0.400000 0.146608 0.000000
vt 0.050000 0.146608 0.000000
vt -0.400000 0.183260 0.000000
vt 0.050000 0.183260 0.000000
vt -0.400000 0.219911 0.000000
vt 0.050000 0.219911 0.000000
vt -0.400000 0.256563 0.000000
vt 0.050000 0.256563 0.000000
vt -0.400000 0.293215 0.000000
vt 0.050000 0.293215 0.000000
vt -0.400000 0.329867 0.000000
vt 0.050000 0.329867 0.000000
vt -0.400000 0.366519 0.000000
vt 0.050000 0.366519 0.000000
vt 0.500000 -0.403171 0.000000
vt 0.500000 -0.439823 0.000000
vt 0.500000 0.439823 0.000000
vt 0.500000 0.403171 0.000000
vt 0.500000 0.366519 0.000000
vt 0.500000 0.329867 0.000000
vt 0.500000 0.293215 0.000000
vt 0.500000 0.256563 0.000000
vt 0.500000 0.219911 0.000000
vt 0.500000 0.183260 0.000000
vt 0.500000 0.146608 0.000000
vt 0.500000 0.109956 0.000000
vt 0.500000 0.073304 0.000000
vt 0.500000 0.036652 0.000000
vt 0.500000 0.000000 0.000000
vt 0.500000 -0.036652 0.000000
vt 0.500000 -0.073304 0.000000
vt 0.500000 -0.109956 0.000000
vt 0.500000 -0.146608 0.000000
vt 0.500000 -0.183260 0.000000
vt 0.500000 -0.219911 0.000000
vt 0.500000 -0.256563 0.000000
vt 0.500000 -0.293215 0.000000
vt 0.500000 -0.329867 0.000000
vt 0.500000 -0.366519 0.000000
vt -0.135230 0.036235 0.000000
vt -0.290575 0.074607 0.000000
vt -0.140000 -0.000000 0.000000
vt -0.300000 -0.000000 0.000000
vt -0.290575 -0.074607 0.000000
vt -0.262892 0.144526 0.000000
vt -0.121244 0.070000 0.000000
vt -0.218691 0.205364 0.000000
vt -0.098995 0.098995 0.000000
vt -0.160748 0.253298 0.000000
vt -0.070000 0.121244 0.000000
vt -0.092705 0.285317 0.000000
vt -0.036235 0.135230 0.000000
vt -0.018837 0.299408 0.000000
vt -0.000000 0.140000 0.000000
vt 0.056214 0.294686 0.000000
vt 0.036235 0.135230 0.000000
vt 0.127734 0.271448 0.000000
vt 0.070000 0.121244 0.000000
vt 0.191227 0.231154 0.000000
vt 0.098995 0.098995 0.000000
vt 0.242705 0.176336 0.000000
vt 0.121244 0.070000 0.000000
vt 0.278933 0.110437 0.000000
vt 0.135230 0.036235 0.000000
vt 0.297634 0.037600 0.000000
vt 0.140000 0.000000 0.000000
vt 0.297634 -0.037600 0.000000
vt 0.135230 -0.036235 0.000000
vt 0.278933 -0.110437 0.000000
vt 0.121244 -0.070000 0.000000
vt 0.242705 -0.176336 0.000000
vt 0.098995 -0.098995 0.000000
vt 0.191227 -0.231154 0.000000
vt 0.070000 -0.121244 0.000000
vt 0.127734 -0.271448 0.000000
vt 0.036235 -0.135230 0.000000
vt 0.056214 -0.294686 0.000000
vt 0.000000 -0.140000 0.000000
vt -0.018837 -0.299408 0.000000
vt -0.036235 -0.135230 0.000000
vt -0.092705 -0.285317 0.000000
vt -0.070000 -0.121244 0.000000
vt -0.160748 -0.253298 0.000000
vt -0.098995 -0.098995 0.000000
vt -0.218691 -0.205364 0.000000
vt -0.121244 -0.070000 0.000000
vt -0.262892 -0.144526 0.000000
vt -0.135230 -0.036235 0.000000
vt 0.992711 0.549779 0.000000
vt 0.592711 0.549779 0.000000
vt 0.992711 0.439823 0.000000
vt 0.592711 0.439823 0.000000
vt 0.992711 0.329867 0.000000
vt 0.592711 0.329867 0.000000
vt 0.992711 0.219911 0.000000
vt 0.592711 0.219911 0.000000
vt 0.992711 0.109956 0.000000
vt 0.592711 0.109956 0.000000
vt 0.992711 -0.000000 0.000000
vt 0.592711 -0.000000 0.000000
vt 0.992711 -0.109956 0.000000
vt 0.592711 -0.109956 0.000000
vt 0.992711 -0.219911 0.000000
vt 0.592711 -0.219911 0.000000
vt 0.992711 -0.329867 0.000000
vt 0.592711 -0.329867 0.000000
vt 0.992711 -0.439823 0.000000
vt 0.592711 -0.439823 0.000000
vt 0.992711 -0.549779 0.000000
vt 0.592711 -0.549779 0.000000
vt -0.489422 2.322180 0.000000
vt -0.089422 2.322180 0.000000
vt -0.489422 7.922180 0.000000
vt -0.089422 7.922180 0.000000
vt 0.030289 0.549779 0.000000
vt -0.369711 0.549779 0.000000
vt 0.030289 0.439823 0.000000
vt -0.369711 0.439823 0.000000
vt 0.030289 0.329867 0.000000
vt -0.369711 0.329867 0.000000
vt 0.030289 0.219911 0.000000
vt -0.369711 0.219911 0.000000
vt 0.030289 0.109956 0.000000
vt -0.369711 0.109956 0.000000
vt 0.030289 -0.000000 0.000000
vt -0.369711 -0.000000 0.000000
vt 0.030289 -0.109956 0.000000
vt -0.369711 -0.109956 0.000000
vt 0.030289 -0.219911 0.000000
vt -0.369711 -0.219911 0.000000
vt 0.030289 -0.329867 0.000000
vt -0.369711 -0.329867 0.000000
vt 0.030289 -0.439823 0.000000
vt -0.369711 -0.439823 0.000000
vt 0.030289 -0.549779 0.000000
vt -0.369711 -0.549779 0.000000
vt 0.369711 0.549779 0.000000
vt -0.030289 0.549779 0.000000
vt 0.369711 0.439823 0.000000
vt -0.030289 0.439823 0.000000
vt 0.369711 0.329867 0.000000
vt -0.030289 0.329867 0.000000
vt 0.369711 0.219911 0.000000
vt -0.030289 0.219911 0.000000
vt 0.369711 0.109956 0.000000
vt -0.030289 0.109956 0.000000
vt 0.369711 0.000000 0.000000
vt -0.030289 0.000000 0.000000
vt 0.369711 -0.109956 0.000000
vt -0.030289 -0.109956 0.000000
vt 0.369711 -0.219911 0.000000
vt -0.030289 -0.219911 0.000000
vt 0.369711 -0.329867 0.000000
vt -0.030289 -0.329867 0.000000
vt 0.369711 -0.439823 0.000000
vt -0.030289 -0.439823 0.000000
vt 0.369711 -0.549779 0.000000
vt -0.030289 -0.549779 0.000000
vt -0.250000 -5.901000 0.000000
vt 0.150000 -5.901000 0.000000
vt -0.250000 5.901000 0.000000
vt 0.150000 5.901000 0.000000
vt 0.600000 -0.287979 0.000000
vt 0.000000 -0.287979 0.000000
vt 0.600000 -0.314159 0.000000
vt 0.000000 -0.314159 0.000000
vt 0.600000 0.314159 0.000000
vt 0.000000 0.314159 0.000000
vt 0.600000 0.287979 0.000000
vt 0.000000 0.287979 0.000000
vt 0.600000 0.261799 0.000000
vt 0.000000 0.261799 0.000000
vt 0.600000 0.235619 0.000000
vt 0.000000 0.235619 0.000000
vt 0.600000 0.209440 0.000000
vt 0.000000 0.209440 0.000000
vt 0.600000 0.183260 0.000000
vt 0.000000 0.183260 0.000000
vt 0.600000 0.157080 0.000000
vt -0.000000 0.157080 0.000000
vt 0.600000 0.130900 0.000000
vt -0.000000 0.130900 0.000000
vt 0.600000 0.104720 0.000000
vt -0.000000 0.104720 0.000000
vt 0.600000 0.078540 0.000000
vt -0.000000 0.078540 0.000000
vt 0.600000 0.052360 0.000000
vt -0.000000 0.052360 0.000000
vt 0.600000 0.026180 0.000000
vt -0.000000 0.026180 0.000000
vt 0.600000 0.000000 0.000000
vt -0.000000 0.000000 0.000000
vt 0.600000 -0.026180 0.000000
vt -0.000000 -0.026180 0.000000
vt 0.600000 -0.052360 0.000000
vt -0.000000 -0.052360 0.000000
vt 0.600000 -0.078540 0.000000
vt -0.000000 -0.078540 0.000000
vt 0.600000 -0.104720 0.000000
vt -0.000000 -0.104720 0.000000
vt 0.600000 -0.130900 0.000000
vt -0.000000 -0.130900 0.000000
vt 0.600000 -0.157080 0.000000
vt 0.000000 -0.157080 0.000000
vt 0.600000 -0.183260 0.000000
vt 0.000000 -0.183260 0.000000
vt 0.600000 -0.209440 0.000000
vt 0.000000 -0.209440 0.000000
vt 0.600000 -0.235619 0.000000
vt 0.000000 -0.235619 0.000000
vt 0.600000 -0.261799 0.000000
vt 0.000000 -0.261799 0.000000
vt 0.600000 -0.287979 0.000000
vt 0.000000 -0.287979 0.000000
vt 0.600000 -0.314159 0.000000
vt 0.000000 -0.314159 0.000000
vt 0.600000 0.314159 0.000000
vt 0.000000 0.314159 0.000000
vt 0.600000 0.287979 0.000000
vt 0.000000 0.287979 0.000000
vt 0.600000 0.261799 0.000000
vt 0.000000 0.261799 0.000000
vt 0.600000 0.235619 0.000000
vt 0.000000 0.235619 0.000000
vt 0.600000 0.209440 0.000000
vt 0.000000 0.209440 0.000000
vt 0.600000 0.183260 0.000000
vt 0.000000 0.183260 0.000000
vt 0.600000 0.157080 0.000000
vt -0.000000 0.157080 0.000000
vt 0.600000 0.130900 0.000000
vt -0.000000 0.130900 0.000000
vt 0.600000 0.104720 0.000000
vt -0.000000 0.104720 0.000000
vt 0.600000 0.078540 0.000000
vt -0.000000 0.078540 0.000000
vt 0.600000 0.052360 0.000000
vt -0.000000 0.052360 0.000000
vt 0.600000 0.026180 0.000000
vt -0.000000 0.026180 0.000000
vt 0.600000 0.000000 0.000000
vt -0.000000 0.000000 0.000000
vt 0.600000 -0.026180 0.000000
vt -0.000000 -0.026180 0.000000
vt 0.600000 -0.052360 0.000000
vt -0.000000 -0.052360 0.000000
vt 0.600000 -0.078540 0.000000
vt -0.000000 -0.078540 0.000000
vt 0.600000 -0.104720 0.000000
vt -0.000000 -0.104720 0.000000
vt 0.600000 -0.130900 0.000000
vt -0.000000 -0.130900 0.000000
vt 0.600000 -0.157080 0.000000
vt 0.000000 -0.157080 0.000000
vt 0.600000 -0.183260 0.000000
vt 0.000000 -0.183260 0.000000
vt 0.600000 -0.209440 0.000000
vt 0.000000 -0.209440 0.000000
vt 0.600000 -0.235619 0.000000
vt 0.000000 -0.235619 0.000000
vt 0.600000 -0.261799 0.000000
vt 0.000000 -0.261799 0.000000
vt 0.600000 -0.287979 0.000000
vt 0.000000 -0.287979 0.000000
vt 0.600000 -0.314159 0.000000
vt 0.000000 -0.314159 0.000000
vt 0.600000 0.314159 0.000000
vt 0.000000 0.314159 0.000000
vt 0.600000 0.287979 0.000000
vt 0.000000 0.287979 0.000000
vt 0.600000 0.261799 0.000000
vt 0.000000 0.261799 0.000000
vt 0.600000 0.235619 0.000000
vt 0.000000 0.235619 0.000000
vt 0.600000 0.209440 0.000000
vt 0.000000 0.209440 0.000000
vt 0.600000 0.183260 0.000000
vt 0.000000 0.183260 0.000000
vt 0.600000 0.157080 0.000000
vt -0.000000 0.157080 0.000000
vt 0.600000 0.130900 0.000000
vt -0.000000 0.130900 0.000000
vt 0.600000 0.104720 0.000000
vt -0.000000 0.104720 0.000000
vt 0.600000 0.078540 0.000000
vt -0.000000 0.078540 0.000000
vt 0.600000 0.052360 0.000000
vt -0.000000 0.052360 0.000000
vt 0.600000 0.026180 0.000000
vt -0.000000 0.026180 0.000000
vt 0.600000 0.000000 0.000000
vt -0.000000 0.000000 0.000000
vt 0.600000 -0.026180 0.000000
vt -0.000000 -0.026180 0.000000
vt 0.600000 -0.052360 0.000000
vt -0.000000 -0.052360 0.000000
vt 0.600000 -0.078540 0.000000
vt -0.000000 -0.078540 0.000000
vt 0.600000 -0.104720 0.000000
vt -0.000000 -0.104720 0.000000
vt 0.600000 -0.130900 0.000000
vt -0.000000 -0.130900 0.000000
vt 0.600000 -0.157080 0.000000
vt 0.000000 -0.157080 0.000000
vt 0.600000 -0.183260 0.000000
vt 0.000000 -0.183260 0.000000
vt 0.600000 -0.209440 0.000000
vt 0.000000 -0.209440 0.000000
vt 0.600000 -0.235619 0.000000
vt 0.000000 -0.235619 0.000000
vt 0.600000 -0.261799 0.000000
vt 0.000000 -0.261799 0.000000
vt 0.600000 -0.287979 0.000000
vt 0.000000 -0.287979 0.000000
vt 0.600000 -0.314159 0.000000
vt 0.000000 -0.314159 0.000000
vt 0.600000 0.314159 0.000000
vt 0.000000 0.314159 0.000000
vt 0.600000 0.287979 0.000000
vt 0.000000 0.287979 0.000000
vt 0.600000 0.261799 0.000000
vt 0.000000 0.261799 0.000000
vt 0.600000 0.235619 0.000000
vt 0.000000 0.235619 0.000000
vt 0.600000 0.209440 0.000000
vt 0.000000 0.209440 0.000000
vt 0.600000 0.183260 0.000000
vt 0.000000 0.183260 0.000000
vt 0.600000 0.157080 0.000000
vt -0.000000 0.157080 0.000000
vt 0.600000 0.130900 0.000000
vt -0.000000 0.130900 0.000000
vt 0.600000 0.104720 0.000000
vt -0.000000 0.104720 0.000000
vt 0.600000 0.078540 0.000000
vt -0.000000 0.078540 0.000000
vt 0.600000 0.052360 0.000000
vt -0.000000 0.052360 0.000000
vt 0.600000 0.026180 0.000000
vt -0.000000 0.026180 0.000000
vt 0.600000 0.000000 0.000000
vt -0.000000 0.000000 0.000000
vt 0.600000 -0.026180 0.000000
vt -0.000000 -0.026180 0.000000
vt 0.600000 -0.052360 0.000000
vt -0.000000 -0.052360 0.000000
vt 0.600000 -0.078540 0.000000
vt -0.000000 -0.078540 0.000000
vt 0.600000 -0.104720 0.000000
vt -0.000000 -0.104720 0.000000
vt 0.600000 -0.130900 0.000000
vt -0.000000 -0.130900 0.000000
vt 0.600000 -0.157080 0.000000
vt 0.000000 -0.157080 0.000000
vt 0.600000 -0.183260 0.000000
vt 0.000000 -0.183260 0.000000
vt 0.600000 -0.209440 0.000000
vt 0.000000 -0.209440 0.000000
vt 0.600000 -0.235619 0.000000
vt 0.000000 -0.235619 0.000000
vt 0.600000 -0.261799 0.000000
vt 0.000000 -0.261799 0.000000
vt 8.556400 6.379941 0.000000
vt 8.295600 6.379941 0.000000
vt 8.561000 6.345000 0.000000
vt 8.291000 6.345000 0.000000
vt 8.556400 6.310060 0.000000
vt 8.295600 6.310060 0.000000
vt 8.542914 6.277500 0.000000
vt 8.309087 6.277500 0.000000
vt 8.521460 6.249541 0.000000
vt 8.330541 6.249541 0.000000
vt 8.493500 6.228087 0.000000
vt 8.358500 6.228087 0.000000
vt 8.460941 6.214600 0.000000
vt 8.391060 6.214600 0.000000
vt 8.426000 6.210000 0.000000
vt 8.309087 6.412500 0.000000
vt 8.542914 6.412500 0.000000
vt 8.330541 6.440460 0.000000
vt 8.521460 6.440460 0.000000
vt 8.358500 6.461914 0.000000
vt 8.493500 6.461914 0.000000
vt 8.391060 6.475400 0.000000
vt 8.460941 6.475400 0.000000
vt 8.426000 6.480000 0.000000
vt 8.551571 1.478647 0.000000
vt 8.300430 1.478647 0.000000
vt 8.556000 1.445000 0.000000
vt 8.296000 1.445000 0.000000
vt 8.551571 1.411354 0.000000
vt 8.300430 1.411354 0.000000
vt 8.538584 1.380000 0.000000
vt 8.313417 1.380000 0.000000
vt 8.517924 1.353076 0.000000
vt 8.334076 1.353076 0.000000
vt 8.491000 1.332417 0.000000
vt 8.361000 1.332417 0.000000
vt 8.459647 1.319430 0.000000
vt 8.392354 1.319430 0.000000
vt 8.426000 1.315000 0.000000
vt 8.313417 1.510000 0.000000
vt 8.538584 1.510000 0.000000
vt 8.334076 1.536924 0.000000
vt 8.517924 1.536924 0.000000
vt 8.361000 1.557583 0.000000
vt 8.491000 1.557583 0.000000
vt 8.392354 1.570570 0.000000
vt 8.459647 1.570570 0.000000
vt 8.426000 1.575000 0.000000
vt -0.130400 0.034941 0.000000
vt -0.290575 0.074607 0.000000
vt -0.135000 0.000000 0.000000
vt -0.300000 0.000000 0.000000
vt -0.290575 -0.074607 0.000000
vt -0.262892 0.144526 0.000000
vt -0.116913 0.067500 0.000000
vt -0.218691 0.205364 0.000000
vt -0.095459 0.095459 0.000000
vt -0.160748 0.253298 0.000000
vt -0.067500 0.116913 0.000000
vt -0.092705 0.285317 0.000000
vt -0.034941 0.130400 0.000000
vt -0.018837 0.299408 0.000000
vt 0.000000 0.135000 0.000000
vt 0.056214 0.294686 0.000000
vt 0.034941 0.130400 0.000000
vt 0.127734 0.271448 0.000000
vt 0.067500 0.116913 0.000000
vt 0.191227 0.231154 0.000000
vt 0.095459 0.095459 0.000000
vt 0.242705 0.176336 0.000000
vt 0.116913 0.067500 0.000000
vt 0.278933 0.110437 0.000000
vt 0.130400 0.034941 0.000000
vt 0.297634 0.037600 0.000000
vt 0.135000 -0.000000 0.000000
vt 0.297634 -0.037600 0.000000
vt 0.130400 -0.034941 0.000000
vt 0.278933 -0.110437 0.000000
vt 0.116913 -0.067500 0.000000
vt 0.242705 -0.176336 0.000000
vt 0.095459 -0.095459 0.000000
vt 0.191227 -0.231154 0.000000
vt 0.067500 -0.116913 0.000000
vt 0.127734 -0.271448 0.000000
vt 0.034941 -0.130400 0.000000
vt 0.056214 -0.294686 0.000000
vt -0.000000 -0.135000 0.000000
vt -0.018837 -0.299408 0.000000
vt -0.034941 -0.130400 0.000000
vt -0.092705 -0.285317 0.000000
vt -0.067500 -0.116913 0.000000
vt -0.160748 -0.253298 0.000000
vt -0.095459 -0.095459 0.000000
vt -0.218691 -0.205364 0.000000
vt -0.116913 -0.067500 0.000000
vt -0.262892 -0.144526 0.000000
vt -0.130400 -0.034941 0.000000
vt 0.500000 -0.388772 0.000000
vt -0.000000 -0.388772 0.000000
vt 0.500000 -0.424115 0.000000
vt -0.000000 -0.424115 0.000000
vt 0.500000 0.424115 0.000000
vt -0.000000 0.424115 0.000000
vt 0.500000 0.388772 0.000000
vt -0.000000 0.388772 0.000000
vt 0.500000 0.353429 0.000000
vt -0.000000 0.353429 0.000000
vt 0.500000 0.318086 0.000000
vt -0.000000 0.318086 0.000000
vt 0.500000 0.282743 0.000000
vt -0.000000 0.282743 0.000000
vt 0.500000 0.247400 0.000000
vt -0.000000 0.247400 0.000000
vt 0.500000 0.212058 0.000000
vt -0.000000 0.212058 0.000000
vt 0.500000 0.176715 0.000000
vt 0.000000 0.176715 0.000000
vt 0.500000 0.141372 0.000000
vt 0.000000 0.141372 0.000000
vt 0.500000 0.106029 0.000000
vt 0.000000 0.106029 0.000000
vt 0.500000 0.070686 0.000000
vt 0.000000 0.070686 0.000000
vt 0.500000 0.035343 0.000000
vt 0.000000 0.035343 0.000000
vt 0.500000 -0.000000 0.000000
vt 0.000000 -0.000000 0.000000
vt 0.500000 -0.035343 0.000000
vt 0.000000 -0.035343 0.000000
vt 0.500000 -0.070686 0.000000
vt 0.000000 -0.070686 0.000000
vt 0.500000 -0.106029 0.000000
vt 0.000000 -0.106029 0.000000
vt 0.500000 -0.141372 0.000000
vt 0.000000 -0.141372 0.000000
vt 0.500000 -0.176715 0.000000
vt 0.000000 -0.176715 0.000000
vt 0.500000 -0.212058 0.000000
vt 0.000000 -0.212058 0.000000
vt 0.500000 -0.247400 0.000000
vt -0.000000 -0.247400 0.000000
vt 0.500000 -0.282743 0.000000
vt -0.000000 -0.282743 0.000000
vt 0.500000 -0.318086 0.000000
vt -0.000000 -0.318086 0.000000
vt 0.500000 -0.353429 0.000000
vt -0.000000 -0.353429 0.000000
vt 2.756400 6.379941 0.000000
vt 2.495600 6.379941 0.000000
vt 2.761000 6.345000 0.000000
vt 2.491000 6.345000 0.000000
vt 2.756400 6.310060 0.000000
vt 2.495600 6.310060 0.000000
vt 2.742914 6.277500 0.000000
vt 2.509087 6.277500 0.000000
vt 2.721460 6.249541 0.000000
vt 2.530541 6.249541 0.000000
vt 2.693500 6.228087 0.000000
vt 2.558500 6.228087 0.000000
vt 2.660941 6.214600 0.000000
vt 2.591060 6.214600 0.000000
vt 2.626000 6.210000 0.000000
vt 2.509087 6.412500 0.000000
vt 2.742914 6.412500 0.000000
vt 2.530541 6.440460 0.000000
vt 2.721460 6.440460 0.000000
vt 2.558500 6.461914 0.000000
vt 2.693500 6.461914 0.000000
vt 2.591060 6.475400 0.000000
vt 2.660941 6.475400 0.000000
vt 2.626000 6.480000 0.000000
vt 0.500000 -0.374373 0.000000
vt -0.000000 -0.374373 0.000000
vt 0.500000 -0.408407 0.000000
vt -0.000000 -0.408407 0.000000
vt 0.500000 0.408407 0.000000
vt -0.000000 0.408407 0.000000
vt 0.500000 0.374373 0.000000
vt -0.000000 0.374373 0.000000
vt 0.500000 0.340339 0.000000
vt -0.000000 0.340339 0.000000
vt 0.500000 0.306305 0.000000
vt -0.000000 0.306305 0.000000
vt 0.500000 0.272271 0.000000
vt -0.000000 0.272271 0.000000
vt 0.500000 0.238237 0.000000
vt -0.000000 0.238237 0.000000
vt 0.500000 0.204204 0.000000
vt -0.000000 0.204204 0.000000
vt 0.500000 0.170170 0.000000
vt 0.000000 0.170170 0.000000
vt 0.500000 0.136136 0.000000
vt 0.000000 0.136136 0.000000
vt 0.500000 0.102102 0.000000
vt 0.000000 0.102102 0.000000
vt 0.500000 0.068068 0.000000
vt 0.000000 0.068068 0.000000
vt 0.500000 0.034034 0.000000
vt 0.000000 0.034034 0.000000
vt 0.500000 -0.000000 0.000000
vt 0.000000 -0.000000 0.000000
vt 0.500000 -0.034034 0.000000
vt 0.000000 -0.034034 0.000000
vt 0.500000 -0.068068 0.000000
vt 0.000000 -0.068068 0.000000
vt 0.500000 -0.102102 0.000000
vt 0.000000 -0.102102 0.000000
vt 0.500000 -0.136136 0.000000
vt 0.000000 -0.136136 0.000000
vt 0.500000 -0.170170 0.000000
vt 0.000000 -0.170170 0.000000
vt 0.500000 -0.204204 0.000000
vt 0.000000 -0.204204 0.000000
vt 0.500000 -0.238237 0.000000
vt -0.000000 -0.238237 0.000000
vt 0.500000 -0.272271 0.000000
vt -0.000000 -0.272271 0.000000
vt 0.500000 -0.306305 0.000000
vt -0.000000 -0.306305 0.000000
vt 0.500000 -0.340339 0.000000
vt -0.000000 -0.340339 0.000000
vt 2.756400 1.479941 0.000000
vt 2.495600 1.479941 0.000000
vt 2.761000 1.445000 0.000000
vt 2.491000 1.445000 0.000000
vt 2.756400 1.410060 0.000000
vt 2.495600 1.410060 0.000000
vt 2.742914 1.377500 0.000000
vt 2.509087 1.377500 0.000000
vt 2.721460 1.349541 0.000000
vt 2.530541 1.349541 0.000000
vt 2.693500 1.328087 0.000000
vt 2.558500 1.328087 0.000000
vt 2.660941 1.314600 0.000000
vt 2.591060 1.314600 0.000000
vt 2.626000 1.310000 0.000000
vt 2.509087 1.512500 0.000000
vt 2.742914 1.512500 0.000000
vt 2.530541 1.540460 0.000000
vt 2.721460 1.540460 0.000000
vt 2.558500 1.561914 0.000000
vt 2.693500 1.561914 0.000000
vt 2.591060 1.575400 0.000000
vt 2.660941 1.575400 0.000000
vt 2.626000 1.580000 0.000000
vt -0.130400 0.034941 0.000000
vt -0.290575 0.074607 0.000000
vt -0.135000 0.000000 0.000000
vt -0.300000 0.000000 0.000000
vt -0.290575 -0.074607 0.000000
vt -0.262892 0.144526 0.000000
vt -0.116913 0.067500 0.000000
vt -0.218691 0.205364 0.000000
vt -0.095459 0.095459 0.000000
vt -0.160748 0.253298 0.000000
vt -0.067500 0.116913 0.000000
vt -0.092705 0.285317 0.000000
vt -0.034941 0.130400 0.000000
vt -0.018837 0.299408 0.000000
vt 0.000000 0.135000 0.000000
vt 0.056214 0.294686 0.000000
vt 0.034941 0.130400 0.000000
vt 0.127734 0.271448 0.000000
vt 0.067500 0.116913 0.000000
vt 0.191227 0.231154 0.000000
vt 0.095459 0.095459 0.000000
vt 0.242705 0.176336 0.000000
vt 0.116913 0.067500 0.000000
vt 0.278933 0.110437 0.000000
vt 0.130400 0.034941 0.000000
vt 0.297634 0.037600 0.000000
vt 0.135000 -0.000000 0.000000
vt 0.297634 -0.037600 0.000000
vt 0.130400 -0.034941 0.000000
vt 0.278933 -0.110437 0.000000
vt 0.116913 -0.067500 0.000000
vt 0.242705 -0.176336 0.000000
vt 0.095459 -0.095459 0.000000
vt 0.191227 -0.231154 0.000000
vt 0.067500 -0.116913 0.000000
vt 0.127734 -0.271448 0.000000
vt 0.034941 -0.130400 0.000000
vt 0.056214 -0.294686 0.000000
vt -0.000000 -0.135000 0.000000
vt -0.018837 -0.299408 0.000000
vt -0.034941 -0.130400 0.000000
vt -0.092705 -0.285317 0.000000
vt -0.067500 -0.116913 0.000000
vt -0.160748 -0.253298 0.000000
vt -0.095459 -0.095459 0.000000
vt -0.218691 -0.205364 0.000000
vt -0.116913 -0.067500 0.000000
vt -0.262892 -0.144526 0.000000
vt -0.130400 -0.034941 0.000000
vt 0.500000 -0.388772 0.000000
vt -0.000000 -0.388772 0.000000
vt 0.500000 -0.424115 0.000000
vt -0.000000 -0.424115 0.000000
vt 0.500000 0.424115 0.000000
vt -0.000000 0.424115 0.000000
vt 0.500000 0.388772 0.000000
vt -0.000000 0.388772 0.000000
vt 0.500000 0.353429 0.000000
vt -0.000000 0.353429 0.000000
vt 0.500000 0.318086 0.000000
vt -0.000000 0.318086 0.000000
vt 0.500000 0.282743 0.000000
vt -0.000000 0.282743 0.000000
vt 0.500000 0.247400 0.000000
vt -0.000000 0.247400 0.000000
vt 0.500000 0.212058 0.000000
vt -0.000000 0.212058 0.000000
vt 0.500000 0.176715 0.000000
vt 0.000000 0.176715 0.000000
vt 0.500000 0.141372 0.000000
vt 0.000000 0.141372 0.000000
vt 0.500000 0.106029 0.000000
vt 0.000000 0.106029 0.000000
vt 0.500000 0.070686 0.000000
vt 0.000000 0.070686 0.000000
vt 0.500000 0.035343 0.000000
vt 0.000000 0.035343 0.000000
vt 0.500000 -0.000000 0.000000
vt 0.000000 -0.000000 0.000000
vt 0.500000 -0.035343 0.000000
vt 0.000000 -0.035343 0.000000
vt 0.500000 -0.070686 0.000000
vt 0.000000 -0.070686 0.000000
vt 0.500000 -0.106029 0.000000
vt 0.000000 -0.106029 0.000000
vt 0.500000 -0.141372 0.000000
vt 0.000000 -0.141372 0.000000
vt 0.500000 -0.176715 0.000000
vt 0.000000 -0.176715 0.000000
vt 0.500000 -0.212058 0.000000
vt 0.000000 -0.212058 0.000000
vt 0.500000 -0.247400 0.000000
vt -0.000000 -0.247400 0.000000
vt 0.500000 -0.282743 0.000000
vt -0.000000 -0.282743 0.000000
vt 0.500000 -0.318086 0.000000
vt -0.000000 -0.318086 0.000000
vt 0.500000 -0.353429 0.000000
vt -0.000000 -0.353429 0.000000
vt 12.772593 5.770882 0.000000
vt 12.579408 5.770882 0.000000
vt 12.776000 5.745000 0.000000
vt 12.576000 5.745000 0.000000
vt 12.772593 5.719118 0.000000
vt 12.579408 5.719118 0.000000
vt 12.762603 5.695000 0.000000
vt 12.589398 5.695000 0.000000
vt 12.746711 5.674289 0.000000
vt 12.605290 5.674289 0.000000
vt 12.726000 5.658398 0.000000
vt 12.626000 5.658398 0.000000
vt 12.701882 5.648408 0.000000
vt 12.650118 5.648408 0.000000
vt 12.676000 5.645000 0.000000
vt 12.589398 5.795000 0.000000
vt 12.762603 5.795000 0.000000
vt 12.605290 5.815711 0.000000
vt 12.746711 5.815711 0.000000
vt 12.626000 5.831603 0.000000
vt 12.726000 5.831603 0.000000
vt 12.650118 5.841593 0.000000
vt 12.701882 5.841593 0.000000
vt 12.676000 5.845000 0.000000
vt -0.130400 0.034941 0.000000
vt -0.290575 0.074607 0.000000
vt -0.135000 0.000000 0.000000
vt -0.300000 0.000000 0.000000
vt -0.290575 -0.074607 0.000000
vt -0.262892 0.144526 0.000000
vt -0.116913 0.067500 0.000000
vt -0.218691 0.205364 0.000000
vt -0.095459 0.095459 0.000000
vt -0.160748 0.253298 0.000000
vt -0.067500 0.116913 0.000000
vt -0.092705 0.285317 0.000000
vt -0.034941 0.130400 0.000000
vt -0.018837 0.299408 0.000000
vt 0.000000 0.135000 0.000000
vt 0.056214 0.294686 0.000000
vt 0.034941 0.130400 0.000000
vt 0.127734 0.271448 0.000000
vt 0.067500 0.116913 0.000000
vt 0.191227 0.231154 0.000000
vt 0.095459 0.095459 0.000000
vt 0.242705 0.176336 0.000000
vt 0.116913 0.067500 0.000000
vt 0.278933 0.110437 0.000000
vt 0.130400 0.034941 0.000000
vt 0.297634 0.037600 0.000000
vt 0.135000 -0.000000 0.000000
vt 0.297634 -0.037600 0.000000
vt 0.130400 -0.034941 0.000000
vt 0.278933 -0.110437 0.000000
vt 0.116913 -0.067500 0.000000
vt 0.242705 -0.176336 0.000000
vt 0.095459 -0.095459 0.000000
vt 0.191227 -0.231154 0.000000
vt 0.067500 -0.116913 0.000000
vt 0.127734 -0.271448 0.000000
vt 0.034941 -0.130400 0.000000
vt 0.056214 -0.294686 0.000000
vt -0.000000 -0.135000 0.000000
vt -0.018837 -0.299408 0.000000
vt -0.034941 -0.130400 0.000000
vt -0.092705 -0.285317 0.000000
vt -0.067500 -0.116913 0.000000
vt -0.160748 -0.253298 0.000000
vt -0.095459 -0.095459 0.000000
vt -0.218691 -0.205364 0.000000
vt -0.116913 -0.067500 0.000000
vt -0.262892 -0.144526 0.000000
vt -0.130400 -0.034941 0.000000
vt 0.500000 -0.388772 0.000000
vt -0.000000 -0.388772 0.000000
vt 0.500000 -0.424115 0.000000
vt -0.000000 -0.424115 0.000000
vt 0.500000 0.424115 0.000000
vt -0.000000 0.424115 0.000000
vt 0.500000 0.388772 0.000000
vt -0.000000 0.388772 0.000000
vt 0.500000 0.353429 0.000000
vt -0.000000 0.353429 0.000000
vt 0.500000 0.318086 0.000000
vt -0.000000 0.318086 0.000000
vt 0.500000 0.282743 0.000000
vt -0.000000 0.282743 0.000000
vt 0.500000 0.247400 0.000000
vt -0.000000 0.247400 0.000000
vt 0.500000 0.212058 0.000000
vt -0.000000 0.212058 0.000000
vt 0.500000 0.176715 0.000000
vt 0.000000 0.176715 0.000000
vt 0.500000 0.141372 0.000000
vt 0.000000 0.141372 0.000000
vt 0.500000 0.106029 0.000000
vt 0.000000 0.106029 0.000000
vt 0.500000 0.070686 0.000000
vt 0.000000 0.070686 0.000000
vt 0.500000 0.035343 0.000000
vt 0.000000 0.035343 0.000000
vt 0.500000 -0.000000 0.000000
vt 0.000000 -0.000000 0.000000
vt 0.500000 -0.035343 0.000000
vt 0.000000 -0.035343 0.000000
vt 0.500000 -0.070686 0.000000
vt 0.000000 -0.070686 0.000000
vt 0.500000 -0.106029 0.000000
vt 0.000000 -0.106029 0.000000
vt 0.500000 -0.141372 0.000000
vt 0.000000 -0.141372 0.000000
vt 0.500000 -0.176715 0.000000
vt 0.000000 -0.176715 0.000000
vt 0.500000 -0.212058 0.000000
vt 0.000000 -0.212058 0.000000
vt 0.500000 -0.247400 0.000000
vt -0.000000 -0.247400 0.000000
vt 0.500000 -0.282743 0.000000
vt -0.000000 -0.282743 0.000000
vt 0.500000 -0.318086 0.000000
vt -0.000000 -0.318086 0.000000
vt 0.500000 -0.353429 0.000000
vt -0.000000 -0.353429 0.000000
vt -0.096593 -0.025882 0.000000
vt -0.100000 0.000000 0.000000
vt -0.250000 0.000000 0.000000
vt -0.096593 0.025882 0.000000
vt -0.241481 0.064705 0.000000
vt -0.086603 0.050000 0.000000
vt -0.216506 0.125000 0.000000
vt -0.070711 0.070711 0.000000
vt -0.176777 0.176777 0.000000
vt -0.050000 0.086603 0.000000
vt -0.125000 0.216506 0.000000
vt -0.025882 0.096593 0.000000
vt -0.064705 0.241481 0.000000
vt 0.000000 0.100000 0.000000
vt 0.000000 0.250000 0.000000
vt 0.064705 0.241481 0.000000
vt 0.025882 0.096593 0.000000
vt 0.125000 0.216506 0.000000
vt 0.050000 0.086603 0.000000
vt 0.176777 0.176777 0.000000
vt 0.070711 0.070711 0.000000
vt 0.216506 0.125000 0.000000
vt 0.086603 0.050000 0.000000
vt 0.241481 0.064705 0.000000
vt 0.096593 0.025882 0.000000
vt 0.250000 -0.000000 0.000000
vt 0.100000 -0.000000 0.000000
vt 0.241481 -0.064705 0.000000
vt 0.096593 -0.025882 0.000000
vt 0.086603 -0.050000 0.000000
vt 0.216506 -0.125000 0.000000
vt 0.070711 -0.070711 0.000000
vt 0.176777 -0.176777 0.000000
vt 0.050000 -0.086603 0.000000
vt 0.125000 -0.216506 0.000000
vt 0.025882 -0.096593 0.000000
vt 0.064705 -0.241481 0.000000
vt -0.000000 -0.100000 0.000000
vt -0.000000 -0.250000 0.000000
vt -0.064705 -0.241481 0.000000
vt -0.025882 -0.096593 0.000000
vt -0.125000 -0.216506 0.000000
vt -0.050000 -0.086603 0.000000
vt -0.176777 -0.176777 0.000000
vt -0.070711 -0.070711 0.000000
vt -0.216506 -0.125000 0.000000
vt -0.086603 -0.050000 0.000000
vt -0.241481 -0.064705 0.000000
vt 12.772593 2.070882 0.000000
vt 12.579408 2.070882 0.000000
vt 12.776000 2.045000 0.000000
vt 12.576000 2.045000 0.000000
vt 12.772593 2.019118 0.000000
vt 12.579408 2.019118 0.000000
vt 12.762603 1.995000 0.000000
vt 12.589398 1.995000 0.000000
vt 12.746711 1.974289 0.000000
vt 12.605290 1.974289 0.000000
vt 12.726000 1.958398 0.000000
vt 12.626000 1.958398 0.000000
vt 12.701882 1.948408 0.000000
vt 12.650118 1.948408 0.000000
vt 12.676000 1.945000 0.000000
vt 12.589398 2.095000 0.000000
vt 12.762603 2.095000 0.000000
vt 12.605290 2.115711 0.000000
vt 12.746711 2.115711 0.000000
vt 12.626000 2.131603 0.000000
vt 12.726000 2.131603 0.000000
vt 12.650118 2.141593 0.000000
vt 12.701882 2.141593 0.000000
vt 12.676000 2.145000 0.000000
vt -0.096593 -0.025882 0.000000
vt -0.100000 0.000000 0.000000
vt -0.250000 0.000000 0.000000
vt -0.096593 0.025882 0.000000
vt -0.241481 0.064705 0.000000
vt -0.086603 0.050000 0.000000
vt -0.216506 0.125000 0.000000
vt -0.070711 0.070711 0.000000
vt -0.176777 0.176777 0.000000
vt -0.050000 0.086603 0.000000
vt -0.125000 0.216506 0.000000
vt -0.025882 0.096593 0.000000
vt -0.064705 0.241481 0.000000
vt 0.000000 0.100000 0.000000
vt 0.000000 0.250000 0.000000
vt 0.064705 0.241481 0.000000
vt 0.025882 0.096593 0.000000
vt 0.125000 0.216506 0.000000
vt 0.050000 0.086603 0.000000
vt 0.176777 0.176777 0.000000
vt 0.070711 0.070711 0.000000
vt 0.216506 0.125000 0.000000
vt 0.086603 0.050000 0.000000
vt 0.241481 0.064705 0.000000
vt 0.096593 0.025882 0.000000
vt 0.250000 -0.000000 0.000000
vt 0.100000 -0.000000 0.000000
vt 0.241481 -0.064705 0.000000
vt 0.096593 -0.025882 0.000000
vt 0.086603 -0.050000 0.000000
vt 0.216506 -0.125000 0.000000
vt 0.070711 -0.070711 0.000000
vt 0.176777 -0.176777 0.000000
vt 0.050000 -0.086603 0.000000
vt 0.125000 -0.216506 0.000000
vt 0.025882 -0.096593 0.000000
vt 0.064705 -0.241481 0.000000
vt -0.000000 -0.100000 0.000000
vt -0.000000 -0.250000 0.000000
vt -0.064705 -0.241481 0.000000
vt -0.025882 -0.096593 0.000000
vt -0.125000 -0.216506 0.000000
vt -0.050000 -0.086603 0.000000
vt -0.176777 -0.176777 0.000000
vt -0.070711 -0.070711 0.000000
vt -0.216506 -0.125000 0.000000
vt -0.086603 -0.050000 0.000000
vt -0.241481 -0.064705 0.000000
vt 9.972593 5.770882 0.000000
vt 9.779408 5.770882 0.000000
vt 9.976000 5.745000 0.000000
vt 9.776000 5.745000 0.000000
vt 9.972593 5.719118 0.000000
vt 9.779408 5.719118 0.000000
vt 9.962603 5.695000 0.000000
vt 9.789398 5.695000 0.000000
vt 9.946711 5.674289 0.000000
vt 9.805290 5.674289 0.000000
vt 9.926000 5.658398 0.000000
vt 9.826000 5.658398 0.000000
vt 9.901882 5.648408 0.000000
vt 9.850118 5.648408 0.000000
vt 9.876000 5.645000 0.000000
vt 9.789398 5.795000 0.000000
vt 9.962603 5.795000 0.000000
vt 9.805290 5.815711 0.000000
vt 9.946711 5.815711 0.000000
vt 9.826000 5.831603 0.000000
vt 9.926000 5.831603 0.000000
vt 9.850118 5.841593 0.000000
vt 9.901882 5.841593 0.000000
vt 9.876000 5.845000 0.000000
vt -0.096593 -0.025882 0.000000
vt -0.100000 0.000000 0.000000
vt -0.250000 0.000000 0.000000
vt -0.096593 0.025882 0.000000
vt -0.241481 0.064705 0.000000
vt -0.086603 0.050000 0.000000
vt -0.216506 0.125000 0.000000
vt -0.070711 0.070711 0.000000
vt -0.176777 0.176777 0.000000
vt -0.050000 0.086603 0.000000
vt -0.125000 0.216506 0.000000
vt -0.025882 0.096593 0.000000
vt -0.064705 0.241481 0.000000
vt 0.000000 0.100000 0.000000
vt -0.000000 0.250000 0.000000
vt 0.064705 0.241481 0.000000
vt 0.025882 0.096593 0.000000
vt 0.125000 0.216506 0.000000
vt 0.050000 0.086603 0.000000
vt 0.176777 0.176777 0.000000
vt 0.070711 0.070711 0.000000
vt 0.216506 0.125000 0.000000
vt 0.086603 0.050000 0.000000
vt 0.241481 0.064705 0.000000
vt 0.096593 0.025882 0.000000
vt 0.250000 -0.000000 0.000000
vt 0.100000 -0.000000 0.000000
vt 0.241481 -0.064705 0.000000
vt 0.096593 -0.025882 0.000000
vt 0.086603 -0.050000 0.000000
vt 0.216506 -0.125000 0.000000
vt 0.070711 -0.070711 0.000000
vt 0.176777 -0.176777 0.000000
vt 0.050000 -0.086603 0.000000
vt 0.125000 -0.216506 0.000000
vt 0.025882 -0.096593 0.000000
vt 0.064705 -0.241481 0.000000
vt -0.000000 -0.100000 0.000000
vt -0.000000 -0.250000 0.000000
vt -0.064705 -0.241481 0.000000
vt -0.025882 -0.096593 0.000000
vt -0.125000 -0.216506 0.000000
vt -0.050000 -0.086603 0.000000
vt -0.176777 -0.176777 0.000000
vt -0.070711 -0.070711 0.000000
vt -0.216506 -0.125000 0.000000
vt -0.086603 -0.050000 0.000000
vt -0.241481 -0.064705 0.000000
vt 9.972593 2.070882 0.000000
vt 9.779408 2.070882 0.000000
vt 9.976000 2.045000 0.000000
vt 9.776000 2.045000 0.000000
vt 9.972593 2.019118 0.000000
vt 9.779408 2.019118 0.000000
vt 9.962603 1.995000 0.000000
vt 9.789398 1.995000 0.000000
vt 9.946711 1.974289 0.000000
vt 9.805290 1.974289 0.000000
vt 9.926000 1.958398 0.000000
vt 9.826000 1.958398 0.000000
vt 9.901882 1.948408 0.000000
vt 9.850118 1.948408 0.000000
vt 9.876000 1.945000 0.000000
vt 9.789398 2.095000 0.000000
vt 9.962603 2.095000 0.000000
vt 9.805290 2.115711 0.000000
vt 9.946711 2.115711 0.000000
vt 9.826000 2.131603 0.000000
vt 9.926000 2.131603 0.000000
vt 9.850118 2.141593 0.000000
vt 9.901882 2.141593 0.000000
vt 9.876000 2.145000 0.000000
vt -0.096593 -0.025882 0.000000
vt -0.100000 0.000000 0.000000
vt -0.250000 0.000000 0.000000
vt -0.096593 0.025882 0.000000
vt -0.241481 0.064705 0.000000
vt -0.086603 0.050000 0.000000
vt -0.216506 0.125000 0.000000
vt -0.070711 0.070711 0.000000
vt -0.176777 0.176777 0.000000
vt -0.050000 0.086603 0.000000
vt -0.125000 0.216506 0.000000
vt -0.025882 0.096593 0.000000
vt -0.064705 0.241481 0.000000
vt 0.000000 0.100000 0.000000
vt 0.000000 0.250000 0.000000
vt 0.064705 0.241481 0.000000
vt 0.025882 0.096593 0.000000
vt 0.125000 0.216506 0.000000
vt 0.050000 0.086603 0.000000
vt 0.176777 0.176777 0.000000
vt 0.070711 0.070711 0.000000
vt 0.216506 0.125000 0.000000
vt 0.086603 0.050000 0.000000
vt 0.241481 0.064705 0.000000
vt 0.096593 0.025882 0.000000
vt 0.250000 -0.000000 0.000000
vt 0.100000 -0.000000 0.000000
vt 0.241481 -0.064705 0.000000
vt 0.096593 -0.025882 0.000000
vt 0.086603 -0.050000 0.000000
vt 0.216506 -0.125000 0.000000
vt 0.070711 -0.070711 0.000000
vt 0.176777 -0.176777 0.000000
vt 0.050000 -0.086603 0.000000
vt 0.125000 -0.216506 0.000000
vt 0.025882 -0.096593 0.000000
vt 0.064705 -0.241481 0.000000
vt -0.000000 -0.100000 0.000000
vt -0.000000 -0.250000 0.000000
vt -0.064705 -0.241481 0.000000
vt -0.025882 -0.096593 0.000000
vt -0.125000 -0.216506 0.000000
vt -0.050000 -0.086603 0.000000
vt -0.176777 -0.176777 0.000000
vt -0.070711 -0.070711 0.000000
vt -0.216506 -0.125000 0.000000
vt -0.086603 -0.050000 0.000000
vt -0.241481 -0.064705 0.000000
vt -0.500000 0.867080 0.000000
vt -0.100000 0.867080 0.000000
vt -0.500000 0.942478 0.000000
vt -0.100000 0.942478 0.000000
vt -0.500000 -0.942478 0.000000
vt -0.100000 -0.942478 0.000000
vt -0.500000 -0.867080 0.000000
vt -0.100000 -0.867080 0.000000
vt -0.500000 -0.791681 0.000000
vt -0.100000 -0.791681 0.000000
vt -0.500000 -0.716283 0.000000
vt -0.100000 -0.716283 0.000000
vt -0.500000 -0.640885 0.000000
vt -0.100000 -0.640885 0.000000
vt -0.500000 -0.565487 0.000000
vt -0.100000 -0.565487 0.000000
vt -0.500000 -0.490088 0.000000
vt -0.100000 -0.490088 0.000000
vt -0.500000 -0.414690 0.000000
vt -0.100000 -0.414690 0.000000
vt -0.500000 -0.339292 0.000000
vt -0.100000 -0.339292 0.000000
vt -0.500000 -0.263894 0.000000
vt -0.100000 -0.263894 0.000000
vt -0.500000 -0.188496 0.000000
vt -0.100000 -0.188496 0.000000
vt -0.500000 -0.113097 0.000000
vt -0.100000 -0.113097 0.000000
vt -0.500000 -0.037699 0.000000
vt -0.100000 -0.037699 0.000000
vt -0.500000 0.037699 0.000000
vt -0.100000 0.037699 0.000000
vt -0.500000 0.113097 0.000000
vt -0.100000 0.113097 0.000000
vt -0.500000 0.188496 0.000000
vt -0.100000 0.188496 0.000000
vt -0.500000 0.263894 0.000000
vt -0.100000 0.263894 0.000000
vt -0.500000 0.339292 0.000000
vt -0.100000 0.339292 0.000000
vt -0.500000 0.414690 0.000000
vt -0.100000 0.414690 0.000000
vt -0.500000 0.490088 0.000000
vt -0.100000 0.490088 0.000000
vt -0.500000 0.565487 0.000000
vt -0.100000 0.565487 0.000000
vt -0.500000 0.640885 0.000000
vt -0.100000 0.640885 0.000000
vt -0.500000 0.716283 0.000000
vt -0.100000 0.716283 0.000000
vt -0.500000 0.791681 0.000000
vt -0.100000 0.791681 0.000000
vt 0.070711 -1.011593 0.000000
vt -0.070711 -1.023726 0.000000
vt 0.070711 -1.099557 0.000000
vt -0.070711 -1.099557 0.000000
vt 0.070711 1.099557 0.000000
vt -0.070711 1.099557 0.000000
vt -0.070711 1.023726 0.000000
vt -0.070711 -0.947894 0.000000
vt 0.070711 -0.923628 0.000000
vt -0.070711 -0.872063 0.000000
vt 0.070711 -0.835664 0.000000
vt -0.070711 -0.796231 0.000000
vt 0.070711 -0.747699 0.000000
vt -0.070711 -0.720400 0.000000
vt 0.070711 -0.659734 0.000000
vt -0.070711 -0.644568 0.000000
vt 0.070711 -0.571770 0.000000
vt -0.070711 -0.568737 0.000000
vt -0.070711 -0.492905 0.000000
vt 0.070711 -0.483805 0.000000
vt -0.070711 -0.417074 0.000000
vt 0.070711 -0.395841 0.000000
vt -0.070711 -0.341242 0.000000
vt 0.070711 -0.307876 0.000000
vt -0.070711 -0.265410 0.000000
vt 0.070711 -0.219911 0.000000
vt -0.070711 -0.189579 0.000000
vt 0.070711 -0.131947 0.000000
vt -0.070711 -0.113747 0.000000
vt 0.070711 -0.043982 0.000000
vt -0.070711 -0.037916 0.000000
vt 0.070711 0.043982 0.000000
vt -0.070711 0.037916 0.000000
vt -0.070711 0.113747 0.000000
vt 0.070711 0.131947 0.000000
vt -0.070711 0.189579 0.000000
vt 0.070711 0.219911 0.000000
vt -0.070711 0.265410 0.000000
vt 0.070711 0.307876 0.000000
vt -0.070711 0.341242 0.000000
vt 0.070711 0.395841 0.000000
vt -0.070711 0.417074 0.000000
vt 0.070711 0.483805 0.000000
vt -0.070711 0.492905 0.000000
vt 0.070711 0.571770 0.000000
vt -0.070711 0.568737 0.000000
vt -0.070711 0.644568 0.000000
vt 0.070711 0.659734 0.000000
vt -0.070711 0.720400 0.000000
vt 0.070711 0.747699 0.000000
vt -0.070711 0.796231 0.000000
vt 0.070711 0.835664 0.000000
vt -0.070711 0.872063 0.000000
vt 0.070711 0.923628 0.000000
vt -0.070711 0.947894 0.000000
vt 0.070711 1.011593 0.000000
vt -0.500000 0.867080 0.000000
vt -0.100000 0.867080 0.000000
vt -0.500000 0.942478 0.000000
vt -0.100000 0.942478 0.000000
vt -0.500000 -0.942478 0.000000
vt -0.100000 -0.942478 0.000000
vt -0.500000 -0.867080 0.000000
vt -0.100000 -0.867080 0.000000
vt -0.500000 -0.791681 0.000000
vt -0.100000 -0.791681 0.000000
vt -0.500000 -0.716283 0.000000
vt -0.100000 -0.716283 0.000000
vt -0.500000 -0.640885 0.000000
vt -0.100000 -0.640885 0.000000
vt -0.500000 -0.565487 0.000000
vt -0.100000 -0.565487 0.000000
vt -0.500000 -0.490088 0.000000
vt -0.100000 -0.490088 0.000000
vt -0.500000 -0.414690 0.000000
vt -0.100000 -0.414690 0.000000
vt -0.500000 -0.339292 0.000000
vt -0.100000 -0.339292 0.000000
vt -0.500000 -0.263894 0.000000
vt -0.100000 -0.263894 0.000000
vt -0.500000 -0.188496 0.000000
vt -0.100000 -0.188496 0.000000
vt -0.500000 -0.113097 0.000000
vt -0.100000 -0.113097 0.000000
vt -0.500000 -0.037699 0.000000
vt -0.100000 -0.037699 0.000000
vt -0.500000 0.037699 0.000000
vt -0.100000 0.037699 0.000000
vt -0.500000 0.113097 0.000000
vt -0.100000 0.113097 0.000000
vt -0.500000 0.188496 0.000000
vt -0.100000 0.188496 0.000000
vt -0.500000 0.263894 0.000000
vt -0.100000 0.263894 0.000000
vt -0.500000 0.339292 0.000000
vt -0.100000 0.339292 0.000000
vt -0.500000 0.414690 0.000000
vt -0.100000 0.414690 0.000000
vt -0.500000 0.490088 0.000000
vt -0.100000 0.490088 0.000000
vt -0.500000 0.565487 0.000000
vt -0.100000 0.565487 0.000000
vt -0.500000 0.640885 0.000000
vt -0.100000 0.640885 0.000000
vt -0.500000 0.716283 0.000000
vt -0.100000 0.716283 0.000000
vt -0.500000 0.791681 0.000000
vt -0.100000 0.791681 0.000000
vt 0.070711 -1.011593 0.000000
vt -0.070711 -1.023726 0.000000
vt 0.070711 -1.099557 0.000000
vt -0.070711 -1.099557 0.000000
vt 0.070711 1.099557 0.000000
vt -0.070711 1.099557 0.000000
vt -0.070711 1.023726 0.000000
vt -0.070711 -0.947894 0.000000
vt 0.070711 -0.923628 0.000000
vt -0.070711 -0.872063 0.000000
vt 0.070711 -0.835664 0.000000
vt -0.070711 -0.796231 0.000000
vt 0.070711 -0.747699 0.000000
vt -0.070711 -0.720400 0.000000
vt 0.070711 -0.659734 0.000000
vt -0.070711 -0.644568 0.000000
vt 0.070711 -0.571770 0.000000
vt -0.070711 -0.568737 0.000000
vt -0.070711 -0.492905 0.000000
vt 0.070711 -0.483805 0.000000
vt -0.070711 -0.417074 0.000000
vt 0.070711 -0.395841 0.000000
vt -0.070711 -0.341242 0.000000
vt 0.070711 -0.307876 0.000000
vt -0.070711 -0.265410 0.000000
vt 0.070711 -0.219911 0.000000
vt -0.070711 -0.189579 0.000000
vt 0.070711 -0.131947 0.000000
vt -0.070711 -0.113747 0.000000
vt 0.070711 -0.043982 0.000000
vt -0.070711 -0.037916 0.000000
vt 0.070711 0.043982 0.000000
vt -0.070711 0.037916 0.000000
vt -0.070711 0.113747 0.000000
vt 0.070711 0.131947 0.000000
vt -0.070711 0.189579 0.000000
vt 0.070711 0.219911 0.000000
vt -0.070711 0.265410 0.000000
vt 0.070711 0.307876 0.000000
vt -0.070711 0.341242 0.000000
vt 0.070711 0.395841 0.000000
vt -0.070711 0.417074 0.000000
vt 0.070711 0.483805 0.000000
vt -0.070711 0.492905 0.000000
vt 0.070711 0.571770 0.000000
vt -0.070711 0.568737 0.000000
vt -0.070711 0.644568 0.000000
vt 0.070711 0.659734 0.000000
vt -0.070711 0.720400 0.000000
vt 0.070711 0.747699 0.000000
vt -0.070711 0.796231 0.000000
vt 0.070711 0.835664 0.000000
vt -0.070711 0.872063 0.000000
vt 0.070711 0.923628 0.000000
vt -0.070711 0.947894 0.000000
vt 0.070711 1.011593 0.000000
vt -0.500000 0.867080 0.000000
vt -0.100000 0.867080 0.000000
vt -0.500000 0.942478 0.000000
vt -0.100000 0.942478 0.000000
vt -0.500000 -0.942478 0.000000
vt -0.100000 -0.942478 0.000000
vt -0.500000 -0.867080 0.000000
vt -0.100000 -0.867080 0.000000
vt -0.500000 -0.791681 0.000000
vt -0.100000 -0.791681 0.000000
vt -0.500000 -0.716283 0.000000
vt -0.100000 -0.716283 0.000000
vt -0.500000 -0.640885 0.000000
vt -0.100000 -0.640885 0.000000
vt -0.500000 -0.565487 0.000000
vt -0.100000 -0.565487 0.000000
vt -0.500000 -0.490088 0.000000
vt -0.100000 -0.490088 0.000000
vt -0.500000 -0.414690 0.000000
vt -0.100000 -0.414690 0.000000
vt -0.500000 -0.339292 0.000000
vt -0.100000 -0.339292 0.000000
vt -0.500000 -0.263894 0.000000
vt -0.100000 -0.263894 0.000000
vt -0.500000 -0.188496 0.000000
vt -0.100000 -0.188496 0.000000
vt -0.500000 -0.113097 0.000000
vt -0.100000 -0.113097 0.000000
vt -0.500000 -0.037699 0.000000
vt -0.100000 -0.037699 0.000000
vt -0.500000 0.037699 0.000000
vt -0.100000 0.037699 0.000000
vt -0.500000 0.113097 0.000000
vt -0.100000 0.113097 0.000000
vt -0.500000 0.188496 0.000000
vt -0.100000 0.188496 0.000000
vt -0.500000 0.263894 0.000000
vt -0.100000 0.263894 0.000000
vt -0.500000 0.339292 0.000000
vt -0.100000 0.339292 0.000000
vt -0.500000 0.414690 0.000000
vt -0.100000 0.414690 0.000000
vt -0.500000 0.490088 0.000000
vt -0.100000 0.490088 0.000000
vt -0.500000 0.565487 0.000000
vt -0.100000 0.565487 0.000000
vt -0.500000 0.640885 0.000000
vt -0.100000 0.640885 0.000000
vt -0.500000 0.716283 0.000000
vt -0.100000 0.716283 0.000000
vt -0.500000 0.791681 0.000000
vt -0.100000 0.791681 0.000000
vt 0.070711 -1.011593 0.000000
vt -0.070711 -1.023726 0.000000
vt 0.070711 -1.099557 0.000000
vt -0.070711 -1.099557 0.000000
vt 0.070711 1.099557 0.000000
vt -0.070711 1.099557 0.000000
vt -0.070711 1.023726 0.000000
vt -0.070711 -0.947894 0.000000
vt 0.070711 -0.923628 0.000000
vt -0.070711 -0.872063 0.000000
vt 0.070711 -0.835664 0.000000
vt -0.070711 -0.796231 0.000000
vt 0.070711 -0.747699 0.000000
vt -0.070711 -0.720400 0.000000
vt 0.070711 -0.659734 0.000000
vt -0.070711 -0.644568 0.000000
vt 0.070711 -0.571770 0.000000
vt -0.070711 -0.568737 0.000000
vt -0.070711 -0.492905 0.000000
vt 0.070711 -0.483805 0.000000
vt -0.070711 -0.417074 0.000000
vt 0.070711 -0.395841 0.000000
vt -0.070711 -0.341242 0.000000
vt 0.070711 -0.307876 0.000000
vt -0.070711 -0.265410 0.000000
vt 0.070711 -0.219911 0.000000
vt -0.070711 -0.189579 0.000000
vt 0.070711 -0.131947 0.000000
vt -0.070711 -0.113747 0.000000
vt 0.070711 -0.043982 0.000000
vt -0.070711 -0.037916 0.000000
vt 0.070711 0.043982 0.000000
vt -0.070711 0.037916 0.000000
vt -0.070711 0.113747 0.000000
vt 0.070711 0.131947 0.000000
vt -0.070711 0.189579 0.000000
vt 0.070711 0.219911 0.000000
vt -0.070711 0.265410 0.000000
vt 0.070711 0.307876 0.000000
vt -0.070711 0.341242 0.000000
vt 0.070711 0.395841 0.000000
vt -0.070711 0.417074 0.000000
vt 0.070711 0.483805 0.000000
vt -0.070711 0.492905 0.000000
vt 0.070711 0.571770 0.000000
vt -0.070711 0.568737 0.000000
vt -0.070711 0.644568 0.000000
vt 0.070711 0.659734 0.000000
vt -0.070711 0.720400 0.000000
vt 0.070711 0.747699 0.000000
vt -0.070711 0.796231 0.000000
vt 0.070711 0.835664 0.000000
vt -0.070711 0.872063 0.000000
vt 0.070711 0.923628 0.000000
vt -0.070711 0.947894 0.000000
vt 0.070711 1.011593 0.000000
vt -0.500000 0.690157 0.000000
vt -0.100000 0.640885 0.000000
vt -0.496000 0.690157 0.000000
vt -0.100000 0.716283 0.000000
vt -0.496000 0.762249 0.000000
vt -0.100000 0.791681 0.000000
vt -0.496000 0.834340 0.000000
vt -0.100000 0.867080 0.000000
vt -0.496000 0.906432 0.000000
vt -0.100000 0.942478 0.000000
vt -0.496000 0.978524 0.000000
vt -0.496000 -0.906432 0.000000
vt -0.100000 -0.942478 0.000000
vt -0.100000 -0.867080 0.000000
vt -0.496000 -0.834340 0.000000
vt -0.100000 -0.791681 0.000000
vt -0.496000 -0.762249 0.000000
vt -0.100000 -0.716283 0.000000
vt -0.496000 -0.690157 0.000000
vt -0.100000 -0.640885 0.000000
vt -0.500000 -0.617509 0.000000
vt -0.100000 -0.565487 0.000000
vt -0.500000 -0.544861 0.000000
vt -0.100000 -0.490088 0.000000
vt -0.500000 -0.472213 0.000000
vt -0.100000 -0.414690 0.000000
vt -0.500000 -0.399565 0.000000
vt -0.100000 -0.339292 0.000000
vt -0.500000 -0.326917 0.000000
vt -0.100000 -0.263894 0.000000
vt -0.500000 -0.254268 0.000000
vt -0.100000 -0.188496 0.000000
vt -0.500000 -0.181620 0.000000
vt -0.100000 -0.113097 0.000000
vt -0.500000 -0.108972 0.000000
vt -0.100000 -0.037699 0.000000
vt -0.500000 -0.036324 0.000000
vt -0.500000 0.036324 0.000000
vt -0.100000 0.037699 0.000000
vt -0.500000 0.108972 0.000000
vt -0.100000 0.113097 0.000000
vt -0.500000 0.181620 0.000000
vt -0.100000 0.188496 0.000000
vt -0.500000 0.254268 0.000000
vt -0.100000 0.263894 0.000000
vt -0.500000 0.326917 0.000000
vt -0.100000 0.339292 0.000000
vt -0.500000 0.399565 0.000000
vt -0.100000 0.414690 0.000000
vt -0.500000 0.472213 0.000000
vt -0.100000 0.490088 0.000000
vt -0.500000 0.544861 0.000000
vt -0.100000 0.565487 0.000000
vt -0.500000 0.617509 0.000000
vt -0.500000 -0.690157 0.000000
vt 0.070711 -1.011593 0.000000
vt -0.070711 -1.023726 0.000000
vt 0.070711 -1.099557 0.000000
vt -0.070711 -1.099557 0.000000
vt 0.070711 1.099557 0.000000
vt -0.070711 1.099557 0.000000
vt -0.070711 1.023726 0.000000
vt -0.070711 -0.947894 0.000000
vt 0.070711 -0.923628 0.000000
vt -0.070711 -0.872063 0.000000
vt 0.070711 -0.835664 0.000000
vt -0.070711 -0.796231 0.000000
vt 0.070711 -0.747699 0.000000
vt -0.070711 -0.720400 0.000000
vt 0.070711 -0.659734 0.000000
vt -0.070711 -0.644568 0.000000
vt 0.070711 -0.571770 0.000000
vt -0.070711 -0.568737 0.000000
vt -0.070711 -0.492905 0.000000
vt 0.070711 -0.483805 0.000000
vt -0.070711 -0.417074 0.000000
vt 0.070711 -0.395841 0.000000
vt -0.070711 -0.341242 0.000000
vt 0.070711 -0.307876 0.000000
vt -0.070711 -0.265410 0.000000
vt 0.070711 -0.219911 0.000000
vt -0.070711 -0.189579 0.000000
vt 0.070711 -0.131947 0.000000
vt -0.070711 -0.113747 0.000000
vt 0.070711 -0.043982 0.000000
vt -0.070711 -0.037916 0.000000
vt 0.070711 0.043982 0.000000
vt -0.070711 0.037916 0.000000
vt -0.070711 0.113747 0.000000
vt 0.070711 0.131947 0.000000
vt -0.070711 0.189579 0.000000
vt 0.070711 0.219911 0.000000
vt -0.070711 0.265410 0.000000
vt 0.070711 0.307876 0.000000
vt -0.070711 0.341242 0.000000
vt 0.070711 0.395841 0.000000
vt -0.070711 0.417074 0.000000
vt 0.070711 0.483805 0.000000
vt -0.070711 0.492905 0.000000
vt 0.070711 0.571770 0.000000
vt -0.070711 0.568737 0.000000
vt -0.070711 0.644568 0.000000
vt 0.070711 0.659734 0.000000
vt -0.070711 0.720400 0.000000
vt 0.070711 0.747699 0.000000
vt -0.070711 0.796231 0.000000
vt 0.070711 0.835664 0.000000
vt -0.070711 0.872063 0.000000
vt 0.070711 0.923628 0.000000
vt -0.070711 0.947894 0.000000
vt 0.070711 1.011593 0.000000
vt -0.600000 0.327249 0.000000
vt -0.100000 0.327249 0.000000
vt -0.600000 0.392699 0.000000
vt -0.100000 0.392699 0.000000
vt -0.600000 0.458149 0.000000
vt -0.100000 0.458149 0.000000
vt -0.600000 0.523599 0.000000
vt -0.100000 0.523599 0.000000
vt -0.600000 0.589049 0.000000
vt -0.100000 0.589049 0.000000
vt -0.600000 0.654498 0.000000
vt -0.100000 0.654498 0.000000
vt -0.600000 0.719948 0.000000
vt -0.100000 0.719948 0.000000
vt -0.600000 0.785398 0.000000
vt -0.100000 0.785398 0.000000
vt -0.600000 -0.785398 0.000000
vt -0.100000 -0.785398 0.000000
vt -0.600000 -0.719948 0.000000
vt -0.100000 -0.719948 0.000000
vt -0.600000 -0.654498 0.000000
vt -0.100000 -0.654498 0.000000
vt -0.600000 -0.589049 0.000000
vt -0.100000 -0.589049 0.000000
vt -0.600000 -0.523599 0.000000
vt -0.100000 -0.523599 0.000000
vt -0.600000 -0.458149 0.000000
vt -0.100000 -0.458149 0.000000
vt -0.600000 -0.392699 0.000000
vt -0.100000 -0.392699 0.000000
vt -0.600000 -0.327249 0.000000
vt -0.100000 -0.327249 0.000000
vt -0.600000 -0.261799 0.000000
vt -0.100000 -0.261799 0.000000
vt -0.600000 -0.196350 0.000000
vt -0.100000 -0.196350 0.000000
vt -0.600000 -0.130900 0.000000
vt -0.100000 -0.130900 0.000000
vt -0.600000 -0.065450 0.000000
vt -0.100000 -0.065450 0.000000
vt -0.600000 -0.000000 0.000000
vt -0.100000 -0.000000 0.000000
vt -0.600000 0.065450 0.000000
vt -0.100000 0.065450 0.000000
vt -0.600000 0.130900 0.000000
vt -0.100000 0.130900 0.000000
vt -0.600000 0.196350 0.000000
vt -0.100000 0.196350 0.000000
vt -0.600000 0.261799 0.000000
vt -0.100000 0.261799 0.000000
vt 0.070711 -0.863938 0.000000
vt -0.070711 -0.872665 0.000000
vt 0.070711 -0.942478 0.000000
vt -0.070711 -0.942478 0.000000
vt 0.070711 0.942478 0.000000
vt -0.070711 0.942478 0.000000
vt -0.070711 0.872665 0.000000
vt -0.070711 -0.802851 0.000000
vt 0.070711 -0.785398 0.000000
vt -0.070711 -0.733038 0.000000
vt 0.070711 -0.706858 0.000000
vt -0.070711 -0.663225 0.000000
vt 0.070711 -0.628319 0.000000
vt -0.070711 -0.593412 0.000000
vt 0.070711 -0.549779 0.000000
vt -0.070711 -0.523599 0.000000
vt 0.070711 -0.471239 0.000000
vt -0.070711 -0.453786 0.000000
vt 0.070711 -0.392699 0.000000
vt -0.070711 -0.383972 0.000000
vt 0.070711 -0.314159 0.000000
vt -0.070711 -0.314159 0.000000
vt -0.070711 -0.244346 0.000000
vt 0.070711 -0.235619 0.000000
vt -0.070711 -0.174533 0.000000
vt 0.070711 -0.157080 0.000000
vt -0.070711 -0.104720 0.000000
vt 0.070711 -0.078540 0.000000
vt -0.070711 -0.034907 0.000000
vt 0.070711 0.000000 0.000000
vt -0.070711 0.034907 0.000000
vt 0.070711 0.078540 0.000000
vt -0.070711 0.104720 0.000000
vt 0.070711 0.157080 0.000000
vt -0.070711 0.174533 0.000000
vt 0.070711 0.235619 0.000000
vt -0.070711 0.244346 0.000000
vt 0.070711 0.314159 0.000000
vt -0.070711 0.314159 0.000000
vt -0.070711 0.383972 0.000000
vt 0.070711 0.392699 0.000000
vt -0.070711 0.453786 0.000000
vt 0.070711 0.471239 0.000000
vt -0.070711 0.523599 0.000000
vt 0.070711 0.549779 0.000000
vt -0.070711 0.593412 0.000000
vt 0.070711 0.628319 0.000000
vt -0.070711 0.663225 0.000000
vt 0.070711 0.706858 0.000000
vt -0.070711 0.733038 0.000000
vt 0.070711 0.785398 0.000000
vt -0.070711 0.802851 0.000000
vt 0.070711 0.863938 0.000000
vt -0.600000 0.327249 0.000000
vt -0.100000 0.327249 0.000000
vt -0.600000 0.392699 0.000000
vt -0.100000 0.392699 0.000000
vt -0.600000 0.458149 0.000000
vt -0.100000 0.458149 0.000000
vt -0.600000 0.523599 0.000000
vt -0.100000 0.523599 0.000000
vt -0.600000 0.589049 0.000000
vt -0.100000 0.589049 0.000000
vt -0.600000 0.654498 0.000000
vt -0.100000 0.654498 0.000000
vt -0.600000 0.719948 0.000000
vt -0.100000 0.719948 0.000000
vt -0.600000 0.785398 0.000000
vt -0.100000 0.785398 0.000000
vt -0.600000 -0.785398 0.000000
vt -0.100000 -0.785398 0.000000
vt -0.600000 -0.719948 0.000000
vt -0.100000 -0.719948 0.000000
vt -0.600000 -0.654498 0.000000
vt -0.100000 -0.654498 0.000000
vt -0.600000 -0.589049 0.000000
vt -0.100000 -0.589049 0.000000
vt -0.600000 -0.523599 0.000000
vt -0.100000 -0.523599 0.000000
vt -0.600000 -0.458149 0.000000
vt -0.100000 -0.458149 0.000000
vt -0.600000 -0.392699 0.000000
vt -0.100000 -0.392699 0.000000
vt -0.600000 -0.327249 0.000000
vt -0.100000 -0.327249 0.000000
vt -0.600000 -0.261799 0.000000
vt -0.100000 -0.261799 0.000000
vt -0.600000 -0.196350 0.000000
vt -0.100000 -0.196350 0.000000
vt -0.600000 -0.130900 0.000000
vt -0.100000 -0.130900 0.000000
vt -0.600000 -0.065450 0.000000
vt -0.100000 -0.065450 0.000000
vt -0.600000 -0.000000 0.000000
vt -0.100000 -0.000000 0.000000
vt -0.600000 0.065450 0.000000
vt -0.100000 0.065450 0.000000
vt -0.600000 0.130900 0.000000
vt -0.100000 0.130900 0.000000
vt -0.600000 0.196350 0.000000
vt -0.100000 0.196350 0.000000
vt -0.600000 0.261799 0.000000
vt -0.100000 0.261799 0.000000
vt 0.070711 -0.863938 0.000000
vt -0.070711 -0.872665 0.000000
vt 0.070711 -0.942478 0.000000
vt -0.070711 -0.942478 0.000000
vt 0.070711 0.942478 0.000000
vt -0.070711 0.942478 0.000000
vt -0.070711 0.872665 0.000000
vt -0.070711 -0.802851 0.000000
vt 0.070711 -0.785398 0.000000
vt -0.070711 -0.733038 0.000000
vt 0.070711 -0.706858 0.000000
vt -0.070711 -0.663225 0.000000
vt 0.070711 -0.628319 0.000000
vt -0.070711 -0.593412 0.000000
vt 0.070711 -0.549779 0.000000
vt -0.070711 -0.523599 0.000000
vt 0.070711 -0.471239 0.000000
vt -0.070711 -0.453786 0.000000
vt 0.070711 -0.392699 0.000000
vt -0.070711 -0.383972 0.000000
vt 0.070711 -0.314159 0.000000
vt -0.070711 -0.314159 0.000000
vt -0.070711 -0.244346 0.000000
vt 0.070711 -0.235619 0.000000
vt -0.070711 -0.174533 0.000000
vt 0.070711 -0.157080 0.000000
vt -0.070711 -0.104720 0.000000
vt 0.070711 -0.078540 0.000000
vt -0.070711 -0.034907 0.000000
vt 0.070711 0.000000 0.000000
vt -0.070711 0.034907 0.000000
vt 0.070711 0.078540 0.000000
vt -0.070711 0.104720 0.000000
vt 0.070711 0.157080 0.000000
vt -0.070711 0.174533 0.000000
vt 0.070711 0.235619 0.000000
vt -0.070711 0.244346 0.000000
vt 0.070711 0.314159 0.000000
vt -0.070711 0.314159 0.000000
vt -0.070711 0.383972 0.000000
vt 0.070711 0.392699 0.000000
vt -0.070711 0.453786 0.000000
vt 0.070711 0.471239 0.000000
vt -0.070711 0.523599 0.000000
vt 0.070711 0.549779 0.000000
vt -0.070711 0.593412 0.000000
vt 0.070711 0.628319 0.000000
vt -0.070711 0.663225 0.000000
vt 0.070711 0.706858 0.000000
vt -0.070711 0.733038 0.000000
vt 0.070711 0.785398 0.000000
vt -0.070711 0.802851 0.000000
vt 0.070711 0.863938 0.000000
vt -0.600000 0.719948 0.000000
vt -0.100000 0.719948 0.000000
vt -0.600000 0.785398 0.000000
vt -0.100000 0.785398 0.000000
vt -0.600000 -0.785398 0.000000
vt -0.100000 -0.785398 0.000000
vt -0.600000 -0.719948 0.000000
vt -0.100000 -0.719948 0.000000
vt -0.600000 -0.654498 0.000000
vt -0.100000 -0.654498 0.000000
vt -0.600000 -0.589049 0.000000
vt -0.100000 -0.589049 0.000000
vt -0.600000 -0.523599 0.000000
vt -0.100000 -0.523599 0.000000
vt -0.600000 -0.458149 0.000000
vt -0.100000 -0.458149 0.000000
vt -0.600000 -0.392699 0.000000
vt -0.100000 -0.392699 0.000000
vt -0.600000 -0.327249 0.000000
vt -0.100000 -0.327249 0.000000
vt -0.600000 -0.261799 0.000000
vt -0.100000 -0.261799 0.000000
vt -0.600000 -0.196350 0.000000
vt -0.100000 -0.196350 0.000000
vt -0.600000 -0.130900 0.000000
vt -0.100000 -0.130900 0.000000
vt -0.600000 -0.065450 0.000000
vt -0.100000 -0.065450 0.000000
vt -0.600000 -0.000000 0.000000
vt -0.100000 -0.000000 0.000000
vt -0.600000 0.065450 0.000000
vt -0.100000 0.065450 0.000000
vt -0.600000 0.130900 0.000000
vt -0.100000 0.130900 0.000000
vt -0.600000 0.196350 0.000000
vt -0.100000 0.196350 0.000000
vt -0.600000 0.261799 0.000000
vt -0.100000 0.261799 0.000000
vt -0.600000 0.327249 0.000000
vt -0.100000 0.327249 0.000000
vt -0.600000 0.392699 0.000000
vt -0.100000 0.392699 0.000000
vt -0.600000 0.458149 0.000000
vt -0.100000 0.458149 0.000000
vt -0.600000 0.523599 0.000000
vt -0.100000 0.523599 0.000000
vt -0.600000 0.589049 0.000000
vt -0.100000 0.589049 0.000000
vt -0.600000 0.654498 0.000000
vt -0.100000 0.654498 0.000000
vt 0.070711 -0.863938 0.000000
vt -0.070711 -0.872665 0.000000
vt 0.070711 -0.942478 0.000000
vt -0.070711 -0.942478 0.000000
vt 0.070711 0.942478 0.000000
vt -0.070711 0.942478 0.000000
vt -0.070711 0.872665 0.000000
vt -0.070711 -0.802851 0.000000
vt 0.070711 -0.785398 0.000000
vt -0.070711 -0.733038 0.000000
vt 0.070711 -0.706858 0.000000
vt -0.070711 -0.663225 0.000000
vt 0.070711 -0.628319 0.000000
vt -0.070711 -0.593412 0.000000
vt 0.070711 -0.549779 0.000000
vt -0.070711 -0.523599 0.000000
vt 0.070711 -0.471239 0.000000
vt -0.070711 -0.453786 0.000000
vt 0.070711 -0.392699 0.000000
vt -0.070711 -0.383972 0.000000
vt 0.070711 -0.314159 0.000000
vt -0.070711 -0.314159 0.000000
vt -0.070711 -0.244346 0.000000
vt 0.070711 -0.235619 0.000000
vt -0.070711 -0.174533 0.000000
vt 0.070711 -0.157080 0.000000
vt -0.070711 -0.104720 0.000000
vt 0.070711 -0.078540 0.000000
vt -0.070711 -0.034907 0.000000
vt 0.070711 0.000000 0.000000
vt -0.070711 0.034907 0.000000
vt 0.070711 0.078540 0.000000
vt -0.070711 0.104720 0.000000
vt 0.070711 0.157080 0.000000
vt -0.070711 0.174533 0.000000
vt 0.070711 0.235619 0.000000
vt -0.070711 0.244346 0.000000
vt 0.070711 0.314159 0.000000
vt -0.070711 0.314159 0.000000
vt -0.070711 0.383972 0.000000
vt 0.070711 0.392699 0.000000
vt -0.070711 0.453786 0.000000
vt 0.070711 0.471239 0.000000
vt -0.070711 0.523599 0.000000
vt 0.070711 0.549779 0.000000
vt -0.070711 0.593412 0.000000
vt 0.070711 0.628319 0.000000
vt -0.070711 0.663225 0.000000
vt 0.070711 0.706858 0.000000
vt -0.070711 0.733038 0.000000
vt 0.070711 0.785398 0.000000
vt -0.070711 0.802851 0.000000
vt 0.070711 0.863938 0.000000
vt -0.600000 -0.458149 0.000000
vt -0.100000 -0.458149 0.000000
vt -0.600000 -0.392699 0.000000
vt -0.100000 -0.392699 0.000000
vt -0.600000 -0.327249 0.000000
vt -0.100000 -0.327249 0.000000
vt -0.600000 -0.261799 0.000000
vt -0.100000 -0.261799 0.000000
vt -0.600000 -0.196350 0.000000
vt -0.100000 -0.196350 0.000000
vt -0.600000 -0.130900 0.000000
vt -0.100000 -0.130900 0.000000
vt -0.600000 -0.065450 0.000000
vt -0.100000 -0.065450 0.000000
vt -0.600000 -0.000000 0.000000
vt -0.100000 -0.000000 0.000000
vt -0.600000 0.065450 0.000000
vt -0.100000 0.065450 0.000000
vt -0.600000 0.130900 0.000000
vt -0.100000 0.130900 0.000000
vt -0.600000 0.196350 0.000000
vt -0.100000 0.196350 0.000000
vt -0.600000 0.261799 0.000000
vt -0.100000 0.261799 0.000000
vt -0.600000 0.327249 0.000000
vt -0.100000 0.327249 0.000000
vt -0.600000 0.392699 0.000000
vt -0.100000 0.392699 0.000000
vt -0.600000 0.458149 0.000000
vt -0.100000 0.458149 0.000000
vt -0.600000 0.523599 0.000000
vt -0.100000 0.523599 0.000000
vt -0.600000 0.589049 0.000000
vt -0.100000 0.589049 0.000000
vt -0.600000 0.654498 0.000000
vt -0.100000 0.654498 0.000000
vt -0.600000 0.719948 0.000000
vt -0.100000 0.719948 0.000000
vt -0.600000 0.785398 0.000000
vt -0.100000 0.785398 0.000000
vt -0.600000 -0.785398 0.000000
vt -0.100000 -0.785398 0.000000
vt -0.600000 -0.719948 0.000000
vt -0.100000 -0.719948 0.000000
vt -0.600000 -0.654498 0.000000
vt -0.100000 -0.654498 0.000000
vt -0.600000 -0.589049 0.000000
vt -0.100000 -0.589049 0.000000
vt -0.600000 -0.523599 0.000000
vt -0.100000 -0.523599 0.000000
vt 0.070711 -0.863938 0.000000
vt -0.070711 -0.872665 0.000000
vt 0.070711 -0.942478 0.000000
vt -0.070711 -0.942478 0.000000
vt 0.070711 0.942478 0.000000
vt -0.070711 0.942478 0.000000
vt -0.070711 0.872665 0.000000
vt -0.070711 -0.802851 0.000000
vt 0.070711 -0.785398 0.000000
vt -0.070711 -0.733038 0.000000
vt 0.070711 -0.706858 0.000000
vt -0.070711 -0.663225 0.000000
vt 0.070711 -0.628319 0.000000
vt -0.070711 -0.593412 0.000000
vt 0.070711 -0.549779 0.000000
vt -0.070711 -0.523599 0.000000
vt 0.070711 -0.471239 0.000000
vt -0.070711 -0.453786 0.000000
vt 0.070711 -0.392699 0.000000
vt -0.070711 -0.383972 0.000000
vt 0.070711 -0.314159 0.000000
vt -0.070711 -0.314159 0.000000
vt -0.070711 -0.244346 0.000000
vt 0.070711 -0.235619 0.000000
vt -0.070711 -0.174533 0.000000
vt 0.070711 -0.157080 0.000000
vt -0.070711 -0.104720 0.000000
vt 0.070711 -0.078540 0.000000
vt -0.070711 -0.034907 0.000000
vt 0.070711 0.000000 0.000000
vt -0.070711 0.034907 0.000000
vt 0.070711 0.078540 0.000000
vt -0.070711 0.104720 0.000000
vt 0.070711 0.157080 0.000000
vt -0.070711 0.174533 0.000000
vt 0.070711 0.235619 0.000000
vt -0.070711 0.244346 0.000000
vt 0.070711 0.314159 0.000000
vt -0.070711 0.314159 0.000000
vt -0.070711 0.383972 0.000000
vt 0.070711 0.392699 0.000000
vt -0.070711 0.453786 0.000000
vt 0.070711 0.471239 0.000000
vt -0.070711 0.523599 0.000000
vt 0.070711 0.549779 0.000000
vt -0.070711 0.593412 0.000000
vt 0.070711 0.628319 0.000000
vt -0.070711 0.663225 0.000000
vt 0.070711 0.706858 0.000000
vt -0.070711 0.733038 0.000000
vt 0.070711 0.785398 0.000000
vt -0.070711 0.802851 0.000000
vt 0.070711 0.863938 0.000000
vt -0.200000 -0.223607 0.000000
vt -0.130000 0.000000 0.000000
vt -0.200000 0.223607 0.000000
vt -0.125570 0.033646 0.000000
vt -0.112583 0.065000 0.000000
vt -0.140543 -0.265043 0.000000
vt -0.091924 -0.091924 0.000000
vt -0.112583 -0.065000 0.000000
vt -0.125570 -0.033646 0.000000
vt -0.065000 -0.112583 0.000000
vt -0.072885 -0.291012 0.000000
vt -0.033646 -0.125570 0.000000
vt -0.000974 -0.299998 0.000000
vt -0.000000 -0.130000 0.000000
vt 0.033646 -0.125570 0.000000
vt 0.070994 -0.291479 0.000000
vt 0.065000 -0.112583 0.000000
vt 0.138820 -0.265949 0.000000
vt 0.091924 -0.091924 0.000000
vt 0.198544 -0.224901 0.000000
vt 0.112583 -0.065000 0.000000
vt 0.246682 -0.170728 0.000000
vt 0.125570 -0.033646 0.000000
vt 0.280425 -0.106592 0.000000
vt 0.297804 -0.036235 0.000000
vt 0.130000 -0.000000 0.000000
vt 0.297804 0.036235 0.000000
vt 0.125570 0.033646 0.000000
vt 0.280425 0.106592 0.000000
vt 0.246682 0.170728 0.000000
vt 0.112583 0.065000 0.000000
vt 0.198544 0.224901 0.000000
vt 0.091924 0.091924 0.000000
vt 0.138820 0.265949 0.000000
vt 0.065000 0.112583 0.000000
vt 0.070994 0.291479 0.000000
vt 0.033646 0.125570 0.000000
vt -0.000974 0.299998 0.000000
vt 0.000000 0.130000 0.000000
vt -0.033646 0.125570 0.000000
vt -0.072885 0.291012 0.000000
vt -0.065000 0.112583 0.000000
vt -0.140543 0.265043 0.000000
vt -0.091924 0.091924 0.000000
vt -0.800000 1.668607 0.000000
vt -0.800000 1.221393 0.000000
vt -0.752529 1.614582 0.000000
vt -0.752529 1.275418 0.000000
vt -0.719279 1.339189 0.000000
vt -0.719279 1.550811 0.000000
vt -0.702163 1.409041 0.000000
vt -0.702163 1.480959 0.000000
vt -0.004000 1.221393 0.000000
vt 0.000000 1.221393 0.000000
vt -0.004000 1.668607 0.000000
vt 0.000000 1.668607 0.000000
vn 0.000000 -0.100000 0.000000
vn 0.000000 -0.100000 0.000000
vn -0.015643 -0.098769 -0.000000
vn -0.015643 -0.098769 -0.000000
vn -0.030902 -0.095106 -0.000000
vn -0.030902 -0.095106 -0.000000
vn -0.045399 -0.089101 -0.000000
vn -0.045399 -0.089101 -0.000000
vn -0.058779 -0.080902 -0.000000
vn -0.058779 -0.080902 -0.000000
vn -0.070711 -0.070711 -0.000000
vn -0.070711 -0.070711 -0.000000
vn -0.080902 -0.058779 -0.000000
vn -0.080902 -0.058779 -0.000000
vn -0.089101 -0.045399 -0.000000
vn -0.089101 -0.045399 -0.000000
vn -0.095106 -0.030902 -0.000000
vn -0.095106 -0.030902 -0.000000
vn -0.098769 -0.015643 -0.000000
vn -0.098769 -0.015643 -0.000000
vn -0.100000 -0.000000 -0.000000
vn -0.100000 -0.000000 -0.000000
vn -0.000000 -0.100000 -0.000000
vn -0.000000 -0.100000 -0.000000
vn 0.000000 0.000000 -0.100000
vn 0.000000 0.000000 -0.100000
vn 0.000000 0.000000 -0.100000
vn 0.000000 0.000000 -0.100000
vn 0.000000 0.000000 -0.100000
vn 0.000000 0.000000 -0.100000
vn 0.000000 0.000000 -0.100000
vn 0.000000 0.000000 -0.100000
vn 0.000000 0.000000 -0.100000
vn 0.000000 0.000000 -0.100000
vn 0.000000 0.000000 -0.100000
vn 0.000000 0.000000 -0.100000
vn 0.000000 0.000000 -0.100000
vn 0.000000 0.000000 -0.100000
vn 0.000000 0.000000 -0.100000
vn 0.000000 0.000000 -0.100000
vn 0.000000 0.000000 -0.100000
vn 0.000000 0.000000 -0.100000
vn 0.000000 0.000000 -0.100000
vn 0.000000 0.000000 -0.100000
vn 0.000000 0.000000 -0.100000
vn 0.000000 0.000000 -0.100000
vn 0.000000 0.000000 -0.100000
vn 0.000000 0.000000 -0.100000
vn 0.000000 0.000000 -0.100000
vn 0.000000 0.000000 -0.100000
vn 0.000000 0.000000 -0.100000
vn 0.000000 0.000000 -0.100000
vn 0.000000 0.000000 -0.100000
vn 0.000000 0.000000 -0.100000
vn 0.000000 0.000000 -0.100000
vn 0.000000 0.000000 -0.100000
vn 0.000000 0.000000 -0.100000
vn 0.000000 0.000000 -0.100000
vn 0.000000 0.000000 -0.100000
vn 0.000000 0.000000 -0.100000
vn 0.000000 0.000000 -0.100000
vn 0.000000 0.000000 -0.100000
vn 0.000000 0.000000 -0.100000
vn 0.000000 0.000000 -0.100000
vn 0.000000 0.000000 -0.100000
vn 0.000000 0.000000 -0.100000
vn 0.000000 0.000000 -0.100000
vn 0.000000 0.000000 -0.100000
vn 0.000000 0.000000 -0.100000
vn 0.000000 0.000000 -0.100000
vn 0.000000 0.000000 -0.100000
vn 0.000000 0.000000 -0.100000
vn 0.000000 0.000000 -0.100000
vn 0.000000 0.000000 -0.100000
vn 0.000000 0.000000 -0.100000
vn 0.000000 0.000000 -0.100000
vn 0.000000 0.000000 -0.100000
vn 0.000000 0.000000 -0.100000
vn 0.000000 0.000000 -0.100000
vn 0.000000 0.000000 -0.100000
vn 0.000000 0.000000 -0.100000
vn 0.000000 0.000000 -0.100000
vn 0.000000 0.000000 -0.100000
vn 0.000000 0.000000 -0.100000
vn 0.000000 0.000000 -0.100000
vn 0.000000 0.000000 -0.100000
vn 0.000000 0.000000 -0.100000
vn 0.000000 0.000000 -0.100000
vn 0.000000 0.000000 -0.100000
vn 0.000000 0.000000 -0.100000
vn 0.000000 0.000000 -0.100000
vn 0.000000 0.000000 -0.100000
vn 0.000000 0.000000 -0.100000
vn 0.000000 0.000000 -0.100000
vn 0.000000 0.000000 -0.100000
vn 0.000000 0.000000 -0.100000
vn 0.000000 0.000000 -0.100000
vn 0.000000 0.000000 -0.100000
vn 0.000000 0.000000 -0.100000
vn 0.000000 0.000000 -0.100000
vn 0.000000 0.000000 -0.100000
vn 0.000000 0.000000 -0.100000
vn 0.000000 0.000000 -0.100000
vn 0.000000 0.000000 -0.100000
vn 0.000000 0.000000 -0.100000
vn 0.000000 0.000000 -0.100000
vn 0.000000 0.000000 -0.100000
vn 0.000000 0.000000 -0.100000
vn 0.000000 0.000000 -0.100000
vn 0.000000 0.000000 -0.100000
vn 0.000000 0.000000 -0.100000
vn 0.000000 0.000000 -0.100000
vn 0.000000 0.000000 -0.100000
vn 0.000000 0.000000 -0.100000
vn 0.000000 0.000000 -0.100000
vn 0.000000 0.000000 -0.100000
vn 0.000000 0.000000 -0.100000
vn 0.000000 0.000000 -0.100000
vn 0.000000 0.000000 -0.100000
vn 0.000000 0.000000 -0.100000
vn 0.000000 0.000000 -0.100000
vn 0.000000 0.000000 -0.100000
vn 0.000000 0.000000 -0.100000
vn 0.000000 0.000000 -0.100000
vn 0.000000 0.000000 -0.100000
vn 0.000000 0.000000 -0.100000
vn 0.000000 0.000000 -0.100000
vn 0.000000 0.000000 -0.100000
vn 0.000000 0.000000 -0.100000
vn 0.000000 0.000000 -0.100000
vn 0.000000 0.000000 -0.100000
vn 0.000000 0.000000 -0.100000
vn 0.000000 0.000000 -0.100000
vn 0.000000 0.000000 -0.100000
vn 0.000000 0.000000 -0.100000
vn 0.000000 0.000000 -0.100000
vn 0.000000 0.000000 -0.100000
vn 0.000000 0.000000 -0.100000
vn 0.000000 0.000000 -0.100000
vn 0.000000 0.000000 -0.100000
vn 0.000000 0.000000 -0.100000
vn 0.000000 0.000000 -0.100000
vn 0.000000 0.000000 -0.100000
vn 0.000000 0.000000 -0.100000
vn 0.000000 0.000000 -0.100000
vn 0.000000 0.000000 -0.100000
vn 0.000000 0.000000 -0.100000
vn 0.000000 0.000000 -0.100000
vn 0.000000 0.000000 -0.100000
vn 0.000000 0.000000 -0.100000
vn 0.000000 0.000000 -0.100000
vn 0.000000 0.000000 -0.100000
vn 0.000000 0.000000 -0.100000
vn 0.000000 0.000000 -0.100000
vn 0.000000 0.000000 -0.100000
vn 0.000000 0.000000 -0.100000
vn 0.000000 0.000000 -0.100000
vn 0.000000 0.000000 -0.100000
vn 0.000000 0.000000 -0.100000
vn 0.000000 0.000000 -0.100000
vn 0.000000 0.000000 -0.100000
vn 0.000000 0.000000 -0.100000
vn 0.000000 0.000000 -0.100000
vn 0.000000 0.000000 -0.100000
vn 0.000000 0.000000 -0.100000
vn 0.000000 0.000000 -0.100000
vn 0.000000 0.000000 -0.100000
vn 0.000000 0.000000 -0.100000
vn 0.000000 0.000000 -0.100000
vn 0.000000 0.000000 -0.100000
vn 0.000000 0.000000 -0.100000
vn 0.000000 0.000000 -0.100000
vn 0.000000 0.000000 -0.100000
vn 0.000000 0.000000 -0.100000
vn 0.000000 0.000000 -0.100000
vn 0.000000 0.000000 -0.100000
vn 0.000000 0.000000 -0.100000
vn 0.000000 0.000000 -0.100000
vn 0.000000 0.000000 -0.100000
vn 0.000000 0.000000 -0.100000
vn 0.000000 0.000000 -0.100000
vn 0.000000 0.000000 -0.100000
vn 0.000000 0.000000 -0.100000
vn 0.000000 0.000000 -0.100000
vn 0.000000 0.000000 -0.100000
vn 0.000000 0.000000 -0.100000
vn 0.000000 0.000000 -0.100000
vn 0.000000 0.000000 -0.100000
vn 0.000000 0.000000 -0.100000
vn 0.000000 0.000000 -0.100000
vn 0.000000 0.000000 -0.100000
vn 0.000000 0.000000 -0.100000
vn 0.000000 0.000000 -0.100000
vn 0.000000 0.000000 -0.100000
vn 0.000000 0.000000 -0.100000
vn 0.000000 0.000000 -0.100000
vn 0.000000 0.000000 -0.100000
vn 0.000000 0.000000 -0.100000
vn 0.000000 0.000000 -0.100000
vn 0.000000 0.000000 -0.100000
vn 0.000000 0.000000 -0.100000
vn 0.000000 0.000000 -0.100000
vn 0.000000 0.000000 -0.100000
vn 0.000000 0.000000 -0.100000
vn 0.000000 0.000000 -0.100000
vn 0.000000 0.000000 -0.100000
vn 0.000000 0.000000 -0.100000
vn 0.000000 0.000000 -0.100000
vn 0.000000 0.000000 -0.100000
vn 0.000000 0.000000 -0.100000
vn 0.000000 0.000000 -0.100000
vn 0.000000 0.000000 -0.100000
vn 0.000000 0.000000 -0.100000
vn 0.000000 0.000000 -0.100000
vn 0.000000 0.000000 -0.100000
vn 0.000000 0.000000 -0.100000
vn 0.000000 0.000000 -0.100000
vn 0.000000 0.000000 -0.100000
vn 0.000000 0.000000 -0.100000
vn 0.000000 0.000000 -0.100000
vn 0.000000 0.000000 -0.100000
vn 0.000000 0.000000 -0.100000
vn 0.000000 0.000000 -0.100000
vn 0.000000 0.000000 -0.100000
vn 0.000000 0.000000 -0.100000
vn 0.000000 0.000000 -0.100000
vn 0.000000 0.000000 -0.100000
vn 0.000000 0.000000 -0.100000
vn 0.000000 0.000000 -0.100000
vn 0.000000 0.000000 -0.100000
vn 0.000000 0.000000 -0.100000
vn 0.000000 0.000000 -0.100000
vn 0.000000 0.000000 -0.100000
vn 0.000000 0.000000 -0.100000
vn 0.000000 0.000000 -0.100000
vn 0.000000 0.000000 -0.100000
vn 0.000000 0.000000 -0.100000
vn 0.000000 0.000000 -0.100000
vn 0.000000 0.000000 -0.100000
vn 0.000000 0.000000 -0.100000
vn 0.000000 0.000000 -0.100000
vn 0.000000 0.000000 -0.100000
vn 0.000000 0.000000 -0.100000
vn 0.000000 0.000000 -0.100000
vn 0.000000 0.000000 -0.100000
vn 0.000000 0.000000 -0.100000
vn 0.000000 0.000000 -0.100000
vn 0.000000 0.000000 -0.100000
vn 0.000000 0.000000 -0.100000
vn 0.000000 0.000000 -0.100000
vn 0.000000 0.000000 -0.100000
vn 0.000000 0.000000 -0.100000
vn 0.000000 0.000000 -0.100000
vn 0.000000 0.000000 -0.100000
vn 0.000000 0.000000 -0.100000
vn 0.000000 0.000000 -0.100000
vn 0.000000 0.000000 -0.100000
vn 0.000000 0.000000 -0.100000
vn 0.000000 0.000000 -0.100000
vn 0.000000 0.000000 -0.100000
vn 0.000000 0.000000 -0.100000
vn 0.000000 0.000000 -0.100000
vn 0.000000 0.000000 -0.100000
vn 0.000000 0.000000 -0.100000
vn 0.000000 0.000000 -0.100000
vn 0.000000 0.000000 -0.100000
vn 0.000000 0.000000 -0.100000
vn 0.000000 0.000000 -0.100000
vn 0.000000 0.000000 -0.100000
vn 0.000000 0.000000 -0.100000
vn 0.000000 0.000000 -0.100000
vn 0.000000 0.000000 -0.100000
vn 0.000000 0.000000 -0.100000
vn 0.000000 0.000000 -0.100000
vn 0.000000 0.000000 -0.100000
vn 0.000000 0.000000 -0.100000
vn 0.000000 0.000000 -0.100000
vn 0.000000 0.000000 -0.100000
vn 0.000000 0.000000 -0.100000
vn 0.000000 0.000000 -0.100000
vn 0.000000 0.000000 -0.100000
vn 0.000000 0.000000 -0.100000
vn 0.000000 0.000000 -0.100000
vn 0.000000 0.000000 -0.100000
vn 0.000000 0.000000 -0.100000
vn 0.000000 0.000000 -0.100000
vn 0.000000 0.000000 -0.100000
vn 0.000000 0.000000 -0.100000
vn 0.000000 0.000000 -0.100000
vn 0.000000 0.000000 -0.100000
vn 0.000000 0.000000 -0.100000
vn 0.000000 0.000000 -0.100000
vn 0.000000 0.000000 -0.100000
vn 0.000000 0.000000 -0.100000
vn 0.000000 0.000000 -0.100000
vn 0.000000 0.000000 -0.100000
vn 0.000000 0.000000 -0.100000
vn 0.000000 0.000000 -0.100000
vn 0.000000 0.000000 -0.100000
vn 0.000000 0.000000 -0.100000
vn 0.000000 0.000000 -0.100000
vn 0.000000 0.000000 -0.100000
vn 0.000000 0.000000 -0.100000
vn 0.000000 0.000000 -0.100000
vn 0.000000 0.000000 -0.100000
vn 0.000000 0.000000 -0.100000
vn 0.000000 0.000000 -0.100000
vn 0.000000 0.000000 -0.100000
vn 0.000000 0.000000 -0.100000
vn 0.000000 0.000000 -0.100000
vn 0.000000 0.000000 -0.100000
vn 0.000000 0.000000 -0.100000
vn -0.096858 0.000000 -0.024869
vn -0.096263 0.025882 -0.007977
vn -0.100000 0.000000 -0.000000
vn -0.096263 0.025882 0.007977
vn -0.093637 0.025882 0.023712
vn -0.086307 0.050000 0.007152
vn -0.083953 0.050000 0.021260
vn -0.070469 0.070711 0.005839
vn -0.068547 0.070711 0.017358
vn -0.049829 0.086603 0.004129
vn -0.048470 0.086603 0.012274
vn -0.025794 0.096593 0.002137
vn -0.025090 0.096593 0.006354
vn 0.000000 0.100000 -0.000000
vn 0.000000 0.100000 -0.000000
vn -0.087631 0.000000 -0.048175
vn -0.088457 0.025882 -0.038801
vn -0.093637 0.025882 -0.023712
vn -0.083953 0.050000 -0.021260
vn -0.086307 0.050000 -0.007152
vn -0.068547 0.070711 -0.017358
vn -0.070469 0.070711 -0.005839
vn -0.048470 0.086603 -0.012274
vn -0.049829 0.086603 -0.004129
vn -0.025090 0.096593 -0.006354
vn -0.025794 0.096593 -0.002137
vn 0.000000 0.100000 0.000000
vn 0.000000 0.100000 -0.000000
vn -0.080864 0.025882 -0.052831
vn -0.072897 0.000000 -0.068455
vn -0.071065 0.025882 -0.065420
vn -0.059328 0.025882 -0.076225
vn -0.053192 0.050000 -0.068342
vn -0.041218 0.050000 -0.076165
vn -0.033655 0.070711 -0.062188
vn -0.022960 0.070711 -0.066879
vn -0.016235 0.086603 -0.047291
vn -0.008230 0.086603 -0.049318
vn -0.004260 0.096593 -0.025529
vn 0.000000 0.096593 -0.025882
vn 0.000000 0.100000 0.000000
vn 0.004260 0.096593 -0.025529
vn -0.000000 0.100000 0.000000
vn 0.008404 0.096593 -0.024480
vn -0.000000 0.100000 0.000000
vn 0.012318 0.096593 -0.022762
vn -0.000000 0.100000 0.000000
vn 0.015897 0.096593 -0.020424
vn -0.000000 0.100000 0.000000
vn 0.019042 0.096593 -0.017529
vn 0.000000 0.100000 -0.000000
vn 0.021667 0.096593 -0.014156
vn 0.023702 0.096593 -0.010397
vn 0.041858 0.086603 -0.027347
vn 0.045789 0.086603 -0.020085
vn 0.059197 0.070711 -0.038675
vn 0.064755 0.070711 -0.028404
vn 0.072501 0.050000 -0.047367
vn 0.079308 0.050000 -0.034788
vn 0.080864 0.025882 -0.052831
vn 0.088457 0.025882 -0.038801
vn 0.092978 0.000000 -0.036812
vn 0.093637 0.025882 -0.023712
vn 0.099211 0.000000 -0.012533
vn 0.096263 0.025882 -0.007977
vn 0.099211 0.000000 0.012533
vn 0.096263 0.025882 0.007977
vn 0.093637 0.025882 0.023712
vn 0.083953 0.050000 0.021260
vn 0.079308 0.050000 0.034788
vn 0.064755 0.070711 0.028404
vn 0.059197 0.070711 0.038675
vn 0.041858 0.086603 0.027347
vn 0.036786 0.086603 0.033864
vn 0.019042 0.096593 0.017529
vn 0.015897 0.096593 0.020424
vn -0.000000 0.100000 -0.000000
vn -0.000000 0.100000 -0.000000
vn 0.012318 0.096593 0.022762
vn 0.000000 0.100000 0.000000
vn 0.008404 0.096593 0.024480
vn 0.000000 0.100000 0.000000
vn 0.004260 0.096593 0.025529
vn 0.000000 0.100000 -0.000000
vn 0.000000 0.096593 0.025882
vn -0.004260 0.096593 0.025529
vn -0.000000 0.086603 0.050000
vn -0.008230 0.086603 0.049318
vn -0.000000 0.070711 0.070711
vn -0.011639 0.070711 0.069746
vn -0.000000 0.050000 0.086603
vn -0.014254 0.050000 0.085421
vn -0.000000 0.025882 0.096593
vn -0.015899 0.025882 0.095275
vn -0.006279 0.000000 0.099803
vn -0.030902 0.000000 0.095106
vn -0.053583 0.000000 -0.084433
vn -0.045973 0.025882 -0.084951
vn -0.028120 0.050000 -0.081910
vn -0.011639 0.070711 -0.069746
vn 0.000000 0.086603 -0.050000
vn -0.030902 0.000000 -0.095106
vn -0.031364 0.025882 -0.091359
vn -0.014254 0.050000 -0.085421
vn 0.000000 0.070711 -0.070711
vn 0.008230 0.086603 -0.049318
vn -0.015899 0.025882 -0.095275
vn -0.006279 0.000000 -0.099803
vn 0.000000 0.025882 -0.096593
vn 0.018738 0.000000 -0.098229
vn 0.015899 0.025882 -0.095275
vn 0.031364 0.025882 -0.091359
vn 0.028120 0.050000 -0.081910
vn 0.041218 0.050000 -0.076165
vn 0.033655 0.070711 -0.062188
vn 0.043431 0.070711 -0.055801
vn 0.030711 0.086603 -0.039457
vn 0.036786 0.086603 -0.033864
vn 0.042578 0.000000 -0.090483
vn 0.045973 0.025882 -0.084951
vn 0.053192 0.050000 -0.068342
vn 0.052024 0.070711 -0.047891
vn 0.063742 0.000000 -0.077051
vn 0.059328 0.025882 -0.076225
vn 0.063716 0.050000 -0.058654
vn 0.071065 0.025882 -0.065420
vn 0.080902 0.000000 -0.058779
vn 0.092978 0.000000 0.036812
vn 0.088457 0.025882 0.038801
vn 0.072501 0.050000 0.047367
vn 0.052024 0.070711 0.047891
vn 0.030711 0.086603 0.039457
vn 0.080902 0.000000 0.058779
vn 0.080864 0.025882 0.052831
vn 0.063716 0.050000 0.058654
vn 0.043431 0.070711 0.055801
vn 0.023797 0.086603 0.043974
vn 0.071065 0.025882 0.065420
vn 0.063742 0.000000 0.077051
vn 0.059328 0.025882 0.076225
vn 0.042578 0.000000 0.090483
vn 0.045973 0.025882 0.084951
vn 0.031364 0.025882 0.091359
vn 0.028120 0.050000 0.081910
vn 0.014254 0.050000 0.085421
vn 0.011639 0.070711 0.069746
vn 0.018738 0.000000 0.098229
vn 0.015899 0.025882 0.095275
vn -0.031364 0.025882 0.091359
vn -0.053583 0.000000 0.084433
vn -0.045973 0.025882 0.084951
vn -0.059328 0.025882 0.076225
vn -0.053192 0.050000 0.068342
vn -0.063716 0.050000 0.058654
vn -0.052024 0.070711 0.047891
vn -0.059197 0.070711 0.038675
vn -0.041858 0.086603 0.027347
vn -0.045789 0.086603 0.020085
vn -0.023702 0.096593 0.010397
vn -0.072897 0.000000 0.068455
vn -0.071065 0.025882 0.065420
vn -0.072501 0.050000 0.047367
vn -0.064755 0.070711 0.028404
vn -0.087631 0.000000 0.048175
vn -0.080864 0.025882 0.052831
vn -0.079308 0.050000 0.034788
vn -0.088457 0.025882 0.038801
vn -0.096858 0.000000 0.024869
vn -0.000000 0.100000 0.000000
vn -0.021667 0.096593 0.014156
vn -0.036786 0.086603 0.033864
vn -0.043431 0.070711 0.055801
vn -0.041218 0.050000 0.076165
vn -0.019042 0.096593 0.017529
vn 0.000000 0.100000 -0.000000
vn -0.015897 0.096593 0.020424
vn 0.000000 0.100000 -0.000000
vn -0.012318 0.096593 0.022762
vn -0.000000 0.100000 0.000000
vn -0.008404 0.096593 0.024480
vn -0.000000 0.100000 0.000000
vn 0.000000 0.100000 0.000000
vn 0.021667 0.096593 0.014156
vn 0.045789 0.086603 0.020085
vn 0.068547 0.070711 0.017358
vn 0.086307 0.050000 0.007152
vn 0.023702 0.096593 0.010397
vn -0.000000 0.100000 -0.000000
vn 0.025090 0.096593 0.006354
vn -0.000000 0.100000 -0.000000
vn 0.025794 0.096593 0.002137
vn -0.000000 0.100000 0.000000
vn 0.025794 0.096593 -0.002137
vn -0.000000 0.100000 0.000000
vn 0.025090 0.096593 -0.006354
vn -0.000000 0.100000 0.000000
vn -0.000000 0.100000 -0.000000
vn -0.008404 0.096593 -0.024480
vn -0.023797 0.086603 -0.043974
vn -0.043431 0.070711 -0.055801
vn -0.063716 0.050000 -0.058654
vn 0.000000 0.100000 0.000000
vn -0.012318 0.096593 -0.022762
vn -0.030711 0.086603 -0.039457
vn -0.052024 0.070711 -0.047891
vn -0.072501 0.050000 -0.047367
vn 0.000000 0.100000 0.000000
vn -0.015897 0.096593 -0.020424
vn -0.036786 0.086603 -0.033864
vn -0.059197 0.070711 -0.038675
vn -0.079308 0.050000 -0.034788
vn 0.000000 0.100000 0.000000
vn -0.019042 0.096593 -0.017529
vn -0.041858 0.086603 -0.027347
vn -0.064755 0.070711 -0.028404
vn -0.000000 0.100000 -0.000000
vn -0.021667 0.096593 -0.014156
vn -0.045789 0.086603 -0.020085
vn -0.023702 0.096593 -0.010397
vn -0.000000 0.100000 -0.000000
vn 0.008230 0.086603 0.049318
vn 0.016235 0.086603 0.047291
vn 0.000000 0.050000 -0.086603
vn 0.011639 0.070711 -0.069746
vn 0.016235 0.086603 -0.047291
vn 0.014254 0.050000 -0.085421
vn 0.022960 0.070711 -0.066879
vn 0.023797 0.086603 -0.043974
vn 0.083953 0.050000 -0.021260
vn 0.086307 0.050000 -0.007152
vn 0.068547 0.070711 -0.017358
vn 0.070469 0.070711 -0.005839
vn 0.070469 0.070711 0.005839
vn 0.048470 0.086603 -0.012274
vn 0.049829 0.086603 -0.004129
vn 0.049829 0.086603 0.004129
vn 0.048470 0.086603 0.012274
vn 0.053192 0.050000 0.068342
vn 0.033655 0.070711 0.062188
vn 0.041218 0.050000 0.076165
vn 0.022960 0.070711 0.066879
vn -0.028120 0.050000 0.081910
vn -0.022960 0.070711 0.066879
vn -0.033655 0.070711 0.062188
vn -0.016235 0.086603 0.047291
vn -0.023797 0.086603 0.043974
vn -0.030711 0.086603 0.039457
vn 0.000000 0.100000 0.000000
vn 0.000000 0.100000 0.000000
vn 0.000000 0.100000 0.000000
vn 0.000000 0.100000 0.000000
vn 0.000000 0.100000 0.000000
vn 0.000000 0.100000 0.000000
vn 0.000000 0.100000 0.000000
vn 0.000000 0.100000 0.000000
vn 0.000000 0.100000 0.000000
vn 0.000000 0.100000 0.000000
vn 0.000000 0.100000 0.000000
vn 0.000000 0.100000 0.000000
vn 0.000000 0.100000 0.000000
vn 0.000000 0.100000 0.000000
vn 0.000000 0.100000 0.000000
vn 0.000000 0.100000 0.000000
vn 0.000000 0.100000 0.000000
vn 0.000000 0.100000 0.000000
vn 0.000000 0.100000 0.000000
vn 0.000000 0.100000 0.000000
vn 0.000000 0.100000 0.000000
vn 0.000000 0.100000 0.000000
vn 0.000000 0.100000 0.000000
vn 0.000000 0.100000 0.000000
vn 0.000000 0.100000 0.000000
vn 0.000000 0.100000 0.000000
vn 0.000000 0.100000 0.000000
vn 0.000000 0.100000 0.000000
vn 0.000000 0.100000 0.000000
vn 0.000000 0.100000 0.000000
vn 0.000000 0.100000 0.000000
vn 0.000000 0.100000 0.000000
vn 0.000000 0.100000 0.000000
vn 0.000000 0.100000 0.000000
vn 0.000000 0.100000 0.000000
vn 0.000000 0.100000 0.000000
vn 0.000000 0.100000 0.000000
vn 0.000000 0.100000 0.000000
vn 0.000000 0.100000 0.000000
vn 0.000000 0.100000 0.000000
vn 0.000000 0.100000 0.000000
vn 0.000000 0.100000 0.000000
vn 0.000000 0.100000 0.000000
vn 0.000000 0.100000 0.000000
vn 0.000000 0.100000 0.000000
vn 0.000000 0.100000 0.000000
vn 0.000000 0.100000 0.000000
vn 0.000000 0.100000 0.000000
vn 0.000000 0.100000 0.000000
vn 0.000000 0.100000 0.000000
vn 0.000000 0.100000 0.000000
vn 0.000000 0.100000 0.000000
vn 0.000000 0.100000 0.000000
vn 0.000000 0.100000 0.000000
vn 0.000000 0.100000 0.000000
vn 0.000000 0.100000 0.000000
vn 0.000000 0.100000 0.000000
vn 0.000000 0.100000 0.000000
vn 0.000000 0.100000 0.000000
vn 0.000000 0.100000 0.000000
vn 0.000000 0.100000 0.000000
vn 0.000000 0.100000 0.000000
vn 0.000000 0.100000 0.000000
vn 0.000000 0.100000 0.000000
vn 0.000000 0.100000 0.000000
vn 0.000000 0.100000 0.000000
vn 0.000000 0.100000 0.000000
vn 0.000000 0.100000 0.000000
vn 0.000000 0.100000 0.000000
vn 0.000000 0.100000 0.000000
vn 0.000000 0.100000 0.000000
vn 0.000000 0.100000 0.000000
vn 0.000000 0.100000 0.000000
vn 0.000000 0.100000 0.000000
vn 0.000000 0.100000 0.000000
vn 0.000000 0.100000 0.000000
vn 0.000000 0.100000 0.000000
vn 0.000000 0.100000 0.000000
vn 0.000000 0.100000 0.000000
vn 0.000000 0.100000 0.000000
vn 0.000000 0.100000 0.000000
vn 0.000000 0.100000 0.000000
vn 0.000000 0.100000 0.000000
vn 0.000000 0.100000 0.000000
vn -0.096858 0.000000 -0.024869
vn -0.100000 0.000000 -0.000000
vn -0.096858 0.000000 0.024869
vn -0.087631 0.000000 0.048175
vn -0.072897 0.000000 0.068455
vn -0.053583 0.000000 0.084433
vn -0.030902 0.000000 0.095106
vn -0.006279 0.000000 0.099803
vn 0.018738 -0.000000 0.098229
vn 0.042578 -0.000000 0.090483
vn 0.063742 -0.000000 0.077051
vn 0.080902 -0.000000 0.058779
vn 0.092978 -0.000000 0.036812
vn 0.099211 -0.000000 0.012533
vn 0.099211 -0.000000 -0.012533
vn 0.092978 -0.000000 -0.036812
vn 0.080902 -0.000000 -0.058779
vn 0.063742 -0.000000 -0.077051
vn 0.042578 -0.000000 -0.090483
vn 0.018738 -0.000000 -0.098229
vn -0.006279 0.000000 -0.099803
vn -0.030902 0.000000 -0.095106
vn -0.053583 0.000000 -0.084433
vn -0.072897 0.000000 -0.068455
vn -0.087631 0.000000 -0.048175
vn -0.096858 0.000000 -0.024869
vn -0.096263 0.025882 -0.007977
vn -0.100000 0.000000 -0.000000
vn -0.096263 0.025882 0.007977
vn -0.093637 0.025882 0.023712
vn -0.086307 0.050000 0.007152
vn -0.083953 0.050000 0.021260
vn -0.070469 0.070711 0.005839
vn -0.068547 0.070711 0.017358
vn -0.049829 0.086603 0.004129
vn -0.048470 0.086603 0.012274
vn -0.025794 0.096593 0.002137
vn -0.025090 0.096593 0.006354
vn -0.087631 0.000000 -0.048175
vn -0.088457 0.025882 -0.038801
vn -0.093637 0.025882 -0.023712
vn -0.083953 0.050000 -0.021260
vn -0.086307 0.050000 -0.007152
vn -0.068547 0.070711 -0.017358
vn -0.070469 0.070711 -0.005839
vn -0.048470 0.086603 -0.012274
vn -0.049829 0.086603 -0.004129
vn -0.025090 0.096593 -0.006354
vn -0.025794 0.096593 -0.002137
vn -0.080864 0.025882 -0.052831
vn -0.072897 0.000000 -0.068455
vn -0.071065 0.025882 -0.065420
vn -0.059328 0.025882 -0.076225
vn -0.053192 0.050000 -0.068342
vn -0.041218 0.050000 -0.076165
vn -0.033655 0.070711 -0.062188
vn -0.022960 0.070711 -0.066879
vn -0.016235 0.086603 -0.047291
vn -0.008230 0.086603 -0.049318
vn -0.004260 0.096593 -0.025529
vn 0.000000 0.096593 -0.025882
vn 0.004260 0.096593 -0.025529
vn 0.008404 0.096593 -0.024480
vn 0.012318 0.096593 -0.022762
vn 0.015897 0.096593 -0.020424
vn 0.019042 0.096593 -0.017529
vn 0.021667 0.096593 -0.014156
vn 0.023702 0.096593 -0.010397
vn 0.041858 0.086603 -0.027347
vn 0.045789 0.086603 -0.020085
vn 0.059197 0.070711 -0.038675
vn 0.064755 0.070711 -0.028404
vn 0.072501 0.050000 -0.047367
vn 0.079308 0.050000 -0.034788
vn 0.080864 0.025882 -0.052831
vn 0.088457 0.025882 -0.038801
vn 0.092978 0.000000 -0.036812
vn 0.093637 0.025882 -0.023712
vn 0.099211 0.000000 -0.012533
vn 0.096263 0.025882 -0.007977
vn 0.099211 0.000000 0.012533
vn 0.096263 0.025882 0.007977
vn 0.093637 0.025882 0.023712
vn 0.083953 0.050000 0.021260
vn 0.079308 0.050000 0.034788
vn 0.064755 0.070711 0.028404
vn 0.059197 0.070711 0.038675
vn 0.041858 0.086603 0.027347
vn 0.036786 0.086603 0.033864
vn 0.019042 0.096593 0.017529
vn 0.015897 0.096593 0.020424
vn 0.012318 0.096593 0.022762
vn 0.008404 0.096593 0.024480
vn 0.004260 0.096593 0.025529
vn 0.000000 0.096593 0.025882
vn -0.004260 0.096593 0.025529
vn -0.000000 0.086603 0.050000
vn -0.008230 0.086603 0.049318
vn -0.000000 0.070711 0.070711
vn -0.011639 0.070711 0.069746
vn -0.000000 0.050000 0.086603
vn -0.014254 0.050000 0.085421
vn -0.000000 0.025882 0.096593
vn -0.015899 0.025882 0.095275
vn -0.006279 0.000000 0.099803
vn -0.030902 0.000000 0.095106
vn -0.053583 0.000000 -0.084433
vn -0.045973 0.025882 -0.084951
vn -0.028120 0.050000 -0.081910
vn -0.011639 0.070711 -0.069746
vn 0.000000 0.086603 -0.050000
vn -0.030902 0.000000 -0.095106
vn -0.031364 0.025882 -0.091359
vn -0.014254 0.050000 -0.085421
vn 0.000000 0.070711 -0.070711
vn 0.008230 0.086603 -0.049318
vn -0.015899 0.025882 -0.095275
vn -0.006279 0.000000 -0.099803
vn 0.000000 0.025882 -0.096593
vn 0.018738 0.000000 -0.098229
vn 0.015899 0.025882 -0.095275
vn 0.031364 0.025882 -0.091359
vn 0.028120 0.050000 -0.081910
vn 0.041218 0.050000 -0.076165
vn 0.033655 0.070711 -0.062188
vn 0.043431 0.070711 -0.055801
vn 0.030711 0.086603 -0.039457
vn 0.036786 0.086603 -0.033864
vn 0.042578 0.000000 -0.090483
vn 0.045973 0.025882 -0.084951
vn 0.053192 0.050000 -0.068342
vn 0.052024 0.070711 -0.047891
vn 0.063742 0.000000 -0.077051
vn 0.059328 0.025882 -0.076225
vn 0.063716 0.050000 -0.058654
vn 0.071065 0.025882 -0.065420
vn 0.080902 0.000000 -0.058779
vn 0.092978 0.000000 0.036812
vn 0.088457 0.025882 0.038801
vn 0.072501 0.050000 0.047367
vn 0.052024 0.070711 0.047891
vn 0.030711 0.086603 0.039457
vn 0.080902 0.000000 0.058779
vn 0.080864 0.025882 0.052831
vn 0.063716 0.050000 0.058654
vn 0.043431 0.070711 0.055801
vn 0.023797 0.086603 0.043974
vn 0.071065 0.025882 0.065420
vn 0.063742 0.000000 0.077051
vn 0.059328 0.025882 0.076225
vn 0.042578 0.000000 0.090483
vn 0.045973 0.025882 0.084951
vn 0.031364 0.025882 0.091359
vn 0.028120 0.050000 0.081910
vn 0.014254 0.050000 0.085421
vn 0.011639 0.070711 0.069746
vn 0.018738 0.000000 0.098229
vn 0.015899 0.025882 0.095275
vn -0.031364 0.025882 0.091359
vn -0.053583 0.000000 0.084433
vn -0.045973 0.025882 0.084951
vn -0.059328 0.025882 0.076225
vn -0.053192 0.050000 0.068342
vn -0.063716 0.050000 0.058654
vn -0.052024 0.070711 0.047891
vn -0.059197 0.070711 0.038675
vn -0.041858 0.086603 0.027347
vn -0.045789 0.086603 0.020085
vn -0.023702 0.096593 0.010397
vn -0.072897 0.000000 0.068455
vn -0.071065 0.025882 0.065420
vn -0.072501 0.050000 0.047367
vn -0.064755 0.070711 0.028404
vn -0.087631 0.000000 0.048175
vn -0.080864 0.025882 0.052831
vn -0.079308 0.050000 0.034788
vn -0.088457 0.025882 0.038801
vn -0.096858 0.000000 0.024869
vn -0.021667 0.096593 0.014156
vn -0.036786 0.086603 0.033864
vn -0.043431 0.070711 0.055801
vn -0.041218 0.050000 0.076165
vn -0.019042 0.096593 0.017529
vn -0.015897 0.096593 0.020424
vn -0.012318 0.096593 0.022762
vn -0.008404 0.096593 0.024480
vn 0.021667 0.096593 0.014156
vn 0.045789 0.086603 0.020085
vn 0.068547 0.070711 0.017358
vn 0.086307 0.050000 0.007152
vn 0.023702 0.096593 0.010397
vn 0.025090 0.096593 0.006354
vn 0.025794 0.096593 0.002137
vn 0.025794 0.096593 -0.002137
vn 0.025090 0.096593 -0.006354
vn -0.008404 0.096593 -0.024480
vn -0.023797 0.086603 -0.043974
vn -0.043431 0.070711 -0.055801
vn -0.063716 0.050000 -0.058654
vn -0.012318 0.096593 -0.022762
vn -0.030711 0.086603 -0.039457
vn -0.052024 0.070711 -0.047891
vn -0.072501 0.050000 -0.047367
vn -0.015897 0.096593 -0.020424
vn -0.036786 0.086603 -0.033864
vn -0.059197 0.070711 -0.038675
vn -0.079308 0.050000 -0.034788
vn -0.019042 0.096593 -0.017529
vn -0.041858 0.086603 -0.027347
vn -0.064755 0.070711 -0.028404
vn -0.021667 0.096593 -0.014156
vn -0.045789 0.086603 -0.020085
vn -0.023702 0.096593 -0.010397
vn 0.008230 0.086603 0.049318
vn 0.016235 0.086603 0.047291
vn 0.000000 0.050000 -0.086603
vn 0.011639 0.070711 -0.069746
vn 0.016235 0.086603 -0.047291
vn 0.014254 0.050000 -0.085421
vn 0.022960 0.070711 -0.066879
vn 0.023797 0.086603 -0.043974
vn 0.083953 0.050000 -0.021260
vn 0.086307 0.050000 -0.007152
vn 0.068547 0.070711 -0.017358
vn 0.070469 0.070711 -0.005839
vn 0.070469 0.070711 0.005839
vn 0.048470 0.086603 -0.012274
vn 0.049829 0.086603 -0.004129
vn 0.049829 0.086603 0.004129
vn 0.048470 0.086603 0.012274
vn 0.053192 0.050000 0.068342
vn 0.033655 0.070711 0.062188
vn 0.041218 0.050000 0.076165
vn 0.022960 0.070711 0.066879
vn -0.028120 0.050000 0.081910
vn -0.022960 0.070711 0.066879
vn -0.033655 0.070711 0.062188
vn -0.016235 0.086603 0.047291
vn -0.023797 0.086603 0.043974
vn -0.030711 0.086603 0.039457
vn -0.096858 0.000000 -0.024869
vn -0.100000 0.000000 -0.000000
vn -0.096858 0.000000 0.024869
vn -0.087631 0.000000 0.048175
vn -0.072897 0.000000 0.068455
vn -0.053583 0.000000 0.084433
vn -0.030902 0.000000 0.095106
vn -0.006279 0.000000 0.099803
vn 0.018738 -0.000000 0.098229
vn 0.042578 -0.000000 0.090483
vn 0.063742 -0.000000 0.077051
vn 0.080902 -0.000000 0.058779
vn 0.092978 -0.000000 0.036812
vn 0.099211 -0.000000 0.012533
vn 0.099211 -0.000000 -0.012533
vn 0.092978 -0.000000 -0.036812
vn 0.080902 -0.000000 -0.058779
vn 0.063742 -0.000000 -0.077051
vn 0.042578 -0.000000 -0.090483
vn 0.018738 -0.000000 -0.098229
vn -0.006279 0.000000 -0.099803
vn -0.030902 0.000000 -0.095106
vn -0.053583 0.000000 -0.084433
vn -0.072897 0.000000 -0.068455
vn -0.087631 0.000000 -0.048175
vn -0.096593 0.000000 -0.025882
vn -0.096593 0.000000 -0.025882
vn -0.100000 -0.000000 -0.000000
vn -0.100000 -0.000000 -0.000000
vn -0.096593 -0.000000 0.025882
vn -0.096593 -0.000000 0.025882
vn -0.086603 -0.000000 0.050000
vn -0.086603 -0.000000 0.050000
vn -0.070711 -0.000000 0.070711
vn -0.070711 -0.000000 0.070711
vn -0.050000 -0.000000 0.086603
vn -0.050000 -0.000000 0.086603
vn -0.025882 -0.000000 0.096593
vn -0.025882 -0.000000 0.096593
vn 0.000000 -0.000000 0.100000
vn 0.000000 -0.000000 0.100000
vn 0.025882 -0.000000 0.096593
vn 0.025882 -0.000000 0.096593
vn 0.050000 -0.000000 0.086603
vn 0.050000 -0.000000 0.086603
vn 0.070711 -0.000000 0.070711
vn 0.070711 -0.000000 0.070711
vn 0.086603 -0.000000 0.050000
vn 0.086603 -0.000000 0.050000
vn 0.096593 -0.000000 0.025882
vn 0.096593 -0.000000 0.025882
vn 0.100000 0.000000 -0.000000
vn 0.100000 0.000000 0.000000
vn 0.096593 0.000000 -0.025882
vn 0.096593 0.000000 -0.025882
vn 0.086603 0.000000 -0.050000
vn 0.086603 0.000000 -0.050000
vn 0.070711 0.000000 -0.070711
vn 0.070711 0.000000 -0.070711
vn 0.050000 0.000000 -0.086603
vn 0.050000 0.000000 -0.086603
vn 0.025882 0.000000 -0.096593
vn 0.025882 0.000000 -0.096593
vn 0.000000 0.000000 -0.100000
vn 0.000000 0.000000 -0.100000
vn -0.025882 0.000000 -0.096593
vn -0.025882 0.000000 -0.096593
vn -0.050000 0.000000 -0.086603
vn -0.050000 0.000000 -0.086603
vn -0.070711 0.000000 -0.070711
vn -0.070711 0.000000 -0.070711
vn -0.086603 0.000000 -0.050000
vn -0.086603 0.000000 -0.050000
vn -0.096593 0.000000 -0.025882
vn -0.096593 0.000000 -0.025882
vn -0.100000 -0.000000 -0.000000
vn -0.100000 -0.000000 -0.000000
vn -0.096593 -0.000000 0.025882
vn -0.096593 -0.000000 0.025882
vn -0.086603 -0.000000 0.050000
vn -0.086603 -0.000000 0.050000
vn -0.070711 -0.000000 0.070711
vn -0.070711 -0.000000 0.070711
vn -0.050000 -0.000000 0.086603
vn -0.050000 -0.000000 0.086603
vn -0.025882 -0.000000 0.096593
vn -0.025882 -0.000000 0.096593
vn 0.000000 -0.000000 0.100000
vn 0.000000 -0.000000 0.100000
vn 0.025882 -0.000000 0.096593
vn 0.025882 -0.000000 0.096593
vn 0.050000 -0.000000 0.086603
vn 0.050000 -0.000000 0.086603
vn 0.070711 -0.000000 0.070711
vn 0.070711 -0.000000 0.070711
vn 0.086603 -0.000000 0.050000
vn 0.086603 -0.000000 0.050000
vn 0.096593 -0.000000 0.025882
vn 0.096593 -0.000000 0.025882
vn 0.100000 0.000000 -0.000000
vn 0.100000 0.000000 -0.000000
vn 0.096593 0.000000 -0.025882
vn 0.096593 0.000000 -0.025882
vn 0.086603 0.000000 -0.050000
vn 0.086603 0.000000 -0.050000
vn 0.070711 0.000000 -0.070711
vn 0.070711 0.000000 -0.070711
vn 0.050000 0.000000 -0.086603
vn 0.050000 0.000000 -0.086603
vn 0.025882 0.000000 -0.096593
vn 0.025882 0.000000 -0.096593
vn 0.000000 0.000000 -0.100000
vn -0.000000 0.000000 -0.100000
vn -0.025882 0.000000 -0.096593
vn -0.025882 0.000000 -0.096593
vn -0.050000 0.000000 -0.086603
vn -0.050000 0.000000 -0.086603
vn -0.070711 0.000000 -0.070711
vn -0.070711 0.000000 -0.070711
vn -0.086603 0.000000 -0.050000
vn -0.086603 0.000000 -0.050000
vn 0.100000 -0.000000 0.000000
vn 0.100000 0.000000 0.000000
vn 0.098079 -0.019509 -0.000000
vn 0.098079 -0.019509 -0.000000
vn 0.092388 -0.038268 -0.000000
vn 0.092388 -0.038268 -0.000000
vn 0.083147 -0.055557 -0.000000
vn 0.083147 -0.055557 -0.000000
vn 0.070711 -0.070711 -0.000000
vn 0.070711 -0.070711 -0.000000
vn 0.055557 -0.083147 -0.000000
vn 0.055557 -0.083147 -0.000000
vn 0.038268 -0.092388 -0.000000
vn 0.038268 -0.092388 -0.000000
vn 0.019509 -0.098079 -0.000000
vn 0.019509 -0.098079 -0.000000
vn 0.000000 -0.100000 -0.000000
vn 0.000000 -0.100000 -0.000000
vn -0.000000 -0.100000 -0.000000
vn -0.000000 -0.100000 -0.000000
vn 0.100000 0.000000 0.000000
vn 0.100000 0.000000 0.000000
vn 0.100000 0.000000 0.000000
vn 0.100000 0.000000 0.000000
vn -0.019509 -0.098079 -0.000000
vn -0.019509 -0.098079 -0.000000
vn -0.038268 -0.092388 -0.000000
vn -0.038268 -0.092388 -0.000000
vn -0.055557 -0.083147 -0.000000
vn -0.055557 -0.083147 -0.000000
vn -0.070711 -0.070711 -0.000000
vn -0.070711 -0.070711 -0.000000
vn -0.083147 -0.055557 -0.000000
vn -0.083147 -0.055557 -0.000000
vn -0.092388 -0.038268 -0.000000
vn -0.092388 -0.038268 -0.000000
vn -0.098079 -0.019509 -0.000000
vn -0.098079 -0.019509 -0.000000
vn -0.100000 -0.000000 -0.000000
vn -0.100000 0.000000 -0.000000
vn -0.100000 -0.000000 -0.000000
vn -0.100000 -0.000000 -0.000000
vn -0.100000 -0.000000 -0.000000
vn -0.100000 -0.000000 -0.000000
vn 0.000000 0.070711 -0.070711
vn 0.000000 0.070711 -0.070711
vn 0.000000 0.070711 -0.070711
vn 0.000000 0.070711 -0.070711
vn -0.000000 -0.000000 0.100000
vn -0.000000 -0.000000 0.100000
vn -0.000000 -0.000000 0.100000
vn -0.000000 -0.000000 0.100000
vn -0.000000 -0.000000 0.100000
vn -0.000000 -0.000000 0.100000
vn -0.000000 -0.000000 0.100000
vn -0.000000 -0.000000 0.100000
vn -0.000000 -0.000000 0.100000
vn -0.000000 -0.000000 0.100000
vn -0.000000 -0.000000 0.100000
vn -0.000000 -0.000000 0.100000
vn -0.000000 -0.000000 0.100000
vn -0.000000 -0.000000 0.100000
vn -0.000000 -0.000000 0.100000
vn -0.000000 -0.000000 0.100000
vn -0.000000 -0.000000 0.100000
vn -0.000000 -0.000000 0.100000
vn -0.000000 -0.000000 0.100000
vn -0.000000 -0.000000 0.100000
vn -0.000000 -0.000000 0.100000
vn -0.000000 -0.000000 0.100000
vn -0.000000 -0.000000 0.100000
vn -0.000000 -0.000000 0.100000
vn -0.000000 -0.000000 0.100000
vn -0.000000 -0.000000 0.100000
vn -0.000000 -0.000000 0.100000
vn -0.000000 -0.000000 0.100000
vn -0.000000 -0.000000 0.100000
vn -0.000000 -0.000000 0.100000
vn -0.000000 -0.000000 0.100000
vn -0.000000 -0.000000 0.100000
vn -0.000000 -0.000000 0.100000
vn -0.000000 -0.000000 0.100000
vn -0.000000 -0.000000 0.100000
vn -0.000000 -0.000000 0.100000
vn -0.000000 -0.000000 0.100000
vn -0.000000 -0.000000 0.100000
vn -0.000000 -0.000000 0.100000
vn -0.000000 -0.000000 0.100000
vn -0.000000 -0.000000 0.100000
vn -0.000000 -0.000000 0.100000
vn -0.000000 -0.000000 0.100000
vn -0.000000 -0.000000 0.100000
vn -0.000000 -0.000000 0.100000
vn -0.000000 -0.000000 0.100000
vn -0.000000 -0.000000 0.100000
vn -0.000000 -0.000000 0.100000
vn -0.000000 -0.000000 0.100000
vn -0.000000 -0.000000 0.100000
vn -0.000000 -0.000000 0.100000
vn -0.000000 -0.000000 0.100000
vn -0.000000 -0.000000 0.100000
vn -0.000000 -0.000000 0.100000
vn -0.000000 -0.000000 0.100000
vn -0.000000 -0.000000 0.100000
vn -0.000000 -0.000000 0.100000
vn -0.000000 -0.000000 0.100000
vn -0.000000 -0.000000 0.100000
vn -0.000000 -0.000000 0.100000
vn -0.000000 -0.000000 0.100000
vn -0.000000 -0.000000 0.100000
vn -0.000000 -0.100000 -0.000000
vn -0.000000 -0.100000 -0.000000
vn -0.000000 -0.100000 -0.000000
vn -0.000000 -0.100000 -0.000000
vn -0.000000 -0.100000 -0.000000
vn -0.000000 -0.100000 -0.000000
vn -0.000000 -0.100000 -0.000000
vn -0.000000 -0.100000 -0.000000
vn -0.000000 -0.100000 -0.000000
vn -0.000000 -0.100000 -0.000000
vn -0.000000 -0.100000 -0.000000
vn -0.000000 -0.100000 -0.000000
vn -0.000000 -0.100000 -0.000000
vn -0.000000 -0.100000 -0.000000
vn -0.000000 -0.100000 -0.000000
vn -0.000000 -0.100000 -0.000000
vn -0.000000 -0.100000 -0.000000
vn -0.000000 -0.100000 -0.000000
vn -0.000000 -0.100000 -0.000000
vn -0.000000 -0.100000 -0.000000
vn -0.000000 -0.100000 -0.000000
vn -0.000000 -0.100000 -0.000000
vn -0.000000 -0.100000 -0.000000
vn -0.000000 -0.100000 -0.000000
vn -0.000000 -0.100000 -0.000000
vn -0.000000 -0.100000 -0.000000
vn -0.000000 -0.100000 -0.000000
vn -0.000000 -0.100000 -0.000000
vn -0.000000 -0.100000 -0.000000
vn -0.000000 -0.100000 -0.000000
vn -0.000000 -0.100000 -0.000000
vn -0.000000 -0.100000 -0.000000
vn -0.000000 -0.100000 -0.000000
vn -0.000000 -0.100000 -0.000000
vn -0.000000 -0.100000 -0.000000
vn -0.000000 -0.100000 -0.000000
vn -0.000000 -0.100000 -0.000000
vn -0.000000 -0.100000 -0.000000
vn -0.000000 -0.100000 -0.000000
vn -0.000000 -0.100000 -0.000000
vn -0.000000 -0.100000 -0.000000
vn -0.000000 -0.100000 -0.000000
vn -0.000000 -0.100000 -0.000000
vn -0.000000 -0.100000 -0.000000
vn -0.000000 -0.100000 -0.000000
vn -0.000000 -0.100000 -0.000000
vn -0.000000 -0.100000 -0.000000
vn -0.000000 -0.100000 -0.000000
vn -0.000000 -0.100000 -0.000000
vn -0.000000 -0.100000 -0.000000
vn -0.000000 -0.100000 -0.000000
vn -0.000000 -0.100000 -0.000000
vn -0.000000 -0.100000 -0.000000
vn -0.000000 -0.100000 -0.000000
vn -0.000000 -0.100000 -0.000000
vn -0.000000 -0.100000 -0.000000
vn -0.000000 -0.100000 -0.000000
vn -0.000000 -0.100000 -0.000000
vn -0.000000 -0.100000 -0.000000
vn -0.000000 -0.100000 -0.000000
vn -0.000000 -0.100000 -0.000000
vn -0.000000 -0.100000 -0.000000
vn -0.000000 -0.100000 -0.000000
vn -0.000000 -0.100000 -0.000000
vn -0.000000 -0.100000 -0.000000
vn -0.000000 -0.100000 -0.000000
vn -0.000000 -0.100000 -0.000000
vn -0.000000 -0.100000 -0.000000
vn -0.000000 -0.100000 -0.000000
vn -0.000000 -0.100000 -0.000000
vn -0.000000 -0.100000 -0.000000
vn -0.000000 -0.100000 -0.000000
vn -0.000000 -0.100000 -0.000000
vn -0.000000 -0.100000 -0.000000
vn -0.000000 -0.100000 -0.000000
vn -0.000000 -0.100000 -0.000000
vn -0.000000 -0.100000 -0.000000
vn -0.000000 -0.100000 -0.000000
vn -0.000000 -0.100000 -0.000000
vn -0.000000 -0.100000 -0.000000
vn -0.000000 -0.100000 -0.000000
vn -0.000000 -0.100000 -0.000000
vn -0.000000 -0.100000 -0.000000
vn -0.000000 -0.100000 -0.000000
vn -0.000000 -0.100000 -0.000000
vn -0.000000 -0.100000 -0.000000
vn -0.000000 -0.100000 -0.000000
vn -0.000000 -0.100000 -0.000000
vn -0.000000 -0.100000 -0.000000
vn -0.000000 -0.100000 -0.000000
vn -0.000000 -0.100000 -0.000000
vn -0.000000 -0.100000 -0.000000
vn -0.000000 -0.100000 -0.000000
vn -0.000000 -0.100000 -0.000000
vn -0.000000 -0.100000 -0.000000
vn -0.000000 -0.100000 -0.000000
vn -0.000000 -0.100000 -0.000000
vn -0.000000 -0.100000 -0.000000
vn -0.000000 -0.100000 -0.000000
vn -0.000000 -0.100000 -0.000000
vn -0.000000 -0.100000 -0.000000
vn -0.000000 -0.100000 -0.000000
vn 0.000000 -0.000000 -0.100000
vn 0.000000 -0.000000 -0.100000
vn 0.000000 -0.000000 -0.100000
vn 0.000000 -0.000000 -0.100000
vn -0.100000 0.000000 -0.000000
vn -0.100000 0.000000 -0.000000
vn 0.096593 -0.000000 0.025882
vn 0.096593 -0.000000 0.025882
vn 0.100000 -0.000000 0.000000
vn 0.100000 -0.000000 0.000000
vn 0.096593 -0.000000 -0.025882
vn 0.096593 -0.000000 -0.025882
vn 0.086603 -0.000000 -0.050000
vn 0.086603 -0.000000 -0.050000
vn 0.070711 -0.000000 -0.070711
vn 0.070711 -0.000000 -0.070711
vn 0.050000 -0.000000 -0.086603
vn 0.050000 -0.000000 -0.086603
vn 0.025882 -0.000000 -0.096593
vn 0.025882 -0.000000 -0.096593
vn 0.000000 0.000000 -0.100000
vn 0.000000 0.000000 -0.100000
vn -0.025882 0.000000 -0.096593
vn -0.025882 0.000000 -0.096593
vn -0.050000 0.000000 -0.086603
vn -0.050000 0.000000 -0.086603
vn -0.070711 0.000000 -0.070711
vn -0.070711 0.000000 -0.070711
vn -0.086603 0.000000 -0.050000
vn -0.086603 0.000000 -0.050000
vn -0.096593 0.000000 -0.025882
vn -0.096593 0.000000 -0.025882
vn -0.100000 0.000000 0.000000
vn -0.100000 0.000000 0.000000
vn -0.096593 0.000000 0.025882
vn -0.096593 0.000000 0.025882
vn -0.086603 0.000000 0.050000
vn -0.086603 0.000000 0.050000
vn -0.070711 0.000000 0.070711
vn -0.070711 0.000000 0.070711
vn -0.050000 0.000000 0.086603
vn -0.050000 0.000000 0.086603
vn -0.025882 0.000000 0.096593
vn -0.025882 0.000000 0.096593
vn 0.000000 -0.000000 0.100000
vn 0.000000 -0.000000 0.100000
vn 0.025882 -0.000000 0.096593
vn 0.025882 -0.000000 0.096593
vn 0.050000 -0.000000 0.086603
vn 0.050000 -0.000000 0.086603
vn 0.070711 -0.000000 0.070711
vn 0.070711 -0.000000 0.070711
vn 0.086603 -0.000000 0.050000
vn 0.086603 -0.000000 0.050000
vn 0.096593 -0.000000 -0.025882
vn 0.100000 -0.000000 0.000000
vn 0.096593 -0.000000 0.025882
vn 0.086603 -0.000000 0.050000
vn 0.070711 -0.000000 0.070711
vn 0.050000 -0.000000 0.086603
vn 0.025882 -0.000000 0.096593
vn 0.000000 -0.000000 0.100000
vn -0.025882 0.000000 0.096593
vn -0.050000 0.000000 0.086603
vn -0.070711 0.000000 0.070711
vn -0.086603 0.000000 0.050000
vn -0.096593 0.000000 0.025882
vn -0.100000 0.000000 0.000000
vn -0.096593 0.000000 -0.025882
vn -0.086603 0.000000 -0.050000
vn -0.070711 0.000000 -0.070711
vn -0.050000 0.000000 -0.086603
vn -0.025882 0.000000 -0.096593
vn 0.000000 0.000000 -0.100000
vn 0.025882 -0.000000 -0.096593
vn 0.050000 -0.000000 -0.086603
vn 0.070711 -0.000000 -0.070711
vn 0.086603 -0.000000 -0.050000
vn 0.000000 0.100000 0.000000
vn 0.000000 0.100000 0.000000
vn 0.000000 0.100000 0.000000
vn 0.000000 0.100000 0.000000
vn 0.000000 0.100000 0.000000
vn 0.000000 0.100000 0.000000
vn 0.000000 0.100000 0.000000
vn 0.000000 0.100000 0.000000
vn 0.000000 0.100000 0.000000
vn 0.000000 0.100000 0.000000
vn 0.000000 0.100000 0.000000
vn 0.000000 0.100000 0.000000
vn 0.000000 0.100000 0.000000
vn 0.000000 0.100000 0.000000
vn 0.000000 0.100000 0.000000
vn 0.000000 0.100000 0.000000
vn 0.000000 0.100000 0.000000
vn 0.000000 0.100000 0.000000
vn 0.000000 0.100000 0.000000
vn 0.000000 0.100000 0.000000
vn 0.000000 0.100000 0.000000
vn 0.000000 0.100000 0.000000
vn 0.000000 0.100000 0.000000
vn 0.000000 0.100000 0.000000
vn 0.000000 0.100000 0.000000
vn 0.000000 0.100000 0.000000
vn 0.000000 0.100000 0.000000
vn 0.000000 0.100000 0.000000
vn 0.000000 0.100000 0.000000
vn 0.000000 0.100000 0.000000
vn 0.000000 0.100000 0.000000
vn 0.000000 0.100000 0.000000
vn 0.000000 0.100000 0.000000
vn 0.000000 0.100000 0.000000
vn 0.000000 0.100000 0.000000
vn 0.000000 0.100000 0.000000
vn 0.000000 0.100000 0.000000
vn 0.000000 0.100000 0.000000
vn 0.000000 0.100000 0.000000
vn 0.000000 0.100000 0.000000
vn 0.000000 0.100000 0.000000
vn 0.000000 0.100000 0.000000
vn 0.000000 0.100000 0.000000
vn 0.000000 0.100000 0.000000
vn 0.000000 0.100000 0.000000
vn 0.000000 0.100000 0.000000
vn 0.000000 0.100000 0.000000
vn 0.000000 0.100000 0.000000
vn 0.000000 0.100000 0.000000
vn 0.096593 -0.000000 0.025882
vn 0.096593 -0.000000 0.025882
vn 0.100000 -0.000000 0.000000
vn 0.100000 -0.000000 0.000000
vn 0.096593 -0.000000 -0.025882
vn 0.096593 -0.000000 -0.025882
vn 0.086603 -0.000000 -0.050000
vn 0.086603 -0.000000 -0.050000
vn 0.070711 -0.000000 -0.070711
vn 0.070711 -0.000000 -0.070711
vn 0.050000 -0.000000 -0.086603
vn 0.050000 -0.000000 -0.086603
vn 0.025882 -0.000000 -0.096593
vn 0.025882 -0.000000 -0.096593
vn 0.000000 0.000000 -0.100000
vn 0.000000 0.000000 -0.100000
vn -0.025882 0.000000 -0.096593
vn -0.025882 0.000000 -0.096593
vn -0.050000 0.000000 -0.086603
vn -0.050000 0.000000 -0.086603
vn -0.070711 0.000000 -0.070711
vn -0.070711 0.000000 -0.070711
vn -0.086603 0.000000 -0.050000
vn -0.086603 0.000000 -0.050000
vn -0.096593 0.000000 -0.025882
vn -0.096593 0.000000 -0.025882
vn -0.100000 0.000000 0.000000
vn -0.100000 0.000000 0.000000
vn -0.096593 0.000000 0.025882
vn -0.096593 0.000000 0.025882
vn -0.086603 0.000000 0.050000
vn -0.086603 0.000000 0.050000
vn -0.070711 0.000000 0.070711
vn -0.070711 0.000000 0.070711
vn -0.050000 0.000000 0.086603
vn -0.050000 0.000000 0.086603
vn -0.025882 0.000000 0.096593
vn -0.025882 0.000000 0.096593
vn 0.000000 -0.000000 0.100000
vn 0.000000 -0.000000 0.100000
vn 0.025882 -0.000000 0.096593
vn 0.025882 -0.000000 0.096593
vn 0.050000 -0.000000 0.086603
vn 0.050000 -0.000000 0.086603
vn 0.070711 -0.000000 0.070711
vn 0.070711 -0.000000 0.070711
vn 0.086603 -0.000000 0.050000
vn 0.086603 -0.000000 0.050000
vn 0.096593 -0.000000 -0.025882
vn 0.100000 -0.000000 0.000000
vn 0.096593 -0.000000 0.025882
vn 0.086603 -0.000000 0.050000
vn 0.070711 -0.000000 0.070711
vn 0.050000 -0.000000 0.086603
vn 0.025882 -0.000000 0.096593
vn 0.000000 -0.000000 0.100000
vn -0.025882 0.000000 0.096593
vn -0.050000 0.000000 0.086603
vn -0.070711 0.000000 0.070711
vn -0.086603 0.000000 0.050000
vn -0.096593 0.000000 0.025882
vn -0.100000 0.000000 0.000000
vn -0.096593 0.000000 -0.025882
vn -0.086603 0.000000 -0.050000
vn -0.070711 0.000000 -0.070711
vn -0.050000 0.000000 -0.086603
vn -0.025882 0.000000 -0.096593
vn 0.000000 0.000000 -0.100000
vn 0.025882 -0.000000 -0.096593
vn 0.050000 -0.000000 -0.086603
vn 0.070711 -0.000000 -0.070711
vn 0.086603 -0.000000 -0.050000
vn 0.000000 0.100000 0.000000
vn 0.000000 0.100000 0.000000
vn 0.000000 0.100000 0.000000
vn 0.000000 0.100000 0.000000
vn 0.000000 0.100000 0.000000
vn 0.000000 0.100000 0.000000
vn 0.000000 0.100000 0.000000
vn 0.000000 0.100000 0.000000
vn 0.000000 0.100000 0.000000
vn 0.000000 0.100000 0.000000
vn 0.000000 0.100000 0.000000
vn 0.000000 0.100000 0.000000
vn 0.000000 0.100000 0.000000
vn 0.000000 0.100000 0.000000
vn 0.000000 0.100000 0.000000
vn 0.000000 0.100000 0.000000
vn 0.000000 0.100000 0.000000
vn 0.000000 0.100000 0.000000
vn 0.000000 0.100000 0.000000
vn 0.000000 0.100000 0.000000
vn 0.000000 0.100000 0.000000
vn 0.000000 0.100000 0.000000
vn 0.000000 0.100000 0.000000
vn 0.000000 0.100000 0.000000
vn 0.000000 0.100000 0.000000
vn 0.000000 0.100000 0.000000
vn 0.000000 0.100000 0.000000
vn 0.000000 0.100000 0.000000
vn 0.000000 0.100000 0.000000
vn 0.000000 0.100000 0.000000
vn 0.000000 0.100000 0.000000
vn 0.000000 0.100000 0.000000
vn 0.000000 0.100000 0.000000
vn 0.000000 0.100000 0.000000
vn 0.000000 0.100000 0.000000
vn 0.000000 0.100000 0.000000
vn 0.000000 0.100000 0.000000
vn 0.000000 0.100000 0.000000
vn 0.000000 0.100000 0.000000
vn 0.000000 0.100000 0.000000
vn 0.000000 0.100000 0.000000
vn 0.000000 0.100000 0.000000
vn 0.000000 0.100000 0.000000
vn 0.000000 0.100000 0.000000
vn 0.000000 0.100000 0.000000
vn 0.000000 0.100000 0.000000
vn 0.000000 0.100000 0.000000
vn 0.000000 0.100000 0.000000
vn 0.000000 0.100000 0.000000
vn 0.015643 -0.098769 0.000000
vn 0.015643 -0.098769 0.000000
vn 0.030902 -0.095106 0.000000
vn 0.030902 -0.095106 0.000000
vn 0.045399 -0.089101 0.000000
vn 0.045399 -0.089101 0.000000
vn 0.058779 -0.080902 0.000000
vn 0.058779 -0.080902 0.000000
vn 0.070711 -0.070711 0.000000
vn 0.070711 -0.070711 0.000000
vn 0.080902 -0.058779 0.000000
vn 0.080902 -0.058779 0.000000
vn 0.089101 -0.045399 0.000000
vn 0.089101 -0.045399 0.000000
vn 0.095106 -0.030902 0.000000
vn 0.095106 -0.030902 0.000000
vn 0.098769 -0.015643 0.000000
vn 0.098769 -0.015643 0.000000
vn 0.100000 -0.000000 0.000000
vn 0.100000 -0.000000 0.000000
vn 0.100000 -0.000000 0.000000
vn 0.100000 -0.000000 0.000000
vn -0.000000 0.100000 -0.000000
vn 0.000000 0.100000 0.000000
vn 0.015643 0.098769 0.000000
vn 0.015643 0.098769 0.000000
vn 0.030902 0.095106 0.000000
vn 0.030902 0.095106 0.000000
vn 0.045399 0.089101 0.000000
vn 0.045399 0.089101 0.000000
vn 0.058779 0.080902 0.000000
vn 0.058779 0.080902 0.000000
vn 0.070711 0.070711 0.000000
vn 0.070711 0.070711 0.000000
vn 0.080902 0.058779 0.000000
vn 0.080902 0.058779 0.000000
vn 0.089101 0.045399 0.000000
vn 0.089101 0.045399 0.000000
vn 0.095106 0.030902 0.000000
vn 0.095106 0.030902 0.000000
vn 0.098769 0.015643 0.000000
vn 0.098769 0.015643 0.000000
vn 0.000000 0.100000 0.000000
vn -0.000000 0.100000 -0.000000
vn -0.015643 0.098769 -0.000000
vn -0.015643 0.098769 -0.000000
vn -0.030902 0.095106 -0.000000
vn -0.030902 0.095106 -0.000000
vn -0.045399 0.089101 -0.000000
vn -0.045399 0.089101 -0.000000
vn -0.058779 0.080902 -0.000000
vn -0.058779 0.080902 -0.000000
vn -0.070711 0.070711 -0.000000
vn -0.070711 0.070711 -0.000000
vn -0.080902 0.058779 -0.000000
vn -0.080902 0.058779 -0.000000
vn -0.089101 0.045399 -0.000000
vn -0.089101 0.045399 -0.000000
vn -0.095106 0.030902 -0.000000
vn -0.095106 0.030902 -0.000000
vn -0.098769 0.015643 -0.000000
vn -0.098769 0.015643 -0.000000
vn 0.096593 0.025882 0.000000
vn 0.096593 0.025882 0.000000
vn 0.100000 0.000000 0.000000
vn 0.100000 0.000000 0.000000
vn 0.096593 -0.025882 0.000000
vn 0.096593 -0.025882 0.000000
vn 0.086603 -0.050000 0.000000
vn 0.086603 -0.050000 0.000000
vn 0.070711 -0.070711 0.000000
vn 0.070711 -0.070711 0.000000
vn 0.050000 -0.086603 0.000000
vn 0.050000 -0.086603 0.000000
vn 0.025882 -0.096593 0.000000
vn 0.025882 -0.096593 0.000000
vn -0.000000 -0.100000 -0.000000
vn -0.000000 -0.100000 -0.000000
vn -0.025882 -0.096593 -0.000000
vn -0.025882 -0.096593 -0.000000
vn -0.050000 -0.086603 -0.000000
vn -0.050000 -0.086603 -0.000000
vn -0.070711 -0.070711 -0.000000
vn -0.070711 -0.070711 -0.000000
vn -0.086603 -0.050000 -0.000000
vn -0.086603 -0.050000 -0.000000
vn -0.096593 -0.025882 -0.000000
vn -0.096593 -0.025882 -0.000000
vn -0.100000 -0.000000 -0.000000
vn -0.100000 0.000000 -0.000000
vn -0.096593 0.025882 -0.000000
vn -0.096593 0.025882 -0.000000
vn -0.086603 0.050000 -0.000000
vn -0.086603 0.050000 -0.000000
vn -0.070711 0.070711 -0.000000
vn -0.070711 0.070711 -0.000000
vn -0.050000 0.086603 -0.000000
vn -0.050000 0.086603 -0.000000
vn -0.025882 0.096593 -0.000000
vn -0.025882 0.096593 -0.000000
vn -0.000000 0.100000 -0.000000
vn -0.000000 0.100000 -0.000000
vn 0.025882 0.096593 0.000000
vn 0.025882 0.096593 0.000000
vn 0.050000 0.086603 0.000000
vn 0.050000 0.086603 0.000000
vn 0.070711 0.070711 0.000000
vn 0.070711 0.070711 0.000000
vn 0.086603 0.050000 0.000000
vn 0.086603 0.050000 0.000000
vn 0.096593 0.025882 0.000000
vn 0.096593 0.025882 0.000000
vn 0.100000 0.000000 0.000000
vn 0.100000 0.000000 0.000000
vn 0.096593 -0.025882 0.000000
vn 0.096593 -0.025882 0.000000
vn 0.086603 -0.050000 0.000000
vn 0.086603 -0.050000 0.000000
vn 0.070711 -0.070711 0.000000
vn 0.070711 -0.070711 0.000000
vn 0.050000 -0.086603 0.000000
vn 0.050000 -0.086603 0.000000
vn 0.025882 -0.096593 0.000000
vn 0.025882 -0.096593 0.000000
vn -0.000000 -0.100000 -0.000000
vn -0.000000 -0.100000 -0.000000
vn -0.025882 -0.096593 -0.000000
vn -0.025882 -0.096593 -0.000000
vn -0.050000 -0.086603 -0.000000
vn -0.050000 -0.086603 -0.000000
vn -0.070711 -0.070711 -0.000000
vn -0.070711 -0.070711 -0.000000
vn -0.086603 -0.050000 -0.000000
vn -0.086603 -0.050000 -0.000000
vn -0.096593 -0.025882 -0.000000
vn -0.096593 -0.025882 -0.000000
vn -0.100000 -0.000000 -0.000000
vn -0.100000 0.000000 -0.000000
vn -0.096593 0.025882 -0.000000
vn -0.096593 0.025882 -0.000000
vn -0.086603 0.050000 -0.000000
vn -0.086603 0.050000 -0.000000
vn -0.070711 0.070711 -0.000000
vn -0.070711 0.070711 -0.000000
vn -0.050000 0.086603 -0.000000
vn -0.050000 0.086603 -0.000000
vn -0.025882 0.096593 -0.000000
vn -0.025882 0.096593 -0.000000
vn -0.000000 0.100000 -0.000000
vn -0.000000 0.100000 -0.000000
vn 0.025882 0.096593 0.000000
vn 0.025882 0.096593 0.000000
vn 0.050000 0.086603 0.000000
vn 0.050000 0.086603 0.000000
vn 0.070711 0.070711 0.000000
vn 0.070711 0.070711 0.000000
vn 0.086603 0.050000 0.000000
vn 0.086603 0.050000 0.000000
vn 0.096593 0.025882 0.000000
vn 0.096593 0.025882 0.000000
vn 0.100000 0.000000 0.000000
vn 0.100000 0.000000 0.000000
vn 0.096593 -0.025882 0.000000
vn 0.096593 -0.025882 0.000000
vn 0.086603 -0.050000 0.000000
vn 0.086603 -0.050000 0.000000
vn 0.070711 -0.070711 0.000000
vn 0.070711 -0.070711 0.000000
vn 0.050000 -0.086603 0.000000
vn 0.050000 -0.086603 0.000000
vn 0.025882 -0.096593 0.000000
vn 0.025882 -0.096593 0.000000
vn -0.000000 -0.100000 -0.000000
vn -0.000000 -0.100000 -0.000000
vn -0.025882 -0.096593 -0.000000
vn -0.025882 -0.096593 -0.000000
vn -0.050000 -0.086603 -0.000000
vn -0.050000 -0.086603 -0.000000
vn -0.070711 -0.070711 -0.000000
vn -0.070711 -0.070711 -0.000000
vn -0.086603 -0.050000 -0.000000
vn -0.086603 -0.050000 -0.000000
vn -0.096593 -0.025882 -0.000000
vn -0.096593 -0.025882 -0.000000
vn -0.100000 -0.000000 -0.000000
vn -0.100000 0.000000 -0.000000
vn -0.096593 0.025882 -0.000000
vn -0.096593 0.025882 -0.000000
vn -0.086603 0.050000 -0.000000
vn -0.086603 0.050000 -0.000000
vn -0.070711 0.070711 -0.000000
vn -0.070711 0.070711 -0.000000
vn -0.050000 0.086603 -0.000000
vn -0.050000 0.086603 -0.000000
vn -0.025882 0.096593 -0.000000
vn -0.025882 0.096593 -0.000000
vn -0.000000 0.100000 -0.000000
vn -0.000000 0.100000 -0.000000
vn 0.025882 0.096593 0.000000
vn 0.025882 0.096593 0.000000
vn 0.050000 0.086603 0.000000
vn 0.050000 0.086603 0.000000
vn 0.070711 0.070711 0.000000
vn 0.070711 0.070711 0.000000
vn 0.086603 0.050000 0.000000
vn 0.086603 0.050000 0.000000
vn 0.096593 0.025882 0.000000
vn 0.096593 0.025882 0.000000
vn 0.100000 0.000000 0.000000
vn 0.100000 0.000000 0.000000
vn 0.096593 -0.025882 0.000000
vn 0.096593 -0.025882 0.000000
vn 0.086603 -0.050000 0.000000
vn 0.086603 -0.050000 0.000000
vn 0.070711 -0.070711 0.000000
vn 0.070711 -0.070711 0.000000
vn 0.050000 -0.086603 0.000000
vn 0.050000 -0.086603 0.000000
vn 0.025882 -0.096593 0.000000
vn 0.025882 -0.096593 0.000000
vn -0.000000 -0.100000 -0.000000
vn -0.000000 -0.100000 -0.000000
vn -0.025882 -0.096593 -0.000000
vn -0.025882 -0.096593 -0.000000
vn -0.050000 -0.086603 -0.000000
vn -0.050000 -0.086603 -0.000000
vn -0.070711 -0.070711 -0.000000
vn -0.070711 -0.070711 -0.000000
vn -0.086603 -0.050000 -0.000000
vn -0.086603 -0.050000 -0.000000
vn -0.096593 -0.025882 -0.000000
vn -0.096593 -0.025882 -0.000000
vn -0.100000 -0.000000 -0.000000
vn -0.100000 0.000000 -0.000000
vn -0.096593 0.025882 -0.000000
vn -0.096593 0.025882 -0.000000
vn -0.086603 0.050000 -0.000000
vn -0.086603 0.050000 -0.000000
vn -0.070711 0.070711 -0.000000
vn -0.070711 0.070711 -0.000000
vn -0.050000 0.086603 -0.000000
vn -0.050000 0.086603 -0.000000
vn -0.025882 0.096593 -0.000000
vn -0.025882 0.096593 -0.000000
vn -0.000000 0.100000 -0.000000
vn -0.000000 0.100000 -0.000000
vn 0.025882 0.096593 0.000000
vn 0.025882 0.096593 0.000000
vn 0.050000 0.086603 0.000000
vn 0.050000 0.086603 0.000000
vn 0.070711 0.070711 0.000000
vn 0.070711 0.070711 0.000000
vn 0.086603 0.050000 0.000000
vn 0.086603 0.050000 0.000000
vn 0.000000 0.000000 -0.100000
vn 0.000000 0.000000 -0.100000
vn 0.000000 0.000000 -0.100000
vn 0.000000 0.000000 -0.100000
vn 0.000000 0.000000 -0.100000
vn 0.000000 0.000000 -0.100000
vn 0.000000 0.000000 -0.100000
vn 0.000000 0.000000 -0.100000
vn 0.000000 0.000000 -0.100000
vn 0.000000 0.000000 -0.100000
vn 0.000000 0.000000 -0.100000
vn 0.000000 0.000000 -0.100000
vn 0.000000 0.000000 -0.100000
vn 0.000000 0.000000 -0.100000
vn 0.000000 0.000000 -0.100000
vn 0.000000 0.000000 -0.100000
vn 0.000000 0.000000 -0.100000
vn 0.000000 0.000000 -0.100000
vn 0.000000 0.000000 -0.100000
vn 0.000000 0.000000 -0.100000
vn 0.000000 0.000000 -0.100000
vn 0.000000 0.000000 -0.100000
vn 0.000000 0.000000 -0.100000
vn 0.000000 0.000000 -0.100000
vn 0.000000 0.000000 -0.100000
vn 0.000000 0.000000 -0.100000
vn 0.000000 0.000000 -0.100000
vn 0.000000 0.000000 -0.100000
vn 0.000000 0.000000 -0.100000
vn 0.000000 0.000000 -0.100000
vn 0.000000 0.000000 -0.100000
vn 0.000000 0.000000 -0.100000
vn 0.000000 0.000000 -0.100000
vn 0.000000 0.000000 -0.100000
vn 0.000000 0.000000 -0.100000
vn 0.000000 0.000000 -0.100000
vn 0.000000 0.000000 -0.100000
vn 0.000000 0.000000 -0.100000
vn 0.000000 0.000000 -0.100000
vn 0.000000 0.000000 -0.100000
vn 0.000000 0.000000 -0.100000
vn 0.000000 0.000000 -0.100000
vn 0.000000 0.000000 -0.100000
vn 0.000000 0.000000 -0.100000
vn 0.000000 0.000000 -0.100000
vn 0.000000 0.000000 -0.100000
vn 0.000000 0.000000 -0.100000
vn 0.000000 0.000000 -0.100000
vn 0.000000 -0.000000 -0.100000
vn 0.000000 -0.000000 -0.100000
vn 0.000000 -0.000000 -0.100000
vn 0.000000 -0.000000 -0.100000
vn 0.000000 -0.000000 -0.100000
vn 0.000000 -0.000000 -0.100000
vn 0.000000 -0.000000 -0.100000
vn 0.000000 -0.000000 -0.100000
vn 0.000000 -0.000000 -0.100000
vn 0.000000 -0.000000 -0.100000
vn 0.000000 -0.000000 -0.100000
vn 0.000000 -0.000000 -0.100000
vn 0.000000 -0.000000 -0.100000
vn 0.000000 -0.000000 -0.100000
vn 0.000000 -0.000000 -0.100000
vn 0.000000 -0.000000 -0.100000
vn 0.000000 -0.000000 -0.100000
vn 0.000000 -0.000000 -0.100000
vn 0.000000 -0.000000 -0.100000
vn 0.000000 -0.000000 -0.100000
vn 0.000000 -0.000000 -0.100000
vn 0.000000 -0.000000 -0.100000
vn 0.000000 -0.000000 -0.100000
vn 0.000000 -0.000000 -0.100000
vn 0.000000 -0.000000 -0.100000
vn 0.000000 -0.000000 -0.100000
vn 0.000000 -0.000000 -0.100000
vn 0.000000 -0.000000 -0.100000
vn 0.000000 -0.000000 -0.100000
vn 0.000000 -0.000000 -0.100000
vn 0.000000 -0.000000 -0.100000
vn 0.000000 -0.000000 -0.100000
vn 0.000000 -0.000000 -0.100000
vn 0.000000 -0.000000 -0.100000
vn 0.000000 -0.000000 -0.100000
vn 0.000000 -0.000000 -0.100000
vn 0.000000 -0.000000 -0.100000
vn 0.000000 -0.000000 -0.100000
vn 0.000000 -0.000000 -0.100000
vn 0.000000 -0.000000 -0.100000
vn 0.000000 -0.000000 -0.100000
vn 0.000000 -0.000000 -0.100000
vn 0.000000 -0.000000 -0.100000
vn 0.000000 -0.000000 -0.100000
vn 0.000000 -0.000000 -0.100000
vn 0.000000 -0.000000 -0.100000
vn 0.000000 -0.000000 -0.100000
vn 0.000000 -0.000000 -0.100000
vn 0.000000 -0.000000 -0.100000
vn 0.096593 -0.025882 0.000000
vn 0.096593 -0.025882 0.000000
vn 0.100000 -0.000000 0.000000
vn 0.100000 -0.000000 0.000000
vn 0.096593 0.025882 0.000000
vn 0.096593 0.025882 0.000000
vn 0.086603 0.050000 0.000000
vn 0.086603 0.050000 0.000000
vn 0.070711 0.070711 0.000000
vn 0.070711 0.070711 0.000000
vn 0.050000 0.086603 0.000000
vn 0.050000 0.086603 0.000000
vn 0.025882 0.096593 0.000000
vn 0.025882 0.096593 0.000000
vn 0.000000 0.100000 0.000000
vn -0.000000 0.100000 -0.000000
vn -0.025882 0.096593 -0.000000
vn -0.025882 0.096593 -0.000000
vn -0.050000 0.086603 -0.000000
vn -0.050000 0.086603 -0.000000
vn -0.070711 0.070711 -0.000000
vn -0.070711 0.070711 -0.000000
vn -0.086603 0.050000 -0.000000
vn -0.086603 0.050000 -0.000000
vn -0.096593 0.025882 -0.000000
vn -0.096593 0.025882 -0.000000
vn -0.100000 0.000000 -0.000000
vn -0.100000 0.000000 -0.000000
vn -0.096593 -0.025882 -0.000000
vn -0.096593 -0.025882 -0.000000
vn -0.086603 -0.050000 -0.000000
vn -0.086603 -0.050000 -0.000000
vn -0.070711 -0.070711 -0.000000
vn -0.070711 -0.070711 -0.000000
vn -0.050000 -0.086603 -0.000000
vn -0.050000 -0.086603 -0.000000
vn -0.025882 -0.096593 -0.000000
vn -0.025882 -0.096593 -0.000000
vn 0.000000 -0.100000 0.000000
vn -0.000000 -0.100000 -0.000000
vn 0.025882 -0.096593 0.000000
vn 0.025882 -0.096593 0.000000
vn 0.050000 -0.086603 0.000000
vn 0.050000 -0.086603 0.000000
vn 0.070711 -0.070711 0.000000
vn 0.070711 -0.070711 0.000000
vn 0.086603 -0.050000 0.000000
vn 0.086603 -0.050000 0.000000
vn 0.000000 0.000000 -0.100000
vn 0.000000 0.000000 -0.100000
vn 0.000000 0.000000 -0.100000
vn 0.000000 0.000000 -0.100000
vn 0.000000 0.000000 -0.100000
vn 0.000000 0.000000 -0.100000
vn 0.000000 0.000000 -0.100000
vn 0.000000 0.000000 -0.100000
vn 0.000000 0.000000 -0.100000
vn 0.000000 0.000000 -0.100000
vn 0.000000 0.000000 -0.100000
vn 0.000000 0.000000 -0.100000
vn 0.000000 0.000000 -0.100000
vn 0.000000 0.000000 -0.100000
vn 0.000000 0.000000 -0.100000
vn 0.000000 0.000000 -0.100000
vn 0.000000 0.000000 -0.100000
vn 0.000000 0.000000 -0.100000
vn 0.000000 0.000000 -0.100000
vn 0.000000 0.000000 -0.100000
vn 0.000000 0.000000 -0.100000
vn 0.000000 0.000000 -0.100000
vn 0.000000 0.000000 -0.100000
vn 0.000000 0.000000 -0.100000
vn 0.096593 -0.025882 0.000000
vn 0.096593 -0.025882 0.000000
vn 0.100000 -0.000000 0.000000
vn 0.100000 -0.000000 0.000000
vn 0.096593 0.025882 0.000000
vn 0.096593 0.025882 0.000000
vn 0.086603 0.050000 0.000000
vn 0.086603 0.050000 0.000000
vn 0.070711 0.070711 0.000000
vn 0.070711 0.070711 0.000000
vn 0.050000 0.086603 0.000000
vn 0.050000 0.086603 0.000000
vn 0.025882 0.096593 0.000000
vn 0.025882 0.096593 0.000000
vn 0.000000 0.100000 0.000000
vn -0.000000 0.100000 -0.000000
vn -0.025882 0.096593 -0.000000
vn -0.025882 0.096593 -0.000000
vn -0.050000 0.086603 -0.000000
vn -0.050000 0.086603 -0.000000
vn -0.070711 0.070711 -0.000000
vn -0.070711 0.070711 -0.000000
vn -0.086603 0.050000 -0.000000
vn -0.086603 0.050000 -0.000000
vn -0.096593 0.025882 -0.000000
vn -0.096593 0.025882 -0.000000
vn -0.100000 0.000000 -0.000000
vn -0.100000 0.000000 -0.000000
vn -0.096593 -0.025882 -0.000000
vn -0.096593 -0.025882 -0.000000
vn -0.086603 -0.050000 -0.000000
vn -0.086603 -0.050000 -0.000000
vn -0.070711 -0.070711 -0.000000
vn -0.070711 -0.070711 -0.000000
vn -0.050000 -0.086603 -0.000000
vn -0.050000 -0.086603 -0.000000
vn -0.025882 -0.096593 -0.000000
vn -0.025882 -0.096593 -0.000000
vn 0.000000 -0.100000 0.000000
vn -0.000000 -0.100000 -0.000000
vn 0.025882 -0.096593 0.000000
vn 0.025882 -0.096593 0.000000
vn 0.050000 -0.086603 0.000000
vn 0.050000 -0.086603 0.000000
vn 0.070711 -0.070711 0.000000
vn 0.070711 -0.070711 0.000000
vn 0.086603 -0.050000 0.000000
vn 0.086603 -0.050000 0.000000
vn 0.000000 0.000000 -0.100000
vn 0.000000 0.000000 -0.100000
vn 0.000000 0.000000 -0.100000
vn 0.000000 0.000000 -0.100000
vn 0.000000 0.000000 -0.100000
vn 0.000000 0.000000 -0.100000
vn 0.000000 0.000000 -0.100000
vn 0.000000 0.000000 -0.100000
vn 0.000000 0.000000 -0.100000
vn 0.000000 0.000000 -0.100000
vn 0.000000 0.000000 -0.100000
vn 0.000000 0.000000 -0.100000
vn 0.000000 0.000000 -0.100000
vn 0.000000 0.000000 -0.100000
vn 0.000000 0.000000 -0.100000
vn 0.000000 0.000000 -0.100000
vn 0.000000 0.000000 -0.100000
vn 0.000000 0.000000 -0.100000
vn 0.000000 0.000000 -0.100000
vn 0.000000 0.000000 -0.100000
vn 0.000000 0.000000 -0.100000
vn 0.000000 0.000000 -0.100000
vn 0.000000 0.000000 -0.100000
vn 0.000000 0.000000 -0.100000
vn 0.000000 -0.000000 -0.100000
vn 0.000000 -0.000000 -0.100000
vn 0.000000 -0.000000 -0.100000
vn 0.000000 -0.000000 -0.100000
vn 0.000000 -0.000000 -0.100000
vn 0.000000 -0.000000 -0.100000
vn 0.000000 -0.000000 -0.100000
vn 0.000000 -0.000000 -0.100000
vn 0.000000 -0.000000 -0.100000
vn 0.000000 -0.000000 -0.100000
vn 0.000000 -0.000000 -0.100000
vn 0.000000 -0.000000 -0.100000
vn 0.000000 -0.000000 -0.100000
vn 0.000000 -0.000000 -0.100000
vn 0.000000 -0.000000 -0.100000
vn 0.000000 -0.000000 -0.100000
vn 0.000000 -0.000000 -0.100000
vn 0.000000 -0.000000 -0.100000
vn 0.000000 -0.000000 -0.100000
vn 0.000000 -0.000000 -0.100000
vn 0.000000 -0.000000 -0.100000
vn 0.000000 -0.000000 -0.100000
vn 0.000000 -0.000000 -0.100000
vn 0.000000 -0.000000 -0.100000
vn 0.000000 -0.000000 -0.100000
vn 0.000000 -0.000000 -0.100000
vn 0.000000 -0.000000 -0.100000
vn 0.000000 -0.000000 -0.100000
vn 0.000000 -0.000000 -0.100000
vn 0.000000 -0.000000 -0.100000
vn 0.000000 -0.000000 -0.100000
vn 0.000000 -0.000000 -0.100000
vn 0.000000 -0.000000 -0.100000
vn 0.000000 -0.000000 -0.100000
vn 0.000000 -0.000000 -0.100000
vn 0.000000 -0.000000 -0.100000
vn 0.000000 -0.000000 -0.100000
vn 0.000000 -0.000000 -0.100000
vn 0.000000 -0.000000 -0.100000
vn 0.000000 -0.000000 -0.100000
vn 0.000000 -0.000000 -0.100000
vn 0.000000 -0.000000 -0.100000
vn 0.000000 -0.000000 -0.100000
vn 0.000000 -0.000000 -0.100000
vn 0.000000 -0.000000 -0.100000
vn 0.000000 -0.000000 -0.100000
vn 0.000000 -0.000000 -0.100000
vn 0.000000 -0.000000 -0.100000
vn 0.000000 -0.000000 -0.100000
vn 0.096593 -0.025882 0.000000
vn 0.096593 -0.025882 0.000000
vn 0.100000 -0.000000 0.000000
vn 0.100000 -0.000000 0.000000
vn 0.096593 0.025882 0.000000
vn 0.096593 0.025882 0.000000
vn 0.086603 0.050000 0.000000
vn 0.086603 0.050000 0.000000
vn 0.070711 0.070711 0.000000
vn 0.070711 0.070711 0.000000
vn 0.050000 0.086603 0.000000
vn 0.050000 0.086603 0.000000
vn 0.025882 0.096593 0.000000
vn 0.025882 0.096593 0.000000
vn 0.000000 0.100000 0.000000
vn -0.000000 0.100000 -0.000000
vn -0.025882 0.096593 -0.000000
vn -0.025882 0.096593 -0.000000
vn -0.050000 0.086603 -0.000000
vn -0.050000 0.086603 -0.000000
vn -0.070711 0.070711 -0.000000
vn -0.070711 0.070711 -0.000000
vn -0.086603 0.050000 -0.000000
vn -0.086603 0.050000 -0.000000
vn -0.096593 0.025882 -0.000000
vn -0.096593 0.025882 -0.000000
vn -0.100000 0.000000 -0.000000
vn -0.100000 0.000000 -0.000000
vn -0.096593 -0.025882 -0.000000
vn -0.096593 -0.025882 -0.000000
vn -0.086603 -0.050000 -0.000000
vn -0.086603 -0.050000 -0.000000
vn -0.070711 -0.070711 -0.000000
vn -0.070711 -0.070711 -0.000000
vn -0.050000 -0.086603 -0.000000
vn -0.050000 -0.086603 -0.000000
vn -0.025882 -0.096593 -0.000000
vn -0.025882 -0.096593 -0.000000
vn 0.000000 -0.100000 0.000000
vn -0.000000 -0.100000 -0.000000
vn 0.025882 -0.096593 0.000000
vn 0.025882 -0.096593 0.000000
vn 0.050000 -0.086603 0.000000
vn 0.050000 -0.086603 0.000000
vn 0.070711 -0.070711 0.000000
vn 0.070711 -0.070711 0.000000
vn 0.086603 -0.050000 0.000000
vn 0.086603 -0.050000 0.000000
vn 0.000000 0.000000 -0.100000
vn 0.000000 0.000000 -0.100000
vn 0.000000 0.000000 -0.100000
vn 0.000000 0.000000 -0.100000
vn 0.000000 0.000000 -0.100000
vn 0.000000 0.000000 -0.100000
vn 0.000000 0.000000 -0.100000
vn 0.000000 0.000000 -0.100000
vn 0.000000 0.000000 -0.100000
vn 0.000000 0.000000 -0.100000
vn 0.000000 0.000000 -0.100000
vn 0.000000 0.000000 -0.100000
vn 0.000000 0.000000 -0.100000
vn 0.000000 0.000000 -0.100000
vn 0.000000 0.000000 -0.100000
vn 0.000000 0.000000 -0.100000
vn 0.000000 0.000000 -0.100000
vn 0.000000 0.000000 -0.100000
vn 0.000000 0.000000 -0.100000
vn 0.000000 0.000000 -0.100000
vn 0.000000 0.000000 -0.100000
vn 0.000000 0.000000 -0.100000
vn 0.000000 0.000000 -0.100000
vn 0.000000 0.000000 -0.100000
vn 0.000000 -0.000000 -0.100000
vn 0.000000 -0.000000 -0.100000
vn 0.000000 -0.000000 -0.100000
vn 0.000000 -0.000000 -0.100000
vn 0.000000 -0.000000 -0.100000
vn 0.000000 -0.000000 -0.100000
vn 0.000000 -0.000000 -0.100000
vn 0.000000 -0.000000 -0.100000
vn 0.000000 -0.000000 -0.100000
vn 0.000000 -0.000000 -0.100000
vn 0.000000 -0.000000 -0.100000
vn 0.000000 -0.000000 -0.100000
vn 0.000000 -0.000000 -0.100000
vn 0.000000 -0.000000 -0.100000
vn 0.000000 -0.000000 -0.100000
vn 0.000000 -0.000000 -0.100000
vn 0.000000 -0.000000 -0.100000
vn 0.000000 -0.000000 -0.100000
vn 0.000000 -0.000000 -0.100000
vn 0.000000 -0.000000 -0.100000
vn 0.000000 -0.000000 -0.100000
vn 0.000000 -0.000000 -0.100000
vn 0.000000 -0.000000 -0.100000
vn 0.000000 -0.000000 -0.100000
vn 0.000000 -0.000000 -0.100000
vn 0.000000 -0.000000 -0.100000
vn 0.000000 -0.000000 -0.100000
vn 0.000000 -0.000000 -0.100000
vn 0.000000 -0.000000 -0.100000
vn 0.000000 -0.000000 -0.100000
vn 0.000000 -0.000000 -0.100000
vn 0.000000 -0.000000 -0.100000
vn 0.000000 -0.000000 -0.100000
vn 0.000000 -0.000000 -0.100000
vn 0.000000 -0.000000 -0.100000
vn 0.000000 -0.000000 -0.100000
vn 0.000000 -0.000000 -0.100000
vn 0.000000 -0.000000 -0.100000
vn 0.000000 -0.000000 -0.100000
vn 0.000000 -0.000000 -0.100000
vn 0.000000 -0.000000 -0.100000
vn 0.000000 -0.000000 -0.100000
vn 0.000000 -0.000000 -0.100000
vn 0.000000 -0.000000 -0.100000
vn 0.000000 -0.000000 -0.100000
vn 0.000000 -0.000000 -0.100000
vn 0.000000 -0.000000 -0.100000
vn 0.000000 -0.000000 -0.100000
vn 0.000000 -0.000000 -0.100000
vn 0.096593 -0.025882 0.000000
vn 0.096593 -0.025882 0.000000
vn 0.100000 -0.000000 0.000000
vn 0.100000 -0.000000 0.000000
vn 0.096593 0.025882 0.000000
vn 0.096593 0.025882 0.000000
vn 0.086603 0.050000 0.000000
vn 0.086603 0.050000 0.000000
vn 0.070711 0.070711 0.000000
vn 0.070711 0.070711 0.000000
vn 0.050000 0.086603 0.000000
vn 0.050000 0.086603 0.000000
vn 0.025882 0.096593 0.000000
vn 0.025882 0.096593 0.000000
vn 0.000000 0.100000 0.000000
vn -0.000000 0.100000 -0.000000
vn -0.025882 0.096593 -0.000000
vn -0.025882 0.096593 -0.000000
vn -0.050000 0.086603 -0.000000
vn -0.050000 0.086603 -0.000000
vn -0.070711 0.070711 -0.000000
vn -0.070711 0.070711 -0.000000
vn -0.086603 0.050000 -0.000000
vn -0.086603 0.050000 -0.000000
vn -0.096593 0.025882 -0.000000
vn -0.096593 0.025882 -0.000000
vn -0.100000 0.000000 -0.000000
vn -0.100000 0.000000 -0.000000
vn -0.096593 -0.025882 -0.000000
vn -0.096593 -0.025882 -0.000000
vn -0.086603 -0.050000 -0.000000
vn -0.086603 -0.050000 -0.000000
vn -0.070711 -0.070711 -0.000000
vn -0.070711 -0.070711 -0.000000
vn -0.050000 -0.086603 -0.000000
vn -0.050000 -0.086603 -0.000000
vn -0.025882 -0.096593 -0.000000
vn -0.025882 -0.096593 -0.000000
vn 0.000000 -0.100000 0.000000
vn -0.000000 -0.100000 -0.000000
vn 0.025882 -0.096593 0.000000
vn 0.025882 -0.096593 0.000000
vn 0.050000 -0.086603 0.000000
vn 0.050000 -0.086603 0.000000
vn 0.070711 -0.070711 0.000000
vn 0.070711 -0.070711 0.000000
vn 0.086603 -0.050000 0.000000
vn 0.086603 -0.050000 0.000000
vn 0.000000 -0.000000 -0.100000
vn 0.000000 -0.000000 -0.100000
vn 0.000000 -0.000000 -0.100000
vn 0.000000 -0.000000 -0.100000
vn 0.000000 -0.000000 -0.100000
vn 0.000000 -0.000000 -0.100000
vn 0.000000 -0.000000 -0.100000
vn 0.000000 -0.000000 -0.100000
vn 0.000000 -0.000000 -0.100000
vn 0.000000 -0.000000 -0.100000
vn 0.000000 -0.000000 -0.100000
vn 0.000000 -0.000000 -0.100000
vn 0.000000 -0.000000 -0.100000
vn 0.000000 -0.000000 -0.100000
vn 0.000000 -0.000000 -0.100000
vn 0.000000 -0.000000 -0.100000
vn 0.000000 -0.000000 -0.100000
vn 0.000000 -0.000000 -0.100000
vn 0.000000 -0.000000 -0.100000
vn 0.000000 -0.000000 -0.100000
vn 0.000000 -0.000000 -0.100000
vn 0.000000 -0.000000 -0.100000
vn 0.000000 -0.000000 -0.100000
vn 0.000000 -0.000000 -0.100000
vn 0.000000 -0.000000 -0.100000
vn 0.000000 -0.000000 -0.100000
vn 0.000000 -0.000000 -0.100000
vn 0.000000 -0.000000 -0.100000
vn 0.000000 -0.000000 -0.100000
vn 0.000000 -0.000000 -0.100000
vn 0.000000 -0.000000 -0.100000
vn 0.000000 -0.000000 -0.100000
vn 0.000000 -0.000000 -0.100000
vn 0.000000 -0.000000 -0.100000
vn 0.000000 -0.000000 -0.100000
vn 0.000000 -0.000000 -0.100000
vn 0.000000 -0.000000 -0.100000
vn 0.000000 -0.000000 -0.100000
vn 0.000000 -0.000000 -0.100000
vn 0.000000 -0.000000 -0.100000
vn 0.000000 -0.000000 -0.100000
vn 0.000000 -0.000000 -0.100000
vn 0.000000 -0.000000 -0.100000
vn 0.000000 -0.000000 -0.100000
vn 0.000000 -0.000000 -0.100000
vn 0.000000 -0.000000 -0.100000
vn 0.000000 -0.000000 -0.100000
vn 0.000000 -0.000000 -0.100000
vn 0.000000 0.000000 -0.100000
vn 0.000000 0.000000 -0.100000
vn 0.000000 0.000000 -0.100000
vn 0.000000 0.000000 -0.100000
vn 0.000000 0.000000 -0.100000
vn 0.000000 0.000000 -0.100000
vn 0.000000 0.000000 -0.100000
vn 0.000000 0.000000 -0.100000
vn 0.000000 0.000000 -0.100000
vn 0.000000 0.000000 -0.100000
vn 0.000000 0.000000 -0.100000
vn 0.000000 0.000000 -0.100000
vn 0.000000 0.000000 -0.100000
vn 0.000000 0.000000 -0.100000
vn 0.000000 0.000000 -0.100000
vn 0.000000 0.000000 -0.100000
vn 0.000000 0.000000 -0.100000
vn 0.000000 0.000000 -0.100000
vn 0.000000 0.000000 -0.100000
vn 0.000000 0.000000 -0.100000
vn 0.000000 0.000000 -0.100000
vn 0.000000 0.000000 -0.100000
vn 0.000000 0.000000 -0.100000
vn 0.000000 0.000000 -0.100000
vn 0.000000 -0.000000 -0.100000
vn 0.000000 -0.000000 -0.100000
vn 0.000000 -0.000000 -0.100000
vn 0.000000 -0.000000 -0.100000
vn 0.000000 -0.000000 -0.100000
vn 0.000000 -0.000000 -0.100000
vn 0.000000 -0.000000 -0.100000
vn 0.000000 -0.000000 -0.100000
vn 0.000000 -0.000000 -0.100000
vn 0.000000 -0.000000 -0.100000
vn 0.000000 -0.000000 -0.100000
vn 0.000000 -0.000000 -0.100000
vn 0.000000 -0.000000 -0.100000
vn 0.000000 -0.000000 -0.100000
vn 0.000000 -0.000000 -0.100000
vn 0.000000 -0.000000 -0.100000
vn 0.000000 -0.000000 -0.100000
vn 0.000000 -0.000000 -0.100000
vn 0.000000 -0.000000 -0.100000
vn 0.000000 -0.000000 -0.100000
vn 0.000000 -0.000000 -0.100000
vn 0.000000 -0.000000 -0.100000
vn 0.000000 -0.000000 -0.100000
vn 0.000000 -0.000000 -0.100000
vn 0.000000 -0.000000 -0.100000
vn 0.000000 -0.000000 -0.100000
vn 0.000000 -0.000000 -0.100000
vn 0.000000 -0.000000 -0.100000
vn 0.000000 -0.000000 -0.100000
vn 0.000000 -0.000000 -0.100000
vn 0.000000 -0.000000 -0.100000
vn 0.000000 -0.000000 -0.100000
vn 0.000000 -0.000000 -0.100000
vn 0.000000 -0.000000 -0.100000
vn 0.000000 -0.000000 -0.100000
vn 0.000000 -0.000000 -0.100000
vn 0.000000 -0.000000 -0.100000
vn 0.000000 -0.000000 -0.100000
vn 0.000000 -0.000000 -0.100000
vn 0.000000 -0.000000 -0.100000
vn 0.000000 -0.000000 -0.100000
vn 0.000000 -0.000000 -0.100000
vn 0.000000 -0.000000 -0.100000
vn 0.000000 -0.000000 -0.100000
vn 0.000000 -0.000000 -0.100000
vn 0.000000 -0.000000 -0.100000
vn 0.000000 -0.000000 -0.100000
vn 0.000000 -0.000000 -0.100000
vn 0.000000 0.000000 -0.100000
vn 0.000000 0.000000 -0.100000
vn 0.000000 0.000000 -0.100000
vn 0.000000 0.000000 -0.100000
vn 0.000000 0.000000 -0.100000
vn 0.000000 0.000000 -0.100000
vn 0.000000 0.000000 -0.100000
vn 0.000000 0.000000 -0.100000
vn 0.000000 0.000000 -0.100000
vn 0.000000 0.000000 -0.100000
vn 0.000000 0.000000 -0.100000
vn 0.000000 0.000000 -0.100000
vn 0.000000 0.000000 -0.100000
vn 0.000000 0.000000 -0.100000
vn 0.000000 0.000000 -0.100000
vn 0.000000 0.000000 -0.100000
vn 0.000000 0.000000 -0.100000
vn 0.000000 0.000000 -0.100000
vn 0.000000 0.000000 -0.100000
vn 0.000000 0.000000 -0.100000
vn 0.000000 0.000000 -0.100000
vn 0.000000 0.000000 -0.100000
vn 0.000000 0.000000 -0.100000
vn 0.000000 0.000000 -0.100000
vn 0.000000 -0.000000 -0.100000
vn 0.000000 -0.000000 -0.100000
vn 0.000000 -0.000000 -0.100000
vn 0.000000 -0.000000 -0.100000
vn 0.000000 -0.000000 -0.100000
vn 0.000000 -0.000000 -0.100000
vn 0.000000 -0.000000 -0.100000
vn 0.000000 -0.000000 -0.100000
vn 0.000000 -0.000000 -0.100000
vn 0.000000 -0.000000 -0.100000
vn 0.000000 -0.000000 -0.100000
vn 0.000000 -0.000000 -0.100000
vn 0.000000 -0.000000 -0.100000
vn 0.000000 -0.000000 -0.100000
vn 0.000000 -0.000000 -0.100000
vn 0.000000 -0.000000 -0.100000
vn 0.000000 -0.000000 -0.100000
vn 0.000000 -0.000000 -0.100000
vn 0.000000 -0.000000 -0.100000
vn 0.000000 -0.000000 -0.100000
vn 0.000000 -0.000000 -0.100000
vn 0.000000 -0.000000 -0.100000
vn 0.000000 -0.000000 -0.100000
vn 0.000000 -0.000000 -0.100000
vn 0.000000 -0.000000 -0.100000
vn 0.000000 -0.000000 -0.100000
vn 0.000000 -0.000000 -0.100000
vn 0.000000 -0.000000 -0.100000
vn 0.000000 -0.000000 -0.100000
vn 0.000000 -0.000000 -0.100000
vn 0.000000 -0.000000 -0.100000
vn 0.000000 -0.000000 -0.100000
vn 0.000000 -0.000000 -0.100000
vn 0.000000 -0.000000 -0.100000
vn 0.000000 -0.000000 -0.100000
vn 0.000000 -0.000000 -0.100000
vn 0.000000 -0.000000 -0.100000
vn 0.000000 -0.000000 -0.100000
vn 0.000000 -0.000000 -0.100000
vn 0.000000 -0.000000 -0.100000
vn 0.000000 -0.000000 -0.100000
vn 0.000000 -0.000000 -0.100000
vn 0.000000 -0.000000 -0.100000
vn 0.000000 -0.000000 -0.100000
vn 0.000000 -0.000000 -0.100000
vn 0.000000 -0.000000 -0.100000
vn 0.000000 -0.000000 -0.100000
vn 0.000000 -0.000000 -0.100000
vn 0.000000 0.000000 -0.100000
vn 0.000000 0.000000 -0.100000
vn 0.000000 0.000000 -0.100000
vn 0.000000 0.000000 -0.100000
vn 0.000000 0.000000 -0.100000
vn 0.000000 0.000000 -0.100000
vn 0.000000 0.000000 -0.100000
vn 0.000000 0.000000 -0.100000
vn 0.000000 0.000000 -0.100000
vn 0.000000 0.000000 -0.100000
vn 0.000000 0.000000 -0.100000
vn 0.000000 0.000000 -0.100000
vn 0.000000 0.000000 -0.100000
vn 0.000000 0.000000 -0.100000
vn 0.000000 0.000000 -0.100000
vn 0.000000 0.000000 -0.100000
vn 0.000000 0.000000 -0.100000
vn 0.000000 0.000000 -0.100000
vn 0.000000 0.000000 -0.100000
vn 0.000000 0.000000 -0.100000
vn 0.000000 0.000000 -0.100000
vn 0.000000 0.000000 -0.100000
vn 0.000000 0.000000 -0.100000
vn 0.000000 0.000000 -0.100000
vn 0.000000 -0.000000 -0.100000
vn 0.000000 -0.000000 -0.100000
vn 0.000000 -0.000000 -0.100000
vn 0.000000 -0.000000 -0.100000
vn 0.000000 -0.000000 -0.100000
vn 0.000000 -0.000000 -0.100000
vn 0.000000 -0.000000 -0.100000
vn 0.000000 -0.000000 -0.100000
vn 0.000000 -0.000000 -0.100000
vn 0.000000 -0.000000 -0.100000
vn 0.000000 -0.000000 -0.100000
vn 0.000000 -0.000000 -0.100000
vn 0.000000 -0.000000 -0.100000
vn 0.000000 -0.000000 -0.100000
vn 0.000000 -0.000000 -0.100000
vn 0.000000 -0.000000 -0.100000
vn 0.000000 -0.000000 -0.100000
vn 0.000000 -0.000000 -0.100000
vn 0.000000 -0.000000 -0.100000
vn 0.000000 -0.000000 -0.100000
vn 0.000000 -0.000000 -0.100000
vn 0.000000 -0.000000 -0.100000
vn 0.000000 -0.000000 -0.100000
vn 0.000000 -0.000000 -0.100000
vn 0.000000 -0.000000 -0.100000
vn 0.000000 -0.000000 -0.100000
vn 0.000000 -0.000000 -0.100000
vn 0.000000 -0.000000 -0.100000
vn 0.000000 -0.000000 -0.100000
vn 0.000000 -0.000000 -0.100000
vn 0.000000 -0.000000 -0.100000
vn 0.000000 -0.000000 -0.100000
vn 0.000000 -0.000000 -0.100000
vn 0.000000 -0.000000 -0.100000
vn 0.000000 -0.000000 -0.100000
vn 0.000000 -0.000000 -0.100000
vn 0.000000 -0.000000 -0.100000
vn 0.000000 -0.000000 -0.100000
vn 0.000000 -0.000000 -0.100000
vn 0.000000 -0.000000 -0.100000
vn 0.000000 -0.000000 -0.100000
vn 0.000000 -0.000000 -0.100000
vn 0.000000 -0.000000 -0.100000
vn 0.000000 -0.000000 -0.100000
vn 0.000000 -0.000000 -0.100000
vn 0.000000 -0.000000 -0.100000
vn 0.000000 -0.000000 -0.100000
vn 0.000000 -0.000000 -0.100000
vn -0.096858 -0.024869 -0.000000
vn -0.096858 -0.024869 -0.000000
vn -0.100000 -0.000000 -0.000000
vn -0.100000 -0.000000 -0.000000
vn -0.096858 0.024869 -0.000000
vn -0.096858 0.024869 -0.000000
vn -0.087631 0.048175 -0.000000
vn -0.087631 0.048175 -0.000000
vn -0.072897 0.068455 -0.000000
vn -0.072897 0.068455 -0.000000
vn -0.053583 0.084433 -0.000000
vn -0.053583 0.084433 -0.000000
vn -0.030902 0.095106 -0.000000
vn -0.030902 0.095106 -0.000000
vn -0.006279 0.099803 -0.000000
vn -0.006279 0.099803 -0.000000
vn 0.018738 0.098229 0.000000
vn 0.018738 0.098229 0.000000
vn 0.042578 0.090483 0.000000
vn 0.042578 0.090483 0.000000
vn 0.063742 0.077051 0.000000
vn 0.063742 0.077051 0.000000
vn 0.080902 0.058779 0.000000
vn 0.080902 0.058779 0.000000
vn 0.092978 0.036812 0.000000
vn 0.092978 0.036812 0.000000
vn 0.099211 0.012533 0.000000
vn 0.099211 0.012533 0.000000
vn 0.099211 -0.012533 0.000000
vn 0.099211 -0.012533 0.000000
vn 0.092978 -0.036812 0.000000
vn 0.092978 -0.036812 0.000000
vn 0.080902 -0.058779 0.000000
vn 0.080902 -0.058779 0.000000
vn 0.063742 -0.077051 0.000000
vn 0.063742 -0.077051 0.000000
vn 0.042578 -0.090483 0.000000
vn 0.042578 -0.090483 0.000000
vn 0.018738 -0.098229 0.000000
vn 0.018738 -0.098229 0.000000
vn -0.006279 -0.099803 -0.000000
vn -0.006279 -0.099803 -0.000000
vn -0.030902 -0.095106 -0.000000
vn -0.030902 -0.095106 -0.000000
vn -0.053583 -0.084433 -0.000000
vn -0.053583 -0.084433 -0.000000
vn -0.072897 -0.068455 -0.000000
vn -0.072897 -0.068455 -0.000000
vn -0.087631 -0.048175 -0.000000
vn -0.087631 -0.048175 -0.000000
vn -0.068489 -0.017585 -0.070711
vn -0.069058 -0.015201 -0.070711
vn -0.070711 -0.000000 -0.070711
vn -0.070711 -0.000000 -0.070711
vn -0.069058 0.015201 -0.070711
vn -0.064175 -0.029691 -0.070711
vn -0.061964 -0.034065 -0.070711
vn -0.056292 -0.042792 -0.070711
vn -0.051546 -0.048405 -0.070711
vn -0.045777 -0.053893 -0.070711
vn -0.037889 -0.059703 -0.070711
vn -0.033121 -0.062474 -0.070711
vn -0.021851 -0.067250 -0.070711
vn -0.018917 -0.068133 -0.070711
vn -0.004440 -0.070571 -0.070711
vn -0.003828 -0.070607 -0.070711
vn 0.011440 -0.069779 -0.070711
vn 0.013250 -0.069458 -0.070711
vn 0.026173 -0.065689 -0.070711
vn 0.030107 -0.063981 -0.070711
vn 0.039682 -0.058526 -0.070711
vn 0.045073 -0.054484 -0.070711
vn 0.051336 -0.048628 -0.070711
vn 0.057206 -0.041563 -0.070711
vn 0.060589 -0.036455 -0.070711
vn 0.065745 -0.026030 -0.070711
vn 0.067009 -0.022578 -0.070711
vn 0.070153 -0.008862 -0.070711
vn 0.070296 -0.007645 -0.070711
vn 0.070153 0.008862 -0.070711
vn 0.070296 0.007645 -0.070711
vn 0.067009 0.022578 -0.070711
vn 0.065745 0.026030 -0.070711
vn 0.060589 0.036455 -0.070711
vn 0.057206 0.041563 -0.070711
vn 0.051336 0.048628 -0.070711
vn 0.045073 0.054484 -0.070711
vn 0.039682 0.058526 -0.070711
vn 0.030107 0.063981 -0.070711
vn 0.026173 0.065689 -0.070711
vn 0.013250 0.069458 -0.070711
vn 0.011440 0.069779 -0.070711
vn -0.004440 0.070571 -0.070711
vn -0.003828 0.070607 -0.070711
vn -0.018917 0.068133 -0.070711
vn -0.021851 0.067250 -0.070711
vn -0.033121 0.062474 -0.070711
vn -0.037889 0.059703 -0.070711
vn -0.045777 0.053893 -0.070711
vn -0.051546 0.048405 -0.070711
vn -0.056292 0.042792 -0.070711
vn -0.061964 0.034065 -0.070711
vn -0.064175 0.029691 -0.070711
vn -0.068489 0.017585 -0.070711
vn -0.096858 -0.024869 -0.000000
vn -0.096858 -0.024869 -0.000000
vn -0.100000 -0.000000 -0.000000
vn -0.100000 -0.000000 -0.000000
vn -0.096858 0.024869 -0.000000
vn -0.096858 0.024869 -0.000000
vn -0.087631 0.048175 -0.000000
vn -0.087631 0.048175 -0.000000
vn -0.072897 0.068455 -0.000000
vn -0.072897 0.068455 -0.000000
vn -0.053583 0.084433 -0.000000
vn -0.053583 0.084433 -0.000000
vn -0.030902 0.095106 -0.000000
vn -0.030902 0.095106 -0.000000
vn -0.006279 0.099803 -0.000000
vn -0.006279 0.099803 -0.000000
vn 0.018738 0.098229 0.000000
vn 0.018738 0.098229 0.000000
vn 0.042578 0.090483 0.000000
vn 0.042578 0.090483 0.000000
vn 0.063742 0.077051 0.000000
vn 0.063742 0.077051 0.000000
vn 0.080902 0.058779 0.000000
vn 0.080902 0.058779 0.000000
vn 0.092978 0.036812 0.000000
vn 0.092978 0.036812 0.000000
vn 0.099211 0.012533 0.000000
vn 0.099211 0.012533 0.000000
vn 0.099211 -0.012533 0.000000
vn 0.099211 -0.012533 0.000000
vn 0.092978 -0.036812 0.000000
vn 0.092978 -0.036812 0.000000
vn 0.080902 -0.058779 0.000000
vn 0.080902 -0.058779 0.000000
vn 0.063742 -0.077051 0.000000
vn 0.063742 -0.077051 0.000000
vn 0.042578 -0.090483 0.000000
vn 0.042578 -0.090483 0.000000
vn 0.018738 -0.098229 0.000000
vn 0.018738 -0.098229 0.000000
vn -0.006279 -0.099803 -0.000000
vn -0.006279 -0.099803 -0.000000
vn -0.030902 -0.095106 -0.000000
vn -0.030902 -0.095106 -0.000000
vn -0.053583 -0.084433 -0.000000
vn -0.053583 -0.084433 -0.000000
vn -0.072897 -0.068455 -0.000000
vn -0.072897 -0.068455 -0.000000
vn -0.087631 -0.048175 -0.000000
vn -0.087631 -0.048175 -0.000000
vn -0.068489 -0.017585 -0.070711
vn -0.069058 -0.015201 -0.070711
vn -0.070711 -0.000000 -0.070711
vn -0.070711 -0.000000 -0.070711
vn -0.069058 0.015201 -0.070711
vn -0.064175 -0.029691 -0.070711
vn -0.061964 -0.034065 -0.070711
vn -0.056292 -0.042792 -0.070711
vn -0.051546 -0.048405 -0.070711
vn -0.045777 -0.053893 -0.070711
vn -0.037889 -0.059703 -0.070711
vn -0.033121 -0.062474 -0.070711
vn -0.021851 -0.067250 -0.070711
vn -0.018917 -0.068133 -0.070711
vn -0.004440 -0.070571 -0.070711
vn -0.003828 -0.070607 -0.070711
vn 0.011440 -0.069779 -0.070711
vn 0.013250 -0.069458 -0.070711
vn 0.026173 -0.065689 -0.070711
vn 0.030107 -0.063981 -0.070711
vn 0.039682 -0.058526 -0.070711
vn 0.045073 -0.054484 -0.070711
vn 0.051336 -0.048628 -0.070711
vn 0.057206 -0.041563 -0.070711
vn 0.060589 -0.036455 -0.070711
vn 0.065745 -0.026030 -0.070711
vn 0.067009 -0.022578 -0.070711
vn 0.070153 -0.008862 -0.070711
vn 0.070296 -0.007645 -0.070711
vn 0.070153 0.008862 -0.070711
vn 0.070296 0.007645 -0.070711
vn 0.067009 0.022578 -0.070711
vn 0.065745 0.026030 -0.070711
vn 0.060589 0.036455 -0.070711
vn 0.057206 0.041563 -0.070711
vn 0.051336 0.048628 -0.070711
vn 0.045073 0.054484 -0.070711
vn 0.039682 0.058526 -0.070711
vn 0.030107 0.063981 -0.070711
vn 0.026173 0.065689 -0.070711
vn 0.013250 0.069458 -0.070711
vn 0.011440 0.069779 -0.070711
vn -0.004440 0.070571 -0.070711
vn -0.003828 0.070607 -0.070711
vn -0.018917 0.068133 -0.070711
vn -0.021851 0.067250 -0.070711
vn -0.033121 0.062474 -0.070711
vn -0.037889 0.059703 -0.070711
vn -0.045777 0.053893 -0.070711
vn -0.051546 0.048405 -0.070711
vn -0.056292 0.042792 -0.070711
vn -0.061964 0.034065 -0.070711
vn -0.064175 0.029691 -0.070711
vn -0.068489 0.017585 -0.070711
vn -0.096858 -0.024869 -0.000000
vn -0.096858 -0.024869 -0.000000
vn -0.100000 -0.000000 -0.000000
vn -0.100000 -0.000000 -0.000000
vn -0.096858 0.024869 -0.000000
vn -0.096858 0.024869 -0.000000
vn -0.087631 0.048175 -0.000000
vn -0.087631 0.048175 -0.000000
vn -0.072897 0.068455 -0.000000
vn -0.072897 0.068455 -0.000000
vn -0.053583 0.084433 -0.000000
vn -0.053583 0.084433 -0.000000
vn -0.030902 0.095106 -0.000000
vn -0.030902 0.095106 -0.000000
vn -0.006279 0.099803 -0.000000
vn -0.006279 0.099803 -0.000000
vn 0.018738 0.098229 0.000000
vn 0.018738 0.098229 0.000000
vn 0.042578 0.090483 0.000000
vn 0.042578 0.090483 0.000000
vn 0.063742 0.077051 0.000000
vn 0.063742 0.077051 0.000000
vn 0.080902 0.058779 0.000000
vn 0.080902 0.058779 0.000000
vn 0.092978 0.036812 0.000000
vn 0.092978 0.036812 0.000000
vn 0.099211 0.012533 0.000000
vn 0.099211 0.012533 0.000000
vn 0.099211 -0.012533 0.000000
vn 0.099211 -0.012533 0.000000
vn 0.092978 -0.036812 0.000000
vn 0.092978 -0.036812 0.000000
vn 0.080902 -0.058779 0.000000
vn 0.080902 -0.058779 0.000000
vn 0.063742 -0.077051 0.000000
vn 0.063742 -0.077051 0.000000
vn 0.042578 -0.090483 0.000000
vn 0.042578 -0.090483 0.000000
vn 0.018738 -0.098229 0.000000
vn 0.018738 -0.098229 0.000000
vn -0.006279 -0.099803 -0.000000
vn -0.006279 -0.099803 -0.000000
vn -0.030902 -0.095106 -0.000000
vn -0.030902 -0.095106 -0.000000
vn -0.053583 -0.084433 -0.000000
vn -0.053583 -0.084433 -0.000000
vn -0.072897 -0.068455 -0.000000
vn -0.072897 -0.068455 -0.000000
vn -0.087631 -0.048175 -0.000000
vn -0.087631 -0.048175 -0.000000
vn -0.068489 -0.017585 -0.070711
vn -0.069058 -0.015201 -0.070711
vn -0.070711 -0.000000 -0.070711
vn -0.070711 -0.000000 -0.070711
vn -0.069058 0.015201 -0.070711
vn -0.064175 -0.029691 -0.070711
vn -0.061964 -0.034065 -0.070711
vn -0.056292 -0.042792 -0.070711
vn -0.051546 -0.048405 -0.070711
vn -0.045777 -0.053893 -0.070711
vn -0.037889 -0.059703 -0.070711
vn -0.033121 -0.062474 -0.070711
vn -0.021851 -0.067250 -0.070711
vn -0.018917 -0.068133 -0.070711
vn -0.004440 -0.070571 -0.070711
vn -0.003828 -0.070607 -0.070711
vn 0.011440 -0.069779 -0.070711
vn 0.013250 -0.069458 -0.070711
vn 0.026173 -0.065689 -0.070711
vn 0.030107 -0.063981 -0.070711
vn 0.039682 -0.058526 -0.070711
vn 0.045073 -0.054484 -0.070711
vn 0.051336 -0.048628 -0.070711
vn 0.057206 -0.041563 -0.070711
vn 0.060589 -0.036455 -0.070711
vn 0.065745 -0.026030 -0.070711
vn 0.067009 -0.022578 -0.070711
vn 0.070153 -0.008862 -0.070711
vn 0.070296 -0.007645 -0.070711
vn 0.070153 0.008862 -0.070711
vn 0.070296 0.007645 -0.070711
vn 0.067009 0.022578 -0.070711
vn 0.065745 0.026030 -0.070711
vn 0.060589 0.036455 -0.070711
vn 0.057206 0.041563 -0.070711
vn 0.051336 0.048628 -0.070711
vn 0.045073 0.054484 -0.070711
vn 0.039682 0.058526 -0.070711
vn 0.030107 0.063981 -0.070711
vn 0.026173 0.065689 -0.070711
vn 0.013250 0.069458 -0.070711
vn 0.011440 0.069779 -0.070711
vn -0.004440 0.070571 -0.070711
vn -0.003828 0.070607 -0.070711
vn -0.018917 0.068133 -0.070711
vn -0.021851 0.067250 -0.070711
vn -0.033121 0.062474 -0.070711
vn -0.037889 0.059703 -0.070711
vn -0.045777 0.053893 -0.070711
vn -0.051546 0.048405 -0.070711
vn -0.056292 0.042792 -0.070711
vn -0.061964 0.034065 -0.070711
vn -0.064175 0.029691 -0.070711
vn -0.068489 0.017585 -0.070711
vn -0.066667 -0.074536 -0.000000
vn -0.053583 -0.084433 -0.000000
vn -0.066667 -0.074536 -0.000000
vn -0.072897 -0.068455 -0.000000
vn -0.082490 -0.056527 -0.000000
vn -0.087631 -0.048175 -0.000000
vn -0.093574 -0.035270 -0.000000
vn -0.096858 -0.024869 -0.000000
vn -0.099279 -0.011986 -0.000000
vn -0.100000 -0.000000 -0.000000
vn -0.099279 0.011986 -0.000000
vn -0.096858 0.024869 -0.000000
vn -0.093574 0.035270 -0.000000
vn -0.087631 0.048175 -0.000000
vn -0.082490 0.056527 -0.000000
vn -0.072897 0.068455 -0.000000
vn -0.066667 0.074536 -0.000000
vn -0.053583 0.084433 -0.000000
vn -0.046848 0.088348 -0.000000
vn -0.030902 0.095106 -0.000000
vn -0.024295 0.097004 -0.000000
vn -0.006279 0.099803 -0.000000
vn -0.000325 0.099999 -0.000000
vn 0.018738 0.098229 0.000000
vn 0.023665 0.097160 0.000000
vn 0.042578 0.090483 0.000000
vn 0.046273 0.088650 0.000000
vn 0.063742 0.077051 0.000000
vn 0.066181 0.074967 0.000000
vn 0.080902 0.058779 0.000000
vn 0.082227 0.056909 0.000000
vn 0.092978 0.036812 0.000000
vn 0.093475 0.035531 0.000000
vn 0.099211 0.012533 0.000000
vn 0.099268 0.012078 0.000000
vn 0.099268 -0.012078 0.000000
vn 0.099211 -0.012533 0.000000
vn 0.093475 -0.035531 0.000000
vn 0.092978 -0.036812 0.000000
vn 0.082227 -0.056909 0.000000
vn 0.080902 -0.058779 0.000000
vn 0.066181 -0.074967 0.000000
vn 0.063742 -0.077051 0.000000
vn 0.046273 -0.088650 0.000000
vn 0.042578 -0.090483 0.000000
vn 0.023665 -0.097160 0.000000
vn 0.018738 -0.098229 0.000000
vn -0.000325 -0.099999 -0.000000
vn -0.006279 -0.099803 -0.000000
vn -0.024295 -0.097004 -0.000000
vn -0.030902 -0.095106 -0.000000
vn -0.046848 -0.088348 -0.000000
vn -0.066667 0.074536 -0.000000
vn -0.068489 -0.017585 -0.070711
vn -0.069058 -0.015201 -0.070711
vn -0.070711 -0.000000 -0.070711
vn -0.070711 -0.000000 -0.070711
vn -0.069058 0.015201 -0.070711
vn -0.064175 -0.029691 -0.070711
vn -0.061964 -0.034065 -0.070711
vn -0.056292 -0.042792 -0.070711
vn -0.051546 -0.048405 -0.070711
vn -0.045777 -0.053893 -0.070711
vn -0.037889 -0.059703 -0.070711
vn -0.033121 -0.062474 -0.070711
vn -0.021851 -0.067250 -0.070711
vn -0.018917 -0.068133 -0.070711
vn -0.004440 -0.070571 -0.070711
vn -0.003828 -0.070607 -0.070711
vn 0.011440 -0.069779 -0.070711
vn 0.013250 -0.069458 -0.070711
vn 0.026173 -0.065689 -0.070711
vn 0.030107 -0.063981 -0.070711
vn 0.039682 -0.058526 -0.070711
vn 0.045073 -0.054484 -0.070711
vn 0.051336 -0.048628 -0.070711
vn 0.057206 -0.041563 -0.070711
vn 0.060589 -0.036455 -0.070711
vn 0.065745 -0.026030 -0.070711
vn 0.067009 -0.022578 -0.070711
vn 0.070153 -0.008862 -0.070711
vn 0.070296 -0.007645 -0.070711
vn 0.070153 0.008862 -0.070711
vn 0.070296 0.007645 -0.070711
vn 0.067009 0.022578 -0.070711
vn 0.065745 0.026030 -0.070711
vn 0.060589 0.036455 -0.070711
vn 0.057206 0.041563 -0.070711
vn 0.051336 0.048628 -0.070711
vn 0.045073 0.054484 -0.070711
vn 0.039682 0.058526 -0.070711
vn 0.030107 0.063981 -0.070711
vn 0.026173 0.065689 -0.070711
vn 0.013250 0.069458 -0.070711
vn 0.011440 0.069779 -0.070711
vn -0.004440 0.070571 -0.070711
vn -0.003828 0.070607 -0.070711
vn -0.018917 0.068133 -0.070711
vn -0.021851 0.067250 -0.070711
vn -0.033121 0.062474 -0.070711
vn -0.037889 0.059703 -0.070711
vn -0.045777 0.053893 -0.070711
vn -0.051546 0.048405 -0.070711
vn -0.056292 0.042792 -0.070711
vn -0.061964 0.034065 -0.070711
vn -0.064175 0.029691 -0.070711
vn -0.068489 0.017585 -0.070711
vn 0.025882 -0.096593 0.000000
vn 0.025882 -0.096593 0.000000
vn -0.000000 -0.100000 -0.000000
vn 0.000000 -0.100000 0.000000
vn -0.025882 -0.096593 -0.000000
vn -0.025882 -0.096593 -0.000000
vn -0.050000 -0.086603 -0.000000
vn -0.050000 -0.086603 -0.000000
vn -0.070711 -0.070711 -0.000000
vn -0.070711 -0.070711 -0.000000
vn -0.086603 -0.050000 -0.000000
vn -0.086603 -0.050000 -0.000000
vn -0.096593 -0.025882 -0.000000
vn -0.096593 -0.025882 -0.000000
vn -0.100000 -0.000000 -0.000000
vn -0.100000 -0.000000 -0.000000
vn -0.096593 0.025882 -0.000000
vn -0.096593 0.025882 -0.000000
vn -0.086603 0.050000 -0.000000
vn -0.086603 0.050000 -0.000000
vn -0.070711 0.070711 -0.000000
vn -0.070711 0.070711 -0.000000
vn -0.050000 0.086603 -0.000000
vn -0.050000 0.086603 -0.000000
vn -0.025882 0.096593 -0.000000
vn -0.025882 0.096593 -0.000000
vn -0.000000 0.100000 -0.000000
vn 0.000000 0.100000 0.000000
vn 0.025882 0.096593 0.000000
vn 0.025882 0.096593 0.000000
vn 0.050000 0.086603 0.000000
vn 0.050000 0.086603 0.000000
vn 0.070711 0.070711 0.000000
vn 0.070711 0.070711 0.000000
vn 0.086603 0.050000 0.000000
vn 0.086603 0.050000 0.000000
vn 0.096593 0.025882 0.000000
vn 0.096593 0.025882 0.000000
vn 0.100000 -0.000000 0.000000
vn 0.100000 -0.000000 0.000000
vn 0.096593 -0.025882 0.000000
vn 0.096593 -0.025882 0.000000
vn 0.086603 -0.050000 0.000000
vn 0.086603 -0.050000 0.000000
vn 0.070711 -0.070711 0.000000
vn 0.070711 -0.070711 0.000000
vn 0.050000 -0.086603 0.000000
vn 0.050000 -0.086603 0.000000
vn -0.068301 -0.018301 -0.070711
vn -0.068805 -0.016307 -0.070711
vn -0.070711 -0.000000 -0.070711
vn -0.070711 -0.000000 -0.070711
vn -0.068805 0.016307 -0.070711
vn -0.063189 -0.031735 -0.070711
vn -0.061237 -0.035355 -0.070711
vn -0.054168 -0.045452 -0.070711
vn -0.050000 -0.050000 -0.070711
vn -0.042225 -0.056719 -0.070711
vn -0.035355 -0.061237 -0.070711
vn -0.028007 -0.064928 -0.070711
vn -0.018301 -0.068301 -0.070711
vn -0.012279 -0.069636 -0.070711
vn 0.000000 -0.070711 -0.070711
vn 0.004111 -0.070591 -0.070711
vn 0.018301 -0.068301 -0.070711
vn 0.020280 -0.067740 -0.070711
vn 0.035355 -0.061237 -0.070711
vn 0.035355 -0.061237 -0.070711
vn 0.048525 -0.051433 -0.070711
vn 0.050000 -0.050000 -0.070711
vn 0.059078 -0.038856 -0.070711
vn 0.061237 -0.035355 -0.070711
vn 0.066446 -0.024184 -0.070711
vn 0.068301 -0.018301 -0.070711
vn 0.070233 -0.008209 -0.070711
vn 0.070711 0.000000 -0.070711
vn 0.070233 0.008209 -0.070711
vn 0.068301 0.018301 -0.070711
vn 0.066446 0.024184 -0.070711
vn 0.061237 0.035355 -0.070711
vn 0.059078 0.038856 -0.070711
vn 0.050000 0.050000 -0.070711
vn 0.048525 0.051433 -0.070711
vn 0.035355 0.061237 -0.070711
vn 0.035355 0.061237 -0.070711
vn 0.020280 0.067740 -0.070711
vn 0.018301 0.068301 -0.070711
vn 0.004111 0.070591 -0.070711
vn 0.000000 0.070711 -0.070711
vn -0.012279 0.069636 -0.070711
vn -0.018301 0.068301 -0.070711
vn -0.028007 0.064928 -0.070711
vn -0.035355 0.061237 -0.070711
vn -0.042225 0.056719 -0.070711
vn -0.050000 0.050000 -0.070711
vn -0.054168 0.045452 -0.070711
vn -0.061237 0.035355 -0.070711
vn -0.063189 0.031735 -0.070711
vn -0.068301 0.018301 -0.070711
vn 0.025882 -0.096593 0.000000
vn 0.025882 -0.096593 0.000000
vn -0.000000 -0.100000 -0.000000
vn 0.000000 -0.100000 0.000000
vn -0.025882 -0.096593 -0.000000
vn -0.025882 -0.096593 -0.000000
vn -0.050000 -0.086603 -0.000000
vn -0.050000 -0.086603 -0.000000
vn -0.070711 -0.070711 -0.000000
vn -0.070711 -0.070711 -0.000000
vn -0.086603 -0.050000 -0.000000
vn -0.086603 -0.050000 -0.000000
vn -0.096593 -0.025882 -0.000000
vn -0.096593 -0.025882 -0.000000
vn -0.100000 -0.000000 -0.000000
vn -0.100000 -0.000000 -0.000000
vn -0.096593 0.025882 -0.000000
vn -0.096593 0.025882 -0.000000
vn -0.086603 0.050000 -0.000000
vn -0.086603 0.050000 -0.000000
vn -0.070711 0.070711 -0.000000
vn -0.070711 0.070711 -0.000000
vn -0.050000 0.086603 -0.000000
vn -0.050000 0.086603 -0.000000
vn -0.025882 0.096593 -0.000000
vn -0.025882 0.096593 -0.000000
vn -0.000000 0.100000 -0.000000
vn 0.000000 0.100000 0.000000
vn 0.025882 0.096593 0.000000
vn 0.025882 0.096593 0.000000
vn 0.050000 0.086603 0.000000
vn 0.050000 0.086603 0.000000
vn 0.070711 0.070711 0.000000
vn 0.070711 0.070711 0.000000
vn 0.086603 0.050000 0.000000
vn 0.086603 0.050000 0.000000
vn 0.096593 0.025882 0.000000
vn 0.096593 0.025882 0.000000
vn 0.100000 -0.000000 0.000000
vn 0.100000 -0.000000 0.000000
vn 0.096593 -0.025882 0.000000
vn 0.096593 -0.025882 0.000000
vn 0.086603 -0.050000 0.000000
vn 0.086603 -0.050000 0.000000
vn 0.070711 -0.070711 0.000000
vn 0.070711 -0.070711 0.000000
vn 0.050000 -0.086603 0.000000
vn 0.050000 -0.086603 0.000000
vn -0.068301 -0.018301 -0.070711
vn -0.068805 -0.016307 -0.070711
vn -0.070711 -0.000000 -0.070711
vn -0.070711 -0.000000 -0.070711
vn -0.068805 0.016307 -0.070711
vn -0.063189 -0.031735 -0.070711
vn -0.061237 -0.035355 -0.070711
vn -0.054168 -0.045452 -0.070711
vn -0.050000 -0.050000 -0.070711
vn -0.042225 -0.056719 -0.070711
vn -0.035355 -0.061237 -0.070711
vn -0.028007 -0.064928 -0.070711
vn -0.018301 -0.068301 -0.070711
vn -0.012279 -0.069636 -0.070711
vn 0.000000 -0.070711 -0.070711
vn 0.004111 -0.070591 -0.070711
vn 0.018301 -0.068301 -0.070711
vn 0.020280 -0.067740 -0.070711
vn 0.035355 -0.061237 -0.070711
vn 0.035355 -0.061237 -0.070711
vn 0.048525 -0.051433 -0.070711
vn 0.050000 -0.050000 -0.070711
vn 0.059078 -0.038856 -0.070711
vn 0.061237 -0.035355 -0.070711
vn 0.066446 -0.024184 -0.070711
vn 0.068301 -0.018301 -0.070711
vn 0.070233 -0.008209 -0.070711
vn 0.070711 0.000000 -0.070711
vn 0.070233 0.008209 -0.070711
vn 0.068301 0.018301 -0.070711
vn 0.066446 0.024184 -0.070711
vn 0.061237 0.035355 -0.070711
vn 0.059078 0.038856 -0.070711
vn 0.050000 0.050000 -0.070711
vn 0.048525 0.051433 -0.070711
vn 0.035355 0.061237 -0.070711
vn 0.035355 0.061237 -0.070711
vn 0.020280 0.067740 -0.070711
vn 0.018301 0.068301 -0.070711
vn 0.004111 0.070591 -0.070711
vn 0.000000 0.070711 -0.070711
vn -0.012279 0.069636 -0.070711
vn -0.018301 0.068301 -0.070711
vn -0.028007 0.064928 -0.070711
vn -0.035355 0.061237 -0.070711
vn -0.042225 0.056719 -0.070711
vn -0.050000 0.050000 -0.070711
vn -0.054168 0.045452 -0.070711
vn -0.061237 0.035355 -0.070711
vn -0.063189 0.031735 -0.070711
vn -0.068301 0.018301 -0.070711
vn -0.096593 -0.025882 -0.000000
vn -0.096593 -0.025882 -0.000000
vn -0.100000 -0.000000 -0.000000
vn -0.100000 -0.000000 -0.000000
vn -0.096593 0.025882 -0.000000
vn -0.096593 0.025882 -0.000000
vn -0.086603 0.050000 -0.000000
vn -0.086603 0.050000 -0.000000
vn -0.070711 0.070711 -0.000000
vn -0.070711 0.070711 -0.000000
vn -0.050000 0.086603 -0.000000
vn -0.050000 0.086603 -0.000000
vn -0.025882 0.096593 -0.000000
vn -0.025882 0.096593 -0.000000
vn -0.000000 0.100000 -0.000000
vn 0.000000 0.100000 0.000000
vn 0.025882 0.096593 0.000000
vn 0.025882 0.096593 0.000000
vn 0.050000 0.086603 0.000000
vn 0.050000 0.086603 0.000000
vn 0.070711 0.070711 0.000000
vn 0.070711 0.070711 0.000000
vn 0.086603 0.050000 0.000000
vn 0.086603 0.050000 0.000000
vn 0.096593 0.025882 0.000000
vn 0.096593 0.025882 0.000000
vn 0.100000 -0.000000 0.000000
vn 0.100000 -0.000000 0.000000
vn 0.096593 -0.025882 0.000000
vn 0.096593 -0.025882 0.000000
vn 0.086603 -0.050000 0.000000
vn 0.086603 -0.050000 0.000000
vn 0.070711 -0.070711 0.000000
vn 0.070711 -0.070711 0.000000
vn 0.050000 -0.086603 0.000000
vn 0.050000 -0.086603 0.000000
vn 0.025882 -0.096593 0.000000
vn 0.025882 -0.096593 0.000000
vn -0.000000 -0.100000 -0.000000
vn 0.000000 -0.100000 0.000000
vn -0.025882 -0.096593 -0.000000
vn -0.025882 -0.096593 -0.000000
vn -0.050000 -0.086603 -0.000000
vn -0.050000 -0.086603 -0.000000
vn -0.070711 -0.070711 -0.000000
vn -0.070711 -0.070711 -0.000000
vn -0.086603 -0.050000 -0.000000
vn -0.086603 -0.050000 -0.000000
vn -0.068301 -0.018301 -0.070711
vn -0.068805 -0.016307 -0.070711
vn -0.070711 -0.000000 -0.070711
vn -0.070711 -0.000000 -0.070711
vn -0.068805 0.016307 -0.070711
vn -0.063189 -0.031735 -0.070711
vn -0.061237 -0.035355 -0.070711
vn -0.054168 -0.045452 -0.070711
vn -0.050000 -0.050000 -0.070711
vn -0.042225 -0.056719 -0.070711
vn -0.035355 -0.061237 -0.070711
vn -0.028007 -0.064928 -0.070711
vn -0.018301 -0.068301 -0.070711
vn -0.012279 -0.069636 -0.070711
vn 0.000000 -0.070711 -0.070711
vn 0.004111 -0.070591 -0.070711
vn 0.018301 -0.068301 -0.070711
vn 0.020280 -0.067740 -0.070711
vn 0.035355 -0.061237 -0.070711
vn 0.035355 -0.061237 -0.070711
vn 0.048525 -0.051433 -0.070711
vn 0.050000 -0.050000 -0.070711
vn 0.059078 -0.038856 -0.070711
vn 0.061237 -0.035355 -0.070711
vn 0.066446 -0.024184 -0.070711
vn 0.068301 -0.018301 -0.070711
vn 0.070233 -0.008209 -0.070711
vn 0.070711 0.000000 -0.070711
vn 0.070233 0.008209 -0.070711
vn 0.068301 0.018301 -0.070711
vn 0.066446 0.024184 -0.070711
vn 0.061237 0.035355 -0.070711
vn 0.059078 0.038856 -0.070711
vn 0.050000 0.050000 -0.070711
vn 0.048525 0.051433 -0.070711
vn 0.035355 0.061237 -0.070711
vn 0.035355 0.061237 -0.070711
vn 0.020280 0.067740 -0.070711
vn 0.018301 0.068301 -0.070711
vn 0.004111 0.070591 -0.070711
vn 0.000000 0.070711 -0.070711
vn -0.012279 0.069636 -0.070711
vn -0.018301 0.068301 -0.070711
vn -0.028007 0.064928 -0.070711
vn -0.035355 0.061237 -0.070711
vn -0.042225 0.056719 -0.070711
vn -0.050000 0.050000 -0.070711
vn -0.054168 0.045452 -0.070711
vn -0.061237 0.035355 -0.070711
vn -0.063189 0.031735 -0.070711
vn -0.068301 0.018301 -0.070711
vn -0.025882 0.096593 -0.000000
vn -0.025882 0.096593 -0.000000
vn -0.000000 0.100000 -0.000000
vn 0.000000 0.100000 0.000000
vn 0.025882 0.096593 0.000000
vn 0.025882 0.096593 0.000000
vn 0.050000 0.086603 0.000000
vn 0.050000 0.086603 0.000000
vn 0.070711 0.070711 0.000000
vn 0.070711 0.070711 0.000000
vn 0.086603 0.050000 0.000000
vn 0.086603 0.050000 0.000000
vn 0.096593 0.025882 0.000000
vn 0.096593 0.025882 0.000000
vn 0.100000 -0.000000 0.000000
vn 0.100000 -0.000000 0.000000
vn 0.096593 -0.025882 0.000000
vn 0.096593 -0.025882 0.000000
vn 0.086603 -0.050000 0.000000
vn 0.086603 -0.050000 0.000000
vn 0.070711 -0.070711 0.000000
vn 0.070711 -0.070711 0.000000
vn 0.050000 -0.086603 0.000000
vn 0.050000 -0.086603 0.000000
vn 0.025882 -0.096593 0.000000
vn 0.025882 -0.096593 0.000000
vn -0.000000 -0.100000 -0.000000
vn 0.000000 -0.100000 0.000000
vn -0.025882 -0.096593 -0.000000
vn -0.025882 -0.096593 -0.000000
vn -0.050000 -0.086603 -0.000000
vn -0.050000 -0.086603 -0.000000
vn -0.070711 -0.070711 -0.000000
vn -0.070711 -0.070711 -0.000000
vn -0.086603 -0.050000 -0.000000
vn -0.086603 -0.050000 -0.000000
vn -0.096593 -0.025882 -0.000000
vn -0.096593 -0.025882 -0.000000
vn -0.100000 -0.000000 -0.000000
vn -0.100000 -0.000000 -0.000000
vn -0.096593 0.025882 -0.000000
vn -0.096593 0.025882 -0.000000
vn -0.086603 0.050000 -0.000000
vn -0.086603 0.050000 -0.000000
vn -0.070711 0.070711 -0.000000
vn -0.070711 0.070711 -0.000000
vn -0.050000 0.086603 -0.000000
vn -0.050000 0.086603 -0.000000
vn -0.068301 -0.018301 -0.070711
vn -0.068805 -0.016307 -0.070711
vn -0.070711 -0.000000 -0.070711
vn -0.070711 -0.000000 -0.070711
vn -0.068805 0.016307 -0.070711
vn -0.063189 -0.031735 -0.070711
vn -0.061237 -0.035355 -0.070711
vn -0.054168 -0.045452 -0.070711
vn -0.050000 -0.050000 -0.070711
vn -0.042225 -0.056719 -0.070711
vn -0.035355 -0.061237 -0.070711
vn -0.028007 -0.064928 -0.070711
vn -0.018301 -0.068301 -0.070711
vn -0.012279 -0.069636 -0.070711
vn 0.000000 -0.070711 -0.070711
vn 0.004111 -0.070591 -0.070711
vn 0.018301 -0.068301 -0.070711
vn 0.020280 -0.067740 -0.070711
vn 0.035355 -0.061237 -0.070711
vn 0.035355 -0.061237 -0.070711
vn 0.048525 -0.051433 -0.070711
vn 0.050000 -0.050000 -0.070711
vn 0.059078 -0.038856 -0.070711
vn 0.061237 -0.035355 -0.070711
vn 0.066446 -0.024184 -0.070711
vn 0.068301 -0.018301 -0.070711
vn 0.070233 -0.008209 -0.070711
vn 0.070711 0.000000 -0.070711
vn 0.070233 0.008209 -0.070711
vn 0.068301 0.018301 -0.070711
vn 0.066446 0.024184 -0.070711
vn 0.061237 0.035355 -0.070711
vn 0.059078 0.038856 -0.070711
vn 0.050000 0.050000 -0.070711
vn 0.048525 0.051433 -0.070711
vn 0.035355 0.061237 -0.070711
vn 0.035355 0.061237 -0.070711
vn 0.020280 0.067740 -0.070711
vn 0.018301 0.068301 -0.070711
vn 0.004111 0.070591 -0.070711
vn 0.000000 0.070711 -0.070711
vn -0.012279 0.069636 -0.070711
vn -0.018301 0.068301 -0.070711
vn -0.028007 0.064928 -0.070711
vn -0.035355 0.061237 -0.070711
vn -0.042225 0.056719 -0.070711
vn -0.050000 0.050000 -0.070711
vn -0.054168 0.045452 -0.070711
vn -0.061237 0.035355 -0.070711
vn -0.063189 0.031735 -0.070711
vn -0.068301 0.018301 -0.070711
vn 0.000000 -0.000000 -0.100000
vn 0.000000 -0.000000 -0.100000
vn 0.000000 -0.000000 -0.100000
vn 0.000000 -0.000000 -0.100000
vn 0.000000 -0.000000 -0.100000
vn 0.000000 -0.000000 -0.100000
vn 0.000000 -0.000000 -0.100000
vn 0.000000 -0.000000 -0.100000
vn 0.000000 -0.000000 -0.100000
vn 0.000000 -0.000000 -0.100000
vn 0.000000 -0.000000 -0.100000
vn 0.000000 -0.000000 -0.100000
vn 0.000000 -0.000000 -0.100000
vn 0.000000 -0.000000 -0.100000
vn 0.000000 -0.000000 -0.100000
vn 0.000000 -0.000000 -0.100000
vn 0.000000 -0.000000 -0.100000
vn 0.000000 -0.000000 -0.100000
vn 0.000000 -0.000000 -0.100000
vn 0.000000 -0.000000 -0.100000
vn 0.000000 -0.000000 -0.100000
vn 0.000000 -0.000000 -0.100000
vn 0.000000 -0.000000 -0.100000
vn 0.000000 -0.000000 -0.100000
vn 0.000000 -0.000000 -0.100000
vn 0.000000 -0.000000 -0.100000
vn 0.000000 -0.000000 -0.100000
vn 0.000000 -0.000000 -0.100000
vn 0.000000 -0.000000 -0.100000
vn 0.000000 -0.000000 -0.100000
vn 0.000000 -0.000000 -0.100000
vn 0.000000 -0.000000 -0.100000
vn 0.000000 -0.000000 -0.100000
vn 0.000000 -0.000000 -0.100000
vn 0.000000 -0.000000 -0.100000
vn 0.000000 -0.000000 -0.100000
vn 0.000000 -0.000000 -0.100000
vn 0.000000 -0.000000 -0.100000
vn 0.000000 -0.000000 -0.100000
vn 0.000000 -0.000000 -0.100000
vn 0.000000 -0.000000 -0.100000
vn 0.000000 -0.000000 -0.100000
vn 0.000000 -0.000000 -0.100000
vn 0.000000 -0.000000 -0.100000
vn 0.000000 0.000000 -0.100000
vn 0.000000 0.000000 -0.100000
vn 0.000000 0.000000 -0.100000
vn 0.000000 0.000000 -0.100000
vn 0.000000 0.000000 -0.100000
vn 0.000000 0.000000 -0.100000
vn 0.000000 0.000000 -0.100000
vn 0.000000 0.000000 -0.100000
vn -0.100000 0.000000 -0.000000
vn -0.100000 0.000000 -0.000000
vn -0.100000 0.000000 -0.000000
vn -0.100000 0.000000 -0.000000
usemtl ABS_(White)
f 22/1/1 1/2/2 21/3/3
f 21/3/3 1/2/2 2/4/4
f 21/3/3 2/4/4 20/5/5
f 20/5/5 2/4/4 3/6/6
f 20/5/5 3/6/6 19/7/7
f 19/7/7 3/6/6 4/8/8
f 19/7/7 4/8/8 18/9/9
f 18/9/9 4/8/8 5/10/10
f 18/9/9 5/10/10 17/11/11
f 17/11/11 5/10/10 6/12/12
f 17/11/11 6/12/12 16/13/13
f 16/13/13 6/12/12 7/14/14
f 16/13/13 7/14/14 15/15/15
f 15/15/15 7/14/14 8/16/16
f 15/15/15 8/16/16 14/17/17
f 14/17/17 8/16/16 9/18/18
f 14/17/17 9/18/18 13/19/19
f 13/19/19 9/18/18 10/20/20
f 13/19/19 10/20/20 12/21/21
f 12/21/21 10/20/20 11/22/22
f 1/23/2 22/24/1 24/25/23
f 24/25/23 22/24/1 23/26/24
f 26/27/25 235/28/26 25/29/27
f 25/29/27 235/28/26 236/30/28
f 25/29/27 236/30/28 51/31/29
f 51/31/29 236/30/28 237/32/30
f 51/31/29 237/32/30 50/33/31
f 50/33/31 237/32/30 238/34/32
f 50/33/31 238/34/32 49/35/33
f 49/35/33 238/34/32 239/36/34
f 49/35/33 239/36/34 48/37/35
f 48/37/35 239/36/34 240/38/36
f 48/37/35 240/38/36 47/39/37
f 47/39/37 240/38/36 241/40/38
f 47/39/37 241/40/38 46/41/39
f 46/41/39 241/40/38 174/42/40
f 46/41/39 174/42/40 175/43/41
f 235/28/26 26/27/25 234/44/42
f 234/44/42 26/27/25 27/45/43
f 234/44/42 27/45/43 233/46/44
f 233/46/44 27/45/43 28/47/45
f 233/46/44 28/47/45 232/48/46
f 232/48/46 28/47/45 29/49/47
f 232/48/46 29/49/47 231/50/48
f 231/50/48 29/49/47 292/51/49
f 231/50/48 292/51/49 230/52/50
f 230/52/50 292/51/49 12/53/51
f 230/52/50 12/53/51 229/54/52
f 229/54/52 12/53/51 228/55/53
f 228/55/53 12/53/51 227/56/54
f 227/56/54 12/53/51 226/57/55
f 226/57/55 12/53/51 225/58/56
f 225/58/56 12/53/51 224/59/57
f 224/59/57 12/53/51 223/60/58
f 223/60/58 12/53/51 222/61/59
f 222/61/59 12/53/51 249/62/60
f 222/61/59 249/62/60 248/63/61
f 248/63/61 249/62/60 196/64/62
f 248/63/61 196/64/62 197/65/63
f 29/49/47 30/66/64 292/51/49
f 292/51/49 30/66/64 31/67/65
f 292/51/49 31/67/65 142/68/66
f 142/68/66 31/67/65 32/69/67
f 142/68/66 32/69/67 141/70/68
f 141/70/68 32/69/67 140/71/69
f 140/71/69 32/69/67 33/72/70
f 140/71/69 33/72/70 139/73/71
f 139/73/71 33/72/70 34/74/72
f 139/73/71 34/74/72 167/75/73
f 167/75/73 34/74/72 35/76/74
f 167/75/73 35/76/74 166/77/75
f 166/77/75 35/76/74 36/78/76
f 166/77/75 36/78/76 165/79/77
f 165/79/77 36/78/76 37/80/78
f 165/79/77 37/80/78 164/81/79
f 164/81/79 37/80/78 38/82/80
f 164/81/79 38/82/80 163/83/81
f 163/83/81 38/82/80 39/84/82
f 163/83/81 39/84/82 162/85/83
f 162/85/83 39/84/82 40/86/84
f 162/85/83 40/86/84 161/87/85
f 161/87/85 40/86/84 41/88/86
f 161/87/85 41/88/86 42/89/87
f 161/87/85 42/89/87 160/90/88
f 160/90/88 42/89/87 43/91/89
f 160/90/88 43/91/89 177/92/90
f 177/92/90 43/91/89 44/93/91
f 177/92/90 44/93/91 176/94/92
f 176/94/92 44/93/91 45/95/93
f 176/94/92 45/95/93 175/43/41
f 175/43/41 45/95/93 46/41/39
f 53/96/94 153/97/95 52/98/96
f 52/98/96 153/97/95 154/99/97
f 52/98/96 154/99/97 80/100/98
f 80/100/98 154/99/97 155/101/99
f 80/100/98 155/101/99 79/102/100
f 79/102/100 155/101/99 156/103/101
f 79/102/100 156/103/101 78/104/102
f 78/104/102 156/103/101 157/105/103
f 78/104/102 157/105/103 77/106/104
f 77/106/104 157/105/103 158/107/105
f 77/106/104 158/107/105 76/108/106
f 76/108/106 158/107/105 159/109/107
f 76/108/106 159/109/107 86/110/108
f 86/110/108 159/109/107 119/111/109
f 86/110/108 119/111/109 120/112/110
f 153/97/95 53/96/94 152/113/111
f 152/113/111 53/96/94 54/114/112
f 152/113/111 54/114/112 151/115/113
f 151/115/113 54/114/112 55/116/114
f 151/115/113 55/116/114 150/117/115
f 150/117/115 55/116/114 56/118/116
f 150/117/115 56/118/116 149/119/117
f 149/119/117 56/118/116 57/120/118
f 149/119/117 57/120/118 148/121/119
f 148/121/119 57/120/118 291/122/120
f 148/121/119 291/122/120 147/123/121
f 147/123/121 291/122/120 292/51/49
f 147/123/121 292/51/49 146/124/122
f 146/124/122 292/51/49 145/125/123
f 145/125/123 292/51/49 144/126/124
f 144/126/124 292/51/49 143/127/125
f 143/127/125 292/51/49 142/68/66
f 57/120/118 58/128/126 291/122/120
f 291/122/120 58/128/126 59/129/127
f 291/122/120 59/129/127 60/130/128
f 60/130/128 61/131/129 291/122/120
f 291/122/120 61/131/129 62/132/130
f 291/122/120 62/132/130 63/133/131
f 63/133/131 64/134/132 291/122/120
f 291/122/120 64/134/132 271/135/133
f 291/122/120 271/135/133 272/136/134
f 64/134/132 65/137/135 271/135/133
f 271/135/133 65/137/135 66/138/136
f 271/135/133 66/138/136 67/139/137
f 67/139/137 68/140/138 271/135/133
f 271/135/133 68/140/138 69/141/139
f 271/135/133 69/141/139 70/142/140
f 70/142/140 71/143/141 271/135/133
f 271/135/133 71/143/141 270/144/142
f 270/144/142 71/143/141 72/145/143
f 270/144/142 72/145/143 90/146/144
f 90/146/144 72/145/143 89/147/145
f 89/147/145 72/145/143 73/148/146
f 89/147/145 73/148/146 88/149/147
f 88/149/147 73/148/146 74/150/148
f 88/149/147 74/150/148 75/151/149
f 88/149/147 75/151/149 87/152/150
f 87/152/150 75/151/149 76/108/106
f 87/152/150 76/108/106 86/110/108
f 82/153/151 124/154/152 81/155/153
f 81/155/153 124/154/152 125/156/154
f 81/155/153 125/156/154 109/157/155
f 109/157/155 125/156/154 126/158/156
f 109/157/155 126/158/156 108/159/157
f 108/159/157 126/158/156 127/160/158
f 108/159/157 127/160/158 107/161/159
f 107/161/159 127/160/158 128/162/160
f 107/161/159 128/162/160 106/163/161
f 106/163/161 128/162/160 129/164/162
f 106/163/161 129/164/162 105/165/163
f 105/165/163 129/164/162 130/166/164
f 105/165/163 130/166/164 104/167/165
f 104/167/165 130/166/164 131/168/166
f 104/167/165 131/168/166 103/169/167
f 103/169/167 131/168/166 260/170/168
f 103/169/167 260/170/168 102/171/169
f 102/171/169 260/170/168 101/172/170
f 101/172/170 260/170/168 100/173/171
f 100/173/171 260/170/168 99/174/172
f 99/174/172 260/170/168 98/175/173
f 98/175/173 260/170/168 97/176/174
f 97/176/174 260/170/168 96/177/175
f 96/177/175 260/170/168 268/178/176
f 96/177/175 268/178/176 269/179/177
f 124/154/152 82/153/151 123/180/178
f 123/180/178 82/153/151 83/181/179
f 123/180/178 83/181/179 122/182/180
f 122/182/180 83/181/179 84/183/181
f 122/182/180 84/183/181 121/184/182
f 121/184/182 84/183/181 85/185/183
f 121/184/182 85/185/183 120/112/110
f 120/112/110 85/185/183 86/110/108
f 90/146/144 91/186/184 270/144/142
f 270/144/142 91/186/184 92/187/185
f 270/144/142 92/187/185 93/188/186
f 93/188/186 94/189/187 270/144/142
f 270/144/142 94/189/187 95/190/188
f 270/144/142 95/190/188 269/179/177
f 269/179/177 95/190/188 96/177/175
f 111/191/189 186/192/190 110/193/191
f 110/193/191 186/192/190 187/194/192
f 110/193/191 187/194/192 138/195/193
f 138/195/193 187/194/192 188/196/194
f 138/195/193 188/196/194 137/197/195
f 137/197/195 188/196/194 136/198/196
f 136/198/196 188/196/194 189/199/197
f 136/198/196 189/199/197 135/200/198
f 135/200/198 189/199/197 259/201/199
f 135/200/198 259/201/199 134/202/200
f 134/202/200 259/201/199 133/203/201
f 133/203/201 259/201/199 132/204/202
f 132/204/202 259/201/199 260/170/168
f 132/204/202 260/170/168 131/168/166
f 186/192/190 111/191/189 185/205/203
f 185/205/203 111/191/189 112/206/204
f 185/205/203 112/206/204 184/207/205
f 184/207/205 112/206/204 113/208/206
f 184/207/205 113/208/206 183/209/207
f 183/209/207 113/208/206 114/210/208
f 183/209/207 114/210/208 182/211/209
f 182/211/209 114/210/208 115/212/210
f 182/211/209 115/212/210 181/213/211
f 181/213/211 115/212/210 116/214/212
f 181/213/211 116/214/212 180/215/213
f 180/215/213 116/214/212 117/216/214
f 180/215/213 117/216/214 179/217/215
f 179/217/215 117/216/214 178/218/216
f 178/218/216 117/216/214 118/219/217
f 178/218/216 118/219/217 177/92/90
f 177/92/90 118/219/217 160/90/88
f 160/90/88 118/219/217 159/109/107
f 159/109/107 118/219/217 119/111/109
f 169/220/218 208/221/219 168/222/220
f 168/222/220 208/221/219 209/223/221
f 168/222/220 209/223/221 194/224/222
f 194/224/222 209/223/221 210/225/223
f 194/224/222 210/225/223 193/226/224
f 193/226/224 210/225/223 211/227/225
f 193/226/224 211/227/225 192/228/226
f 192/228/226 211/227/225 212/229/227
f 192/228/226 212/229/227 191/230/228
f 191/230/228 212/229/227 259/201/199
f 191/230/228 259/201/199 190/231/229
f 190/231/229 259/201/199 189/199/197
f 208/221/219 169/220/218 207/232/230
f 207/232/230 169/220/218 170/233/231
f 207/232/230 170/233/231 206/234/232
f 206/234/232 170/233/231 171/235/233
f 206/234/232 171/235/233 205/236/234
f 205/236/234 171/235/233 172/237/235
f 205/236/234 172/237/235 204/238/236
f 204/238/236 172/237/235 173/239/237
f 204/238/236 173/239/237 203/240/238
f 203/240/238 173/239/237 174/42/40
f 203/240/238 174/42/40 241/40/38
f 221/241/239 195/242/240 249/62/60
f 249/62/60 195/242/240 196/64/62
f 248/63/61 197/65/63 247/243/241
f 247/243/241 197/65/63 198/244/242
f 247/243/241 198/244/242 246/245/243
f 246/245/243 198/244/242 199/246/244
f 246/245/243 199/246/244 245/247/245
f 245/247/245 199/246/244 200/248/246
f 245/247/245 200/248/246 244/249/247
f 244/249/247 200/248/246 201/250/248
f 244/249/247 201/250/248 243/251/249
f 243/251/249 201/250/248 202/252/250
f 243/251/249 202/252/250 242/253/251
f 242/253/251 202/252/250 241/40/38
f 241/40/38 202/252/250 203/240/238
f 212/229/227 213/254/252 259/201/199
f 259/201/199 213/254/252 214/255/253
f 259/201/199 214/255/253 253/256/254
f 253/256/254 214/255/253 252/257/255
f 252/257/255 214/255/253 251/258/256
f 251/258/256 214/255/253 215/259/257
f 251/258/256 215/259/257 250/260/258
f 250/260/258 215/259/257 249/62/60
f 249/62/60 215/259/257 216/261/259
f 249/62/60 216/261/259 217/262/260
f 217/262/260 218/263/261 249/62/60
f 249/62/60 218/263/261 219/264/262
f 249/62/60 219/264/262 220/265/263
f 220/265/263 221/241/239 249/62/60
f 21/266/264 20/267/265 22/268/266
f 22/268/266 20/267/265 19/269/267
f 22/268/266 19/269/267 18/270/268
f 18/270/268 17/271/269 22/268/266
f 22/268/266 17/271/269 16/272/270
f 22/268/266 16/272/270 292/51/49
f 292/51/49 16/272/270 15/273/271
f 292/51/49 15/273/271 14/274/272
f 14/274/272 13/275/273 292/51/49
f 292/51/49 13/275/273 12/53/51
f 253/256/254 254/276/274 259/201/199
f 259/201/199 254/276/274 255/277/275
f 259/201/199 255/277/275 256/278/276
f 256/278/276 257/279/277 259/201/199
f 259/201/199 257/279/277 258/280/278
f 261/281/279 262/282/280 260/170/168
f 260/170/168 262/282/280 263/283/281
f 260/170/168 263/283/281 264/284/282
f 264/284/282 265/285/283 260/170/168
f 260/170/168 265/285/283 266/286/284
f 260/170/168 266/286/284 267/287/285
f 267/287/285 268/178/176 260/170/168
f 272/136/134 273/288/286 291/122/120
f 291/122/120 273/288/286 274/289/287
f 291/122/120 274/289/287 275/290/288
f 291/122/120 275/290/288 281/291/289
f 281/291/289 275/290/288 276/292/290
f 281/291/289 276/292/290 277/293/291
f 277/293/291 278/294/292 281/291/289
f 281/291/289 278/294/292 279/295/293
f 281/291/289 279/295/293 280/296/294
f 281/291/289 282/297/295 291/122/120
f 291/122/120 282/297/295 283/298/296
f 291/122/120 283/298/296 284/299/297
f 284/299/297 285/300/298 291/122/120
f 291/122/120 285/300/298 286/301/299
f 291/122/120 286/301/299 287/302/300
f 287/302/300 288/303/301 291/122/120
f 291/122/120 288/303/301 289/304/302
f 291/122/120 289/304/302 290/305/303
f 293/306/304 294/307/305 292/51/49
f 292/51/49 294/307/305 295/308/306
f 292/51/49 295/308/306 296/309/307
f 296/309/307 297/310/308 292/51/49
f 292/51/49 297/310/308 298/311/309
f 292/51/49 298/311/309 299/312/310
f 299/312/310 300/313/311 292/51/49
f 292/51/49 300/313/311 23/314/312
f 292/51/49 23/314/312 22/268/266
f 302/315/313 367/316/314 301/317/315
f 301/317/315 367/316/314 387/318/316
f 301/317/315 387/318/316 366/319/317
f 366/319/317 387/318/316 386/320/318
f 366/319/317 386/320/318 544/321/319
f 544/321/319 386/320/318 385/322/320
f 544/321/319 385/322/320 545/323/321
f 545/323/321 385/322/320 384/324/322
f 545/323/321 384/324/322 546/325/323
f 546/325/323 384/324/322 383/326/324
f 546/325/323 383/326/324 547/327/325
f 547/327/325 383/326/324 327/328/326
f 547/327/325 327/328/326 328/329/327
f 303/330/328 388/331/329 302/315/313
f 302/315/313 388/331/329 396/332/330
f 302/315/313 396/332/330 367/316/314
f 367/316/314 396/332/330 395/333/331
f 367/316/314 395/333/331 379/334/332
f 379/334/332 395/333/331 394/335/333
f 379/334/332 394/335/333 380/336/334
f 380/336/334 394/335/333 393/337/335
f 380/336/334 393/337/335 381/338/336
f 381/338/336 393/337/335 392/339/337
f 381/338/336 392/339/337 382/340/338
f 382/340/338 392/339/337 357/341/339
f 382/340/338 357/341/339 326/342/340
f 388/331/329 303/330/328 369/343/341
f 369/343/341 303/330/328 304/344/342
f 369/343/341 304/344/342 410/345/343
f 410/345/343 304/344/342 401/346/344
f 410/345/343 401/346/344 402/347/345
f 402/347/345 401/346/344 411/348/346
f 402/347/345 411/348/346 412/349/347
f 412/349/347 411/348/346 422/350/348
f 412/349/347 422/350/348 421/351/349
f 421/351/349 422/350/348 418/352/350
f 421/351/349 418/352/350 419/353/351
f 419/353/351 418/352/350 428/354/352
f 419/353/351 428/354/352 350/355/353
f 350/355/353 428/354/352 434/356/354
f 350/355/353 434/356/354 349/357/355
f 349/357/355 434/356/354 433/358/356
f 349/357/355 433/358/356 348/359/357
f 348/359/357 433/358/356 442/360/358
f 348/359/357 442/360/358 347/361/359
f 347/361/359 442/360/358 448/362/360
f 347/361/359 448/362/360 346/363/361
f 346/363/361 448/362/360 447/364/362
f 346/363/361 447/364/362 345/365/363
f 345/365/363 447/364/362 456/366/364
f 345/365/363 456/366/364 373/367/365
f 373/367/365 456/366/364 455/368/366
f 373/367/365 455/368/366 462/369/367
f 462/369/367 455/368/366 454/370/368
f 462/369/367 454/370/368 463/371/369
f 463/371/369 454/370/368 453/372/370
f 463/371/369 453/372/370 464/373/371
f 464/373/371 453/372/370 374/374/372
f 464/373/371 374/374/372 465/375/373
f 465/375/373 374/374/372 312/376/374
f 465/375/373 312/376/374 457/377/375
f 457/377/375 312/376/374 313/378/376
f 457/377/375 313/378/376 375/379/377
f 375/379/377 313/378/376 314/380/378
f 375/379/377 314/380/378 479/381/379
f 479/381/379 314/380/378 470/382/380
f 479/381/379 470/382/380 471/383/381
f 471/383/381 470/382/380 480/384/382
f 471/383/381 480/384/382 481/385/383
f 481/385/383 480/384/382 490/386/384
f 481/385/383 490/386/384 489/387/385
f 489/387/385 490/386/384 486/388/386
f 489/387/385 486/388/386 487/389/387
f 487/389/387 486/388/386 496/390/388
f 487/389/387 496/390/388 338/391/389
f 338/391/389 496/390/388 337/392/390
f 337/392/390 496/390/388 502/393/391
f 337/392/390 502/393/391 336/394/392
f 336/394/392 502/393/391 501/395/393
f 336/394/392 501/395/393 335/396/394
f 335/396/394 501/395/393 511/397/395
f 335/396/394 511/397/395 334/398/396
f 334/398/396 511/397/395 362/399/397
f 334/400/396 362/401/397 516/402/398
f 516/402/398 362/401/397 361/403/399
f 516/402/398 361/403/399 515/404/400
f 515/404/400 361/403/399 360/405/401
f 515/404/400 360/405/401 514/406/402
f 514/406/402 360/405/401 359/407/403
f 514/406/402 359/407/403 513/408/404
f 513/408/404 359/407/403 358/409/405
f 513/408/404 358/409/405 512/410/406
f 512/410/406 358/409/405 320/411/407
f 512/410/406 320/411/407 321/412/408
f 304/344/342 305/413/409 401/346/344
f 401/346/344 305/413/409 370/414/410
f 401/346/344 370/414/410 411/348/346
f 411/348/346 370/414/410 423/415/411
f 411/348/346 423/415/411 422/350/348
f 422/350/348 423/415/411 417/416/412
f 422/350/348 417/416/412 418/352/350
f 418/352/350 417/416/412 427/417/413
f 418/352/350 427/417/413 428/354/352
f 428/354/352 427/417/413 434/356/354
f 305/413/409 306/418/414 370/414/410
f 370/414/410 306/418/414 424/419/415
f 370/414/410 424/419/415 423/415/411
f 423/415/411 424/419/415 416/420/416
f 423/415/411 416/420/416 417/416/412
f 417/416/412 416/420/416 426/421/417
f 417/416/412 426/421/417 427/417/413
f 427/417/413 426/421/417 435/422/418
f 427/417/413 435/422/418 434/356/354
f 434/356/354 435/422/418 433/358/356
f 424/419/415 306/418/414 415/423/419
f 415/423/419 306/418/414 307/424/420
f 415/423/419 307/424/420 371/425/421
f 371/425/421 307/424/420 308/426/422
f 371/425/421 308/426/422 438/427/423
f 438/427/423 308/426/422 429/428/424
f 438/427/423 429/428/424 430/429/425
f 430/429/425 429/428/424 439/430/426
f 430/429/425 439/430/426 440/431/427
f 440/431/427 439/430/426 450/432/428
f 440/431/427 450/432/428 449/433/429
f 449/433/429 450/432/428 446/434/430
f 449/433/429 446/434/430 447/364/362
f 447/364/362 446/434/430 456/366/364
f 308/426/422 309/435/431 429/428/424
f 429/428/424 309/435/431 372/436/432
f 429/428/424 372/436/432 439/430/426
f 439/430/426 372/436/432 451/437/433
f 439/430/426 451/437/433 450/432/428
f 450/432/428 451/437/433 445/438/434
f 450/432/428 445/438/434 446/434/430
f 446/434/430 445/438/434 455/368/366
f 446/434/430 455/368/366 456/366/364
f 309/435/431 310/439/435 372/436/432
f 372/436/432 310/439/435 452/440/436
f 372/436/432 452/440/436 451/437/433
f 451/437/433 452/440/436 444/441/437
f 451/437/433 444/441/437 445/438/434
f 445/438/434 444/441/437 454/370/368
f 445/438/434 454/370/368 455/368/366
f 452/440/436 310/439/435 443/442/438
f 443/442/438 310/439/435 311/443/439
f 443/442/438 311/443/439 374/374/372
f 374/374/372 311/443/439 312/376/374
f 314/380/378 315/444/440 470/382/380
f 470/382/380 315/444/440 377/445/441
f 470/382/380 377/445/441 480/384/382
f 480/384/382 377/445/441 491/446/442
f 480/384/382 491/446/442 490/386/384
f 490/386/384 491/446/442 485/447/443
f 490/386/384 485/447/443 486/388/386
f 486/388/386 485/447/443 495/448/444
f 486/388/386 495/448/444 496/390/388
f 496/390/388 495/448/444 502/393/391
f 315/444/440 316/449/445 377/445/441
f 377/445/441 316/449/445 492/450/446
f 377/445/441 492/450/446 491/446/442
f 491/446/442 492/450/446 484/451/447
f 491/446/442 484/451/447 485/447/443
f 485/447/443 484/451/447 494/452/448
f 485/447/443 494/452/448 495/448/444
f 495/448/444 494/452/448 503/453/449
f 495/448/444 503/453/449 502/393/391
f 502/393/391 503/453/449 501/395/393
f 492/450/446 316/449/445 483/454/450
f 483/454/450 316/449/445 317/455/451
f 483/454/450 317/455/451 378/456/452
f 378/456/452 317/455/451 318/457/453
f 378/456/452 318/457/453 506/458/454
f 506/458/454 318/457/453 497/459/455
f 506/458/454 497/459/455 498/460/456
f 498/460/456 497/459/455 508/461/457
f 498/460/456 508/461/457 509/462/458
f 509/462/458 508/461/457 360/463/401
f 509/462/458 360/463/401 361/464/399
f 318/457/453 319/465/459 497/459/455
f 497/459/455 319/465/459 507/466/460
f 497/459/455 507/466/460 508/461/457
f 508/461/457 507/466/460 359/467/403
f 508/461/457 359/467/403 360/463/401
f 319/468/459 320/411/407 507/469/460
f 507/469/460 320/411/407 358/409/405
f 507/466/460 358/470/405 359/467/403
f 512/410/406 321/412/408 363/471/461
f 363/471/461 321/412/408 322/472/462
f 363/471/461 322/472/462 530/473/463
f 530/473/463 322/472/462 521/474/464
f 530/473/463 521/474/464 522/475/465
f 522/475/465 521/474/464 531/476/466
f 522/475/465 531/476/466 532/477/467
f 532/477/467 531/476/466 541/478/468
f 532/477/467 541/478/468 540/479/469
f 540/479/469 541/478/468 538/480/470
f 540/479/469 538/480/470 364/481/471
f 364/481/471 538/480/470 547/327/325
f 364/481/471 547/327/325 328/329/327
f 322/472/462 323/482/472 521/474/464
f 521/474/464 323/482/472 365/483/473
f 521/474/464 365/483/473 531/476/466
f 531/476/466 365/483/473 542/484/474
f 531/476/466 542/484/474 541/478/468
f 541/478/468 542/484/474 537/485/475
f 541/478/468 537/485/475 538/480/470
f 538/480/470 537/485/475 546/325/323
f 538/480/470 546/325/323 547/327/325
f 323/482/472 324/486/476 365/483/473
f 365/483/473 324/486/476 543/487/477
f 365/483/473 543/487/477 542/484/474
f 542/484/474 543/487/477 536/488/478
f 542/484/474 536/488/478 537/485/475
f 537/485/475 536/488/478 545/323/321
f 537/485/475 545/323/321 546/325/323
f 543/487/477 324/486/476 535/489/479
f 535/489/479 324/486/476 325/490/480
f 535/489/479 325/490/480 366/319/317
f 366/319/317 325/490/480 301/317/315
f 382/340/338 326/342/340 383/326/324
f 383/326/324 326/342/340 327/328/326
f 328/329/327 329/491/481 364/481/471
f 364/481/471 329/491/481 539/492/482
f 364/481/471 539/492/482 540/479/469
f 540/479/469 539/492/482 533/493/483
f 540/479/469 533/493/483 532/477/467
f 532/477/467 533/493/483 523/494/484
f 532/477/467 523/494/484 522/475/465
f 522/475/465 523/494/484 529/495/485
f 522/475/465 529/495/485 530/473/463
f 530/473/463 529/495/485 363/471/461
f 539/492/482 329/491/481 534/496/486
f 534/496/486 329/491/481 330/497/487
f 534/496/486 330/497/487 525/498/488
f 525/498/488 330/497/487 331/499/489
f 525/498/488 331/499/489 526/500/490
f 526/500/490 331/499/489 332/501/491
f 526/500/490 332/501/491 520/502/492
f 520/502/492 332/501/491 333/503/493
f 520/502/492 333/503/493 516/402/398
f 516/402/398 333/503/493 334/400/396
f 338/391/389 339/504/494 487/389/387
f 487/389/387 339/504/494 488/505/495
f 487/389/387 488/505/495 489/387/385
f 489/387/385 488/505/495 482/506/496
f 489/387/385 482/506/496 481/385/383
f 481/385/383 482/506/496 472/507/497
f 481/385/383 472/507/497 471/383/381
f 471/383/381 472/507/497 478/508/498
f 471/383/381 478/508/498 479/381/379
f 479/381/379 478/508/498 375/379/377
f 488/505/495 339/504/494 376/509/499
f 376/509/499 339/504/494 340/510/500
f 376/509/499 340/510/500 474/511/501
f 474/511/501 340/510/500 341/512/502
f 474/511/501 341/512/502 475/513/503
f 475/513/503 341/512/502 342/514/504
f 475/513/503 342/514/504 469/515/505
f 469/515/505 342/514/504 343/516/506
f 469/515/505 343/516/506 461/517/507
f 461/517/507 343/516/506 344/518/508
f 461/517/507 344/518/508 373/367/365
f 373/367/365 344/518/508 345/365/363
f 350/355/353 351/519/509 419/353/351
f 419/353/351 351/519/509 420/520/510
f 419/353/351 420/520/510 421/351/349
f 421/351/349 420/520/510 413/521/511
f 421/351/349 413/521/511 412/349/347
f 412/349/347 413/521/511 403/522/512
f 412/349/347 403/522/512 402/347/345
f 402/347/345 403/522/512 409/523/513
f 402/347/345 409/523/513 410/345/343
f 410/345/343 409/523/513 369/343/341
f 351/519/509 352/524/514 420/520/510
f 420/520/510 352/524/514 414/525/515
f 420/520/510 414/525/515 413/521/511
f 413/521/511 414/525/515 404/526/516
f 413/521/511 404/526/516 403/522/512
f 403/522/512 404/526/516 408/527/517
f 403/522/512 408/527/517 409/523/513
f 409/523/513 408/527/517 397/528/518
f 409/523/513 397/528/518 369/343/341
f 369/343/341 397/528/518 388/331/329
f 352/524/514 353/529/519 414/525/515
f 414/525/515 353/529/519 405/530/520
f 414/525/515 405/530/520 404/526/516
f 404/526/516 405/530/520 407/531/521
f 404/526/516 407/531/521 408/527/517
f 408/527/517 407/531/521 398/532/522
f 408/527/517 398/532/522 397/528/518
f 397/528/518 398/532/522 389/533/523
f 397/528/518 389/533/523 388/331/329
f 388/331/329 389/533/523 396/332/330
f 353/529/519 354/534/524 405/530/520
f 405/530/520 354/534/524 406/535/525
f 405/530/520 406/535/525 407/531/521
f 407/531/521 406/535/525 399/536/526
f 407/531/521 399/536/526 398/532/522
f 398/532/522 399/536/526 390/537/527
f 398/532/522 390/537/527 389/533/523
f 389/533/523 390/537/527 395/333/331
f 389/533/523 395/333/331 396/332/330
f 354/534/524 355/538/528 406/535/525
f 406/535/525 355/538/528 400/539/529
f 406/535/525 400/539/529 399/536/526
f 399/536/526 400/539/529 391/540/530
f 399/536/526 391/540/530 390/537/527
f 390/537/527 391/540/530 394/335/333
f 390/537/527 394/335/333 395/333/331
f 400/539/529 355/538/528 368/541/531
f 368/541/531 355/538/528 356/542/532
f 368/541/531 356/542/532 392/339/337
f 392/339/337 356/542/532 357/341/339
f 361/464/399 362/399/397 510/543/533
f 510/543/533 362/399/397 511/397/395
f 510/543/533 511/397/395 500/544/534
f 500/544/534 511/397/395 501/395/393
f 500/544/534 501/395/393 503/453/449
f 386/320/318 387/318/316 379/334/332
f 379/334/332 387/318/316 367/316/314
f 385/322/320 386/320/318 380/336/334
f 380/336/334 386/320/318 379/334/332
f 384/324/322 385/322/320 381/338/336
f 381/338/336 385/322/320 380/336/334
f 383/326/324 384/324/322 382/340/338
f 382/340/338 384/324/322 381/338/336
f 393/337/335 394/335/333 391/540/530
f 392/339/337 393/337/335 368/541/531
f 368/541/531 393/337/335 391/540/530
f 368/541/531 391/540/530 400/539/529
f 424/419/415 415/423/419 416/420/416
f 416/420/416 415/423/419 425/545/535
f 416/420/416 425/545/535 426/421/417
f 426/421/417 425/545/535 436/546/536
f 426/421/417 436/546/536 435/422/418
f 435/422/418 436/546/536 432/547/537
f 435/422/418 432/547/537 433/358/356
f 433/358/356 432/547/537 442/360/358
f 415/423/419 371/425/421 425/545/535
f 425/545/535 371/425/421 437/548/538
f 425/545/535 437/548/538 436/546/536
f 436/546/536 437/548/538 431/549/539
f 436/546/536 431/549/539 432/547/537
f 432/547/537 431/549/539 441/550/540
f 432/547/537 441/550/540 442/360/358
f 442/360/358 441/550/540 448/362/360
f 438/427/423 430/429/425 437/548/538
f 437/548/538 430/429/425 431/549/539
f 441/550/540 431/549/539 440/431/427
f 440/431/427 431/549/539 430/429/425
f 371/425/421 438/427/423 437/548/538
f 448/362/360 441/550/540 449/433/429
f 449/433/429 441/550/540 440/431/427
f 452/440/436 443/442/438 444/441/437
f 444/441/437 443/442/438 453/372/370
f 444/441/437 453/372/370 454/370/368
f 374/374/372 453/372/370 443/442/438
f 448/362/360 449/433/429 447/364/362
f 464/373/371 465/375/373 458/551/541
f 458/551/541 465/375/373 457/377/375
f 458/551/541 457/377/375 466/552/542
f 466/552/542 457/377/375 375/379/377
f 466/552/542 375/379/377 478/508/498
f 463/371/369 464/373/371 459/553/543
f 459/553/543 464/373/371 458/551/541
f 459/553/543 458/551/541 467/554/544
f 467/554/544 458/551/541 466/552/542
f 467/554/544 466/552/542 477/555/545
f 477/555/545 466/552/542 478/508/498
f 477/555/545 478/508/498 472/507/497
f 462/369/367 463/371/369 460/556/546
f 460/556/546 463/371/369 459/553/543
f 460/556/546 459/553/543 468/557/547
f 468/557/547 459/553/543 467/554/544
f 468/557/547 467/554/544 476/558/548
f 476/558/548 467/554/544 477/555/545
f 476/558/548 477/555/545 473/559/549
f 473/559/549 477/555/545 472/507/497
f 473/559/549 472/507/497 482/506/496
f 373/367/365 462/369/367 461/517/507
f 461/517/507 462/369/367 460/556/546
f 461/517/507 460/556/546 469/515/505
f 469/515/505 460/556/546 468/557/547
f 469/515/505 468/557/547 475/513/503
f 475/513/503 468/557/547 476/558/548
f 475/513/503 476/558/548 474/511/501
f 474/511/501 476/558/548 473/559/549
f 474/511/501 473/559/549 376/509/499
f 376/509/499 473/559/549 482/506/496
f 376/509/499 482/506/496 488/505/495
f 492/450/446 483/454/450 484/451/447
f 484/451/447 483/454/450 493/560/550
f 484/451/447 493/560/550 494/452/448
f 494/452/448 493/560/550 504/561/551
f 494/452/448 504/561/551 503/453/449
f 503/453/449 504/561/551 500/544/534
f 483/454/450 378/456/452 493/560/550
f 493/560/550 378/456/452 505/562/552
f 493/560/550 505/562/552 504/561/551
f 504/561/551 505/562/552 499/563/553
f 504/561/551 499/563/553 500/544/534
f 500/544/534 499/563/553 510/543/533
f 506/458/454 498/460/456 505/562/552
f 505/562/552 498/460/456 499/563/553
f 510/543/533 499/563/553 509/462/458
f 509/462/458 499/563/553 498/460/456
f 378/456/452 506/458/454 505/562/552
f 361/464/399 510/543/533 509/462/458
f 513/408/404 512/410/406 517/564/554
f 517/564/554 512/410/406 363/471/461
f 517/564/554 363/471/461 529/495/485
f 514/406/402 513/408/404 518/565/555
f 518/565/555 513/408/404 517/564/554
f 518/565/555 517/564/554 528/566/556
f 528/566/556 517/564/554 529/495/485
f 528/566/556 529/495/485 523/494/484
f 520/502/492 516/402/398 515/404/400
f 515/404/400 514/406/402 519/567/557
f 519/567/557 514/406/402 518/565/555
f 519/567/557 518/565/555 527/568/558
f 527/568/558 518/565/555 528/566/556
f 527/568/558 528/566/556 524/569/559
f 524/569/559 528/566/556 523/494/484
f 524/569/559 523/494/484 533/493/483
f 526/500/490 520/502/492 519/567/557
f 519/567/557 520/502/492 515/404/400
f 526/500/490 519/567/557 527/568/558
f 526/500/490 527/568/558 525/498/488
f 525/498/488 527/568/558 524/569/559
f 525/498/488 524/569/559 534/496/486
f 534/496/486 524/569/559 533/493/483
f 534/496/486 533/493/483 539/492/482
f 543/487/477 535/489/479 536/488/478
f 536/488/478 535/489/479 544/321/319
f 536/488/478 544/321/319 545/323/321
f 366/319/317 544/321/319 535/489/479
f 579/570/560 548/571/561 610/572/562
f 610/572/562 548/571/561 549/573/563
f 610/572/562 549/573/563 631/574/564
f 631/574/564 549/573/563 550/575/565
f 631/574/564 550/575/565 551/576/566
f 551/576/566 552/577/567 631/574/564
f 631/574/564 552/577/567 553/578/568
f 631/574/564 553/578/568 554/579/569
f 554/579/569 555/580/570 631/574/564
f 631/574/564 555/580/570 556/581/571
f 631/574/564 556/581/571 630/582/572
f 630/582/572 556/581/571 350/583/353
f 630/582/572 350/583/353 349/584/355
f 556/581/571 557/585/573 350/583/353
f 350/583/353 557/585/573 351/586/509
f 351/586/509 557/585/573 558/587/574
f 351/586/509 558/587/574 352/588/514
f 352/588/514 558/587/574 559/589/575
f 352/588/514 559/589/575 353/590/519
f 353/590/519 559/589/575 560/591/576
f 353/590/519 560/591/576 354/592/524
f 354/592/524 560/591/576 561/593/577
f 354/592/524 561/593/577 355/594/528
f 355/594/528 561/593/577 562/595/578
f 355/594/528 562/595/578 356/596/532
f 356/596/532 562/595/578 563/597/579
f 356/596/532 563/597/579 357/598/339
f 357/598/339 563/597/579 564/599/580
f 357/598/339 564/599/580 326/600/340
f 326/600/340 564/599/580 327/601/326
f 327/601/326 564/599/580 565/602/581
f 327/601/326 565/602/581 328/603/327
f 328/603/327 565/602/581 566/604/582
f 328/603/327 566/604/582 329/605/481
f 329/605/481 566/604/582 567/606/583
f 329/605/481 567/606/583 330/607/487
f 330/607/487 567/606/583 568/608/584
f 330/607/487 568/608/584 331/609/489
f 331/609/489 568/608/584 569/610/585
f 331/609/489 569/610/585 332/611/491
f 332/611/491 569/610/585 570/612/586
f 332/611/491 570/612/586 333/613/493
f 333/613/493 570/612/586 571/614/587
f 333/613/493 571/614/587 572/615/588
f 573/616/589 620/617/590 572/615/588
f 572/615/588 620/617/590 621/618/591
f 572/615/588 621/618/591 629/619/592
f 629/619/592 621/618/591 628/620/593
f 628/620/593 621/618/591 622/621/594
f 628/620/593 622/621/594 623/622/595
f 574/623/596 616/624/597 573/616/589
f 573/616/589 616/624/597 617/625/598
f 573/616/589 617/625/598 618/626/599
f 575/627/600 614/628/601 574/623/596
f 574/623/596 614/628/601 615/629/602
f 574/623/596 615/629/602 616/624/597
f 614/628/601 575/627/600 613/630/603
f 613/630/603 575/627/600 576/631/604
f 613/630/603 576/631/604 612/632/605
f 612/632/605 576/631/604 611/633/606
f 611/633/606 576/631/604 577/634/607
f 611/633/606 577/634/607 578/635/608
f 611/633/606 578/635/608 610/572/562
f 610/572/562 578/635/608 579/570/560
f 581/636/609 629/619/592 580/637/610
f 580/637/610 629/619/592 630/582/572
f 580/637/610 630/582/572 603/638/611
f 603/638/611 630/582/572 602/639/612
f 602/639/612 630/582/572 601/640/613
f 601/640/613 630/582/572 600/641/614
f 600/641/614 630/582/572 599/642/615
f 599/642/615 630/582/572 598/643/616
f 598/643/616 630/582/572 343/644/506
f 598/643/616 343/644/506 342/645/504
f 581/636/609 582/646/617 629/619/592
f 629/619/592 582/646/617 583/647/618
f 629/619/592 583/647/618 584/648/619
f 584/648/619 585/649/620 629/619/592
f 629/619/592 585/649/620 586/650/621
f 629/619/592 586/650/621 587/651/622
f 588/652/623 335/653/394 587/651/622
f 587/651/622 335/653/394 334/654/396
f 587/651/622 334/654/396 629/619/592
f 629/619/592 334/654/396 572/615/588
f 588/652/623 589/655/624 335/653/394
f 335/653/394 589/655/624 336/656/392
f 336/656/392 589/655/624 590/657/625
f 336/656/392 590/657/625 591/658/626
f 336/656/392 591/658/626 337/659/390
f 337/659/390 591/658/626 592/660/627
f 337/659/390 592/660/627 593/661/628
f 337/659/390 593/661/628 338/662/389
f 338/662/389 593/661/628 594/663/629
f 338/662/389 594/663/629 595/664/630
f 338/662/389 595/664/630 339/665/494
f 339/665/494 595/664/630 596/666/631
f 339/665/494 596/666/631 340/667/500
f 340/667/500 596/666/631 597/668/632
f 340/667/500 597/668/632 341/669/502
f 341/669/502 597/668/632 598/643/616
f 341/669/502 598/643/616 342/645/504
f 627/670/633 604/671/634 628/620/593
f 628/620/593 604/671/634 605/672/635
f 628/620/593 605/672/635 631/574/564
f 631/574/564 605/672/635 606/673/636
f 631/574/564 606/673/636 607/674/637
f 607/674/637 608/675/638 631/574/564
f 631/574/564 608/675/638 609/676/639
f 631/574/564 609/676/639 610/572/562
f 618/626/599 619/677/640 573/616/589
f 573/616/589 619/677/640 620/617/590
f 623/622/595 624/678/641 628/620/593
f 628/620/593 624/678/641 625/679/642
f 628/620/593 625/679/642 626/680/643
f 626/680/643 627/670/633 628/620/593
f 349/584/355 348/681/357 630/582/572
f 630/582/572 348/681/357 347/682/359
f 630/582/572 347/682/359 346/683/361
f 346/683/361 345/684/363 630/582/572
f 630/582/572 345/684/363 344/685/508
f 630/582/572 344/685/508 343/644/506
f 334/654/396 333/613/493 572/615/588
f 633/686/644 302/687/313 632/688/645
f 632/688/645 302/687/313 301/689/315
f 632/690/645 301/691/315 656/692/646
f 656/692/646 301/691/315 325/693/480
f 656/692/646 325/693/480 655/694/647
f 655/694/647 325/693/480 324/695/476
f 655/694/647 324/695/476 654/696/648
f 654/696/648 324/695/476 323/697/472
f 654/696/648 323/697/472 653/698/649
f 653/698/649 323/697/472 322/699/462
f 653/698/649 322/699/462 652/700/650
f 652/700/650 322/699/462 321/701/408
f 652/700/650 321/701/408 651/702/651
f 651/702/651 321/701/408 320/703/407
f 651/702/651 320/703/407 650/704/652
f 650/704/652 320/703/407 319/705/459
f 650/704/652 319/705/459 649/706/653
f 649/706/653 319/705/459 318/707/453
f 649/706/653 318/707/453 648/708/654
f 648/708/654 318/707/453 317/709/451
f 648/708/654 317/709/451 647/710/655
f 647/710/655 317/709/451 316/711/445
f 647/710/655 316/711/445 646/712/656
f 646/712/656 316/711/445 315/713/440
f 646/712/656 315/713/440 645/714/657
f 645/714/657 315/713/440 314/715/378
f 645/714/657 314/715/378 644/716/658
f 644/716/658 314/715/378 313/717/376
f 644/716/658 313/717/376 643/718/659
f 643/718/659 313/717/376 312/719/374
f 643/718/659 312/719/374 642/720/660
f 642/720/660 312/719/374 311/721/439
f 642/720/660 311/721/439 641/722/661
f 641/722/661 311/721/439 310/723/435
f 641/722/661 310/723/435 640/724/662
f 640/724/662 310/723/435 309/725/431
f 640/724/662 309/725/431 639/726/663
f 639/726/663 309/725/431 308/727/422
f 639/726/663 308/727/422 638/728/664
f 638/728/664 308/727/422 307/729/420
f 638/728/664 307/729/420 637/730/665
f 637/730/665 307/729/420 306/731/414
f 637/730/665 306/731/414 636/732/666
f 636/732/666 306/731/414 305/733/409
f 636/732/666 305/733/409 635/734/667
f 635/734/667 305/733/409 304/735/342
f 635/734/667 304/735/342 634/736/668
f 634/736/668 304/735/342 303/737/328
f 634/736/668 303/737/328 633/686/644
f 633/686/644 303/737/328 302/687/313
f 658/738/669 691/739/670 657/740/671
f 657/740/671 691/739/670 711/741/672
f 657/740/671 711/741/672 690/742/673
f 690/742/673 711/741/672 710/743/674
f 690/742/673 710/743/674 868/744/675
f 868/744/675 710/743/674 709/745/676
f 868/744/675 709/745/676 869/746/677
f 869/746/677 709/745/676 708/747/678
f 869/746/677 708/747/678 870/748/679
f 870/748/679 708/747/678 707/749/680
f 870/748/679 707/749/680 871/750/681
f 871/750/681 707/749/680 579/751/560
f 871/750/681 579/751/560 578/752/608
f 659/753/682 712/754/683 658/738/669
f 658/738/669 712/754/683 720/755/684
f 658/738/669 720/755/684 691/739/670
f 691/739/670 720/755/684 719/756/685
f 691/739/670 719/756/685 703/757/686
f 703/757/686 719/756/685 718/758/687
f 703/757/686 718/758/687 704/759/688
f 704/759/688 718/758/687 717/760/689
f 704/759/688 717/760/689 705/761/690
f 705/761/690 717/760/689 716/762/691
f 705/761/690 716/762/691 706/763/692
f 706/763/692 716/762/691 549/764/563
f 706/763/692 549/764/563 548/765/561
f 712/754/683 659/753/682 693/766/693
f 693/766/693 659/753/682 660/767/694
f 693/766/693 660/767/694 734/768/695
f 734/768/695 660/767/694 725/769/696
f 734/768/695 725/769/696 726/770/697
f 726/770/697 725/769/696 735/771/698
f 726/770/697 735/771/698 736/772/699
f 736/772/699 735/771/698 746/773/700
f 736/772/699 746/773/700 745/774/701
f 745/774/701 746/773/700 742/775/702
f 745/774/701 742/775/702 743/776/703
f 743/776/703 742/775/702 752/777/704
f 743/776/703 752/777/704 556/778/571
f 556/778/571 752/777/704 758/779/705
f 556/778/571 758/779/705 557/780/573
f 557/780/573 758/779/705 757/781/706
f 557/780/573 757/781/706 558/782/574
f 558/782/574 757/781/706 766/783/707
f 558/782/574 766/783/707 559/784/575
f 559/784/575 766/783/707 772/785/708
f 559/784/575 772/785/708 560/786/576
f 560/786/576 772/785/708 771/787/709
f 560/786/576 771/787/709 561/788/577
f 561/788/577 771/787/709 780/789/710
f 561/788/577 780/789/710 697/790/711
f 697/790/711 780/789/710 779/791/712
f 697/790/711 779/791/712 786/792/713
f 786/792/713 779/791/712 778/793/714
f 786/792/713 778/793/714 787/794/715
f 787/794/715 778/793/714 777/795/716
f 787/794/715 777/795/716 788/796/717
f 788/796/717 777/795/716 698/797/718
f 788/796/717 698/797/718 789/798/719
f 789/798/719 698/797/718 668/799/720
f 789/798/719 668/799/720 781/800/721
f 781/800/721 668/799/720 669/801/722
f 781/800/721 669/801/722 699/802/723
f 699/802/723 669/801/722 670/803/724
f 699/802/723 670/803/724 803/804/725
f 803/804/725 670/803/724 794/805/726
f 803/804/725 794/805/726 795/806/727
f 795/806/727 794/805/726 804/807/728
f 795/806/727 804/807/728 805/808/729
f 805/808/729 804/807/728 814/809/730
f 805/808/729 814/809/730 813/810/731
f 813/810/731 814/809/730 810/811/732
f 813/810/731 810/811/732 811/812/733
f 811/812/733 810/811/732 820/813/734
f 811/812/733 820/813/734 568/814/584
f 568/814/584 820/813/734 569/815/585
f 569/815/585 820/813/734 826/816/735
f 569/815/585 826/816/735 570/817/586
f 570/817/586 826/816/735 825/818/736
f 570/817/586 825/818/736 571/819/587
f 571/819/587 825/818/736 835/820/737
f 571/819/587 835/820/737 572/821/588
f 572/821/588 835/820/737 686/822/738
f 572/823/588 686/824/738 840/825/739
f 840/825/739 686/824/738 685/826/740
f 840/825/739 685/826/740 839/827/741
f 839/827/741 685/826/740 684/828/742
f 839/827/741 684/828/742 838/829/743
f 838/829/743 684/828/742 683/830/744
f 838/829/743 683/830/744 837/831/745
f 837/831/745 683/830/744 682/832/746
f 837/831/745 682/832/746 836/833/747
f 836/833/747 682/832/746 676/834/748
f 836/833/747 676/834/748 677/835/749
f 660/767/694 661/836/750 725/769/696
f 725/769/696 661/836/750 694/837/751
f 725/769/696 694/837/751 735/771/698
f 735/771/698 694/837/751 747/838/752
f 735/771/698 747/838/752 746/773/700
f 746/773/700 747/838/752 741/839/753
f 746/773/700 741/839/753 742/775/702
f 742/775/702 741/839/753 751/840/754
f 742/775/702 751/840/754 752/777/704
f 752/777/704 751/840/754 758/779/705
f 661/836/750 662/841/755 694/837/751
f 694/837/751 662/841/755 748/842/756
f 694/837/751 748/842/756 747/838/752
f 747/838/752 748/842/756 740/843/757
f 747/838/752 740/843/757 741/839/753
f 741/839/753 740/843/757 750/844/758
f 741/839/753 750/844/758 751/840/754
f 751/840/754 750/844/758 759/845/759
f 751/840/754 759/845/759 758/779/705
f 758/779/705 759/845/759 757/781/706
f 748/842/756 662/841/755 739/846/760
f 739/846/760 662/841/755 663/847/761
f 739/846/760 663/847/761 695/848/762
f 695/848/762 663/847/761 664/849/763
f 695/848/762 664/849/763 762/850/764
f 762/850/764 664/849/763 753/851/765
f 762/850/764 753/851/765 754/852/766
f 754/852/766 753/851/765 763/853/767
f 754/852/766 763/853/767 764/854/768
f 764/854/768 763/853/767 774/855/769
f 764/854/768 774/855/769 773/856/770
f 773/856/770 774/855/769 770/857/771
f 773/856/770 770/857/771 771/787/709
f 771/787/709 770/857/771 780/789/710
f 664/849/763 665/858/772 753/851/765
f 753/851/765 665/858/772 696/859/773
f 753/851/765 696/859/773 763/853/767
f 763/853/767 696/859/773 775/860/774
f 763/853/767 775/860/774 774/855/769
f 774/855/769 775/860/774 769/861/775
f 774/855/769 769/861/775 770/857/771
f 770/857/771 769/861/775 779/791/712
f 770/857/771 779/791/712 780/789/710
f 665/858/772 666/862/776 696/859/773
f 696/859/773 666/862/776 776/863/777
f 696/859/773 776/863/777 775/860/774
f 775/860/774 776/863/777 768/864/778
f 775/860/774 768/864/778 769/861/775
f 769/861/775 768/864/778 778/793/714
f 769/861/775 778/793/714 779/791/712
f 776/863/777 666/862/776 767/865/779
f 767/865/779 666/862/776 667/866/780
f 767/865/779 667/866/780 698/797/718
f 698/797/718 667/866/780 668/799/720
f 670/803/724 671/867/781 794/805/726
f 794/805/726 671/867/781 701/868/782
f 794/805/726 701/868/782 804/807/728
f 804/807/728 701/868/782 815/869/783
f 804/807/728 815/869/783 814/809/730
f 814/809/730 815/869/783 809/870/784
f 814/809/730 809/870/784 810/811/732
f 810/811/732 809/870/784 819/871/785
f 810/811/732 819/871/785 820/813/734
f 820/813/734 819/871/785 826/816/735
f 671/867/781 672/872/786 701/868/782
f 701/868/782 672/872/786 816/873/787
f 701/868/782 816/873/787 815/869/783
f 815/869/783 816/873/787 808/874/788
f 815/869/783 808/874/788 809/870/784
f 809/870/784 808/874/788 818/875/789
f 809/870/784 818/875/789 819/871/785
f 819/871/785 818/875/789 827/876/790
f 819/871/785 827/876/790 826/816/735
f 826/816/735 827/876/790 825/818/736
f 816/873/787 672/872/786 807/877/791
f 807/877/791 672/872/786 673/878/792
f 807/877/791 673/878/792 702/879/793
f 702/879/793 673/878/792 674/880/794
f 702/879/793 674/880/794 830/881/795
f 830/881/795 674/880/794 821/882/796
f 830/881/795 821/882/796 822/883/797
f 822/883/797 821/882/796 832/884/798
f 822/883/797 832/884/798 833/885/799
f 833/885/799 832/884/798 684/886/742
f 833/885/799 684/886/742 685/887/740
f 674/880/794 675/888/800 821/882/796
f 821/882/796 675/888/800 831/889/801
f 821/882/796 831/889/801 832/884/798
f 832/884/798 831/889/801 683/890/744
f 832/884/798 683/890/744 684/886/742
f 675/891/800 676/834/748 831/892/801
f 831/892/801 676/834/748 682/832/746
f 831/889/801 682/893/746 683/890/744
f 836/833/747 677/835/749 687/894/802
f 687/894/802 677/835/749 678/895/803
f 687/894/802 678/895/803 854/896/804
f 854/896/804 678/895/803 845/897/805
f 854/896/804 845/897/805 846/898/806
f 846/898/806 845/897/805 855/899/807
f 846/898/806 855/899/807 856/900/808
f 856/900/808 855/899/807 865/901/809
f 856/900/808 865/901/809 864/902/810
f 864/902/810 865/901/809 862/903/811
f 864/902/810 862/903/811 688/904/812
f 688/904/812 862/903/811 871/750/681
f 688/904/812 871/750/681 578/752/608
f 678/895/803 679/905/813 845/897/805
f 845/897/805 679/905/813 689/906/814
f 845/897/805 689/906/814 855/899/807
f 855/899/807 689/906/814 866/907/815
f 855/899/807 866/907/815 865/901/809
f 865/901/809 866/907/815 861/908/816
f 865/901/809 861/908/816 862/903/811
f 862/903/811 861/908/816 870/748/679
f 862/903/811 870/748/679 871/750/681
f 679/905/813 680/909/817 689/906/814
f 689/906/814 680/909/817 867/910/818
f 689/906/814 867/910/818 866/907/815
f 866/907/815 867/910/818 860/911/819
f 866/907/815 860/911/819 861/908/816
f 861/908/816 860/911/819 869/746/677
f 861/908/816 869/746/677 870/748/679
f 867/910/818 680/909/817 859/912/820
f 859/912/820 680/909/817 681/913/821
f 859/912/820 681/913/821 690/742/673
f 690/742/673 681/913/821 657/740/671
f 706/763/692 548/765/561 707/749/680
f 707/749/680 548/765/561 579/751/560
f 578/752/608 577/914/607 688/904/812
f 688/904/812 577/914/607 863/915/822
f 688/904/812 863/915/822 864/902/810
f 864/902/810 863/915/822 857/916/823
f 864/902/810 857/916/823 856/900/808
f 856/900/808 857/916/823 847/917/824
f 856/900/808 847/917/824 846/898/806
f 846/898/806 847/917/824 853/918/825
f 846/898/806 853/918/825 854/896/804
f 854/896/804 853/918/825 687/894/802
f 863/915/822 577/914/607 858/919/826
f 858/919/826 577/914/607 576/920/604
f 858/919/826 576/920/604 849/921/827
f 849/921/827 576/920/604 575/922/600
f 849/921/827 575/922/600 850/923/828
f 850/923/828 575/922/600 574/924/596
f 850/923/828 574/924/596 844/925/829
f 844/925/829 574/924/596 573/926/589
f 844/925/829 573/926/589 840/825/739
f 840/825/739 573/926/589 572/823/588
f 568/814/584 567/927/583 811/812/733
f 811/812/733 567/927/583 812/928/830
f 811/812/733 812/928/830 813/810/731
f 813/810/731 812/928/830 806/929/831
f 813/810/731 806/929/831 805/808/729
f 805/808/729 806/929/831 796/930/832
f 805/808/729 796/930/832 795/806/727
f 795/806/727 796/930/832 802/931/833
f 795/806/727 802/931/833 803/804/725
f 803/804/725 802/931/833 699/802/723
f 812/928/830 567/927/583 700/932/834
f 700/932/834 567/927/583 566/933/582
f 700/932/834 566/933/582 798/934/835
f 798/934/835 566/933/582 565/935/581
f 798/934/835 565/935/581 799/936/836
f 799/936/836 565/935/581 564/937/580
f 799/936/836 564/937/580 793/938/837
f 793/938/837 564/937/580 563/939/579
f 793/938/837 563/939/579 785/940/838
f 785/940/838 563/939/579 562/941/578
f 785/940/838 562/941/578 697/790/711
f 697/790/711 562/941/578 561/788/577
f 556/778/571 555/942/570 743/776/703
f 743/776/703 555/942/570 744/943/839
f 743/776/703 744/943/839 745/774/701
f 745/774/701 744/943/839 737/944/840
f 745/774/701 737/944/840 736/772/699
f 736/772/699 737/944/840 727/945/841
f 736/772/699 727/945/841 726/770/697
f 726/770/697 727/945/841 733/946/842
f 726/770/697 733/946/842 734/768/695
f 734/768/695 733/946/842 693/766/693
f 555/942/570 554/947/569 744/943/839
f 744/943/839 554/947/569 738/948/843
f 744/943/839 738/948/843 737/944/840
f 737/944/840 738/948/843 728/949/844
f 737/944/840 728/949/844 727/945/841
f 727/945/841 728/949/844 732/950/845
f 727/945/841 732/950/845 733/946/842
f 733/946/842 732/950/845 721/951/846
f 733/946/842 721/951/846 693/766/693
f 693/766/693 721/951/846 712/754/683
f 554/947/569 553/952/568 738/948/843
f 738/948/843 553/952/568 729/953/847
f 738/948/843 729/953/847 728/949/844
f 728/949/844 729/953/847 731/954/848
f 728/949/844 731/954/848 732/950/845
f 732/950/845 731/954/848 722/955/849
f 732/950/845 722/955/849 721/951/846
f 721/951/846 722/955/849 713/956/850
f 721/951/846 713/956/850 712/754/683
f 712/754/683 713/956/850 720/755/684
f 553/952/568 552/957/567 729/953/847
f 729/953/847 552/957/567 730/958/851
f 729/953/847 730/958/851 731/954/848
f 731/954/848 730/958/851 723/959/852
f 731/954/848 723/959/852 722/955/849
f 722/955/849 723/959/852 714/960/853
f 722/955/849 714/960/853 713/956/850
f 713/956/850 714/960/853 719/756/685
f 713/956/850 719/756/685 720/755/684
f 552/957/567 551/961/566 730/958/851
f 730/958/851 551/961/566 724/962/854
f 730/958/851 724/962/854 723/959/852
f 723/959/852 724/962/854 715/963/855
f 723/959/852 715/963/855 714/960/853
f 714/960/853 715/963/855 718/758/687
f 714/960/853 718/758/687 719/756/685
f 724/962/854 551/961/566 692/964/856
f 692/964/856 551/961/566 550/965/565
f 692/964/856 550/965/565 716/762/691
f 716/762/691 550/965/565 549/764/563
f 685/887/740 686/822/738 834/966/857
f 834/966/857 686/822/738 835/820/737
f 834/966/857 835/820/737 824/967/858
f 824/967/858 835/820/737 825/818/736
f 824/967/858 825/818/736 827/876/790
f 710/743/674 711/741/672 703/757/686
f 703/757/686 711/741/672 691/739/670
f 709/745/676 710/743/674 704/759/688
f 704/759/688 710/743/674 703/757/686
f 708/747/678 709/745/676 705/761/690
f 705/761/690 709/745/676 704/759/688
f 707/749/680 708/747/678 706/763/692
f 706/763/692 708/747/678 705/761/690
f 717/760/689 718/758/687 715/963/855
f 716/762/691 717/760/689 692/964/856
f 692/964/856 717/760/689 715/963/855
f 692/964/856 715/963/855 724/962/854
f 748/842/756 739/846/760 740/843/757
f 740/843/757 739/846/760 749/968/859
f 740/843/757 749/968/859 750/844/758
f 750/844/758 749/968/859 760/969/860
f 750/844/758 760/969/860 759/845/759
f 759/845/759 760/969/860 756/970/861
f 759/845/759 756/970/861 757/781/706
f 757/781/706 756/970/861 766/783/707
f 739/846/760 695/848/762 749/968/859
f 749/968/859 695/848/762 761/971/862
f 749/968/859 761/971/862 760/969/860
f 760/969/860 761/971/862 755/972/863
f 760/969/860 755/972/863 756/970/861
f 756/970/861 755/972/863 765/973/864
f 756/970/861 765/973/864 766/783/707
f 766/783/707 765/973/864 772/785/708
f 762/850/764 754/852/766 761/971/862
f 761/971/862 754/852/766 755/972/863
f 765/973/864 755/972/863 764/854/768
f 764/854/768 755/972/863 754/852/766
f 695/848/762 762/850/764 761/971/862
f 772/785/708 765/973/864 773/856/770
f 773/856/770 765/973/864 764/854/768
f 776/863/777 767/865/779 768/864/778
f 768/864/778 767/865/779 777/795/716
f 768/864/778 777/795/716 778/793/714
f 698/797/718 777/795/716 767/865/779
f 772/785/708 773/856/770 771/787/709
f 788/796/717 789/798/719 782/974/865
f 782/974/865 789/798/719 781/800/721
f 782/974/865 781/800/721 790/975/866
f 790/975/866 781/800/721 699/802/723
f 790/975/866 699/802/723 802/931/833
f 787/794/715 788/796/717 783/976/867
f 783/976/867 788/796/717 782/974/865
f 783/976/867 782/974/865 791/977/868
f 791/977/868 782/974/865 790/975/866
f 791/977/868 790/975/866 801/978/869
f 801/978/869 790/975/866 802/931/833
f 801/978/869 802/931/833 796/930/832
f 786/792/713 787/794/715 784/979/870
f 784/979/870 787/794/715 783/976/867
f 784/979/870 783/976/867 792/980/871
f 792/980/871 783/976/867 791/977/868
f 792/980/871 791/977/868 800/981/872
f 800/981/872 791/977/868 801/978/869
f 800/981/872 801/978/869 797/982/873
f 797/982/873 801/978/869 796/930/832
f 797/982/873 796/930/832 806/929/831
f 697/790/711 786/792/713 785/940/838
f 785/940/838 786/792/713 784/979/870
f 785/940/838 784/979/870 793/938/837
f 793/938/837 784/979/870 792/980/871
f 793/938/837 792/980/871 799/936/836
f 799/936/836 792/980/871 800/981/872
f 799/936/836 800/981/872 798/934/835
f 798/934/835 800/981/872 797/982/873
f 798/934/835 797/982/873 700/932/834
f 700/932/834 797/982/873 806/929/831
f 700/932/834 806/929/831 812/928/830
f 816/873/787 807/877/791 808/874/788
f 808/874/788 807/877/791 817/983/874
f 808/874/788 817/983/874 818/875/789
f 818/875/789 817/983/874 828/984/875
f 818/875/789 828/984/875 827/876/790
f 827/876/790 828/984/875 824/967/858
f 807/877/791 702/879/793 817/983/874
f 817/983/874 702/879/793 829/985/876
f 817/983/874 829/985/876 828/984/875
f 828/984/875 829/985/876 823/986/877
f 828/984/875 823/986/877 824/967/858
f 824/967/858 823/986/877 834/966/857
f 830/881/795 822/883/797 829/985/876
f 829/985/876 822/883/797 823/986/877
f 834/966/857 823/986/877 833/885/799
f 833/885/799 823/986/877 822/883/797
f 702/879/793 830/881/795 829/985/876
f 685/887/740 834/966/857 833/885/799
f 837/831/745 836/833/747 841/987/878
f 841/987/878 836/833/747 687/894/802
f 841/987/878 687/894/802 853/918/825
f 838/829/743 837/831/745 842/988/879
f 842/988/879 837/831/745 841/987/878
f 842/988/879 841/987/878 852/989/880
f 852/989/880 841/987/878 853/918/825
f 852/989/880 853/918/825 847/917/824
f 844/925/829 840/825/739 839/827/741
f 839/827/741 838/829/743 843/990/881
f 843/990/881 838/829/743 842/988/879
f 843/990/881 842/988/879 851/991/882
f 851/991/882 842/988/879 852/989/880
f 851/991/882 852/989/880 848/992/883
f 848/992/883 852/989/880 847/917/824
f 848/992/883 847/917/824 857/916/823
f 850/923/828 844/925/829 843/990/881
f 843/990/881 844/925/829 839/827/741
f 850/923/828 843/990/881 851/991/882
f 850/923/828 851/991/882 849/921/827
f 849/921/827 851/991/882 848/992/883
f 849/921/827 848/992/883 858/919/826
f 858/919/826 848/992/883 857/916/823
f 858/919/826 857/916/823 863/915/822
f 867/910/818 859/912/820 860/911/819
f 860/911/819 859/912/820 868/744/675
f 860/911/819 868/744/675 869/746/677
f 690/742/673 868/744/675 859/912/820
f 873/993/884 658/994/669 872/995/885
f 872/995/885 658/994/669 657/996/671
f 872/997/885 657/998/671 896/999/886
f 896/999/886 657/998/671 681/1000/821
f 896/999/886 681/1000/821 895/1001/887
f 895/1001/887 681/1000/821 680/1002/817
f 895/1001/887 680/1002/817 894/1003/888
f 894/1003/888 680/1002/817 679/1004/813
f 894/1003/888 679/1004/813 893/1005/889
f 893/1005/889 679/1004/813 678/1006/803
f 893/1005/889 678/1006/803 892/1007/890
f 892/1007/890 678/1006/803 677/1008/749
f 892/1007/890 677/1008/749 891/1009/891
f 891/1009/891 677/1008/749 676/1010/748
f 891/1009/891 676/1010/748 890/1011/892
f 890/1011/892 676/1010/748 675/1012/800
f 890/1011/892 675/1012/800 889/1013/893
f 889/1013/893 675/1012/800 674/1014/794
f 889/1013/893 674/1014/794 888/1015/894
f 888/1015/894 674/1014/794 673/1016/792
f 888/1015/894 673/1016/792 887/1017/895
f 887/1017/895 673/1016/792 672/1018/786
f 887/1017/895 672/1018/786 886/1019/896
f 886/1019/896 672/1018/786 671/1020/781
f 886/1019/896 671/1020/781 885/1021/897
f 885/1021/897 671/1020/781 670/1022/724
f 885/1021/897 670/1022/724 884/1023/898
f 884/1023/898 670/1022/724 669/1024/722
f 884/1023/898 669/1024/722 883/1025/899
f 883/1025/899 669/1024/722 668/1026/720
f 883/1025/899 668/1026/720 882/1027/900
f 882/1027/900 668/1026/720 667/1028/780
f 882/1027/900 667/1028/780 881/1029/901
f 881/1029/901 667/1028/780 666/1030/776
f 881/1029/901 666/1030/776 880/1031/902
f 880/1031/902 666/1030/776 665/1032/772
f 880/1031/902 665/1032/772 879/1033/903
f 879/1033/903 665/1032/772 664/1034/763
f 879/1033/903 664/1034/763 878/1035/904
f 878/1035/904 664/1034/763 663/1036/761
f 878/1035/904 663/1036/761 877/1037/905
f 877/1037/905 663/1036/761 662/1038/755
f 877/1037/905 662/1038/755 876/1039/906
f 876/1039/906 662/1038/755 661/1040/750
f 876/1039/906 661/1040/750 875/1041/907
f 875/1041/907 661/1040/750 660/1042/694
f 875/1041/907 660/1042/694 874/1043/908
f 874/1043/908 660/1042/694 659/1044/682
f 874/1043/908 659/1044/682 873/993/884
f 873/993/884 659/1044/682 658/994/669
f 898/1045/909 581/1046/910 897/1047/911
f 897/1047/911 581/1046/910 580/1048/912
f 897/1049/911 580/1050/912 920/1051/913
f 920/1051/913 580/1050/912 603/1052/914
f 920/1051/913 603/1052/914 919/1053/915
f 919/1053/915 603/1052/914 602/1054/916
f 919/1053/915 602/1054/916 918/1055/917
f 918/1055/917 602/1054/916 601/1056/918
f 918/1055/917 601/1056/918 917/1057/919
f 917/1057/919 601/1056/918 600/1058/920
f 917/1057/919 600/1058/920 916/1059/921
f 916/1059/921 600/1058/920 599/1060/922
f 916/1059/921 599/1060/922 915/1061/923
f 915/1061/923 599/1060/922 598/1062/924
f 915/1061/923 598/1062/924 914/1063/925
f 914/1063/925 598/1062/924 597/1064/926
f 914/1063/925 597/1064/926 913/1065/927
f 913/1065/927 597/1064/926 596/1066/928
f 913/1065/927 596/1066/928 912/1067/929
f 912/1067/929 596/1066/928 595/1068/930
f 912/1067/929 595/1068/930 911/1069/931
f 911/1069/931 595/1068/930 594/1070/932
f 911/1069/931 594/1070/932 910/1071/933
f 910/1071/933 594/1070/932 593/1072/934
f 910/1071/933 593/1072/934 909/1073/935
f 909/1073/935 593/1072/934 592/1074/936
f 909/1073/935 592/1074/936 908/1075/937
f 908/1075/937 592/1074/936 591/1076/938
f 908/1075/937 591/1076/938 907/1077/939
f 907/1077/939 591/1076/938 590/1078/940
f 907/1077/939 590/1078/940 906/1079/941
f 906/1079/941 590/1078/940 589/1080/942
f 906/1079/941 589/1080/942 905/1081/943
f 905/1081/943 589/1080/942 588/1082/944
f 905/1081/943 588/1082/944 904/1083/945
f 904/1083/945 588/1082/944 587/1084/946
f 904/1083/945 587/1084/946 903/1085/947
f 903/1085/947 587/1084/946 586/1086/948
f 903/1085/947 586/1086/948 902/1087/949
f 902/1087/949 586/1086/948 585/1088/950
f 902/1087/949 585/1088/950 901/1089/951
f 901/1089/951 585/1088/950 584/1090/952
f 901/1089/951 584/1090/952 900/1091/953
f 900/1091/953 584/1090/952 583/1092/954
f 900/1091/953 583/1092/954 899/1093/955
f 899/1093/955 583/1092/954 582/1094/956
f 899/1093/955 582/1094/956 898/1045/909
f 898/1045/909 582/1094/956 581/1046/910
f 922/1095/957 617/1096/958 921/1097/959
f 921/1097/959 617/1096/958 616/1098/960
f 921/1099/959 616/1100/960 944/1101/961
f 944/1101/961 616/1100/960 615/1102/962
f 944/1101/961 615/1102/962 943/1103/963
f 943/1103/963 615/1102/962 614/1104/964
f 943/1103/963 614/1104/964 942/1105/965
f 942/1105/965 614/1104/964 613/1106/966
f 942/1105/965 613/1106/966 941/1107/967
f 941/1107/967 613/1106/966 612/1108/968
f 941/1107/967 612/1108/968 940/1109/969
f 940/1109/969 612/1108/968 611/1110/970
f 940/1109/969 611/1110/970 939/1111/971
f 939/1111/971 611/1110/970 610/1112/972
f 939/1111/971 610/1112/972 938/1113/973
f 938/1113/973 610/1112/972 609/1114/974
f 938/1113/973 609/1114/974 937/1115/975
f 937/1115/975 609/1114/974 608/1116/976
f 937/1115/975 608/1116/976 936/1117/977
f 936/1117/977 608/1116/976 607/1118/978
f 936/1117/977 607/1118/978 935/1119/979
f 935/1119/979 607/1118/978 606/1120/980
f 935/1119/979 606/1120/980 934/1121/981
f 934/1121/981 606/1120/980 605/1122/982
f 934/1121/981 605/1122/982 933/1123/983
f 933/1123/983 605/1122/982 604/1124/984
f 933/1123/983 604/1124/984 932/1125/985
f 932/1125/985 604/1124/984 627/1126/986
f 932/1125/985 627/1126/986 931/1127/987
f 931/1127/987 627/1126/986 626/1128/988
f 931/1127/987 626/1128/988 930/1129/989
f 930/1129/989 626/1128/988 625/1130/990
f 930/1129/989 625/1130/990 929/1131/991
f 929/1131/991 625/1130/990 624/1132/992
f 929/1131/991 624/1132/992 928/1133/993
f 928/1133/993 624/1132/992 623/1134/994
f 928/1133/993 623/1134/994 927/1135/995
f 927/1135/995 623/1134/994 622/1136/996
f 927/1135/995 622/1136/996 926/1137/997
f 926/1137/997 622/1136/996 621/1138/998
f 926/1137/997 621/1138/998 925/1139/999
f 925/1139/999 621/1138/998 620/1140/1000
f 925/1139/999 620/1140/1000 924/1141/1001
f 924/1141/1001 620/1140/1000 619/1142/1002
f 924/1141/1001 619/1142/1002 923/1143/1003
f 923/1143/1003 619/1142/1002 618/1144/1004
f 923/1143/1003 618/1144/1004 922/1095/957
f 922/1095/957 618/1144/1004 617/1096/958
f 953/1145/1005 290/1146/1006 952/1147/1007
f 952/1147/1007 290/1146/1006 289/1148/1008
f 952/1147/1007 289/1148/1008 288/1149/1009
f 952/1147/1007 288/1149/1009 951/1150/1010
f 951/1150/1010 288/1149/1009 287/1151/1011
f 951/1150/1010 287/1151/1011 950/1152/1012
f 950/1152/1012 287/1151/1011 286/1153/1013
f 950/1152/1012 286/1153/1013 949/1154/1014
f 949/1154/1014 286/1153/1013 285/1155/1015
f 949/1154/1014 285/1155/1015 948/1156/1016
f 948/1156/1016 285/1155/1015 284/1157/1017
f 948/1156/1016 284/1157/1017 947/1158/1018
f 947/1158/1018 284/1157/1017 283/1159/1019
f 947/1158/1018 283/1159/1019 946/1160/1020
f 946/1160/1020 283/1159/1019 945/1161/1021
f 945/1161/1021 283/1159/1019 282/1162/1022
f 945/1163/1021 282/1164/1022 954/1165/1023
f 954/1165/1023 282/1164/1022 281/1166/1024
f 291/1167/1025 290/1168/1006 629/1169/1026
f 629/1169/1026 290/1168/1006 955/1170/1027
f 629/1169/1026 955/1170/1027 630/1171/1028
f 24/1172/23 23/1173/24 963/1174/1029
f 963/1174/1029 23/1173/24 300/1175/1030
f 963/1174/1029 300/1175/1030 299/1176/1031
f 963/1174/1029 299/1176/1031 962/1177/1032
f 962/1177/1032 299/1176/1031 298/1178/1033
f 962/1177/1032 298/1178/1033 961/1179/1034
f 961/1179/1034 298/1178/1033 297/1180/1035
f 961/1179/1034 297/1180/1035 960/1181/1036
f 960/1181/1036 297/1180/1035 296/1182/1037
f 960/1181/1036 296/1182/1037 959/1183/1038
f 959/1183/1038 296/1182/1037 295/1184/1039
f 959/1183/1038 295/1184/1039 958/1185/1040
f 958/1185/1040 295/1184/1039 294/1186/1041
f 958/1185/1040 294/1186/1041 957/1187/1042
f 957/1187/1042 294/1186/1041 956/1188/1043
f 956/1188/1043 294/1186/1041 293/1189/1044
f 292/1190/1045 628/1191/1046 293/1192/1044
f 293/1192/1044 628/1191/1046 964/1193/1047
f 964/1193/1047 628/1191/1046 631/1194/1048
f 292/1195/1049 291/1196/1050 628/1197/1051
f 628/1197/1051 291/1196/1050 629/1198/1052
f 10/1199/1053 24/1200/1054 11/1201/1055
f 11/1201/1055 24/1200/1054 963/1202/1056
f 11/1201/1055 963/1202/1056 962/1203/1057
f 10/1199/1053 9/1204/1058 24/1200/1054
f 24/1200/1054 9/1204/1058 8/1205/1059
f 24/1200/1054 8/1205/1059 1/1206/1060
f 1/1206/1060 8/1205/1059 7/1207/1061
f 1/1206/1060 7/1207/1061 6/1208/1062
f 6/1208/1062 5/1209/1063 1/1206/1060
f 1/1206/1060 5/1209/1063 4/1210/1064
f 1/1206/1060 4/1210/1064 3/1211/1065
f 3/1211/1065 2/1212/1066 1/1206/1060
f 961/1213/1067 948/1214/1068 962/1203/1057
f 962/1203/1057 948/1214/1068 947/1215/1069
f 962/1203/1057 947/1215/1069 975/1216/1070
f 975/1216/1070 947/1215/1069 974/1217/1071
f 974/1217/1071 947/1215/1069 946/1218/1072
f 974/1217/1071 946/1218/1072 945/1219/1073
f 948/1214/1068 961/1213/1067 949/1220/1074
f 949/1220/1074 961/1213/1067 960/1221/1075
f 949/1220/1074 960/1221/1075 950/1222/1076
f 950/1222/1076 960/1221/1075 959/1223/1077
f 950/1222/1076 959/1223/1077 951/1224/1078
f 951/1224/1078 959/1223/1077 958/1225/1079
f 951/1224/1078 958/1225/1079 952/1226/1080
f 952/1226/1080 958/1225/1079 957/1227/1081
f 952/1226/1080 957/1227/1081 953/1228/1082
f 953/1228/1082 957/1227/1081 956/1229/1083
f 954/1230/1084 971/1231/1085 945/1219/1073
f 945/1219/1073 971/1231/1085 972/1232/1086
f 945/1219/1073 972/1232/1086 973/1233/1087
f 965/1234/1088 966/1235/1089 954/1230/1084
f 954/1230/1084 966/1235/1089 967/1236/1090
f 954/1230/1084 967/1236/1090 968/1237/1091
f 968/1237/1091 969/1238/1092 954/1230/1084
f 954/1230/1084 969/1238/1092 970/1239/1093
f 954/1230/1084 970/1239/1093 971/1231/1085
f 973/1233/1087 974/1217/1071 945/1219/1073
f 976/1240/1094 985/1241/1095 975/1216/1070
f 975/1216/1070 985/1241/1095 986/1242/1096
f 975/1216/1070 986/1242/1096 996/1243/1097
f 996/1243/1097 986/1242/1096 995/1244/1098
f 995/1244/1098 986/1242/1096 994/1245/1099
f 994/1245/1099 986/1242/1096 993/1246/1100
f 993/1246/1100 986/1242/1096 992/1247/1101
f 992/1247/1101 986/1242/1096 991/1248/1102
f 991/1248/1102 986/1242/1096 990/1249/1103
f 990/1249/1103 986/1242/1096 989/1250/1104
f 989/1250/1104 986/1242/1096 988/1251/1105
f 988/1251/1105 986/1242/1096 987/1252/1106
f 976/1240/1094 977/1253/1107 985/1241/1095
f 985/1241/1095 977/1253/1107 978/1254/1108
f 985/1241/1095 978/1254/1108 979/1255/1109
f 979/1255/1109 980/1256/1110 985/1241/1095
f 985/1241/1095 980/1256/1110 981/1257/1111
f 985/1241/1095 981/1257/1111 982/1258/1112
f 982/1258/1112 983/1259/1113 985/1241/1095
f 985/1241/1095 983/1259/1113 984/1260/1114
f 975/1216/1070 996/1243/1097 962/1203/1057
f 962/1203/1057 996/1243/1097 11/1201/1055
f 898/1261/1115 897/1262/1116 955/1263/1117
f 955/1263/1117 897/1262/1116 920/1264/1118
f 955/1263/1117 920/1264/1118 919/1265/1119
f 919/1265/1119 918/1266/1120 955/1263/1117
f 955/1263/1117 918/1266/1120 917/1267/1121
f 955/1263/1117 917/1267/1121 916/1268/1122
f 916/1268/1122 915/1269/1123 955/1263/1117
f 955/1263/1117 915/1269/1123 1012/1270/1124
f 955/1263/1117 1012/1270/1124 1013/1271/1125
f 914/1272/1126 1010/1273/1127 915/1269/1123
f 915/1269/1123 1010/1273/1127 1011/1274/1128
f 915/1269/1123 1011/1274/1128 1012/1270/1124
f 913/1275/1129 1007/1276/1130 914/1272/1126
f 914/1272/1126 1007/1276/1130 1008/1277/1131
f 914/1272/1126 1008/1277/1131 1009/1278/1132
f 1007/1276/1130 913/1275/1129 1006/1279/1133
f 1006/1279/1133 913/1275/1129 912/1280/1134
f 1006/1279/1133 912/1280/1134 1005/1281/1135
f 1005/1281/1135 912/1280/1134 911/1282/1136
f 1005/1281/1135 911/1282/1136 1004/1283/1137
f 1004/1283/1137 911/1282/1136 910/1284/1138
f 1004/1283/1137 910/1284/1138 909/1285/1139
f 909/1285/1139 908/1286/1140 1004/1283/1137
f 1004/1283/1137 908/1286/1140 1003/1287/1141
f 1003/1287/1141 908/1286/1140 907/1288/1142
f 1003/1287/1141 907/1288/1142 906/1289/1143
f 906/1289/1143 905/1290/1144 1003/1287/1141
f 1003/1287/1141 905/1290/1144 925/1291/1145
f 1003/1287/1141 925/1291/1145 1027/1292/1146
f 1027/1292/1146 925/1291/1145 924/1293/1147
f 1027/1292/1146 924/1293/1147 923/1294/1148
f 905/1290/1144 904/1295/1149 925/1291/1145
f 925/1291/1145 904/1295/1149 926/1296/1150
f 926/1296/1150 904/1295/1149 290/1297/1151
f 926/1296/1150 290/1297/1151 293/1298/1152
f 293/1298/1152 290/1297/1151 953/1299/1153
f 293/1298/1152 953/1299/1153 956/1300/1154
f 904/1295/1149 903/1301/1155 290/1297/1151
f 290/1297/1151 903/1301/1155 902/1302/1156
f 290/1297/1151 902/1302/1156 901/1303/1157
f 901/1303/1157 900/1304/1158 290/1297/1151
f 290/1297/1151 900/1304/1158 899/1305/1159
f 290/1297/1151 899/1305/1159 898/1261/1115
f 290/1297/1151 898/1261/1115 955/1263/1117
f 944/1306/1160 1026/1307/1161 921/1308/1162
f 921/1308/1162 1026/1307/1161 1027/1292/1146
f 921/1308/1162 1027/1292/1146 922/1309/1163
f 922/1309/1163 1027/1292/1146 923/1294/1148
f 944/1306/1160 943/1310/1164 1026/1307/1161
f 1026/1307/1161 943/1310/1164 942/1311/1165
f 1026/1307/1161 942/1311/1165 1025/1312/1166
f 1025/1312/1166 942/1311/1165 941/1313/1167
f 1025/1312/1166 941/1313/1167 1024/1314/1168
f 1024/1314/1168 941/1313/1167 940/1315/1169
f 1024/1314/1168 940/1315/1169 1023/1316/1170
f 1023/1316/1170 940/1315/1169 1022/1317/1171
f 1022/1317/1171 940/1315/1169 1021/1318/1172
f 1021/1318/1172 940/1315/1169 939/1319/1173
f 1021/1318/1172 939/1319/1173 1044/1320/1174
f 1044/1320/1174 939/1319/1173 1043/1321/1175
f 1043/1321/1175 939/1319/1173 964/1322/1176
f 1043/1321/1175 964/1322/1176 1042/1323/1177
f 1042/1323/1177 964/1322/1176 1041/1324/1178
f 1041/1324/1178 964/1322/1176 1040/1325/1179
f 1040/1325/1179 964/1322/1176 1039/1326/1180
f 1039/1326/1180 964/1322/1176 955/1263/1117
f 1039/1326/1180 955/1263/1117 1015/1327/1181
f 1015/1327/1181 955/1263/1117 1014/1328/1182
f 1014/1328/1182 955/1263/1117 1013/1271/1125
f 939/1319/1173 938/1329/1183 964/1322/1176
f 964/1322/1176 938/1329/1183 937/1330/1184
f 964/1322/1176 937/1330/1184 936/1331/1185
f 936/1331/1185 935/1332/1186 964/1322/1176
f 964/1322/1176 935/1332/1186 934/1333/1187
f 964/1322/1176 934/1333/1187 933/1334/1188
f 964/1322/1176 933/1334/1188 293/1298/1152
f 293/1298/1152 933/1334/1188 932/1335/1189
f 293/1298/1152 932/1335/1189 931/1336/1190
f 931/1336/1190 930/1337/1191 293/1298/1152
f 293/1298/1152 930/1337/1191 929/1338/1192
f 293/1298/1152 929/1338/1192 928/1339/1193
f 928/1339/1193 927/1340/1194 293/1298/1152
f 293/1298/1152 927/1340/1194 926/1296/1150
f 1020/1341/1195 997/1342/1196 1033/1343/1197
f 1033/1343/1197 997/1342/1196 998/1344/1198
f 1033/1343/1197 998/1344/1198 1032/1345/1199
f 1032/1345/1199 998/1344/1198 999/1346/1200
f 1032/1345/1199 999/1346/1200 1031/1347/1201
f 1031/1347/1201 999/1346/1200 1000/1348/1202
f 1031/1347/1201 1000/1348/1202 1030/1349/1203
f 1030/1349/1203 1000/1348/1202 1001/1350/1204
f 1030/1349/1203 1001/1350/1204 1029/1351/1205
f 1029/1351/1205 1001/1350/1204 1028/1352/1206
f 1028/1352/1206 1001/1350/1204 1002/1353/1207
f 1028/1352/1206 1002/1353/1207 1027/1292/1146
f 1027/1292/1146 1002/1353/1207 1003/1287/1141
f 1009/1278/1132 1010/1273/1127 914/1272/1126
f 1039/1326/1180 1015/1327/1181 1038/1354/1208
f 1038/1354/1208 1015/1327/1181 1016/1355/1209
f 1038/1354/1208 1016/1355/1209 1037/1356/1210
f 1037/1356/1210 1016/1355/1209 1017/1357/1211
f 1037/1356/1210 1017/1357/1211 1036/1358/1212
f 1036/1358/1212 1017/1357/1211 1018/1359/1213
f 1036/1358/1212 1018/1359/1213 1035/1360/1214
f 1035/1360/1214 1018/1359/1213 1019/1361/1215
f 1035/1360/1214 1019/1361/1215 1034/1362/1216
f 1034/1362/1216 1019/1361/1215 1020/1341/1195
f 1034/1362/1216 1020/1341/1195 1033/1343/1197
f 955/1363/1217 964/1364/1218 630/1365/1219
f 630/1365/1219 964/1364/1218 631/1366/1220
f 12/1367/21 11/1368/22 249/1369/1221
f 249/1369/1221 11/1368/22 996/1370/1222
f 1020/1371/1223 1070/1372/1224 997/1373/1225
f 997/1373/1225 1070/1372/1224 1069/1374/1226
f 997/1375/1225 1069/1376/1226 998/1377/1227
f 998/1377/1227 1069/1376/1226 1092/1378/1228
f 998/1377/1227 1092/1378/1228 999/1379/1229
f 999/1379/1229 1092/1378/1228 1091/1380/1230
f 999/1379/1229 1091/1380/1230 1000/1381/1231
f 1000/1381/1231 1091/1380/1230 1090/1382/1232
f 1000/1381/1231 1090/1382/1232 1001/1383/1233
f 1001/1383/1233 1090/1382/1232 1089/1384/1234
f 1001/1383/1233 1089/1384/1234 1002/1385/1235
f 1002/1385/1235 1089/1384/1234 1088/1386/1236
f 1002/1385/1235 1088/1386/1236 1003/1387/1237
f 1003/1387/1237 1088/1386/1236 1087/1388/1238
f 1003/1387/1237 1087/1388/1238 1004/1389/1239
f 1004/1389/1239 1087/1388/1238 1086/1390/1240
f 1004/1389/1239 1086/1390/1240 1005/1391/1241
f 1005/1391/1241 1086/1390/1240 1085/1392/1242
f 1005/1391/1241 1085/1392/1242 1006/1393/1243
f 1006/1393/1243 1085/1392/1242 1084/1394/1244
f 1006/1393/1243 1084/1394/1244 1007/1395/1245
f 1007/1395/1245 1084/1394/1244 1083/1396/1246
f 1007/1395/1245 1083/1396/1246 1008/1397/1247
f 1008/1397/1247 1083/1396/1246 1082/1398/1248
f 1008/1397/1247 1082/1398/1248 1009/1399/1249
f 1009/1399/1249 1082/1398/1248 1081/1400/1250
f 1009/1399/1249 1081/1400/1250 1010/1401/1251
f 1010/1401/1251 1081/1400/1250 1080/1402/1252
f 1010/1401/1251 1080/1402/1252 1011/1403/1253
f 1011/1403/1253 1080/1402/1252 1079/1404/1254
f 1011/1403/1253 1079/1404/1254 1012/1405/1255
f 1012/1405/1255 1079/1404/1254 1078/1406/1256
f 1012/1405/1255 1078/1406/1256 1013/1407/1257
f 1013/1407/1257 1078/1406/1256 1077/1408/1258
f 1013/1407/1257 1077/1408/1258 1014/1409/1259
f 1014/1409/1259 1077/1408/1258 1076/1410/1260
f 1014/1409/1259 1076/1410/1260 1015/1411/1261
f 1015/1411/1261 1076/1410/1260 1075/1412/1262
f 1015/1411/1261 1075/1412/1262 1016/1413/1263
f 1016/1413/1263 1075/1412/1262 1074/1414/1264
f 1016/1413/1263 1074/1414/1264 1017/1415/1265
f 1017/1415/1265 1074/1414/1264 1073/1416/1266
f 1017/1415/1265 1073/1416/1266 1018/1417/1267
f 1018/1417/1267 1073/1416/1266 1072/1418/1268
f 1018/1417/1267 1072/1418/1268 1019/1419/1269
f 1019/1419/1269 1072/1418/1268 1071/1420/1270
f 1019/1419/1269 1071/1420/1270 1020/1371/1223
f 1020/1371/1223 1071/1420/1270 1070/1372/1224
f 1046/1421/1271 1092/1378/1228 1045/1422/1272
f 1045/1422/1272 1092/1378/1228 1069/1376/1226
f 1045/1423/1272 1069/1374/1226 1068/1424/1273
f 1068/1424/1273 1069/1374/1226 1070/1372/1224
f 1068/1424/1273 1070/1372/1224 1067/1425/1274
f 1067/1425/1274 1070/1372/1224 1071/1420/1270
f 1067/1425/1274 1071/1420/1270 1066/1426/1275
f 1066/1426/1275 1071/1420/1270 1072/1418/1268
f 1066/1426/1275 1072/1418/1268 1065/1427/1276
f 1065/1427/1276 1072/1418/1268 1073/1416/1266
f 1065/1427/1276 1073/1416/1266 1064/1428/1277
f 1064/1428/1277 1073/1416/1266 1074/1414/1264
f 1064/1428/1277 1074/1414/1264 1063/1429/1278
f 1063/1429/1278 1074/1414/1264 1075/1412/1262
f 1063/1429/1278 1075/1412/1262 1062/1430/1279
f 1062/1430/1279 1075/1412/1262 1076/1410/1260
f 1062/1430/1279 1076/1410/1260 1061/1431/1280
f 1061/1431/1280 1076/1410/1260 1077/1408/1258
f 1061/1431/1280 1077/1408/1258 1060/1432/1281
f 1060/1432/1281 1077/1408/1258 1078/1406/1256
f 1060/1432/1281 1078/1406/1256 1059/1433/1282
f 1059/1433/1282 1078/1406/1256 1079/1404/1254
f 1059/1433/1282 1079/1404/1254 1058/1434/1283
f 1058/1434/1283 1079/1404/1254 1080/1402/1252
f 1058/1434/1283 1080/1402/1252 1057/1435/1284
f 1057/1435/1284 1080/1402/1252 1081/1400/1250
f 1057/1435/1284 1081/1400/1250 1056/1436/1285
f 1056/1436/1285 1081/1400/1250 1082/1398/1248
f 1056/1436/1285 1082/1398/1248 1055/1437/1286
f 1055/1437/1286 1082/1398/1248 1083/1396/1246
f 1055/1437/1286 1083/1396/1246 1054/1438/1287
f 1054/1438/1287 1083/1396/1246 1084/1394/1244
f 1054/1438/1287 1084/1394/1244 1053/1439/1288
f 1053/1439/1288 1084/1394/1244 1085/1392/1242
f 1053/1439/1288 1085/1392/1242 1052/1440/1289
f 1052/1440/1289 1085/1392/1242 1086/1390/1240
f 1052/1440/1289 1086/1390/1240 1051/1441/1290
f 1051/1441/1290 1086/1390/1240 1087/1388/1238
f 1051/1441/1290 1087/1388/1238 1050/1442/1291
f 1050/1442/1291 1087/1388/1238 1088/1386/1236
f 1050/1442/1291 1088/1386/1236 1049/1443/1292
f 1049/1443/1292 1088/1386/1236 1089/1384/1234
f 1049/1443/1292 1089/1384/1234 1048/1444/1293
f 1048/1444/1293 1089/1384/1234 1090/1382/1232
f 1048/1444/1293 1090/1382/1232 1047/1445/1294
f 1047/1445/1294 1090/1382/1232 1091/1380/1230
f 1047/1445/1294 1091/1380/1230 1046/1421/1271
f 1046/1421/1271 1091/1380/1230 1092/1378/1228
f 1068/1446/1295 633/1447/1296 1045/1448/1297
f 1045/1448/1297 633/1447/1296 632/1449/1298
f 1045/1448/1297 632/1449/1298 656/1450/1299
f 633/1447/1296 1068/1446/1295 634/1451/1300
f 634/1451/1300 1068/1446/1295 1067/1452/1301
f 634/1451/1300 1067/1452/1301 635/1453/1302
f 635/1453/1302 1067/1452/1301 1066/1454/1303
f 635/1453/1302 1066/1454/1303 636/1455/1304
f 636/1455/1304 1066/1454/1303 1065/1456/1305
f 636/1455/1304 1065/1456/1305 637/1457/1306
f 637/1457/1306 1065/1456/1305 1064/1458/1307
f 637/1457/1306 1064/1458/1307 638/1459/1308
f 638/1459/1308 1064/1458/1307 1063/1460/1309
f 638/1459/1308 1063/1460/1309 639/1461/1310
f 639/1461/1310 1063/1460/1309 1062/1462/1311
f 639/1461/1310 1062/1462/1311 640/1463/1312
f 640/1463/1312 1062/1462/1311 1061/1464/1313
f 640/1463/1312 1061/1464/1313 641/1465/1314
f 641/1465/1314 1061/1464/1313 1060/1466/1315
f 641/1465/1314 1060/1466/1315 642/1467/1316
f 642/1467/1316 1060/1466/1315 1059/1468/1317
f 642/1467/1316 1059/1468/1317 643/1469/1318
f 643/1469/1318 1059/1468/1317 1058/1470/1319
f 643/1469/1318 1058/1470/1319 644/1471/1320
f 644/1471/1320 1058/1470/1319 1057/1472/1321
f 644/1471/1320 1057/1472/1321 645/1473/1322
f 645/1473/1322 1057/1472/1321 1056/1474/1323
f 645/1473/1322 1056/1474/1323 646/1475/1324
f 646/1475/1324 1056/1474/1323 1055/1476/1325
f 646/1475/1324 1055/1476/1325 647/1477/1326
f 647/1477/1326 1055/1476/1325 1054/1478/1327
f 647/1477/1326 1054/1478/1327 648/1479/1328
f 648/1479/1328 1054/1478/1327 1053/1480/1329
f 648/1479/1328 1053/1480/1329 649/1481/1330
f 649/1481/1330 1053/1480/1329 1052/1482/1331
f 649/1481/1330 1052/1482/1331 650/1483/1332
f 650/1483/1332 1052/1482/1331 1051/1484/1333
f 650/1483/1332 1051/1484/1333 651/1485/1334
f 651/1485/1334 1051/1484/1333 1050/1486/1335
f 651/1485/1334 1050/1486/1335 652/1487/1336
f 652/1487/1336 1050/1486/1335 1049/1488/1337
f 652/1487/1336 1049/1488/1337 653/1489/1338
f 653/1489/1338 1049/1488/1337 1048/1490/1339
f 653/1489/1338 1048/1490/1339 654/1491/1340
f 654/1491/1340 1048/1490/1339 1047/1492/1341
f 654/1491/1340 1047/1492/1341 655/1493/1342
f 655/1493/1342 1047/1492/1341 1046/1494/1343
f 655/1493/1342 1046/1494/1343 656/1450/1299
f 656/1450/1299 1046/1494/1343 1045/1448/1297
f 1044/1495/1344 1118/1496/1345 1021/1497/1346
f 1021/1497/1346 1118/1496/1345 1117/1498/1347
f 1021/1499/1346 1117/1500/1347 1022/1501/1348
f 1022/1501/1348 1117/1500/1347 1140/1502/1349
f 1022/1501/1348 1140/1502/1349 1023/1503/1350
f 1023/1503/1350 1140/1502/1349 1139/1504/1351
f 1023/1503/1350 1139/1504/1351 1024/1505/1352
f 1024/1505/1352 1139/1504/1351 1138/1506/1353
f 1024/1505/1352 1138/1506/1353 1025/1507/1354
f 1025/1507/1354 1138/1506/1353 1137/1508/1355
f 1025/1507/1354 1137/1508/1355 1026/1509/1356
f 1026/1509/1356 1137/1508/1355 1136/1510/1357
f 1026/1509/1356 1136/1510/1357 1027/1511/1358
f 1027/1511/1358 1136/1510/1357 1135/1512/1359
f 1027/1511/1358 1135/1512/1359 1028/1513/1360
f 1028/1513/1360 1135/1512/1359 1134/1514/1361
f 1028/1513/1360 1134/1514/1361 1029/1515/1362
f 1029/1515/1362 1134/1514/1361 1133/1516/1363
f 1029/1515/1362 1133/1516/1363 1030/1517/1364
f 1030/1517/1364 1133/1516/1363 1132/1518/1365
f 1030/1517/1364 1132/1518/1365 1031/1519/1366
f 1031/1519/1366 1132/1518/1365 1131/1520/1367
f 1031/1519/1366 1131/1520/1367 1032/1521/1368
f 1032/1521/1368 1131/1520/1367 1130/1522/1369
f 1032/1521/1368 1130/1522/1369 1033/1523/1370
f 1033/1523/1370 1130/1522/1369 1129/1524/1371
f 1033/1523/1370 1129/1524/1371 1034/1525/1372
f 1034/1525/1372 1129/1524/1371 1128/1526/1373
f 1034/1525/1372 1128/1526/1373 1035/1527/1374
f 1035/1527/1374 1128/1526/1373 1127/1528/1375
f 1035/1527/1374 1127/1528/1375 1036/1529/1376
f 1036/1529/1376 1127/1528/1375 1126/1530/1377
f 1036/1529/1376 1126/1530/1377 1037/1531/1378
f 1037/1531/1378 1126/1530/1377 1125/1532/1379
f 1037/1531/1378 1125/1532/1379 1038/1533/1380
f 1038/1533/1380 1125/1532/1379 1124/1534/1381
f 1038/1533/1380 1124/1534/1381 1039/1535/1382
f 1039/1535/1382 1124/1534/1381 1123/1536/1383
f 1039/1535/1382 1123/1536/1383 1040/1537/1384
f 1040/1537/1384 1123/1536/1383 1122/1538/1385
f 1040/1537/1384 1122/1538/1385 1041/1539/1386
f 1041/1539/1386 1122/1538/1385 1121/1540/1387
f 1041/1539/1386 1121/1540/1387 1042/1541/1388
f 1042/1541/1388 1121/1540/1387 1120/1542/1389
f 1042/1541/1388 1120/1542/1389 1043/1543/1390
f 1043/1543/1390 1120/1542/1389 1119/1544/1391
f 1043/1543/1390 1119/1544/1391 1044/1495/1344
f 1044/1495/1344 1119/1544/1391 1118/1496/1345
f 1094/1545/1392 1140/1502/1349 1093/1546/1393
f 1093/1546/1393 1140/1502/1349 1117/1500/1347
f 1093/1547/1393 1117/1498/1347 1116/1548/1394
f 1116/1548/1394 1117/1498/1347 1118/1496/1345
f 1116/1548/1394 1118/1496/1345 1115/1549/1395
f 1115/1549/1395 1118/1496/1345 1119/1544/1391
f 1115/1549/1395 1119/1544/1391 1114/1550/1396
f 1114/1550/1396 1119/1544/1391 1120/1542/1389
f 1114/1550/1396 1120/1542/1389 1113/1551/1397
f 1113/1551/1397 1120/1542/1389 1121/1540/1387
f 1113/1551/1397 1121/1540/1387 1112/1552/1398
f 1112/1552/1398 1121/1540/1387 1122/1538/1385
f 1112/1552/1398 1122/1538/1385 1111/1553/1399
f 1111/1553/1399 1122/1538/1385 1123/1536/1383
f 1111/1553/1399 1123/1536/1383 1110/1554/1400
f 1110/1554/1400 1123/1536/1383 1124/1534/1381
f 1110/1554/1400 1124/1534/1381 1109/1555/1401
f 1109/1555/1401 1124/1534/1381 1125/1532/1379
f 1109/1555/1401 1125/1532/1379 1108/1556/1402
f 1108/1556/1402 1125/1532/1379 1126/1530/1377
f 1108/1556/1402 1126/1530/1377 1107/1557/1403
f 1107/1557/1403 1126/1530/1377 1127/1528/1375
f 1107/1557/1403 1127/1528/1375 1106/1558/1404
f 1106/1558/1404 1127/1528/1375 1128/1526/1373
f 1106/1558/1404 1128/1526/1373 1105/1559/1405
f 1105/1559/1405 1128/1526/1373 1129/1524/1371
f 1105/1559/1405 1129/1524/1371 1104/1560/1406
f 1104/1560/1406 1129/1524/1371 1130/1522/1369
f 1104/1560/1406 1130/1522/1369 1103/1561/1407
f 1103/1561/1407 1130/1522/1369 1131/1520/1367
f 1103/1561/1407 1131/1520/1367 1102/1562/1408
f 1102/1562/1408 1131/1520/1367 1132/1518/1365
f 1102/1562/1408 1132/1518/1365 1101/1563/1409
f 1101/1563/1409 1132/1518/1365 1133/1516/1363
f 1101/1563/1409 1133/1516/1363 1100/1564/1410
f 1100/1564/1410 1133/1516/1363 1134/1514/1361
f 1100/1564/1410 1134/1514/1361 1099/1565/1411
f 1099/1565/1411 1134/1514/1361 1135/1512/1359
f 1099/1565/1411 1135/1512/1359 1098/1566/1412
f 1098/1566/1412 1135/1512/1359 1136/1510/1357
f 1098/1566/1412 1136/1510/1357 1097/1567/1413
f 1097/1567/1413 1136/1510/1357 1137/1508/1355
f 1097/1567/1413 1137/1508/1355 1096/1568/1414
f 1096/1568/1414 1137/1508/1355 1138/1506/1353
f 1096/1568/1414 1138/1506/1353 1095/1569/1415
f 1095/1569/1415 1138/1506/1353 1139/1504/1351
f 1095/1569/1415 1139/1504/1351 1094/1545/1392
f 1094/1545/1392 1139/1504/1351 1140/1502/1349
f 1116/1570/1416 873/1571/1417 1093/1572/1418
f 1093/1572/1418 873/1571/1417 872/1573/1419
f 1093/1572/1418 872/1573/1419 896/1574/1420
f 873/1571/1417 1116/1570/1416 874/1575/1421
f 874/1575/1421 1116/1570/1416 1115/1576/1422
f 874/1575/1421 1115/1576/1422 875/1577/1423
f 875/1577/1423 1115/1576/1422 1114/1578/1424
f 875/1577/1423 1114/1578/1424 876/1579/1425
f 876/1579/1425 1114/1578/1424 1113/1580/1426
f 876/1579/1425 1113/1580/1426 877/1581/1427
f 877/1581/1427 1113/1580/1426 1112/1582/1428
f 877/1581/1427 1112/1582/1428 878/1583/1429
f 878/1583/1429 1112/1582/1428 1111/1584/1430
f 878/1583/1429 1111/1584/1430 879/1585/1431
f 879/1585/1431 1111/1584/1430 1110/1586/1432
f 879/1585/1431 1110/1586/1432 880/1587/1433
f 880/1587/1433 1110/1586/1432 1109/1588/1434
f 880/1587/1433 1109/1588/1434 881/1589/1435
f 881/1589/1435 1109/1588/1434 1108/1590/1436
f 881/1589/1435 1108/1590/1436 882/1591/1437
f 882/1591/1437 1108/1590/1436 1107/1592/1438
f 882/1591/1437 1107/1592/1438 883/1593/1439
f 883/1593/1439 1107/1592/1438 1106/1594/1440
f 883/1593/1439 1106/1594/1440 884/1595/1441
f 884/1595/1441 1106/1594/1440 1105/1596/1442
f 884/1595/1441 1105/1596/1442 885/1597/1443
f 885/1597/1443 1105/1596/1442 1104/1598/1444
f 885/1597/1443 1104/1598/1444 886/1599/1445
f 886/1599/1445 1104/1598/1444 1103/1600/1446
f 886/1599/1445 1103/1600/1446 887/1601/1447
f 887/1601/1447 1103/1600/1446 1102/1602/1448
f 887/1601/1447 1102/1602/1448 888/1603/1449
f 888/1603/1449 1102/1602/1448 1101/1604/1450
f 888/1603/1449 1101/1604/1450 889/1605/1451
f 889/1605/1451 1101/1604/1450 1100/1606/1452
f 889/1605/1451 1100/1606/1452 890/1607/1453
f 890/1607/1453 1100/1606/1452 1099/1608/1454
f 890/1607/1453 1099/1608/1454 891/1609/1455
f 891/1609/1455 1099/1608/1454 1098/1610/1456
f 891/1609/1455 1098/1610/1456 892/1611/1457
f 892/1611/1457 1098/1610/1456 1097/1612/1458
f 892/1611/1457 1097/1612/1458 893/1613/1459
f 893/1613/1459 1097/1612/1458 1096/1614/1460
f 893/1613/1459 1096/1614/1460 894/1615/1461
f 894/1615/1461 1096/1614/1460 1095/1616/1462
f 894/1615/1461 1095/1616/1462 895/1617/1463
f 895/1617/1463 1095/1616/1462 1094/1618/1464
f 895/1617/1463 1094/1618/1464 896/1574/1420
f 896/1574/1420 1094/1618/1464 1093/1572/1418
f 954/1619/1023 281/1620/1024 965/1621/1465
f 965/1621/1465 281/1620/1024 280/1622/1466
f 965/1621/1465 280/1622/1466 966/1623/1467
f 966/1623/1467 280/1622/1466 279/1624/1468
f 966/1623/1467 279/1624/1468 967/1625/1469
f 967/1625/1469 279/1624/1468 278/1626/1470
f 967/1625/1469 278/1626/1470 968/1627/1471
f 968/1627/1471 278/1626/1470 277/1628/1472
f 968/1627/1471 277/1628/1472 969/1629/1473
f 969/1629/1473 277/1628/1472 276/1630/1474
f 969/1629/1473 276/1630/1474 970/1631/1475
f 970/1631/1475 276/1630/1474 275/1632/1476
f 970/1631/1475 275/1632/1476 971/1633/1477
f 971/1633/1477 275/1632/1476 274/1634/1478
f 971/1633/1477 274/1634/1478 972/1635/1479
f 972/1635/1479 274/1634/1478 273/1636/1480
f 972/1635/1479 273/1636/1480 973/1637/1481
f 973/1637/1481 273/1636/1480 272/1638/1482
f 973/1637/1481 272/1638/1482 974/1639/1483
f 974/1639/1483 272/1638/1482 271/1640/1484
f 974/1641/1483 271/1642/1484 975/1643/1485
f 975/1643/1485 271/1642/1484 270/1644/1486
f 260/1645/1487 985/1646/1488 261/1647/1489
f 261/1647/1489 985/1646/1488 984/1648/1490
f 261/1647/1489 984/1648/1490 262/1649/1491
f 262/1649/1491 984/1648/1490 983/1650/1492
f 262/1649/1491 983/1650/1492 263/1651/1493
f 263/1651/1493 983/1650/1492 982/1652/1494
f 263/1651/1493 982/1652/1494 264/1653/1495
f 264/1653/1495 982/1652/1494 981/1654/1496
f 264/1653/1495 981/1654/1496 265/1655/1497
f 265/1655/1497 981/1654/1496 980/1656/1498
f 265/1655/1497 980/1656/1498 266/1657/1499
f 266/1657/1499 980/1656/1498 979/1658/1500
f 266/1657/1499 979/1658/1500 267/1659/1501
f 267/1659/1501 979/1658/1500 978/1660/1502
f 267/1659/1501 978/1660/1502 268/1661/1503
f 268/1661/1503 978/1660/1502 977/1662/1504
f 268/1661/1503 977/1662/1504 269/1663/1505
f 269/1663/1505 977/1662/1504 976/1664/1506
f 269/1663/1505 976/1664/1506 270/1665/1486
f 270/1665/1486 976/1664/1506 975/1666/1485
f 986/1667/1507 259/1668/1508 987/1669/1509
f 987/1669/1509 259/1668/1508 258/1670/1510
f 987/1669/1509 258/1670/1510 988/1671/1511
f 988/1671/1511 258/1670/1510 257/1672/1512
f 988/1671/1511 257/1672/1512 989/1673/1513
f 989/1673/1513 257/1672/1512 256/1674/1514
f 989/1673/1513 256/1674/1514 990/1675/1515
f 990/1675/1515 256/1674/1514 255/1676/1516
f 990/1675/1515 255/1676/1516 991/1677/1517
f 991/1677/1517 255/1676/1516 254/1678/1518
f 991/1677/1517 254/1678/1518 992/1679/1519
f 992/1679/1519 254/1678/1518 253/1680/1520
f 992/1679/1519 253/1680/1520 993/1681/1521
f 993/1681/1521 253/1680/1520 252/1682/1522
f 993/1681/1521 252/1682/1522 994/1683/1523
f 994/1683/1523 252/1682/1522 251/1684/1524
f 994/1683/1523 251/1684/1524 995/1685/1525
f 995/1685/1525 251/1684/1524 250/1686/1526
f 995/1685/1525 250/1686/1526 996/1687/1222
f 996/1687/1222 250/1686/1526 249/1688/1221
f 985/1689/1488 260/1690/1487 986/1691/1507
f 986/1691/1507 260/1690/1487 259/1692/1508
f 1142/1693/1527 1188/1694/1528 1141/1695/1529
f 1141/1695/1529 1188/1694/1528 1165/1696/1530
f 1141/1697/1529 1165/1698/1530 1164/1699/1531
f 1164/1699/1531 1165/1698/1530 1166/1700/1532
f 1164/1699/1531 1166/1700/1532 1163/1701/1533
f 1163/1701/1533 1166/1700/1532 1167/1702/1534
f 1163/1701/1533 1167/1702/1534 1162/1703/1535
f 1162/1703/1535 1167/1702/1534 1168/1704/1536
f 1162/1703/1535 1168/1704/1536 1161/1705/1537
f 1161/1705/1537 1168/1704/1536 1169/1706/1538
f 1161/1705/1537 1169/1706/1538 1160/1707/1539
f 1160/1707/1539 1169/1706/1538 1170/1708/1540
f 1160/1707/1539 1170/1708/1540 1159/1709/1541
f 1159/1709/1541 1170/1708/1540 1171/1710/1542
f 1159/1709/1541 1171/1710/1542 1158/1711/1543
f 1158/1711/1543 1171/1710/1542 1172/1712/1544
f 1158/1711/1543 1172/1712/1544 1157/1713/1545
f 1157/1713/1545 1172/1712/1544 1173/1714/1546
f 1157/1713/1545 1173/1714/1546 1156/1715/1547
f 1156/1715/1547 1173/1714/1546 1174/1716/1548
f 1156/1715/1547 1174/1716/1548 1155/1717/1549
f 1155/1717/1549 1174/1716/1548 1175/1718/1550
f 1155/1717/1549 1175/1718/1550 1154/1719/1551
f 1154/1719/1551 1175/1718/1550 1176/1720/1552
f 1154/1719/1551 1176/1720/1552 1153/1721/1553
f 1153/1721/1553 1176/1720/1552 1177/1722/1554
f 1153/1721/1553 1177/1722/1554 1152/1723/1555
f 1152/1723/1555 1177/1722/1554 1178/1724/1556
f 1152/1723/1555 1178/1724/1556 1151/1725/1557
f 1151/1725/1557 1178/1724/1556 1179/1726/1558
f 1151/1725/1557 1179/1726/1558 1150/1727/1559
f 1150/1727/1559 1179/1726/1558 1180/1728/1560
f 1150/1727/1559 1180/1728/1560 1149/1729/1561
f 1149/1729/1561 1180/1728/1560 1181/1730/1562
f 1149/1729/1561 1181/1730/1562 1148/1731/1563
f 1148/1731/1563 1181/1730/1562 1182/1732/1564
f 1148/1731/1563 1182/1732/1564 1147/1733/1565
f 1147/1733/1565 1182/1732/1564 1183/1734/1566
f 1147/1733/1565 1183/1734/1566 1146/1735/1567
f 1146/1735/1567 1183/1734/1566 1184/1736/1568
f 1146/1735/1567 1184/1736/1568 1145/1737/1569
f 1145/1737/1569 1184/1736/1568 1185/1738/1570
f 1145/1737/1569 1185/1738/1570 1144/1739/1571
f 1144/1739/1571 1185/1738/1570 1186/1740/1572
f 1144/1739/1571 1186/1740/1572 1143/1741/1573
f 1143/1741/1573 1186/1740/1572 1187/1742/1574
f 1143/1741/1573 1187/1742/1574 1142/1693/1527
f 1142/1693/1527 1187/1742/1574 1188/1694/1528
f 1190/1743/1575 1236/1744/1576 1189/1745/1577
f 1189/1745/1577 1236/1744/1576 1213/1746/1578
f 1189/1747/1577 1213/1748/1578 1212/1749/1579
f 1212/1749/1579 1213/1748/1578 1214/1750/1580
f 1212/1749/1579 1214/1750/1580 1211/1751/1581
f 1211/1751/1581 1214/1750/1580 1215/1752/1582
f 1211/1751/1581 1215/1752/1582 1210/1753/1583
f 1210/1753/1583 1215/1752/1582 1216/1754/1584
f 1210/1753/1583 1216/1754/1584 1209/1755/1585
f 1209/1755/1585 1216/1754/1584 1217/1756/1586
f 1209/1755/1585 1217/1756/1586 1208/1757/1587
f 1208/1757/1587 1217/1756/1586 1218/1758/1588
f 1208/1757/1587 1218/1758/1588 1207/1759/1589
f 1207/1759/1589 1218/1758/1588 1219/1760/1590
f 1207/1759/1589 1219/1760/1590 1206/1761/1591
f 1206/1761/1591 1219/1760/1590 1220/1762/1592
f 1206/1761/1591 1220/1762/1592 1205/1763/1593
f 1205/1763/1593 1220/1762/1592 1221/1764/1594
f 1205/1763/1593 1221/1764/1594 1204/1765/1595
f 1204/1765/1595 1221/1764/1594 1222/1766/1596
f 1204/1765/1595 1222/1766/1596 1203/1767/1597
f 1203/1767/1597 1222/1766/1596 1223/1768/1598
f 1203/1767/1597 1223/1768/1598 1202/1769/1599
f 1202/1769/1599 1223/1768/1598 1224/1770/1600
f 1202/1769/1599 1224/1770/1600 1201/1771/1601
f 1201/1771/1601 1224/1770/1600 1225/1772/1602
f 1201/1771/1601 1225/1772/1602 1200/1773/1603
f 1200/1773/1603 1225/1772/1602 1226/1774/1604
f 1200/1773/1603 1226/1774/1604 1199/1775/1605
f 1199/1775/1605 1226/1774/1604 1227/1776/1606
f 1199/1775/1605 1227/1776/1606 1198/1777/1607
f 1198/1777/1607 1227/1776/1606 1228/1778/1608
f 1198/1777/1607 1228/1778/1608 1197/1779/1609
f 1197/1779/1609 1228/1778/1608 1229/1780/1610
f 1197/1779/1609 1229/1780/1610 1196/1781/1611
f 1196/1781/1611 1229/1780/1610 1230/1782/1612
f 1196/1781/1611 1230/1782/1612 1195/1783/1613
f 1195/1783/1613 1230/1782/1612 1231/1784/1614
f 1195/1783/1613 1231/1784/1614 1194/1785/1615
f 1194/1785/1615 1231/1784/1614 1232/1786/1616
f 1194/1785/1615 1232/1786/1616 1193/1787/1617
f 1193/1787/1617 1232/1786/1616 1233/1788/1618
f 1193/1787/1617 1233/1788/1618 1192/1789/1619
f 1192/1789/1619 1233/1788/1618 1234/1790/1620
f 1192/1789/1619 1234/1790/1620 1191/1791/1621
f 1191/1791/1621 1234/1790/1620 1235/1792/1622
f 1191/1791/1621 1235/1792/1622 1190/1743/1575
f 1190/1743/1575 1235/1792/1622 1236/1744/1576
f 1238/1793/1623 1284/1794/1624 1237/1795/1625
f 1237/1795/1625 1284/1794/1624 1261/1796/1626
f 1237/1797/1625 1261/1798/1626 1260/1799/1627
f 1260/1799/1627 1261/1798/1626 1262/1800/1628
f 1260/1799/1627 1262/1800/1628 1259/1801/1629
f 1259/1801/1629 1262/1800/1628 1263/1802/1630
f 1259/1801/1629 1263/1802/1630 1258/1803/1631
f 1258/1803/1631 1263/1802/1630 1264/1804/1632
f 1258/1803/1631 1264/1804/1632 1257/1805/1633
f 1257/1805/1633 1264/1804/1632 1265/1806/1634
f 1257/1805/1633 1265/1806/1634 1256/1807/1635
f 1256/1807/1635 1265/1806/1634 1266/1808/1636
f 1256/1807/1635 1266/1808/1636 1255/1809/1637
f 1255/1809/1637 1266/1808/1636 1267/1810/1638
f 1255/1809/1637 1267/1810/1638 1254/1811/1639
f 1254/1811/1639 1267/1810/1638 1268/1812/1640
f 1254/1811/1639 1268/1812/1640 1253/1813/1641
f 1253/1813/1641 1268/1812/1640 1269/1814/1642
f 1253/1813/1641 1269/1814/1642 1252/1815/1643
f 1252/1815/1643 1269/1814/1642 1270/1816/1644
f 1252/1815/1643 1270/1816/1644 1251/1817/1645
f 1251/1817/1645 1270/1816/1644 1271/1818/1646
f 1251/1817/1645 1271/1818/1646 1250/1819/1647
f 1250/1819/1647 1271/1818/1646 1272/1820/1648
f 1250/1819/1647 1272/1820/1648 1249/1821/1649
f 1249/1821/1649 1272/1820/1648 1273/1822/1650
f 1249/1821/1649 1273/1822/1650 1248/1823/1651
f 1248/1823/1651 1273/1822/1650 1274/1824/1652
f 1248/1823/1651 1274/1824/1652 1247/1825/1653
f 1247/1825/1653 1274/1824/1652 1275/1826/1654
f 1247/1825/1653 1275/1826/1654 1246/1827/1655
f 1246/1827/1655 1275/1826/1654 1276/1828/1656
f 1246/1827/1655 1276/1828/1656 1245/1829/1657
f 1245/1829/1657 1276/1828/1656 1277/1830/1658
f 1245/1829/1657 1277/1830/1658 1244/1831/1659
f 1244/1831/1659 1277/1830/1658 1278/1832/1660
f 1244/1831/1659 1278/1832/1660 1243/1833/1661
f 1243/1833/1661 1278/1832/1660 1279/1834/1662
f 1243/1833/1661 1279/1834/1662 1242/1835/1663
f 1242/1835/1663 1279/1834/1662 1280/1836/1664
f 1242/1835/1663 1280/1836/1664 1241/1837/1665
f 1241/1837/1665 1280/1836/1664 1281/1838/1666
f 1241/1837/1665 1281/1838/1666 1240/1839/1667
f 1240/1839/1667 1281/1838/1666 1282/1840/1668
f 1240/1839/1667 1282/1840/1668 1239/1841/1669
f 1239/1841/1669 1282/1840/1668 1283/1842/1670
f 1239/1841/1669 1283/1842/1670 1238/1793/1623
f 1238/1793/1623 1283/1842/1670 1284/1794/1624
f 1286/1843/1671 1332/1844/1672 1285/1845/1673
f 1285/1845/1673 1332/1844/1672 1309/1846/1674
f 1285/1847/1673 1309/1848/1674 1308/1849/1675
f 1308/1849/1675 1309/1848/1674 1310/1850/1676
f 1308/1849/1675 1310/1850/1676 1307/1851/1677
f 1307/1851/1677 1310/1850/1676 1311/1852/1678
f 1307/1851/1677 1311/1852/1678 1306/1853/1679
f 1306/1853/1679 1311/1852/1678 1312/1854/1680
f 1306/1853/1679 1312/1854/1680 1305/1855/1681
f 1305/1855/1681 1312/1854/1680 1313/1856/1682
f 1305/1855/1681 1313/1856/1682 1304/1857/1683
f 1304/1857/1683 1313/1856/1682 1314/1858/1684
f 1304/1857/1683 1314/1858/1684 1303/1859/1685
f 1303/1859/1685 1314/1858/1684 1315/1860/1686
f 1303/1859/1685 1315/1860/1686 1302/1861/1687
f 1302/1861/1687 1315/1860/1686 1316/1862/1688
f 1302/1861/1687 1316/1862/1688 1301/1863/1689
f 1301/1863/1689 1316/1862/1688 1317/1864/1690
f 1301/1863/1689 1317/1864/1690 1300/1865/1691
f 1300/1865/1691 1317/1864/1690 1318/1866/1692
f 1300/1865/1691 1318/1866/1692 1299/1867/1693
f 1299/1867/1693 1318/1866/1692 1319/1868/1694
f 1299/1867/1693 1319/1868/1694 1298/1869/1695
f 1298/1869/1695 1319/1868/1694 1320/1870/1696
f 1298/1869/1695 1320/1870/1696 1297/1871/1697
f 1297/1871/1697 1320/1870/1696 1321/1872/1698
f 1297/1871/1697 1321/1872/1698 1296/1873/1699
f 1296/1873/1699 1321/1872/1698 1322/1874/1700
f 1296/1873/1699 1322/1874/1700 1295/1875/1701
f 1295/1875/1701 1322/1874/1700 1323/1876/1702
f 1295/1875/1701 1323/1876/1702 1294/1877/1703
f 1294/1877/1703 1323/1876/1702 1324/1878/1704
f 1294/1877/1703 1324/1878/1704 1293/1879/1705
f 1293/1879/1705 1324/1878/1704 1325/1880/1706
f 1293/1879/1705 1325/1880/1706 1292/1881/1707
f 1292/1881/1707 1325/1880/1706 1326/1882/1708
f 1292/1881/1707 1326/1882/1708 1291/1883/1709
f 1291/1883/1709 1326/1882/1708 1327/1884/1710
f 1291/1883/1709 1327/1884/1710 1290/1885/1711
f 1290/1885/1711 1327/1884/1710 1328/1886/1712
f 1290/1885/1711 1328/1886/1712 1289/1887/1713
f 1289/1887/1713 1328/1886/1712 1329/1888/1714
f 1289/1887/1713 1329/1888/1714 1288/1889/1715
f 1288/1889/1715 1329/1888/1714 1330/1890/1716
f 1288/1889/1715 1330/1890/1716 1287/1891/1717
f 1287/1891/1717 1330/1890/1716 1331/1892/1718
f 1287/1891/1717 1331/1892/1718 1286/1843/1671
f 1286/1843/1671 1331/1892/1718 1332/1844/1672
f 1334/1893/1719 1344/1894/1720 1333/1895/1721
f 1333/1895/1721 1344/1894/1720 1345/1896/1722
f 1333/1895/1721 1345/1896/1722 1356/1897/1723
f 1356/1897/1723 1345/1896/1722 1346/1898/1724
f 1356/1897/1723 1346/1898/1724 1355/1899/1725
f 1355/1899/1725 1346/1898/1724 1347/1900/1726
f 1355/1899/1725 1347/1900/1726 1354/1901/1727
f 1354/1901/1727 1347/1900/1726 1348/1902/1728
f 1354/1901/1727 1348/1902/1728 1353/1903/1729
f 1353/1903/1729 1348/1902/1728 1349/1904/1730
f 1353/1903/1729 1349/1904/1730 1352/1905/1731
f 1352/1905/1731 1349/1904/1730 1350/1906/1732
f 1352/1905/1731 1350/1906/1732 1351/1907/1733
f 1344/1894/1720 1334/1893/1719 1343/1908/1734
f 1343/1908/1734 1334/1893/1719 1335/1909/1735
f 1343/1908/1734 1335/1909/1735 1342/1910/1736
f 1342/1910/1736 1335/1909/1735 1336/1911/1737
f 1342/1910/1736 1336/1911/1737 1341/1912/1738
f 1341/1912/1738 1336/1911/1737 1337/1913/1739
f 1341/1912/1738 1337/1913/1739 1340/1914/1740
f 1340/1914/1740 1337/1913/1739 1338/1915/1741
f 1340/1914/1740 1338/1915/1741 1339/1916/1742
f 1358/1917/1743 1368/1918/1744 1357/1919/1745
f 1357/1919/1745 1368/1918/1744 1369/1920/1746
f 1357/1919/1745 1369/1920/1746 1380/1921/1747
f 1380/1921/1747 1369/1920/1746 1370/1922/1748
f 1380/1921/1747 1370/1922/1748 1379/1923/1749
f 1379/1923/1749 1370/1922/1748 1371/1924/1750
f 1379/1923/1749 1371/1924/1750 1378/1925/1751
f 1378/1925/1751 1371/1924/1750 1372/1926/1752
f 1378/1925/1751 1372/1926/1752 1377/1927/1753
f 1377/1927/1753 1372/1926/1752 1373/1928/1754
f 1377/1927/1753 1373/1928/1754 1376/1929/1755
f 1376/1929/1755 1373/1928/1754 1374/1930/1756
f 1376/1929/1755 1374/1930/1756 1375/1931/1757
f 1368/1918/1744 1358/1917/1743 1367/1932/1758
f 1367/1932/1758 1358/1917/1743 1359/1933/1759
f 1367/1932/1758 1359/1933/1759 1366/1934/1760
f 1366/1934/1760 1359/1933/1759 1360/1935/1761
f 1366/1934/1760 1360/1935/1761 1365/1936/1762
f 1365/1936/1762 1360/1935/1761 1361/1937/1763
f 1365/1936/1762 1361/1937/1763 1364/1938/1764
f 1364/1938/1764 1361/1937/1763 1362/1939/1765
f 1364/1938/1764 1362/1939/1765 1363/1940/1766
f 1382/1941/1767 1429/1942/1768 1381/1943/1769
f 1381/1943/1769 1429/1942/1768 1405/1944/1770
f 1381/1943/1769 1405/1944/1770 1406/1945/1771
f 1429/1942/1768 1382/1941/1767 1428/1946/1772
f 1428/1946/1772 1382/1941/1767 1383/1947/1773
f 1428/1946/1772 1383/1947/1773 1427/1948/1774
f 1427/1948/1774 1383/1947/1773 1384/1949/1775
f 1427/1948/1774 1384/1949/1775 1426/1950/1776
f 1426/1950/1776 1384/1949/1775 1385/1951/1777
f 1426/1950/1776 1385/1951/1777 1425/1952/1778
f 1425/1952/1778 1385/1951/1777 1386/1953/1779
f 1425/1952/1778 1386/1953/1779 1424/1954/1780
f 1424/1954/1780 1386/1953/1779 1387/1955/1781
f 1424/1954/1780 1387/1955/1781 1423/1956/1782
f 1423/1956/1782 1387/1955/1781 1388/1957/1783
f 1423/1956/1782 1388/1957/1783 1422/1958/1784
f 1422/1958/1784 1388/1957/1783 1389/1959/1785
f 1422/1958/1784 1389/1959/1785 1421/1960/1786
f 1421/1960/1786 1389/1959/1785 1390/1961/1787
f 1421/1960/1786 1390/1961/1787 1420/1962/1788
f 1420/1962/1788 1390/1961/1787 1391/1963/1789
f 1420/1962/1788 1391/1963/1789 1419/1964/1790
f 1419/1964/1790 1391/1963/1789 1392/1965/1791
f 1419/1964/1790 1392/1965/1791 1418/1966/1792
f 1418/1966/1792 1392/1965/1791 1393/1967/1793
f 1418/1966/1792 1393/1967/1793 1417/1968/1794
f 1417/1968/1794 1393/1967/1793 1394/1969/1795
f 1417/1968/1794 1394/1969/1795 1416/1970/1796
f 1416/1970/1796 1394/1969/1795 1395/1971/1797
f 1416/1970/1796 1395/1971/1797 1415/1972/1798
f 1415/1972/1798 1395/1971/1797 1396/1973/1799
f 1415/1972/1798 1396/1973/1799 1414/1974/1800
f 1414/1974/1800 1396/1973/1799 1397/1975/1801
f 1414/1974/1800 1397/1975/1801 1413/1976/1802
f 1413/1976/1802 1397/1975/1801 1398/1977/1803
f 1413/1976/1802 1398/1977/1803 1412/1978/1804
f 1412/1978/1804 1398/1977/1803 1399/1979/1805
f 1412/1978/1804 1399/1979/1805 1411/1980/1806
f 1411/1980/1806 1399/1979/1805 1400/1981/1807
f 1411/1980/1806 1400/1981/1807 1410/1982/1808
f 1410/1982/1808 1400/1981/1807 1401/1983/1809
f 1410/1982/1808 1401/1983/1809 1409/1984/1810
f 1409/1984/1810 1401/1983/1809 1402/1985/1811
f 1409/1984/1810 1402/1985/1811 1408/1986/1812
f 1408/1986/1812 1402/1985/1811 1403/1987/1813
f 1408/1986/1812 1403/1987/1813 1407/1988/1814
f 1407/1988/1814 1403/1987/1813 1404/1989/1815
f 1407/1988/1814 1404/1989/1815 1406/1945/1771
f 1406/1945/1771 1404/1989/1815 1381/1943/1769
f 1404/1990/1816 1334/1991/1817 1381/1992/1818
f 1381/1992/1818 1334/1991/1817 1333/1993/1819
f 1381/1994/1818 1333/1995/1819 1382/1996/1820
f 1382/1996/1820 1333/1995/1819 1356/1997/1821
f 1382/1996/1820 1356/1997/1821 1383/1998/1822
f 1383/1998/1822 1356/1997/1821 1355/1999/1823
f 1383/1998/1822 1355/1999/1823 1384/2000/1824
f 1384/2000/1824 1355/1999/1823 1354/2001/1825
f 1384/2000/1824 1354/2001/1825 1385/2002/1826
f 1385/2002/1826 1354/2001/1825 1353/2003/1827
f 1385/2002/1826 1353/2003/1827 1386/2004/1828
f 1386/2004/1828 1353/2003/1827 1352/2005/1829
f 1386/2004/1828 1352/2005/1829 1387/2006/1830
f 1387/2006/1830 1352/2005/1829 1351/2007/1831
f 1387/2006/1830 1351/2007/1831 1388/2008/1832
f 1388/2008/1832 1351/2007/1831 1350/2009/1833
f 1388/2008/1832 1350/2009/1833 1389/2010/1834
f 1389/2010/1834 1350/2009/1833 1349/2011/1835
f 1389/2010/1834 1349/2011/1835 1390/2012/1836
f 1390/2012/1836 1349/2011/1835 1348/2013/1837
f 1390/2012/1836 1348/2013/1837 1391/2014/1838
f 1391/2014/1838 1348/2013/1837 1347/2015/1839
f 1391/2014/1838 1347/2015/1839 1392/2016/1840
f 1392/2016/1840 1347/2015/1839 1346/2017/1841
f 1392/2016/1840 1346/2017/1841 1393/2018/1842
f 1393/2018/1842 1346/2017/1841 1345/2019/1843
f 1393/2018/1842 1345/2019/1843 1394/2020/1844
f 1394/2020/1844 1345/2019/1843 1344/2021/1845
f 1394/2020/1844 1344/2021/1845 1395/2022/1846
f 1395/2022/1846 1344/2021/1845 1343/2023/1847
f 1395/2022/1846 1343/2023/1847 1396/2024/1848
f 1396/2024/1848 1343/2023/1847 1342/2025/1849
f 1396/2024/1848 1342/2025/1849 1397/2026/1850
f 1397/2026/1850 1342/2025/1849 1341/2027/1851
f 1397/2026/1850 1341/2027/1851 1398/2028/1852
f 1398/2028/1852 1341/2027/1851 1340/2029/1853
f 1398/2028/1852 1340/2029/1853 1399/2030/1854
f 1399/2030/1854 1340/2029/1853 1339/2031/1855
f 1399/2030/1854 1339/2031/1855 1400/2032/1856
f 1400/2032/1856 1339/2031/1855 1338/2033/1857
f 1400/2032/1856 1338/2033/1857 1401/2034/1858
f 1401/2034/1858 1338/2033/1857 1337/2035/1859
f 1401/2034/1858 1337/2035/1859 1402/2036/1860
f 1402/2036/1860 1337/2035/1859 1336/2037/1861
f 1402/2036/1860 1336/2037/1861 1403/2038/1862
f 1403/2038/1862 1336/2037/1861 1335/2039/1863
f 1403/2038/1862 1335/2039/1863 1404/1990/1816
f 1404/1990/1816 1335/2039/1863 1334/1991/1817
f 1431/2040/1864 1441/2041/1865 1430/2042/1866
f 1430/2042/1866 1441/2041/1865 1442/2043/1867
f 1430/2042/1866 1442/2043/1867 1453/2044/1868
f 1453/2044/1868 1442/2043/1867 1443/2045/1869
f 1453/2044/1868 1443/2045/1869 1452/2046/1870
f 1452/2046/1870 1443/2045/1869 1444/2047/1871
f 1452/2046/1870 1444/2047/1871 1451/2048/1872
f 1451/2048/1872 1444/2047/1871 1445/2049/1873
f 1451/2048/1872 1445/2049/1873 1450/2050/1874
f 1450/2050/1874 1445/2049/1873 1446/2051/1875
f 1450/2050/1874 1446/2051/1875 1449/2052/1876
f 1449/2052/1876 1446/2051/1875 1447/2053/1877
f 1449/2052/1876 1447/2053/1877 1448/2054/1878
f 1441/2041/1865 1431/2040/1864 1440/2055/1879
f 1440/2055/1879 1431/2040/1864 1432/2056/1880
f 1440/2055/1879 1432/2056/1880 1439/2057/1881
f 1439/2057/1881 1432/2056/1880 1433/2058/1882
f 1439/2057/1881 1433/2058/1882 1438/2059/1883
f 1438/2059/1883 1433/2058/1882 1434/2060/1884
f 1438/2059/1883 1434/2060/1884 1437/2061/1885
f 1437/2061/1885 1434/2060/1884 1435/2062/1886
f 1437/2061/1885 1435/2062/1886 1436/2063/1887
f 1455/2064/1888 1358/2065/1889 1454/2066/1890
f 1454/2066/1890 1358/2065/1889 1357/2067/1891
f 1454/2068/1890 1357/2069/1891 1477/2070/1892
f 1477/2070/1892 1357/2069/1891 1380/2071/1893
f 1477/2070/1892 1380/2071/1893 1476/2072/1894
f 1476/2072/1894 1380/2071/1893 1379/2073/1895
f 1476/2072/1894 1379/2073/1895 1475/2074/1896
f 1475/2074/1896 1379/2073/1895 1378/2075/1897
f 1475/2074/1896 1378/2075/1897 1474/2076/1898
f 1474/2076/1898 1378/2075/1897 1377/2077/1899
f 1474/2076/1898 1377/2077/1899 1473/2078/1900
f 1473/2078/1900 1377/2077/1899 1376/2079/1901
f 1473/2078/1900 1376/2079/1901 1472/2080/1902
f 1472/2080/1902 1376/2079/1901 1375/2081/1903
f 1472/2080/1902 1375/2081/1903 1471/2082/1904
f 1471/2082/1904 1375/2081/1903 1374/2083/1905
f 1471/2082/1904 1374/2083/1905 1470/2084/1906
f 1470/2084/1906 1374/2083/1905 1373/2085/1907
f 1470/2084/1906 1373/2085/1907 1469/2086/1908
f 1469/2086/1908 1373/2085/1907 1372/2087/1909
f 1469/2086/1908 1372/2087/1909 1468/2088/1910
f 1468/2088/1910 1372/2087/1909 1371/2089/1911
f 1468/2088/1910 1371/2089/1911 1467/2090/1912
f 1467/2090/1912 1371/2089/1911 1370/2091/1913
f 1467/2090/1912 1370/2091/1913 1466/2092/1914
f 1466/2092/1914 1370/2091/1913 1369/2093/1915
f 1466/2092/1914 1369/2093/1915 1465/2094/1916
f 1465/2094/1916 1369/2093/1915 1368/2095/1917
f 1465/2094/1916 1368/2095/1917 1464/2096/1918
f 1464/2096/1918 1368/2095/1917 1367/2097/1919
f 1464/2096/1918 1367/2097/1919 1463/2098/1920
f 1463/2098/1920 1367/2097/1919 1366/2099/1921
f 1463/2098/1920 1366/2099/1921 1462/2100/1922
f 1462/2100/1922 1366/2099/1921 1365/2101/1923
f 1462/2100/1922 1365/2101/1923 1461/2102/1924
f 1461/2102/1924 1365/2101/1923 1364/2103/1925
f 1461/2102/1924 1364/2103/1925 1460/2104/1926
f 1460/2104/1926 1364/2103/1925 1363/2105/1927
f 1460/2104/1926 1363/2105/1927 1459/2106/1928
f 1459/2106/1928 1363/2105/1927 1362/2107/1929
f 1459/2106/1928 1362/2107/1929 1458/2108/1930
f 1458/2108/1930 1362/2107/1929 1361/2109/1931
f 1458/2108/1930 1361/2109/1931 1457/2110/1932
f 1457/2110/1932 1361/2109/1931 1360/2111/1933
f 1457/2110/1932 1360/2111/1933 1456/2112/1934
f 1456/2112/1934 1360/2111/1933 1359/2113/1935
f 1456/2112/1934 1359/2113/1935 1455/2064/1888
f 1455/2064/1888 1359/2113/1935 1358/2065/1889
f 1479/2114/1936 1489/2115/1937 1478/2116/1938
f 1478/2116/1938 1489/2115/1937 1490/2117/1939
f 1478/2116/1938 1490/2117/1939 1501/2118/1940
f 1501/2118/1940 1490/2117/1939 1491/2119/1941
f 1501/2118/1940 1491/2119/1941 1500/2120/1942
f 1500/2120/1942 1491/2119/1941 1492/2121/1943
f 1500/2120/1942 1492/2121/1943 1499/2122/1944
f 1499/2122/1944 1492/2121/1943 1493/2123/1945
f 1499/2122/1944 1493/2123/1945 1498/2124/1946
f 1498/2124/1946 1493/2123/1945 1494/2125/1947
f 1498/2124/1946 1494/2125/1947 1497/2126/1948
f 1497/2126/1948 1494/2125/1947 1495/2127/1949
f 1497/2126/1948 1495/2127/1949 1496/2128/1950
f 1489/2115/1937 1479/2114/1936 1488/2129/1951
f 1488/2129/1951 1479/2114/1936 1480/2130/1952
f 1488/2129/1951 1480/2130/1952 1487/2131/1953
f 1487/2131/1953 1480/2130/1952 1481/2132/1954
f 1487/2131/1953 1481/2132/1954 1486/2133/1955
f 1486/2133/1955 1481/2132/1954 1482/2134/1956
f 1486/2133/1955 1482/2134/1956 1485/2135/1957
f 1485/2135/1957 1482/2134/1956 1483/2136/1958
f 1485/2135/1957 1483/2136/1958 1484/2137/1959
f 1503/2138/1960 1550/2139/1961 1502/2140/1962
f 1502/2140/1962 1550/2139/1961 1526/2141/1963
f 1502/2140/1962 1526/2141/1963 1527/2142/1964
f 1550/2139/1961 1503/2138/1960 1549/2143/1965
f 1549/2143/1965 1503/2138/1960 1504/2144/1966
f 1549/2143/1965 1504/2144/1966 1548/2145/1967
f 1548/2145/1967 1504/2144/1966 1505/2146/1968
f 1548/2145/1967 1505/2146/1968 1547/2147/1969
f 1547/2147/1969 1505/2146/1968 1506/2148/1970
f 1547/2147/1969 1506/2148/1970 1546/2149/1971
f 1546/2149/1971 1506/2148/1970 1507/2150/1972
f 1546/2149/1971 1507/2150/1972 1545/2151/1973
f 1545/2151/1973 1507/2150/1972 1508/2152/1974
f 1545/2151/1973 1508/2152/1974 1544/2153/1975
f 1544/2153/1975 1508/2152/1974 1509/2154/1976
f 1544/2153/1975 1509/2154/1976 1543/2155/1977
f 1543/2155/1977 1509/2154/1976 1510/2156/1978
f 1543/2155/1977 1510/2156/1978 1542/2157/1979
f 1542/2157/1979 1510/2156/1978 1511/2158/1980
f 1542/2157/1979 1511/2158/1980 1541/2159/1981
f 1541/2159/1981 1511/2158/1980 1512/2160/1982
f 1541/2159/1981 1512/2160/1982 1540/2161/1983
f 1540/2161/1983 1512/2160/1982 1513/2162/1984
f 1540/2161/1983 1513/2162/1984 1539/2163/1985
f 1539/2163/1985 1513/2162/1984 1514/2164/1986
f 1539/2163/1985 1514/2164/1986 1538/2165/1987
f 1538/2165/1987 1514/2164/1986 1515/2166/1988
f 1538/2165/1987 1515/2166/1988 1537/2167/1989
f 1537/2167/1989 1515/2166/1988 1516/2168/1990
f 1537/2167/1989 1516/2168/1990 1536/2169/1991
f 1536/2169/1991 1516/2168/1990 1517/2170/1992
f 1536/2169/1991 1517/2170/1992 1535/2171/1993
f 1535/2171/1993 1517/2170/1992 1518/2172/1994
f 1535/2171/1993 1518/2172/1994 1534/2173/1995
f 1534/2173/1995 1518/2172/1994 1519/2174/1996
f 1534/2173/1995 1519/2174/1996 1533/2175/1997
f 1533/2175/1997 1519/2174/1996 1520/2176/1998
f 1533/2175/1997 1520/2176/1998 1532/2177/1999
f 1532/2177/1999 1520/2176/1998 1521/2178/2000
f 1532/2177/1999 1521/2178/2000 1531/2179/2001
f 1531/2179/2001 1521/2178/2000 1522/2180/2002
f 1531/2179/2001 1522/2180/2002 1530/2181/2003
f 1530/2181/2003 1522/2180/2002 1523/2182/2004
f 1530/2181/2003 1523/2182/2004 1529/2183/2005
f 1529/2183/2005 1523/2182/2004 1524/2184/2006
f 1529/2183/2005 1524/2184/2006 1528/2185/2007
f 1528/2185/2007 1524/2184/2006 1525/2186/2008
f 1528/2185/2007 1525/2186/2008 1527/2142/1964
f 1527/2142/1964 1525/2186/2008 1502/2140/1962
f 1525/2187/2009 1431/2188/2010 1502/2189/2011
f 1502/2189/2011 1431/2188/2010 1430/2190/2012
f 1502/2191/2011 1430/2192/2012 1503/2193/2013
f 1503/2193/2013 1430/2192/2012 1453/2194/2014
f 1503/2193/2013 1453/2194/2014 1504/2195/2015
f 1504/2195/2015 1453/2194/2014 1452/2196/2016
f 1504/2195/2015 1452/2196/2016 1505/2197/2017
f 1505/2197/2017 1452/2196/2016 1451/2198/2018
f 1505/2197/2017 1451/2198/2018 1506/2199/2019
f 1506/2199/2019 1451/2198/2018 1450/2200/2020
f 1506/2199/2019 1450/2200/2020 1507/2201/2021
f 1507/2201/2021 1450/2200/2020 1449/2202/2022
f 1507/2201/2021 1449/2202/2022 1508/2203/2023
f 1508/2203/2023 1449/2202/2022 1448/2204/2024
f 1508/2203/2023 1448/2204/2024 1509/2205/2025
f 1509/2205/2025 1448/2204/2024 1447/2206/2026
f 1509/2205/2025 1447/2206/2026 1510/2207/2027
f 1510/2207/2027 1447/2206/2026 1446/2208/2028
f 1510/2207/2027 1446/2208/2028 1511/2209/2029
f 1511/2209/2029 1446/2208/2028 1445/2210/2030
f 1511/2209/2029 1445/2210/2030 1512/2211/2031
f 1512/2211/2031 1445/2210/2030 1444/2212/2032
f 1512/2211/2031 1444/2212/2032 1513/2213/2033
f 1513/2213/2033 1444/2212/2032 1443/2214/2034
f 1513/2213/2033 1443/2214/2034 1514/2215/2035
f 1514/2215/2035 1443/2214/2034 1442/2216/2036
f 1514/2215/2035 1442/2216/2036 1515/2217/2037
f 1515/2217/2037 1442/2216/2036 1441/2218/2038
f 1515/2217/2037 1441/2218/2038 1516/2219/2039
f 1516/2219/2039 1441/2218/2038 1440/2220/2040
f 1516/2219/2039 1440/2220/2040 1517/2221/2041
f 1517/2221/2041 1440/2220/2040 1439/2222/2042
f 1517/2221/2041 1439/2222/2042 1518/2223/2043
f 1518/2223/2043 1439/2222/2042 1438/2224/2044
f 1518/2223/2043 1438/2224/2044 1519/2225/2045
f 1519/2225/2045 1438/2224/2044 1437/2226/2046
f 1519/2225/2045 1437/2226/2046 1520/2227/2047
f 1520/2227/2047 1437/2226/2046 1436/2228/2048
f 1520/2227/2047 1436/2228/2048 1521/2229/2049
f 1521/2229/2049 1436/2228/2048 1435/2230/2050
f 1521/2229/2049 1435/2230/2050 1522/2231/2051
f 1522/2231/2051 1435/2230/2050 1434/2232/2052
f 1522/2231/2051 1434/2232/2052 1523/2233/2053
f 1523/2233/2053 1434/2232/2052 1433/2234/2054
f 1523/2233/2053 1433/2234/2054 1524/2235/2055
f 1524/2235/2055 1433/2234/2054 1432/2236/2056
f 1524/2235/2055 1432/2236/2056 1525/2187/2009
f 1525/2187/2009 1432/2236/2056 1431/2188/2010
f 1164/2237/2057 1154/2238/2058 1141/2239/2059
f 1141/2239/2059 1154/2238/2058 1153/2240/2060
f 1141/2239/2059 1153/2240/2060 1142/2241/2061
f 1142/2241/2061 1153/2240/2060 1152/2242/2062
f 1142/2241/2061 1152/2242/2062 1143/2243/2063
f 1143/2243/2063 1152/2242/2062 1151/2244/2064
f 1143/2243/2063 1151/2244/2064 1144/2245/2065
f 1144/2245/2065 1151/2244/2064 1150/2246/2066
f 1144/2245/2065 1150/2246/2066 1145/2247/2067
f 1145/2247/2067 1150/2246/2066 1149/2248/2068
f 1145/2247/2067 1149/2248/2068 1146/2249/2069
f 1146/2249/2069 1149/2248/2068 1148/2250/2070
f 1146/2249/2069 1148/2250/2070 1147/2251/2071
f 1154/2238/2058 1164/2237/2057 1155/2252/2072
f 1155/2252/2072 1164/2237/2057 1163/2253/2073
f 1155/2252/2072 1163/2253/2073 1156/2254/2074
f 1156/2254/2074 1163/2253/2073 1162/2255/2075
f 1156/2254/2074 1162/2255/2075 1157/2256/2076
f 1157/2256/2076 1162/2255/2075 1161/2257/2077
f 1157/2256/2076 1161/2257/2077 1158/2258/2078
f 1158/2258/2078 1161/2257/2077 1160/2259/2079
f 1158/2258/2078 1160/2259/2079 1159/2260/2080
f 1552/2261/2081 1599/2262/2082 1551/2263/2083
f 1551/2263/2083 1599/2262/2082 1575/2264/2084
f 1551/2263/2083 1575/2264/2084 1576/2265/2085
f 1599/2262/2082 1552/2261/2081 1598/2266/2086
f 1598/2266/2086 1552/2261/2081 1553/2267/2087
f 1598/2266/2086 1553/2267/2087 1597/2268/2088
f 1597/2268/2088 1553/2267/2087 1554/2269/2089
f 1597/2268/2088 1554/2269/2089 1596/2270/2090
f 1596/2270/2090 1554/2269/2089 1555/2271/2091
f 1596/2270/2090 1555/2271/2091 1595/2272/2092
f 1595/2272/2092 1555/2271/2091 1556/2273/2093
f 1595/2272/2092 1556/2273/2093 1594/2274/2094
f 1594/2274/2094 1556/2273/2093 1557/2275/2095
f 1594/2274/2094 1557/2275/2095 1593/2276/2096
f 1593/2276/2096 1557/2275/2095 1558/2277/2097
f 1593/2276/2096 1558/2277/2097 1592/2278/2098
f 1592/2278/2098 1558/2277/2097 1559/2279/2099
f 1592/2278/2098 1559/2279/2099 1591/2280/2100
f 1591/2280/2100 1559/2279/2099 1560/2281/2101
f 1591/2280/2100 1560/2281/2101 1590/2282/2102
f 1590/2282/2102 1560/2281/2101 1561/2283/2103
f 1590/2282/2102 1561/2283/2103 1589/2284/2104
f 1589/2284/2104 1561/2283/2103 1562/2285/2105
f 1589/2284/2104 1562/2285/2105 1588/2286/2106
f 1588/2286/2106 1562/2285/2105 1563/2287/2107
f 1588/2286/2106 1563/2287/2107 1587/2288/2108
f 1587/2288/2108 1563/2287/2107 1564/2289/2109
f 1587/2288/2108 1564/2289/2109 1586/2290/2110
f 1586/2290/2110 1564/2289/2109 1565/2291/2111
f 1586/2290/2110 1565/2291/2111 1585/2292/2112
f 1585/2292/2112 1565/2291/2111 1566/2293/2113
f 1585/2292/2112 1566/2293/2113 1584/2294/2114
f 1584/2294/2114 1566/2293/2113 1567/2295/2115
f 1584/2294/2114 1567/2295/2115 1583/2296/2116
f 1583/2296/2116 1567/2295/2115 1568/2297/2117
f 1583/2296/2116 1568/2297/2117 1582/2298/2118
f 1582/2298/2118 1568/2297/2117 1569/2299/2119
f 1582/2298/2118 1569/2299/2119 1581/2300/2120
f 1581/2300/2120 1569/2299/2119 1570/2301/2121
f 1581/2300/2120 1570/2301/2121 1580/2302/2122
f 1580/2302/2122 1570/2301/2121 1571/2303/2123
f 1580/2302/2122 1571/2303/2123 1579/2304/2124
f 1579/2304/2124 1571/2303/2123 1572/2305/2125
f 1579/2304/2124 1572/2305/2125 1578/2306/2126
f 1578/2306/2126 1572/2305/2125 1573/2307/2127
f 1578/2306/2126 1573/2307/2127 1577/2308/2128
f 1577/2308/2128 1573/2307/2127 1574/2309/2129
f 1577/2308/2128 1574/2309/2129 1576/2265/2085
f 1576/2265/2085 1574/2309/2129 1551/2263/2083
f 1574/2310/2130 1479/2311/2131 1551/2312/2132
f 1551/2312/2132 1479/2311/2131 1478/2313/2133
f 1551/2314/2132 1478/2315/2133 1552/2316/2134
f 1552/2316/2134 1478/2315/2133 1501/2317/2135
f 1552/2316/2134 1501/2317/2135 1553/2318/2136
f 1553/2318/2136 1501/2317/2135 1500/2319/2137
f 1553/2318/2136 1500/2319/2137 1554/2320/2138
f 1554/2320/2138 1500/2319/2137 1499/2321/2139
f 1554/2320/2138 1499/2321/2139 1555/2322/2140
f 1555/2322/2140 1499/2321/2139 1498/2323/2141
f 1555/2322/2140 1498/2323/2141 1556/2324/2142
f 1556/2324/2142 1498/2323/2141 1497/2325/2143
f 1556/2324/2142 1497/2325/2143 1557/2326/2144
f 1557/2326/2144 1497/2325/2143 1496/2327/2145
f 1557/2326/2144 1496/2327/2145 1558/2328/2146
f 1558/2328/2146 1496/2327/2145 1495/2329/2147
f 1558/2328/2146 1495/2329/2147 1559/2330/2148
f 1559/2330/2148 1495/2329/2147 1494/2331/2149
f 1559/2330/2148 1494/2331/2149 1560/2332/2150
f 1560/2332/2150 1494/2331/2149 1493/2333/2151
f 1560/2332/2150 1493/2333/2151 1561/2334/2152
f 1561/2334/2152 1493/2333/2151 1492/2335/2153
f 1561/2334/2152 1492/2335/2153 1562/2336/2154
f 1562/2336/2154 1492/2335/2153 1491/2337/2155
f 1562/2336/2154 1491/2337/2155 1563/2338/2156
f 1563/2338/2156 1491/2337/2155 1490/2339/2157
f 1563/2338/2156 1490/2339/2157 1564/2340/2158
f 1564/2340/2158 1490/2339/2157 1489/2341/2159
f 1564/2340/2158 1489/2341/2159 1565/2342/2160
f 1565/2342/2160 1489/2341/2159 1488/2343/2161
f 1565/2342/2160 1488/2343/2161 1566/2344/2162
f 1566/2344/2162 1488/2343/2161 1487/2345/2163
f 1566/2344/2162 1487/2345/2163 1567/2346/2164
f 1567/2346/2164 1487/2345/2163 1486/2347/2165
f 1567/2346/2164 1486/2347/2165 1568/2348/2166
f 1568/2348/2166 1486/2347/2165 1485/2349/2167
f 1568/2348/2166 1485/2349/2167 1569/2350/2168
f 1569/2350/2168 1485/2349/2167 1484/2351/2169
f 1569/2350/2168 1484/2351/2169 1570/2352/2170
f 1570/2352/2170 1484/2351/2169 1483/2353/2171
f 1570/2352/2170 1483/2353/2171 1571/2354/2172
f 1571/2354/2172 1483/2353/2171 1482/2355/2173
f 1571/2354/2172 1482/2355/2173 1572/2356/2174
f 1572/2356/2174 1482/2355/2173 1481/2357/2175
f 1572/2356/2174 1481/2357/2175 1573/2358/2176
f 1573/2358/2176 1481/2357/2175 1480/2359/2177
f 1573/2358/2176 1480/2359/2177 1574/2310/2130
f 1574/2310/2130 1480/2359/2177 1479/2311/2131
f 1166/2360/2178 1165/2361/2179 1600/2362/2180
f 1600/2362/2180 1165/2361/2179 1188/2363/2181
f 1600/2362/2180 1188/2363/2181 1623/2364/2182
f 1623/2364/2182 1188/2363/2181 1187/2365/2183
f 1623/2364/2182 1187/2365/2183 1622/2366/2184
f 1622/2366/2184 1187/2365/2183 1186/2367/2185
f 1622/2366/2184 1186/2367/2185 1621/2368/2186
f 1621/2368/2186 1186/2367/2185 1185/2369/2187
f 1621/2368/2186 1185/2369/2187 1620/2370/2188
f 1620/2370/2188 1185/2369/2187 1184/2371/2189
f 1620/2370/2188 1184/2371/2189 1619/2372/2190
f 1619/2372/2190 1184/2371/2189 1183/2373/2191
f 1619/2372/2190 1183/2373/2191 1618/2374/2192
f 1618/2374/2192 1183/2373/2191 1617/2375/2193
f 1617/2375/2193 1183/2373/2191 1182/2376/2194
f 1617/2375/2193 1182/2376/2194 1616/2377/2195
f 1616/2377/2195 1182/2376/2194 1181/2378/2196
f 1616/2377/2195 1181/2378/2196 1615/2379/2197
f 1615/2379/2197 1181/2378/2196 1180/2380/2198
f 1615/2379/2197 1180/2380/2198 1614/2381/2199
f 1614/2381/2199 1180/2380/2198 1179/2382/2200
f 1614/2381/2199 1179/2382/2200 1613/2383/2201
f 1613/2383/2201 1179/2382/2200 1178/2384/2202
f 1613/2383/2201 1178/2384/2202 1612/2385/2203
f 1612/2385/2203 1178/2384/2202 1177/2386/2204
f 1612/2385/2203 1177/2386/2204 1611/2387/2205
f 1611/2387/2205 1177/2386/2204 1176/2388/2206
f 1611/2387/2205 1176/2388/2206 1175/2389/2207
f 1611/2387/2205 1175/2389/2207 1610/2390/2208
f 1610/2390/2208 1175/2389/2207 1174/2391/2209
f 1610/2390/2208 1174/2391/2209 1609/2392/2210
f 1609/2392/2210 1174/2391/2209 1173/2393/2211
f 1609/2392/2210 1173/2393/2211 1608/2394/2212
f 1608/2394/2212 1173/2393/2211 1172/2395/2213
f 1608/2394/2212 1172/2395/2213 1607/2396/2214
f 1607/2396/2214 1172/2395/2213 1171/2397/2215
f 1607/2396/2214 1171/2397/2215 1606/2398/2216
f 1606/2398/2216 1171/2397/2215 1605/2399/2217
f 1605/2399/2217 1171/2397/2215 1170/2400/2218
f 1605/2399/2217 1170/2400/2218 1604/2401/2219
f 1604/2401/2219 1170/2400/2218 1169/2402/2220
f 1604/2401/2219 1169/2402/2220 1603/2403/2221
f 1603/2403/2221 1169/2402/2220 1168/2404/2222
f 1603/2403/2221 1168/2404/2222 1602/2405/2223
f 1602/2405/2223 1168/2404/2222 1167/2406/2224
f 1602/2405/2223 1167/2406/2224 1601/2407/2225
f 1601/2407/2225 1167/2406/2224 1166/2360/2178
f 1601/2407/2225 1166/2360/2178 1600/2362/2180
f 1212/2408/2226 1202/2409/2227 1189/2410/2228
f 1189/2410/2228 1202/2409/2227 1201/2411/2229
f 1189/2410/2228 1201/2411/2229 1190/2412/2230
f 1190/2412/2230 1201/2411/2229 1200/2413/2231
f 1190/2412/2230 1200/2413/2231 1191/2414/2232
f 1191/2414/2232 1200/2413/2231 1199/2415/2233
f 1191/2414/2232 1199/2415/2233 1192/2416/2234
f 1192/2416/2234 1199/2415/2233 1198/2417/2235
f 1192/2416/2234 1198/2417/2235 1193/2418/2236
f 1193/2418/2236 1198/2417/2235 1197/2419/2237
f 1193/2418/2236 1197/2419/2237 1194/2420/2238
f 1194/2420/2238 1197/2419/2237 1196/2421/2239
f 1194/2420/2238 1196/2421/2239 1195/2422/2240
f 1202/2409/2227 1212/2408/2226 1203/2423/2241
f 1203/2423/2241 1212/2408/2226 1211/2424/2242
f 1203/2423/2241 1211/2424/2242 1204/2425/2243
f 1204/2425/2243 1211/2424/2242 1210/2426/2244
f 1204/2425/2243 1210/2426/2244 1205/2427/2245
f 1205/2427/2245 1210/2426/2244 1209/2428/2246
f 1205/2427/2245 1209/2428/2246 1206/2429/2247
f 1206/2429/2247 1209/2428/2246 1208/2430/2248
f 1206/2429/2247 1208/2430/2248 1207/2431/2249
f 1214/2432/2250 1213/2433/2251 1630/2434/2252
f 1630/2434/2252 1213/2433/2251 1236/2435/2253
f 1630/2434/2252 1236/2435/2253 1629/2436/2254
f 1629/2436/2254 1236/2435/2253 1235/2437/2255
f 1629/2436/2254 1235/2437/2255 1628/2438/2256
f 1628/2438/2256 1235/2437/2255 1234/2439/2257
f 1628/2438/2256 1234/2439/2257 1627/2440/2258
f 1627/2440/2258 1234/2439/2257 1233/2441/2259
f 1627/2440/2258 1233/2441/2259 1626/2442/2260
f 1626/2442/2260 1233/2441/2259 1232/2443/2261
f 1626/2442/2260 1232/2443/2261 1625/2444/2262
f 1625/2444/2262 1232/2443/2261 1231/2445/2263
f 1625/2444/2262 1231/2445/2263 1624/2446/2264
f 1624/2446/2264 1231/2445/2263 1647/2447/2265
f 1647/2447/2265 1231/2445/2263 1230/2448/2266
f 1647/2447/2265 1230/2448/2266 1646/2449/2267
f 1646/2449/2267 1230/2448/2266 1229/2450/2268
f 1646/2449/2267 1229/2450/2268 1645/2451/2269
f 1645/2451/2269 1229/2450/2268 1228/2452/2270
f 1645/2451/2269 1228/2452/2270 1644/2453/2271
f 1644/2453/2271 1228/2452/2270 1227/2454/2272
f 1644/2453/2271 1227/2454/2272 1643/2455/2273
f 1643/2455/2273 1227/2454/2272 1226/2456/2274
f 1643/2455/2273 1226/2456/2274 1642/2457/2275
f 1642/2457/2275 1226/2456/2274 1225/2458/2276
f 1642/2457/2275 1225/2458/2276 1641/2459/2277
f 1641/2459/2277 1225/2458/2276 1224/2460/2278
f 1641/2459/2277 1224/2460/2278 1223/2461/2279
f 1641/2459/2277 1223/2461/2279 1640/2462/2280
f 1640/2462/2280 1223/2461/2279 1222/2463/2281
f 1640/2462/2280 1222/2463/2281 1639/2464/2282
f 1639/2464/2282 1222/2463/2281 1221/2465/2283
f 1639/2464/2282 1221/2465/2283 1638/2466/2284
f 1638/2466/2284 1221/2465/2283 1220/2467/2285
f 1638/2466/2284 1220/2467/2285 1637/2468/2286
f 1637/2468/2286 1220/2467/2285 1219/2469/2287
f 1637/2468/2286 1219/2469/2287 1636/2470/2288
f 1636/2470/2288 1219/2469/2287 1635/2471/2289
f 1635/2471/2289 1219/2469/2287 1218/2472/2290
f 1635/2471/2289 1218/2472/2290 1634/2473/2291
f 1634/2473/2291 1218/2472/2290 1217/2474/2292
f 1634/2473/2291 1217/2474/2292 1633/2475/2293
f 1633/2475/2293 1217/2474/2292 1216/2476/2294
f 1633/2475/2293 1216/2476/2294 1632/2477/2295
f 1632/2477/2295 1216/2476/2294 1215/2478/2296
f 1632/2477/2295 1215/2478/2296 1631/2479/2297
f 1631/2479/2297 1215/2478/2296 1214/2432/2250
f 1631/2479/2297 1214/2432/2250 1630/2434/2252
f 1260/2480/2298 1250/2481/2299 1237/2482/2300
f 1237/2482/2300 1250/2481/2299 1249/2483/2301
f 1237/2482/2300 1249/2483/2301 1238/2484/2302
f 1238/2484/2302 1249/2483/2301 1248/2485/2303
f 1238/2484/2302 1248/2485/2303 1239/2486/2304
f 1239/2486/2304 1248/2485/2303 1247/2487/2305
f 1239/2486/2304 1247/2487/2305 1240/2488/2306
f 1240/2488/2306 1247/2487/2305 1246/2489/2307
f 1240/2488/2306 1246/2489/2307 1241/2490/2308
f 1241/2490/2308 1246/2489/2307 1245/2491/2309
f 1241/2490/2308 1245/2491/2309 1242/2492/2310
f 1242/2492/2310 1245/2491/2309 1244/2493/2311
f 1242/2492/2310 1244/2493/2311 1243/2494/2312
f 1250/2481/2299 1260/2480/2298 1251/2495/2313
f 1251/2495/2313 1260/2480/2298 1259/2496/2314
f 1251/2495/2313 1259/2496/2314 1252/2497/2315
f 1252/2497/2315 1259/2496/2314 1258/2498/2316
f 1252/2497/2315 1258/2498/2316 1253/2499/2317
f 1253/2499/2317 1258/2498/2316 1257/2500/2318
f 1253/2499/2317 1257/2500/2318 1254/2501/2319
f 1254/2501/2319 1257/2500/2318 1256/2502/2320
f 1254/2501/2319 1256/2502/2320 1255/2503/2321
f 1262/2504/2322 1261/2505/2323 1666/2506/2324
f 1666/2506/2324 1261/2505/2323 1284/2507/2325
f 1666/2506/2324 1284/2507/2325 1665/2508/2326
f 1665/2508/2326 1284/2507/2325 1283/2509/2327
f 1665/2508/2326 1283/2509/2327 1664/2510/2328
f 1664/2510/2328 1283/2509/2327 1282/2511/2329
f 1664/2510/2328 1282/2511/2329 1663/2512/2330
f 1663/2512/2330 1282/2511/2329 1281/2513/2331
f 1663/2512/2330 1281/2513/2331 1662/2514/2332
f 1662/2514/2332 1281/2513/2331 1280/2515/2333
f 1662/2514/2332 1280/2515/2333 1661/2516/2334
f 1661/2516/2334 1280/2515/2333 1279/2517/2335
f 1661/2516/2334 1279/2517/2335 1660/2518/2336
f 1660/2518/2336 1279/2517/2335 1659/2519/2337
f 1659/2519/2337 1279/2517/2335 1278/2520/2338
f 1659/2519/2337 1278/2520/2338 1658/2521/2339
f 1658/2521/2339 1278/2520/2338 1277/2522/2340
f 1658/2521/2339 1277/2522/2340 1657/2523/2341
f 1657/2523/2341 1277/2522/2340 1276/2524/2342
f 1657/2523/2341 1276/2524/2342 1656/2525/2343
f 1656/2525/2343 1276/2524/2342 1275/2526/2344
f 1656/2525/2343 1275/2526/2344 1655/2527/2345
f 1655/2527/2345 1275/2526/2344 1274/2528/2346
f 1655/2527/2345 1274/2528/2346 1654/2529/2347
f 1654/2529/2347 1274/2528/2346 1273/2530/2348
f 1654/2529/2347 1273/2530/2348 1653/2531/2349
f 1653/2531/2349 1273/2530/2348 1272/2532/2350
f 1653/2531/2349 1272/2532/2350 1271/2533/2351
f 1653/2531/2349 1271/2533/2351 1652/2534/2352
f 1652/2534/2352 1271/2533/2351 1270/2535/2353
f 1652/2534/2352 1270/2535/2353 1651/2536/2354
f 1651/2536/2354 1270/2535/2353 1269/2537/2355
f 1651/2536/2354 1269/2537/2355 1650/2538/2356
f 1650/2538/2356 1269/2537/2355 1268/2539/2357
f 1650/2538/2356 1268/2539/2357 1649/2540/2358
f 1649/2540/2358 1268/2539/2357 1267/2541/2359
f 1649/2540/2358 1267/2541/2359 1648/2542/2360
f 1648/2542/2360 1267/2541/2359 1671/2543/2361
f 1671/2543/2361 1267/2541/2359 1266/2544/2362
f 1671/2543/2361 1266/2544/2362 1670/2545/2363
f 1670/2545/2363 1266/2544/2362 1265/2546/2364
f 1670/2545/2363 1265/2546/2364 1669/2547/2365
f 1669/2547/2365 1265/2546/2364 1264/2548/2366
f 1669/2547/2365 1264/2548/2366 1668/2549/2367
f 1668/2549/2367 1264/2548/2366 1263/2550/2368
f 1668/2549/2367 1263/2550/2368 1667/2551/2369
f 1667/2551/2369 1263/2550/2368 1262/2504/2322
f 1667/2551/2369 1262/2504/2322 1666/2506/2324
f 1308/2552/2370 1298/2553/2371 1285/2554/2372
f 1285/2554/2372 1298/2553/2371 1297/2555/2373
f 1285/2554/2372 1297/2555/2373 1286/2556/2374
f 1286/2556/2374 1297/2555/2373 1296/2557/2375
f 1286/2556/2374 1296/2557/2375 1287/2558/2376
f 1287/2558/2376 1296/2557/2375 1295/2559/2377
f 1287/2558/2376 1295/2559/2377 1288/2560/2378
f 1288/2560/2378 1295/2559/2377 1294/2561/2379
f 1288/2560/2378 1294/2561/2379 1289/2562/2380
f 1289/2562/2380 1294/2561/2379 1293/2563/2381
f 1289/2562/2380 1293/2563/2381 1290/2564/2382
f 1290/2564/2382 1293/2563/2381 1292/2565/2383
f 1290/2564/2382 1292/2565/2383 1291/2566/2384
f 1298/2553/2371 1308/2552/2370 1299/2567/2385
f 1299/2567/2385 1308/2552/2370 1307/2568/2386
f 1299/2567/2385 1307/2568/2386 1300/2569/2387
f 1300/2569/2387 1307/2568/2386 1306/2570/2388
f 1300/2569/2387 1306/2570/2388 1301/2571/2389
f 1301/2571/2389 1306/2570/2388 1305/2572/2390
f 1301/2571/2389 1305/2572/2390 1302/2573/2391
f 1302/2573/2391 1305/2572/2390 1304/2574/2392
f 1302/2573/2391 1304/2574/2392 1303/2575/2393
f 1310/2576/2394 1309/2577/2395 1678/2578/2396
f 1678/2578/2396 1309/2577/2395 1332/2579/2397
f 1678/2578/2396 1332/2579/2397 1677/2580/2398
f 1677/2580/2398 1332/2579/2397 1331/2581/2399
f 1677/2580/2398 1331/2581/2399 1676/2582/2400
f 1676/2582/2400 1331/2581/2399 1330/2583/2401
f 1676/2582/2400 1330/2583/2401 1675/2584/2402
f 1675/2584/2402 1330/2583/2401 1329/2585/2403
f 1675/2584/2402 1329/2585/2403 1674/2586/2404
f 1674/2586/2404 1329/2585/2403 1328/2587/2405
f 1674/2586/2404 1328/2587/2405 1673/2588/2406
f 1673/2588/2406 1328/2587/2405 1327/2589/2407
f 1673/2588/2406 1327/2589/2407 1672/2590/2408
f 1672/2590/2408 1327/2589/2407 1695/2591/2409
f 1695/2591/2409 1327/2589/2407 1326/2592/2410
f 1695/2591/2409 1326/2592/2410 1694/2593/2411
f 1694/2593/2411 1326/2592/2410 1325/2594/2412
f 1694/2593/2411 1325/2594/2412 1693/2595/2413
f 1693/2595/2413 1325/2594/2412 1324/2596/2414
f 1693/2595/2413 1324/2596/2414 1692/2597/2415
f 1692/2597/2415 1324/2596/2414 1323/2598/2416
f 1692/2597/2415 1323/2598/2416 1691/2599/2417
f 1691/2599/2417 1323/2598/2416 1322/2600/2418
f 1691/2599/2417 1322/2600/2418 1690/2601/2419
f 1690/2601/2419 1322/2600/2418 1321/2602/2420
f 1690/2601/2419 1321/2602/2420 1689/2603/2421
f 1689/2603/2421 1321/2602/2420 1320/2604/2422
f 1689/2603/2421 1320/2604/2422 1319/2605/2423
f 1689/2603/2421 1319/2605/2423 1688/2606/2424
f 1688/2606/2424 1319/2605/2423 1318/2607/2425
f 1688/2606/2424 1318/2607/2425 1687/2608/2426
f 1687/2608/2426 1318/2607/2425 1317/2609/2427
f 1687/2608/2426 1317/2609/2427 1686/2610/2428
f 1686/2610/2428 1317/2609/2427 1316/2611/2429
f 1686/2610/2428 1316/2611/2429 1685/2612/2430
f 1685/2612/2430 1316/2611/2429 1315/2613/2431
f 1685/2612/2430 1315/2613/2431 1684/2614/2432
f 1684/2614/2432 1315/2613/2431 1683/2615/2433
f 1683/2615/2433 1315/2613/2431 1314/2616/2434
f 1683/2615/2433 1314/2616/2434 1682/2617/2435
f 1682/2617/2435 1314/2616/2434 1313/2618/2436
f 1682/2617/2435 1313/2618/2436 1681/2619/2437
f 1681/2619/2437 1313/2618/2436 1312/2620/2438
f 1681/2619/2437 1312/2620/2438 1680/2621/2439
f 1680/2621/2439 1312/2620/2438 1311/2622/2440
f 1680/2621/2439 1311/2622/2440 1679/2623/2441
f 1679/2623/2441 1311/2622/2440 1310/2576/2394
f 1679/2623/2441 1310/2576/2394 1678/2578/2396
f 1550/2624/2442 1720/2625/2443 1526/2626/2444
f 1526/2626/2444 1720/2625/2443 1696/2627/2445
f 1526/2628/2444 1696/2629/2445 1527/2630/2446
f 1527/2630/2446 1696/2629/2445 1697/2631/2447
f 1527/2630/2446 1697/2631/2447 1528/2632/2448
f 1528/2632/2448 1697/2631/2447 1698/2633/2449
f 1528/2632/2448 1698/2633/2449 1529/2634/2450
f 1529/2634/2450 1698/2633/2449 1699/2635/2451
f 1529/2634/2450 1699/2635/2451 1530/2636/2452
f 1530/2636/2452 1699/2635/2451 1700/2637/2453
f 1530/2636/2452 1700/2637/2453 1531/2638/2454
f 1531/2638/2454 1700/2637/2453 1701/2639/2455
f 1531/2638/2454 1701/2639/2455 1532/2640/2456
f 1532/2640/2456 1701/2639/2455 1702/2641/2457
f 1532/2640/2456 1702/2641/2457 1533/2642/2458
f 1533/2642/2458 1702/2641/2457 1703/2643/2459
f 1533/2642/2458 1703/2643/2459 1534/2644/2460
f 1534/2644/2460 1703/2643/2459 1704/2645/2461
f 1534/2644/2460 1704/2645/2461 1535/2646/2462
f 1535/2646/2462 1704/2645/2461 1705/2647/2463
f 1535/2646/2462 1705/2647/2463 1536/2648/2464
f 1536/2648/2464 1705/2647/2463 1706/2649/2465
f 1536/2648/2464 1706/2649/2465 1537/2650/2466
f 1537/2650/2466 1706/2649/2465 1707/2651/2467
f 1537/2650/2466 1707/2651/2467 1538/2652/2468
f 1538/2652/2468 1707/2651/2467 1708/2653/2469
f 1538/2652/2468 1708/2653/2469 1539/2654/2470
f 1539/2654/2470 1708/2653/2469 1709/2655/2471
f 1539/2654/2470 1709/2655/2471 1540/2656/2472
f 1540/2656/2472 1709/2655/2471 1710/2657/2473
f 1540/2656/2472 1710/2657/2473 1541/2658/2474
f 1541/2658/2474 1710/2657/2473 1711/2659/2475
f 1541/2658/2474 1711/2659/2475 1542/2660/2476
f 1542/2660/2476 1711/2659/2475 1712/2661/2477
f 1542/2660/2476 1712/2661/2477 1543/2662/2478
f 1543/2662/2478 1712/2661/2477 1713/2663/2479
f 1543/2662/2478 1713/2663/2479 1544/2664/2480
f 1544/2664/2480 1713/2663/2479 1714/2665/2481
f 1544/2664/2480 1714/2665/2481 1545/2666/2482
f 1545/2666/2482 1714/2665/2481 1715/2667/2483
f 1545/2666/2482 1715/2667/2483 1546/2668/2484
f 1546/2668/2484 1715/2667/2483 1716/2669/2485
f 1546/2668/2484 1716/2669/2485 1547/2670/2486
f 1547/2670/2486 1716/2669/2485 1717/2671/2487
f 1547/2670/2486 1717/2671/2487 1548/2672/2488
f 1548/2672/2488 1717/2671/2487 1718/2673/2489
f 1548/2672/2488 1718/2673/2489 1549/2674/2490
f 1549/2674/2490 1718/2673/2489 1719/2675/2491
f 1549/2674/2490 1719/2675/2491 1550/2624/2442
f 1550/2624/2442 1719/2675/2491 1720/2625/2443
f 1720/2676/2492 82/2677/2493 1696/2678/2494
f 1696/2678/2494 82/2677/2493 81/2679/2495
f 1696/2680/2494 81/2681/2495 109/2682/2496
f 82/2677/2493 1720/2676/2492 83/2683/2497
f 83/2683/2497 1720/2676/2492 1719/2684/2498
f 83/2683/2497 1719/2684/2498 84/2685/2499
f 84/2685/2499 1719/2684/2498 1718/2686/2500
f 84/2685/2499 1718/2686/2500 85/2687/2501
f 85/2687/2501 1718/2686/2500 1717/2688/2502
f 85/2687/2501 1717/2688/2502 86/2689/2503
f 86/2689/2503 1717/2688/2502 1716/2690/2504
f 86/2689/2503 1716/2690/2504 87/2691/2505
f 87/2691/2505 1716/2690/2504 1715/2692/2506
f 87/2691/2505 1715/2692/2506 88/2693/2507
f 88/2693/2507 1715/2692/2506 89/2694/2508
f 89/2694/2508 1715/2692/2506 1714/2695/2509
f 89/2694/2508 1714/2695/2509 90/2696/2510
f 90/2696/2510 1714/2695/2509 1713/2697/2511
f 90/2696/2510 1713/2697/2511 91/2698/2512
f 91/2698/2512 1713/2697/2511 1712/2699/2513
f 91/2698/2512 1712/2699/2513 92/2700/2514
f 92/2700/2514 1712/2699/2513 1711/2701/2515
f 92/2700/2514 1711/2701/2515 93/2702/2516
f 93/2702/2516 1711/2701/2515 1710/2703/2517
f 93/2702/2516 1710/2703/2517 94/2704/2518
f 94/2704/2518 1710/2703/2517 1709/2705/2519
f 94/2704/2518 1709/2705/2519 95/2706/2520
f 95/2706/2520 1709/2705/2519 1708/2707/2521
f 95/2706/2520 1708/2707/2521 96/2708/2522
f 96/2708/2522 1708/2707/2521 97/2709/2523
f 97/2709/2523 1708/2707/2521 1707/2710/2524
f 97/2709/2523 1707/2710/2524 98/2711/2525
f 98/2711/2525 1707/2710/2524 1706/2712/2526
f 98/2711/2525 1706/2712/2526 99/2713/2527
f 99/2713/2527 1706/2712/2526 1705/2714/2528
f 99/2713/2527 1705/2714/2528 100/2715/2529
f 100/2715/2529 1705/2714/2528 1704/2716/2530
f 100/2715/2529 1704/2716/2530 101/2717/2531
f 101/2717/2531 1704/2716/2530 1703/2718/2532
f 101/2717/2531 1703/2718/2532 102/2719/2533
f 102/2719/2533 1703/2718/2532 1702/2720/2534
f 102/2719/2533 1702/2720/2534 103/2721/2535
f 103/2721/2535 1702/2720/2534 104/2722/2536
f 104/2722/2536 1702/2720/2534 1701/2723/2537
f 104/2722/2536 1701/2723/2537 105/2724/2538
f 105/2724/2538 1701/2723/2537 1700/2725/2539
f 105/2724/2538 1700/2725/2539 106/2726/2540
f 106/2726/2540 1700/2725/2539 1699/2727/2541
f 106/2726/2540 1699/2727/2541 107/2728/2542
f 107/2728/2542 1699/2727/2541 1698/2729/2543
f 107/2728/2542 1698/2729/2543 108/2730/2544
f 108/2730/2544 1698/2729/2543 1697/2731/2545
f 108/2730/2544 1697/2731/2545 109/2682/2496
f 109/2682/2496 1697/2731/2545 1696/2680/2494
f 1429/2732/2546 1745/2733/2547 1405/2734/2548
f 1405/2734/2548 1745/2733/2547 1721/2735/2549
f 1405/2736/2548 1721/2737/2549 1406/2738/2550
f 1406/2738/2550 1721/2737/2549 1722/2739/2551
f 1406/2738/2550 1722/2739/2551 1407/2740/2552
f 1407/2740/2552 1722/2739/2551 1723/2741/2553
f 1407/2740/2552 1723/2741/2553 1408/2742/2554
f 1408/2742/2554 1723/2741/2553 1724/2743/2555
f 1408/2742/2554 1724/2743/2555 1409/2744/2556
f 1409/2744/2556 1724/2743/2555 1725/2745/2557
f 1409/2744/2556 1725/2745/2557 1410/2746/2558
f 1410/2746/2558 1725/2745/2557 1726/2747/2559
f 1410/2746/2558 1726/2747/2559 1411/2748/2560
f 1411/2748/2560 1726/2747/2559 1727/2749/2561
f 1411/2748/2560 1727/2749/2561 1412/2750/2562
f 1412/2750/2562 1727/2749/2561 1728/2751/2563
f 1412/2750/2562 1728/2751/2563 1413/2752/2564
f 1413/2752/2564 1728/2751/2563 1729/2753/2565
f 1413/2752/2564 1729/2753/2565 1414/2754/2566
f 1414/2754/2566 1729/2753/2565 1730/2755/2567
f 1414/2754/2566 1730/2755/2567 1415/2756/2568
f 1415/2756/2568 1730/2755/2567 1731/2757/2569
f 1415/2756/2568 1731/2757/2569 1416/2758/2570
f 1416/2758/2570 1731/2757/2569 1732/2759/2571
f 1416/2758/2570 1732/2759/2571 1417/2760/2572
f 1417/2760/2572 1732/2759/2571 1733/2761/2573
f 1417/2760/2572 1733/2761/2573 1418/2762/2574
f 1418/2762/2574 1733/2761/2573 1734/2763/2575
f 1418/2762/2574 1734/2763/2575 1419/2764/2576
f 1419/2764/2576 1734/2763/2575 1735/2765/2577
f 1419/2764/2576 1735/2765/2577 1420/2766/2578
f 1420/2766/2578 1735/2765/2577 1736/2767/2579
f 1420/2766/2578 1736/2767/2579 1421/2768/2580
f 1421/2768/2580 1736/2767/2579 1737/2769/2581
f 1421/2768/2580 1737/2769/2581 1422/2770/2582
f 1422/2770/2582 1737/2769/2581 1738/2771/2583
f 1422/2770/2582 1738/2771/2583 1423/2772/2584
f 1423/2772/2584 1738/2771/2583 1739/2773/2585
f 1423/2772/2584 1739/2773/2585 1424/2774/2586
f 1424/2774/2586 1739/2773/2585 1740/2775/2587
f 1424/2774/2586 1740/2775/2587 1425/2776/2588
f 1425/2776/2588 1740/2775/2587 1741/2777/2589
f 1425/2776/2588 1741/2777/2589 1426/2778/2590
f 1426/2778/2590 1741/2777/2589 1742/2779/2591
f 1426/2778/2590 1742/2779/2591 1427/2780/2592
f 1427/2780/2592 1742/2779/2591 1743/2781/2593
f 1427/2780/2592 1743/2781/2593 1428/2782/2594
f 1428/2782/2594 1743/2781/2593 1744/2783/2595
f 1428/2782/2594 1744/2783/2595 1429/2732/2546
f 1429/2732/2546 1744/2783/2595 1745/2733/2547
f 1745/2784/2596 111/2785/2597 1721/2786/2598
f 1721/2786/2598 111/2785/2597 110/2787/2599
f 1721/2788/2598 110/2789/2599 138/2790/2600
f 111/2785/2597 1745/2784/2596 112/2791/2601
f 112/2791/2601 1745/2784/2596 1744/2792/2602
f 112/2791/2601 1744/2792/2602 113/2793/2603
f 113/2793/2603 1744/2792/2602 1743/2794/2604
f 113/2793/2603 1743/2794/2604 114/2795/2605
f 114/2795/2605 1743/2794/2604 1742/2796/2606
f 114/2795/2605 1742/2796/2606 115/2797/2607
f 115/2797/2607 1742/2796/2606 1741/2798/2608
f 115/2797/2607 1741/2798/2608 116/2799/2609
f 116/2799/2609 1741/2798/2608 1740/2800/2610
f 116/2799/2609 1740/2800/2610 117/2801/2611
f 117/2801/2611 1740/2800/2610 118/2802/2612
f 118/2802/2612 1740/2800/2610 1739/2803/2613
f 118/2802/2612 1739/2803/2613 119/2804/2614
f 119/2804/2614 1739/2803/2613 1738/2805/2615
f 119/2804/2614 1738/2805/2615 120/2806/2616
f 120/2806/2616 1738/2805/2615 1737/2807/2617
f 120/2806/2616 1737/2807/2617 121/2808/2618
f 121/2808/2618 1737/2807/2617 1736/2809/2619
f 121/2808/2618 1736/2809/2619 122/2810/2620
f 122/2810/2620 1736/2809/2619 1735/2811/2621
f 122/2810/2620 1735/2811/2621 123/2812/2622
f 123/2812/2622 1735/2811/2621 1734/2813/2623
f 123/2812/2622 1734/2813/2623 124/2814/2624
f 124/2814/2624 1734/2813/2623 1733/2815/2625
f 124/2814/2624 1733/2815/2625 125/2816/2626
f 125/2816/2626 1733/2815/2625 126/2817/2627
f 126/2817/2627 1733/2815/2625 1732/2818/2628
f 126/2817/2627 1732/2818/2628 127/2819/2629
f 127/2819/2629 1732/2818/2628 1731/2820/2630
f 127/2819/2629 1731/2820/2630 128/2821/2631
f 128/2821/2631 1731/2820/2630 1730/2822/2632
f 128/2821/2631 1730/2822/2632 129/2823/2633
f 129/2823/2633 1730/2822/2632 1729/2824/2634
f 129/2823/2633 1729/2824/2634 130/2825/2635
f 130/2825/2635 1729/2824/2634 1728/2826/2636
f 130/2825/2635 1728/2826/2636 131/2827/2637
f 131/2827/2637 1728/2826/2636 1727/2828/2638
f 131/2827/2637 1727/2828/2638 132/2829/2639
f 132/2829/2639 1727/2828/2638 133/2830/2640
f 133/2830/2640 1727/2828/2638 1726/2831/2641
f 133/2830/2640 1726/2831/2641 134/2832/2642
f 134/2832/2642 1726/2831/2641 1725/2833/2643
f 134/2832/2642 1725/2833/2643 135/2834/2644
f 135/2834/2644 1725/2833/2643 1724/2835/2645
f 135/2834/2644 1724/2835/2645 136/2836/2646
f 136/2836/2646 1724/2835/2645 1723/2837/2647
f 136/2836/2646 1723/2837/2647 137/2838/2648
f 137/2838/2648 1723/2837/2647 1722/2839/2649
f 137/2838/2648 1722/2839/2649 138/2790/2600
f 138/2790/2600 1722/2839/2649 1721/2788/2598
f 1599/2840/2650 1770/2841/2651 1575/2842/2652
f 1575/2842/2652 1770/2841/2651 1746/2843/2653
f 1575/2844/2652 1746/2845/2653 1576/2846/2654
f 1576/2846/2654 1746/2845/2653 1747/2847/2655
f 1576/2846/2654 1747/2847/2655 1577/2848/2656
f 1577/2848/2656 1747/2847/2655 1748/2849/2657
f 1577/2848/2656 1748/2849/2657 1578/2850/2658
f 1578/2850/2658 1748/2849/2657 1749/2851/2659
f 1578/2850/2658 1749/2851/2659 1579/2852/2660
f 1579/2852/2660 1749/2851/2659 1750/2853/2661
f 1579/2852/2660 1750/2853/2661 1580/2854/2662
f 1580/2854/2662 1750/2853/2661 1751/2855/2663
f 1580/2854/2662 1751/2855/2663 1581/2856/2664
f 1581/2856/2664 1751/2855/2663 1752/2857/2665
f 1581/2856/2664 1752/2857/2665 1582/2858/2666
f 1582/2858/2666 1752/2857/2665 1753/2859/2667
f 1582/2858/2666 1753/2859/2667 1583/2860/2668
f 1583/2860/2668 1753/2859/2667 1754/2861/2669
f 1583/2860/2668 1754/2861/2669 1584/2862/2670
f 1584/2862/2670 1754/2861/2669 1755/2863/2671
f 1584/2862/2670 1755/2863/2671 1585/2864/2672
f 1585/2864/2672 1755/2863/2671 1756/2865/2673
f 1585/2864/2672 1756/2865/2673 1586/2866/2674
f 1586/2866/2674 1756/2865/2673 1757/2867/2675
f 1586/2866/2674 1757/2867/2675 1587/2868/2676
f 1587/2868/2676 1757/2867/2675 1758/2869/2677
f 1587/2868/2676 1758/2869/2677 1588/2870/2678
f 1588/2870/2678 1758/2869/2677 1759/2871/2679
f 1588/2870/2678 1759/2871/2679 1589/2872/2680
f 1589/2872/2680 1759/2871/2679 1760/2873/2681
f 1589/2872/2680 1760/2873/2681 1590/2874/2682
f 1590/2874/2682 1760/2873/2681 1761/2875/2683
f 1590/2874/2682 1761/2875/2683 1591/2876/2684
f 1591/2876/2684 1761/2875/2683 1762/2877/2685
f 1591/2876/2684 1762/2877/2685 1592/2878/2686
f 1592/2878/2686 1762/2877/2685 1763/2879/2687
f 1592/2878/2686 1763/2879/2687 1593/2880/2688
f 1593/2880/2688 1763/2879/2687 1764/2881/2689
f 1593/2880/2688 1764/2881/2689 1594/2882/2690
f 1594/2882/2690 1764/2881/2689 1765/2883/2691
f 1594/2882/2690 1765/2883/2691 1595/2884/2692
f 1595/2884/2692 1765/2883/2691 1766/2885/2693
f 1595/2884/2692 1766/2885/2693 1596/2886/2694
f 1596/2886/2694 1766/2885/2693 1767/2887/2695
f 1596/2886/2694 1767/2887/2695 1597/2888/2696
f 1597/2888/2696 1767/2887/2695 1768/2889/2697
f 1597/2888/2696 1768/2889/2697 1598/2890/2698
f 1598/2890/2698 1768/2889/2697 1769/2891/2699
f 1598/2890/2698 1769/2891/2699 1599/2840/2650
f 1599/2840/2650 1769/2891/2699 1770/2841/2651
f 1770/2892/2700 53/2893/2701 1746/2894/2702
f 1746/2894/2702 53/2893/2701 52/2895/2703
f 1746/2896/2702 52/2897/2703 80/2898/2704
f 53/2893/2701 1770/2892/2700 54/2899/2705
f 54/2899/2705 1770/2892/2700 1769/2900/2706
f 54/2899/2705 1769/2900/2706 55/2901/2707
f 55/2901/2707 1769/2900/2706 1768/2902/2708
f 55/2901/2707 1768/2902/2708 56/2903/2709
f 56/2903/2709 1768/2902/2708 1767/2904/2710
f 56/2903/2709 1767/2904/2710 57/2905/2711
f 57/2905/2711 1767/2904/2710 1766/2906/2712
f 57/2905/2711 1766/2906/2712 58/2907/2713
f 58/2907/2713 1766/2906/2712 1765/2908/2714
f 58/2907/2713 1765/2908/2714 59/2909/2715
f 59/2909/2715 1765/2908/2714 60/2910/2716
f 60/2910/2716 1765/2908/2714 1764/2911/2717
f 60/2910/2716 1764/2911/2717 61/2912/2718
f 61/2912/2718 1764/2911/2717 1763/2913/2719
f 61/2912/2718 1763/2913/2719 62/2914/2720
f 62/2914/2720 1763/2913/2719 1762/2915/2721
f 62/2914/2720 1762/2915/2721 63/2916/2722
f 63/2916/2722 1762/2915/2721 1761/2917/2723
f 63/2916/2722 1761/2917/2723 64/2918/2724
f 64/2918/2724 1761/2917/2723 1760/2919/2725
f 64/2918/2724 1760/2919/2725 65/2920/2726
f 65/2920/2726 1760/2919/2725 1759/2921/2727
f 65/2920/2726 1759/2921/2727 66/2922/2728
f 66/2922/2728 1759/2921/2727 1758/2923/2729
f 66/2922/2728 1758/2923/2729 67/2924/2730
f 67/2924/2730 1758/2923/2729 68/2925/2731
f 68/2925/2731 1758/2923/2729 1757/2926/2732
f 68/2925/2731 1757/2926/2732 69/2927/2733
f 69/2927/2733 1757/2926/2732 1756/2928/2734
f 69/2927/2733 1756/2928/2734 70/2929/2735
f 70/2929/2735 1756/2928/2734 1755/2930/2736
f 70/2929/2735 1755/2930/2736 71/2931/2737
f 71/2931/2737 1755/2930/2736 1754/2932/2738
f 71/2931/2737 1754/2932/2738 72/2933/2739
f 72/2933/2739 1754/2932/2738 1753/2934/2740
f 72/2933/2739 1753/2934/2740 73/2935/2741
f 73/2935/2741 1753/2934/2740 1752/2936/2742
f 73/2935/2741 1752/2936/2742 74/2937/2743
f 74/2937/2743 1752/2936/2742 75/2938/2744
f 75/2938/2744 1752/2936/2742 1751/2939/2745
f 75/2938/2744 1751/2939/2745 76/2940/2746
f 76/2940/2746 1751/2939/2745 1750/2941/2747
f 76/2940/2746 1750/2941/2747 77/2942/2748
f 77/2942/2748 1750/2941/2747 1749/2943/2749
f 77/2942/2748 1749/2943/2749 78/2944/2750
f 78/2944/2750 1749/2943/2749 1748/2945/2751
f 78/2944/2750 1748/2945/2751 79/2946/2752
f 79/2946/2752 1748/2945/2751 1747/2947/2753
f 79/2946/2752 1747/2947/2753 80/2898/2704
f 80/2898/2704 1747/2947/2753 1746/2896/2702
f 1772/2948/2754 1820/2949/2755 1771/2950/2756
f 1771/2950/2756 1820/2949/2755 1821/2951/2757
f 1771/2950/2756 1821/2951/2757 1798/2952/2758
f 1798/2952/2758 1821/2951/2757 1822/2953/2759
f 1798/2952/2758 1822/2953/2759 1797/2954/2760
f 1797/2954/2760 1822/2953/2759 1823/2955/2761
f 1797/2954/2760 1823/2955/2761 1796/2956/2762
f 1796/2956/2762 1823/2955/2761 1799/2957/2763
f 1796/2956/2762 1799/2957/2763 1795/2958/2764
f 1795/2959/2764 1799/2960/2763 1800/2961/2765
f 1795/2959/2764 1800/2961/2765 1794/2962/2766
f 1794/2962/2766 1800/2961/2765 1801/2963/2767
f 1794/2962/2766 1801/2963/2767 1793/2964/2768
f 1793/2964/2768 1801/2963/2767 1802/2965/2769
f 1793/2964/2768 1802/2965/2769 1792/2966/2770
f 1792/2966/2770 1802/2965/2769 1803/2967/2771
f 1792/2966/2770 1803/2967/2771 1790/2968/2772
f 1790/2968/2772 1803/2967/2771 1804/2969/2773
f 1790/2968/2772 1804/2969/2773 1789/2970/2774
f 1789/2970/2774 1804/2969/2773 1805/2971/2775
f 1789/2970/2774 1805/2971/2775 1788/2972/2776
f 1788/2972/2776 1805/2971/2775 1806/2973/2777
f 1788/2972/2776 1806/2973/2777 1787/2974/2778
f 1787/2974/2778 1806/2973/2777 1807/2975/2779
f 1787/2974/2778 1807/2975/2779 1786/2976/2780
f 1786/2976/2780 1807/2975/2779 1808/2977/2781
f 1786/2976/2780 1808/2977/2781 1785/2978/2782
f 1785/2978/2782 1808/2977/2781 1809/2979/2783
f 1785/2978/2782 1809/2979/2783 1784/2980/2784
f 1784/2980/2784 1809/2979/2783 1810/2981/2785
f 1784/2980/2784 1810/2981/2785 1783/2982/2786
f 1783/2982/2786 1810/2981/2785 1811/2983/2787
f 1783/2982/2786 1811/2983/2787 1782/2984/2788
f 1782/2984/2788 1811/2983/2787 1781/2985/2789
f 1781/2985/2789 1811/2983/2787 1812/2986/2790
f 1781/2985/2789 1812/2986/2790 1780/2987/2791
f 1780/2987/2791 1812/2986/2790 1813/2988/2792
f 1780/2987/2791 1813/2988/2792 1779/2989/2793
f 1779/2989/2793 1813/2988/2792 1814/2990/2794
f 1779/2989/2793 1814/2990/2794 1778/2991/2795
f 1778/2991/2795 1814/2990/2794 1815/2992/2796
f 1778/2991/2795 1815/2992/2796 1777/2993/2797
f 1777/2993/2797 1815/2992/2796 1816/2994/2798
f 1777/2993/2797 1816/2994/2798 1776/2995/2799
f 1776/2995/2799 1816/2994/2798 1817/2996/2800
f 1776/2995/2799 1817/2996/2800 1775/2997/2801
f 1775/2997/2801 1817/2996/2800 1818/2998/2802
f 1775/2997/2801 1818/2998/2802 1774/2999/2803
f 1774/2999/2803 1818/2998/2802 1819/3000/2804
f 1774/2999/2803 1819/3000/2804 1773/3001/2805
f 1773/3001/2805 1819/3000/2804 1820/2949/2755
f 1773/3001/2805 1820/2949/2755 1772/2948/2754
f 1790/2968/2772 1791/3002/2806 1792/2966/2770
f 1823/3003/2807 140/3004/2808 1799/3005/2809
f 1799/3005/2809 140/3004/2808 139/3006/2810
f 1799/3007/2809 139/3008/2810 167/3009/2811
f 140/3004/2808 1823/3003/2807 141/3010/2812
f 141/3010/2812 1823/3003/2807 1822/3011/2813
f 141/3010/2812 1822/3011/2813 142/3012/2814
f 142/3012/2814 1822/3011/2813 1821/3013/2815
f 142/3012/2814 1821/3013/2815 143/3014/2816
f 143/3014/2816 1821/3013/2815 1820/3015/2817
f 143/3014/2816 1820/3015/2817 144/3016/2818
f 144/3016/2818 1820/3015/2817 1819/3017/2819
f 144/3016/2818 1819/3017/2819 145/3018/2820
f 145/3018/2820 1819/3017/2819 1818/3019/2821
f 145/3018/2820 1818/3019/2821 146/3020/2822
f 146/3020/2822 1818/3019/2821 147/3021/2823
f 147/3021/2823 1818/3019/2821 1817/3022/2824
f 147/3021/2823 1817/3022/2824 148/3023/2825
f 148/3023/2825 1817/3022/2824 1816/3024/2826
f 148/3023/2825 1816/3024/2826 149/3025/2827
f 149/3025/2827 1816/3024/2826 1815/3026/2828
f 149/3025/2827 1815/3026/2828 150/3027/2829
f 150/3027/2829 1815/3026/2828 1814/3028/2830
f 150/3027/2829 1814/3028/2830 151/3029/2831
f 151/3029/2831 1814/3028/2830 1813/3030/2832
f 151/3029/2831 1813/3030/2832 152/3031/2833
f 152/3031/2833 1813/3030/2832 1812/3032/2834
f 152/3031/2833 1812/3032/2834 153/3033/2835
f 153/3033/2835 1812/3032/2834 1811/3034/2836
f 153/3033/2835 1811/3034/2836 154/3035/2837
f 154/3035/2837 1811/3034/2836 155/3036/2838
f 155/3036/2838 1811/3034/2836 1810/3037/2839
f 155/3036/2838 1810/3037/2839 156/3038/2840
f 156/3038/2840 1810/3037/2839 1809/3039/2841
f 156/3038/2840 1809/3039/2841 157/3040/2842
f 157/3040/2842 1809/3039/2841 1808/3041/2843
f 157/3040/2842 1808/3041/2843 158/3042/2844
f 158/3042/2844 1808/3041/2843 1807/3043/2845
f 158/3042/2844 1807/3043/2845 159/3044/2846
f 159/3044/2846 1807/3043/2845 1806/3045/2847
f 159/3044/2846 1806/3045/2847 160/3046/2848
f 160/3046/2848 1806/3045/2847 1805/3047/2849
f 160/3046/2848 1805/3047/2849 161/3048/2850
f 161/3048/2850 1805/3047/2849 162/3049/2851
f 162/3049/2851 1805/3047/2849 1804/3050/2852
f 162/3049/2851 1804/3050/2852 163/3051/2853
f 163/3051/2853 1804/3050/2852 1803/3052/2854
f 163/3051/2853 1803/3052/2854 164/3053/2855
f 164/3053/2855 1803/3052/2854 1802/3054/2856
f 164/3053/2855 1802/3054/2856 165/3055/2857
f 165/3055/2857 1802/3054/2856 1801/3056/2858
f 165/3055/2857 1801/3056/2858 166/3057/2859
f 166/3057/2859 1801/3056/2858 1800/3058/2860
f 166/3057/2859 1800/3058/2860 167/3009/2811
f 167/3009/2811 1800/3058/2860 1799/3007/2809
f 1695/3059/2861 1841/3060/2862 1672/3061/2863
f 1672/3061/2863 1841/3060/2862 1842/3062/2864
f 1672/3061/2863 1842/3062/2864 1673/3063/2865
f 1673/3063/2865 1842/3062/2864 1843/3064/2866
f 1673/3063/2865 1843/3064/2866 1674/3065/2867
f 1674/3065/2867 1843/3064/2866 1844/3066/2868
f 1674/3065/2867 1844/3066/2868 1675/3067/2869
f 1675/3067/2869 1844/3066/2868 1845/3068/2870
f 1675/3067/2869 1845/3068/2870 1676/3069/2871
f 1676/3069/2871 1845/3068/2870 1846/3070/2872
f 1676/3069/2871 1846/3070/2872 1677/3071/2873
f 1677/3071/2873 1846/3070/2872 1847/3072/2874
f 1677/3071/2873 1847/3072/2874 1678/3073/2875
f 1678/3073/2875 1847/3072/2874 1824/3074/2876
f 1678/3075/2875 1824/3076/2876 1679/3077/2877
f 1679/3077/2877 1824/3076/2876 1825/3078/2878
f 1679/3077/2877 1825/3078/2878 1680/3079/2879
f 1680/3079/2879 1825/3078/2878 1826/3080/2880
f 1680/3079/2879 1826/3080/2880 1681/3081/2881
f 1681/3081/2881 1826/3080/2880 1827/3082/2882
f 1681/3081/2881 1827/3082/2882 1682/3083/2883
f 1682/3083/2883 1827/3082/2882 1828/3084/2884
f 1682/3083/2883 1828/3084/2884 1683/3085/2885
f 1683/3085/2885 1828/3084/2884 1829/3086/2886
f 1683/3085/2885 1829/3086/2886 1684/3087/2887
f 1684/3087/2887 1829/3086/2886 1830/3088/2888
f 1684/3087/2887 1830/3088/2888 1685/3089/2889
f 1685/3089/2889 1830/3088/2888 1831/3090/2890
f 1685/3089/2889 1831/3090/2890 1686/3091/2891
f 1686/3091/2891 1831/3090/2890 1832/3092/2892
f 1686/3091/2891 1832/3092/2892 1687/3093/2893
f 1687/3093/2893 1832/3092/2892 1833/3094/2894
f 1687/3093/2893 1833/3094/2894 1688/3095/2895
f 1688/3095/2895 1833/3094/2894 1834/3096/2896
f 1688/3095/2895 1834/3096/2896 1689/3097/2897
f 1689/3097/2897 1834/3096/2896 1835/3098/2898
f 1689/3097/2897 1835/3098/2898 1690/3099/2899
f 1690/3099/2899 1835/3098/2898 1836/3100/2900
f 1690/3099/2899 1836/3100/2900 1691/3101/2901
f 1691/3101/2901 1836/3100/2900 1837/3102/2902
f 1691/3101/2901 1837/3102/2902 1692/3103/2903
f 1692/3103/2903 1837/3102/2902 1838/3104/2904
f 1692/3103/2903 1838/3104/2904 1693/3105/2905
f 1693/3105/2905 1838/3104/2904 1839/3106/2906
f 1693/3105/2905 1839/3106/2906 1694/3107/2907
f 1694/3107/2907 1839/3106/2906 1840/3108/2908
f 1694/3107/2907 1840/3108/2908 1695/3059/2861
f 1695/3059/2861 1840/3108/2908 1841/3060/2862
f 1847/3109/2909 26/3110/2910 1824/3111/2911
f 1824/3111/2911 26/3110/2910 25/3112/2912
f 1824/3113/2911 25/3114/2912 51/3115/2913
f 26/3110/2910 1847/3109/2909 27/3116/2914
f 27/3116/2914 1847/3109/2909 1846/3117/2915
f 27/3116/2914 1846/3117/2915 28/3118/2916
f 28/3118/2916 1846/3117/2915 1845/3119/2917
f 28/3118/2916 1845/3119/2917 29/3120/2918
f 29/3120/2918 1845/3119/2917 1844/3121/2919
f 29/3120/2918 1844/3121/2919 30/3122/2920
f 30/3122/2920 1844/3121/2919 1843/3123/2921
f 30/3122/2920 1843/3123/2921 31/3124/2922
f 31/3124/2922 1843/3123/2921 1842/3125/2923
f 31/3124/2922 1842/3125/2923 32/3126/2924
f 32/3126/2924 1842/3125/2923 1841/3127/2925
f 32/3126/2924 1841/3127/2925 33/3128/2926
f 33/3128/2926 1841/3127/2925 1840/3129/2927
f 33/3128/2926 1840/3129/2927 34/3130/2928
f 34/3130/2928 1840/3129/2927 35/3131/2929
f 35/3131/2929 1840/3129/2927 1839/3132/2930
f 35/3131/2929 1839/3132/2930 36/3133/2931
f 36/3133/2931 1839/3132/2930 1838/3134/2932
f 36/3133/2931 1838/3134/2932 37/3135/2933
f 37/3135/2933 1838/3134/2932 1837/3136/2934
f 37/3135/2933 1837/3136/2934 38/3137/2935
f 38/3137/2935 1837/3136/2934 1836/3138/2936
f 38/3137/2935 1836/3138/2936 39/3139/2937
f 39/3139/2937 1836/3138/2936 1835/3140/2938
f 39/3139/2937 1835/3140/2938 40/3141/2939
f 40/3141/2939 1835/3140/2938 1834/3142/2940
f 40/3141/2939 1834/3142/2940 41/3143/2941
f 41/3143/2941 1834/3142/2940 1833/3144/2942
f 41/3143/2941 1833/3144/2942 42/3145/2943
f 42/3145/2943 1833/3144/2942 1832/3146/2944
f 42/3145/2943 1832/3146/2944 43/3147/2945
f 43/3147/2945 1832/3146/2944 44/3148/2946
f 44/3148/2946 1832/3146/2944 1831/3149/2947
f 44/3148/2946 1831/3149/2947 45/3150/2948
f 45/3150/2948 1831/3149/2947 1830/3151/2949
f 45/3150/2948 1830/3151/2949 46/3152/2950
f 46/3152/2950 1830/3151/2949 1829/3153/2951
f 46/3152/2950 1829/3153/2951 47/3154/2952
f 47/3154/2952 1829/3153/2951 1828/3155/2953
f 47/3154/2952 1828/3155/2953 48/3156/2954
f 48/3156/2954 1828/3155/2953 1827/3157/2955
f 48/3156/2954 1827/3157/2955 49/3158/2956
f 49/3158/2956 1827/3157/2955 1826/3159/2957
f 49/3158/2956 1826/3159/2957 50/3160/2958
f 50/3160/2958 1826/3159/2957 1825/3161/2959
f 50/3160/2958 1825/3161/2959 51/3115/2913
f 51/3115/2913 1825/3161/2959 1824/3113/2911
f 1647/3162/2960 1865/3163/2961 1624/3164/2962
f 1624/3164/2962 1865/3163/2961 1866/3165/2963
f 1624/3164/2962 1866/3165/2963 1625/3166/2964
f 1625/3166/2964 1866/3165/2963 1867/3167/2965
f 1625/3166/2964 1867/3167/2965 1626/3168/2966
f 1626/3168/2966 1867/3167/2965 1868/3169/2967
f 1626/3168/2966 1868/3169/2967 1627/3170/2968
f 1627/3170/2968 1868/3169/2967 1869/3171/2969
f 1627/3170/2968 1869/3171/2969 1628/3172/2970
f 1628/3172/2970 1869/3171/2969 1870/3173/2971
f 1628/3172/2970 1870/3173/2971 1629/3174/2972
f 1629/3174/2972 1870/3173/2971 1871/3175/2973
f 1629/3174/2972 1871/3175/2973 1630/3176/2974
f 1630/3176/2974 1871/3175/2973 1848/3177/2975
f 1630/3178/2974 1848/3179/2975 1631/3180/2976
f 1631/3180/2976 1848/3179/2975 1849/3181/2977
f 1631/3180/2976 1849/3181/2977 1632/3182/2978
f 1632/3182/2978 1849/3181/2977 1850/3183/2979
f 1632/3182/2978 1850/3183/2979 1633/3184/2980
f 1633/3184/2980 1850/3183/2979 1851/3185/2981
f 1633/3184/2980 1851/3185/2981 1634/3186/2982
f 1634/3186/2982 1851/3185/2981 1852/3187/2983
f 1634/3186/2982 1852/3187/2983 1635/3188/2984
f 1635/3188/2984 1852/3187/2983 1853/3189/2985
f 1635/3188/2984 1853/3189/2985 1636/3190/2986
f 1636/3190/2986 1853/3189/2985 1854/3191/2987
f 1636/3190/2986 1854/3191/2987 1637/3192/2988
f 1637/3192/2988 1854/3191/2987 1855/3193/2989
f 1637/3192/2988 1855/3193/2989 1638/3194/2990
f 1638/3194/2990 1855/3193/2989 1856/3195/2991
f 1638/3194/2990 1856/3195/2991 1639/3196/2992
f 1639/3196/2992 1856/3195/2991 1857/3197/2993
f 1639/3196/2992 1857/3197/2993 1640/3198/2994
f 1640/3198/2994 1857/3197/2993 1858/3199/2995
f 1640/3198/2994 1858/3199/2995 1641/3200/2996
f 1641/3200/2996 1858/3199/2995 1859/3201/2997
f 1641/3200/2996 1859/3201/2997 1642/3202/2998
f 1642/3202/2998 1859/3201/2997 1860/3203/2999
f 1642/3202/2998 1860/3203/2999 1643/3204/3000
f 1643/3204/3000 1860/3203/2999 1861/3205/3001
f 1643/3204/3000 1861/3205/3001 1644/3206/3002
f 1644/3206/3002 1861/3205/3001 1862/3207/3003
f 1644/3206/3002 1862/3207/3003 1645/3208/3004
f 1645/3208/3004 1862/3207/3003 1863/3209/3005
f 1645/3208/3004 1863/3209/3005 1646/3210/3006
f 1646/3210/3006 1863/3209/3005 1864/3211/3007
f 1646/3210/3006 1864/3211/3007 1647/3162/2960
f 1647/3162/2960 1864/3211/3007 1865/3163/2961
f 1871/3212/3008 223/3213/3009 1848/3214/3010
f 1848/3214/3010 223/3213/3009 222/3215/3011
f 1848/3216/3010 222/3217/3011 248/3218/3012
f 223/3213/3009 1871/3212/3008 224/3219/3013
f 224/3219/3013 1871/3212/3008 1870/3220/3014
f 224/3219/3013 1870/3220/3014 225/3221/3015
f 225/3221/3015 1870/3220/3014 1869/3222/3016
f 225/3221/3015 1869/3222/3016 226/3223/3017
f 226/3223/3017 1869/3222/3016 1868/3224/3018
f 226/3223/3017 1868/3224/3018 227/3225/3019
f 227/3225/3019 1868/3224/3018 1867/3226/3020
f 227/3225/3019 1867/3226/3020 228/3227/3021
f 228/3227/3021 1867/3226/3020 1866/3228/3022
f 228/3227/3021 1866/3228/3022 229/3229/3023
f 229/3229/3023 1866/3228/3022 1865/3230/3024
f 229/3229/3023 1865/3230/3024 230/3231/3025
f 230/3231/3025 1865/3230/3024 1864/3232/3026
f 230/3231/3025 1864/3232/3026 231/3233/3027
f 231/3233/3027 1864/3232/3026 232/3234/3028
f 232/3234/3028 1864/3232/3026 1863/3235/3029
f 232/3234/3028 1863/3235/3029 233/3236/3030
f 233/3236/3030 1863/3235/3029 1862/3237/3031
f 233/3236/3030 1862/3237/3031 234/3238/3032
f 234/3238/3032 1862/3237/3031 1861/3239/3033
f 234/3238/3032 1861/3239/3033 235/3240/3034
f 235/3240/3034 1861/3239/3033 1860/3241/3035
f 235/3240/3034 1860/3241/3035 236/3242/3036
f 236/3242/3036 1860/3241/3035 1859/3243/3037
f 236/3242/3036 1859/3243/3037 237/3244/3038
f 237/3244/3038 1859/3243/3037 1858/3245/3039
f 237/3244/3038 1858/3245/3039 238/3246/3040
f 238/3246/3040 1858/3245/3039 1857/3247/3041
f 238/3246/3040 1857/3247/3041 239/3248/3042
f 239/3248/3042 1857/3247/3041 1856/3249/3043
f 239/3248/3042 1856/3249/3043 240/3250/3044
f 240/3250/3044 1856/3249/3043 241/3251/3045
f 241/3251/3045 1856/3249/3043 1855/3252/3046
f 241/3251/3045 1855/3252/3046 242/3253/3047
f 242/3253/3047 1855/3252/3046 1854/3254/3048
f 242/3253/3047 1854/3254/3048 243/3255/3049
f 243/3255/3049 1854/3254/3048 1853/3256/3050
f 243/3255/3049 1853/3256/3050 244/3257/3051
f 244/3257/3051 1853/3256/3050 1852/3258/3052
f 244/3257/3051 1852/3258/3052 245/3259/3053
f 245/3259/3053 1852/3258/3052 1851/3260/3054
f 245/3259/3053 1851/3260/3054 246/3261/3055
f 246/3261/3055 1851/3260/3054 1850/3262/3056
f 246/3261/3055 1850/3262/3056 247/3263/3057
f 247/3263/3057 1850/3262/3056 1849/3264/3058
f 247/3263/3057 1849/3264/3058 248/3218/3012
f 248/3218/3012 1849/3264/3058 1848/3216/3010
f 1623/3265/3059 1895/3266/3060 1600/3267/3061
f 1600/3267/3061 1895/3266/3060 1872/3268/3062
f 1600/3269/3061 1872/3270/3062 1601/3271/3063
f 1601/3271/3063 1872/3270/3062 1873/3272/3064
f 1601/3271/3063 1873/3272/3064 1602/3273/3065
f 1602/3273/3065 1873/3272/3064 1874/3274/3066
f 1602/3273/3065 1874/3274/3066 1603/3275/3067
f 1603/3275/3067 1874/3274/3066 1875/3276/3068
f 1603/3275/3067 1875/3276/3068 1604/3277/3069
f 1604/3277/3069 1875/3276/3068 1876/3278/3070
f 1604/3277/3069 1876/3278/3070 1605/3279/3071
f 1605/3279/3071 1876/3278/3070 1877/3280/3072
f 1605/3279/3071 1877/3280/3072 1606/3281/3073
f 1606/3281/3073 1877/3280/3072 1878/3282/3074
f 1606/3281/3073 1878/3282/3074 1607/3283/3075
f 1607/3283/3075 1878/3282/3074 1879/3284/3076
f 1607/3283/3075 1879/3284/3076 1608/3285/3077
f 1608/3285/3077 1879/3284/3076 1880/3286/3078
f 1608/3285/3077 1880/3286/3078 1609/3287/3079
f 1609/3287/3079 1880/3286/3078 1881/3288/3080
f 1609/3287/3079 1881/3288/3080 1610/3289/3081
f 1610/3289/3081 1881/3288/3080 1882/3290/3082
f 1610/3289/3081 1882/3290/3082 1611/3291/3083
f 1611/3291/3083 1882/3290/3082 1883/3292/3084
f 1611/3291/3083 1883/3292/3084 1612/3293/3085
f 1612/3293/3085 1883/3292/3084 1884/3294/3086
f 1612/3293/3085 1884/3294/3086 1613/3295/3087
f 1613/3295/3087 1884/3294/3086 1885/3296/3088
f 1613/3295/3087 1885/3296/3088 1614/3297/3089
f 1614/3297/3089 1885/3296/3088 1886/3298/3090
f 1614/3297/3089 1886/3298/3090 1615/3299/3091
f 1615/3299/3091 1886/3298/3090 1887/3300/3092
f 1615/3299/3091 1887/3300/3092 1616/3301/3093
f 1616/3301/3093 1887/3300/3092 1888/3302/3094
f 1616/3301/3093 1888/3302/3094 1617/3303/3095
f 1617/3303/3095 1888/3302/3094 1889/3304/3096
f 1617/3303/3095 1889/3304/3096 1618/3305/3097
f 1618/3305/3097 1889/3304/3096 1890/3306/3098
f 1618/3305/3097 1890/3306/3098 1619/3307/3099
f 1619/3307/3099 1890/3306/3098 1891/3308/3100
f 1619/3307/3099 1891/3308/3100 1620/3309/3101
f 1620/3309/3101 1891/3308/3100 1892/3310/3102
f 1620/3309/3101 1892/3310/3102 1621/3311/3103
f 1621/3311/3103 1892/3310/3102 1893/3312/3104
f 1621/3311/3103 1893/3312/3104 1622/3313/3105
f 1622/3313/3105 1893/3312/3104 1894/3314/3106
f 1622/3313/3105 1894/3314/3106 1623/3265/3059
f 1623/3265/3059 1894/3314/3106 1895/3266/3060
f 1895/3315/3107 196/3316/3108 1872/3317/3109
f 1872/3317/3109 196/3316/3108 195/3318/3110
f 1872/3319/3109 195/3320/3110 221/3321/3111
f 196/3316/3108 1895/3315/3107 197/3322/3112
f 197/3322/3112 1895/3315/3107 1894/3323/3113
f 197/3322/3112 1894/3323/3113 198/3324/3114
f 198/3324/3114 1894/3323/3113 1893/3325/3115
f 198/3324/3114 1893/3325/3115 199/3326/3116
f 199/3326/3116 1893/3325/3115 1892/3327/3117
f 199/3326/3116 1892/3327/3117 200/3328/3118
f 200/3328/3118 1892/3327/3117 1891/3329/3119
f 200/3328/3118 1891/3329/3119 201/3330/3120
f 201/3330/3120 1891/3329/3119 1890/3331/3121
f 201/3330/3120 1890/3331/3121 202/3332/3122
f 202/3332/3122 1890/3331/3121 1889/3333/3123
f 202/3332/3122 1889/3333/3123 203/3334/3124
f 203/3334/3124 1889/3333/3123 1888/3335/3125
f 203/3334/3124 1888/3335/3125 204/3336/3126
f 204/3336/3126 1888/3335/3125 205/3337/3127
f 205/3337/3127 1888/3335/3125 1887/3338/3128
f 205/3337/3127 1887/3338/3128 206/3339/3129
f 206/3339/3129 1887/3338/3128 1886/3340/3130
f 206/3339/3129 1886/3340/3130 207/3341/3131
f 207/3341/3131 1886/3340/3130 1885/3342/3132
f 207/3341/3131 1885/3342/3132 208/3343/3133
f 208/3343/3133 1885/3342/3132 1884/3344/3134
f 208/3343/3133 1884/3344/3134 209/3345/3135
f 209/3345/3135 1884/3344/3134 1883/3346/3136
f 209/3345/3135 1883/3346/3136 210/3347/3137
f 210/3347/3137 1883/3346/3136 1882/3348/3138
f 210/3347/3137 1882/3348/3138 211/3349/3139
f 211/3349/3139 1882/3348/3138 1881/3350/3140
f 211/3349/3139 1881/3350/3140 212/3351/3141
f 212/3351/3141 1881/3350/3140 1880/3352/3142
f 212/3351/3141 1880/3352/3142 213/3353/3143
f 213/3353/3143 1880/3352/3142 214/3354/3144
f 214/3354/3144 1880/3352/3142 1879/3355/3145
f 214/3354/3144 1879/3355/3145 215/3356/3146
f 215/3356/3146 1879/3355/3145 1878/3357/3147
f 215/3356/3146 1878/3357/3147 216/3358/3148
f 216/3358/3148 1878/3357/3147 1877/3359/3149
f 216/3358/3148 1877/3359/3149 217/3360/3150
f 217/3360/3150 1877/3359/3149 1876/3361/3151
f 217/3360/3150 1876/3361/3151 218/3362/3152
f 218/3362/3152 1876/3361/3151 1875/3363/3153
f 218/3362/3152 1875/3363/3153 219/3364/3154
f 219/3364/3154 1875/3363/3153 1874/3365/3155
f 219/3364/3154 1874/3365/3155 220/3366/3156
f 220/3366/3156 1874/3365/3155 1873/3367/3157
f 220/3366/3156 1873/3367/3157 221/3321/3111
f 221/3321/3111 1873/3367/3157 1872/3319/3109
f 1671/3368/3158 1901/3369/3159 1648/3370/3160
f 1648/3370/3160 1901/3369/3159 1902/3371/3161
f 1648/3370/3160 1902/3371/3161 1649/3372/3162
f 1649/3372/3162 1902/3371/3161 1903/3373/3163
f 1649/3372/3162 1903/3373/3163 1650/3374/3164
f 1650/3374/3164 1903/3373/3163 1904/3375/3165
f 1650/3374/3164 1904/3375/3165 1651/3376/3166
f 1651/3376/3166 1904/3375/3165 1905/3377/3167
f 1651/3376/3166 1905/3377/3167 1652/3378/3168
f 1652/3378/3168 1905/3377/3167 1906/3379/3169
f 1652/3378/3168 1906/3379/3169 1653/3380/3170
f 1653/3380/3170 1906/3379/3169 1907/3381/3171
f 1653/3380/3170 1907/3381/3171 1654/3382/3172
f 1654/3382/3172 1907/3381/3171 1908/3383/3173
f 1654/3382/3172 1908/3383/3173 1655/3384/3174
f 1655/3384/3174 1908/3383/3173 1909/3385/3175
f 1655/3384/3174 1909/3385/3175 1656/3386/3176
f 1656/3386/3176 1909/3385/3175 1910/3387/3177
f 1656/3386/3176 1910/3387/3177 1657/3388/3178
f 1657/3388/3178 1910/3387/3177 1911/3389/3179
f 1657/3388/3178 1911/3389/3179 1658/3390/3180
f 1658/3390/3180 1911/3389/3179 1912/3391/3181
f 1658/3390/3180 1912/3391/3181 1659/3392/3182
f 1659/3392/3182 1912/3391/3181 1913/3393/3183
f 1659/3392/3182 1913/3393/3183 1660/3394/3184
f 1660/3394/3184 1913/3393/3183 1914/3395/3185
f 1660/3394/3184 1914/3395/3185 1661/3396/3186
f 1661/3396/3186 1914/3395/3185 1915/3397/3187
f 1661/3396/3186 1915/3397/3187 1662/3398/3188
f 1662/3398/3188 1915/3397/3187 1916/3399/3189
f 1662/3398/3188 1916/3399/3189 1663/3400/3190
f 1663/3400/3190 1916/3399/3189 1917/3401/3191
f 1663/3400/3190 1917/3401/3191 1664/3402/3192
f 1664/3402/3192 1917/3401/3191 1918/3403/3193
f 1664/3402/3192 1918/3403/3193 1665/3404/3194
f 1665/3404/3194 1918/3403/3193 1919/3405/3195
f 1665/3404/3194 1919/3405/3195 1666/3406/3196
f 1666/3406/3196 1919/3405/3195 1896/3407/3197
f 1666/3408/3196 1896/3409/3197 1667/3410/3198
f 1667/3410/3198 1896/3409/3197 1897/3411/3199
f 1667/3410/3198 1897/3411/3199 1668/3412/3200
f 1668/3412/3200 1897/3411/3199 1898/3413/3201
f 1668/3412/3200 1898/3413/3201 1669/3414/3202
f 1669/3414/3202 1898/3413/3201 1899/3415/3203
f 1669/3414/3202 1899/3415/3203 1670/3416/3204
f 1670/3416/3204 1899/3415/3203 1900/3417/3205
f 1670/3416/3204 1900/3417/3205 1671/3368/3158
f 1671/3368/3158 1900/3417/3205 1901/3369/3159
f 1919/3418/3206 169/3419/3207 1896/3420/3208
f 1896/3420/3208 169/3419/3207 168/3421/3209
f 1896/3422/3208 168/3423/3209 194/3424/3210
f 169/3419/3207 1919/3418/3206 170/3425/3211
f 170/3425/3211 1919/3418/3206 1918/3426/3212
f 170/3425/3211 1918/3426/3212 171/3427/3213
f 171/3427/3213 1918/3426/3212 1917/3428/3214
f 171/3427/3213 1917/3428/3214 172/3429/3215
f 172/3429/3215 1917/3428/3214 1916/3430/3216
f 172/3429/3215 1916/3430/3216 173/3431/3217
f 173/3431/3217 1916/3430/3216 1915/3432/3218
f 173/3431/3217 1915/3432/3218 174/3433/3219
f 174/3433/3219 1915/3432/3218 1914/3434/3220
f 174/3433/3219 1914/3434/3220 175/3435/3221
f 175/3435/3221 1914/3434/3220 1913/3436/3222
f 175/3435/3221 1913/3436/3222 176/3437/3223
f 176/3437/3223 1913/3436/3222 1912/3438/3224
f 176/3437/3223 1912/3438/3224 177/3439/3225
f 177/3439/3225 1912/3438/3224 178/3440/3226
f 178/3440/3226 1912/3438/3224 1911/3441/3227
f 178/3440/3226 1911/3441/3227 179/3442/3228
f 179/3442/3228 1911/3441/3227 1910/3443/3229
f 179/3442/3228 1910/3443/3229 180/3444/3230
f 180/3444/3230 1910/3443/3229 1909/3445/3231
f 180/3444/3230 1909/3445/3231 181/3446/3232
f 181/3446/3232 1909/3445/3231 1908/3447/3233
f 181/3446/3232 1908/3447/3233 182/3448/3234
f 182/3448/3234 1908/3447/3233 1907/3449/3235
f 182/3448/3234 1907/3449/3235 183/3450/3236
f 183/3450/3236 1907/3449/3235 1906/3451/3237
f 183/3450/3236 1906/3451/3237 184/3452/3238
f 184/3452/3238 1906/3451/3237 1905/3453/3239
f 184/3452/3238 1905/3453/3239 185/3454/3240
f 185/3454/3240 1905/3453/3239 1904/3455/3241
f 185/3454/3240 1904/3455/3241 186/3456/3242
f 186/3456/3242 1904/3455/3241 187/3457/3243
f 187/3457/3243 1904/3455/3241 1903/3458/3244
f 187/3457/3243 1903/3458/3244 188/3459/3245
f 188/3459/3245 1903/3458/3244 1902/3460/3246
f 188/3459/3245 1902/3460/3246 189/3461/3247
f 189/3461/3247 1902/3460/3246 1901/3462/3248
f 189/3461/3247 1901/3462/3248 190/3463/3249
f 190/3463/3249 1901/3462/3248 1900/3464/3250
f 190/3463/3249 1900/3464/3250 191/3465/3251
f 191/3465/3251 1900/3464/3250 1899/3466/3252
f 191/3465/3251 1899/3466/3252 192/3467/3253
f 192/3467/3253 1899/3466/3252 1898/3468/3254
f 192/3467/3253 1898/3468/3254 193/3469/3255
f 193/3469/3255 1898/3468/3254 1897/3470/3256
f 193/3469/3255 1897/3470/3256 194/3424/3210
f 194/3424/3210 1897/3470/3256 1896/3422/3208
f 1791/3471/3257 1454/3472/3258 1772/3473/3259
f 1772/3473/3259 1454/3472/3258 1477/3474/3260
f 1772/3473/3259 1477/3474/3260 1476/3475/3261
f 1790/3476/3262 1457/3477/3263 1791/3471/3257
f 1791/3471/3257 1457/3477/3263 1456/3478/3264
f 1791/3471/3257 1456/3478/3264 1455/3479/3265
f 1457/3477/3263 1790/3476/3262 1458/3480/3266
f 1458/3480/3266 1790/3476/3262 1789/3481/3267
f 1458/3480/3266 1789/3481/3267 1459/3482/3268
f 1459/3482/3268 1789/3481/3267 1788/3483/3269
f 1459/3482/3268 1788/3483/3269 1460/3484/3270
f 1460/3484/3270 1788/3483/3269 1461/3485/3271
f 1461/3485/3271 1788/3483/3269 1787/3486/3272
f 1461/3485/3271 1787/3486/3272 1462/3487/3273
f 1462/3487/3273 1787/3486/3272 1786/3488/3274
f 1462/3487/3273 1786/3488/3274 1463/3489/3275
f 1463/3489/3275 1786/3488/3274 1785/3490/3276
f 1463/3489/3275 1785/3490/3276 1464/3491/3277
f 1464/3491/3277 1785/3490/3276 1784/3492/3278
f 1464/3491/3277 1784/3492/3278 1465/3493/3279
f 1465/3493/3279 1784/3492/3278 1783/3494/3280
f 1465/3493/3279 1783/3494/3280 1782/3495/3281
f 1465/3493/3279 1782/3495/3281 1466/3496/3282
f 1466/3496/3282 1782/3495/3281 1781/3497/3283
f 1466/3496/3282 1781/3497/3283 1467/3498/3284
f 1467/3498/3284 1781/3497/3283 1780/3499/3285
f 1467/3498/3284 1780/3499/3285 1779/3500/3286
f 1467/3498/3284 1779/3500/3286 1468/3501/3287
f 1468/3501/3287 1779/3500/3286 1778/3502/3288
f 1468/3501/3287 1778/3502/3288 1469/3503/3289
f 1469/3503/3289 1778/3502/3288 1777/3504/3290
f 1469/3503/3289 1777/3504/3290 1470/3505/3291
f 1470/3505/3291 1777/3504/3290 1776/3506/3292
f 1470/3505/3291 1776/3506/3292 1471/3507/3293
f 1471/3507/3293 1776/3506/3292 1775/3508/3294
f 1471/3507/3293 1775/3508/3294 1472/3509/3295
f 1472/3509/3295 1775/3508/3294 1473/3510/3296
f 1473/3510/3296 1775/3508/3294 1774/3511/3297
f 1473/3510/3296 1774/3511/3297 1474/3512/3298
f 1474/3512/3298 1774/3511/3297 1773/3513/3299
f 1474/3512/3298 1773/3513/3299 1475/3514/3300
f 1475/3514/3300 1773/3513/3299 1772/3473/3259
f 1475/3514/3300 1772/3473/3259 1476/3475/3261
f 1455/3479/3265 1454/3472/3258 1791/3471/3257
f 1792/3515/3301 1771/3516/3302 1793/3517/3303
f 1793/3517/3303 1771/3516/3302 1798/3518/3304
f 1793/3517/3303 1798/3518/3304 1797/3519/3305
f 1793/3517/3303 1797/3519/3305 1794/3520/3306
f 1794/3520/3306 1797/3519/3305 1796/3521/3307
f 1794/3520/3306 1796/3521/3307 1795/3522/3308
f 1772/3523/3309 1771/3524/3310 1791/3525/3311
f 1791/3525/3311 1771/3524/3310 1792/3526/3312
# 1919 vertices
# 3526 texture params
# 3312 normals
# 3850 facets

# 1 groups
